Site,Date,Time,Temperature_C
Gorge,2024-05-22,11:20:00,15.97
Gorge,2024-05-22,11:30:00,15.37
Gorge,2024-05-22,11:40:00,15.41
Gorge,2024-05-22,11:50:00,15.45
Gorge,2024-05-22,12:00:00,15.54
Gorge,2024-05-22,12:10:00,15.58
Gorge,2024-05-22,12:20:00,15.62
Gorge,2024-05-22,12:30:00,15.63
Gorge,2024-05-22,12:40:00,15.6
Gorge,2024-05-22,12:50:00,15.67
Gorge,2024-05-22,13:00:00,15.7
Gorge,2024-05-22,13:10:00,15.74
Gorge,2024-05-22,13:20:00,15.74
Gorge,2024-05-22,13:30:00,15.76
Gorge,2024-05-22,13:40:00,15.85
Gorge,2024-05-22,13:50:00,15.85
Gorge,2024-05-22,14:00:00,15.75
Gorge,2024-05-22,14:10:00,15.41
Gorge,2024-05-22,14:20:00,15.77
Gorge,2024-05-22,14:30:00,15.55
Gorge,2024-05-22,14:40:00,15.38
Gorge,2024-05-22,14:50:00,14.89
Gorge,2024-05-22,15:00:00,14.5
Gorge,2024-05-22,15:10:00,14.57
Gorge,2024-05-22,15:20:00,14.59
Gorge,2024-05-22,15:30:00,14.52
Gorge,2024-05-22,15:40:00,14.5
Gorge,2024-05-22,15:50:00,14.69
Gorge,2024-05-22,16:00:00,14.83
Gorge,2024-05-22,16:10:00,14.79
Gorge,2024-05-22,16:20:00,14.65
Gorge,2024-05-22,16:30:00,14.6
Gorge,2024-05-22,16:40:00,14.69
Gorge,2024-05-22,16:50:00,14.7
Gorge,2024-05-22,17:00:00,14.79
Gorge,2024-05-22,17:10:00,14.94
Gorge,2024-05-22,17:20:00,15.02
Gorge,2024-05-22,17:30:00,15.06
Gorge,2024-05-22,17:40:00,15.15
Gorge,2024-05-22,17:50:00,15.33
Gorge,2024-05-22,18:00:00,15.32
Gorge,2024-05-22,18:10:00,15.34
Gorge,2024-05-22,18:20:00,15.39
Gorge,2024-05-22,18:30:00,15.33
Gorge,2024-05-22,18:40:00,15.29
Gorge,2024-05-22,18:50:00,15.28
Gorge,2024-05-22,19:00:00,15.13
Gorge,2024-05-22,19:10:00,14.95
Gorge,2024-05-22,19:20:00,14.92
Gorge,2024-05-22,19:30:00,14.73
Gorge,2024-05-22,19:40:00,14.53
Gorge,2024-05-22,19:50:00,14.49
Gorge,2024-05-22,20:00:00,14.53
Gorge,2024-05-22,20:10:00,14.58
Gorge,2024-05-22,20:20:00,14.48
Gorge,2024-05-22,20:30:00,14.48
Gorge,2024-05-22,20:40:00,14.41
Gorge,2024-05-22,20:50:00,14.37
Gorge,2024-05-22,21:00:00,14.33
Gorge,2024-05-22,21:10:00,14.36
Gorge,2024-05-22,21:20:00,14.19
Gorge,2024-05-22,21:30:00,14.18
Gorge,2024-05-22,21:40:00,14.17
Gorge,2024-05-22,21:50:00,14.17
Gorge,2024-05-22,22:00:00,14.13
Gorge,2024-05-22,22:10:00,14.14
Gorge,2024-05-22,22:20:00,14.05
Gorge,2024-05-22,22:30:00,14.07
Gorge,2024-05-22,22:40:00,14.23
Gorge,2024-05-22,22:50:00,14.13
Gorge,2024-05-22,23:00:00,14.03
Gorge,2024-05-22,23:10:00,13.88
Gorge,2024-05-22,23:20:00,13.91
Gorge,2024-05-22,23:30:00,13.97
Gorge,2024-05-22,23:40:00,13.84
Gorge,2024-05-22,23:50:00,13.77
Gorge,2024-05-23,0:00:00,13.77
Gorge,2024-05-23,0:10:00,13.79
Gorge,2024-05-23,0:20:00,13.75
Gorge,2024-05-23,0:30:00,13.81
Gorge,2024-05-23,0:40:00,13.98
Gorge,2024-05-23,0:50:00,14.01
Gorge,2024-05-23,1:00:00,14
Gorge,2024-05-23,1:10:00,13.97
Gorge,2024-05-23,1:20:00,13.91
Gorge,2024-05-23,1:30:00,13.88
Gorge,2024-05-23,1:40:00,13.82
Gorge,2024-05-23,1:50:00,13.75
Gorge,2024-05-23,2:00:00,13.71
Gorge,2024-05-23,2:10:00,13.65
Gorge,2024-05-23,2:20:00,13.6
Gorge,2024-05-23,2:30:00,13.58
Gorge,2024-05-23,2:40:00,13.55
Gorge,2024-05-23,2:50:00,13.54
Gorge,2024-05-23,3:00:00,13.48
Gorge,2024-05-23,3:10:00,13.45
Gorge,2024-05-23,3:20:00,13.41
Gorge,2024-05-23,3:30:00,13.34
Gorge,2024-05-23,3:40:00,13.36
Gorge,2024-05-23,3:50:00,13.37
Gorge,2024-05-23,4:00:00,13.33
Gorge,2024-05-23,4:10:00,13.36
Gorge,2024-05-23,4:20:00,13.37
Gorge,2024-05-23,4:30:00,13.36
Gorge,2024-05-23,4:40:00,13.33
Gorge,2024-05-23,4:50:00,13.31
Gorge,2024-05-23,5:00:00,13.31
Gorge,2024-05-23,5:10:00,13.31
Gorge,2024-05-23,5:20:00,13.23
Gorge,2024-05-23,5:30:00,13.2
Gorge,2024-05-23,5:40:00,13.25
Gorge,2024-05-23,5:50:00,13.22
Gorge,2024-05-23,6:00:00,13.18
Gorge,2024-05-23,6:10:00,13.23
Gorge,2024-05-23,6:20:00,13.31
Gorge,2024-05-23,6:30:00,13.33
Gorge,2024-05-23,6:40:00,13.33
Gorge,2024-05-23,6:50:00,13.33
Gorge,2024-05-23,7:00:00,13.4
Gorge,2024-05-23,7:10:00,13.64
Gorge,2024-05-23,7:20:00,13.73
Gorge,2024-05-23,7:30:00,13.81
Gorge,2024-05-23,7:40:00,13.85
Gorge,2024-05-23,7:50:00,13.92
Gorge,2024-05-23,8:00:00,14
Gorge,2024-05-23,8:10:00,14.09
Gorge,2024-05-23,8:20:00,14.15
Gorge,2024-05-23,8:30:00,14.25
Gorge,2024-05-23,8:40:00,14.38
Gorge,2024-05-23,8:50:00,14.43
Gorge,2024-05-23,9:00:00,14.53
Gorge,2024-05-23,9:10:00,14.58
Gorge,2024-05-23,9:20:00,14.74
Gorge,2024-05-23,9:30:00,14.78
Gorge,2024-05-23,9:40:00,14.84
Gorge,2024-05-23,9:50:00,14.94
Gorge,2024-05-23,10:00:00,15.04
Gorge,2024-05-23,10:10:00,15.22
Gorge,2024-05-23,10:20:00,15.33
Gorge,2024-05-23,10:30:00,15.44
Gorge,2024-05-23,10:40:00,15.47
Gorge,2024-05-23,10:50:00,15.55
Gorge,2024-05-23,11:00:00,15.63
Gorge,2024-05-23,11:10:00,15.75
Gorge,2024-05-23,11:20:00,15.85
Gorge,2024-05-23,11:30:00,15.91
Gorge,2024-05-23,11:40:00,16.05
Gorge,2024-05-23,11:50:00,16.2
Gorge,2024-05-23,12:00:00,16.2
Gorge,2024-05-23,12:10:00,16.3
Gorge,2024-05-23,12:20:00,16.41
Gorge,2024-05-23,12:30:00,16.49
Gorge,2024-05-23,12:40:00,16.54
Gorge,2024-05-23,12:50:00,16.5
Gorge,2024-05-23,13:00:00,16.55
Gorge,2024-05-23,13:10:00,16.63
Gorge,2024-05-23,13:20:00,16.73
Gorge,2024-05-23,13:30:00,16.78
Gorge,2024-05-23,13:40:00,16.8
Gorge,2024-05-23,13:50:00,16.85
Gorge,2024-05-23,14:00:00,16.84
Gorge,2024-05-23,14:10:00,16.85
Gorge,2024-05-23,14:20:00,16.91
Gorge,2024-05-23,14:30:00,16.9
Gorge,2024-05-23,14:40:00,16.9
Gorge,2024-05-23,14:50:00,16.76
Gorge,2024-05-23,15:00:00,16.56
Gorge,2024-05-23,15:10:00,16.26
Gorge,2024-05-23,15:20:00,16.05
Gorge,2024-05-23,15:30:00,15.43
Gorge,2024-05-23,15:40:00,15.25
Gorge,2024-05-23,15:50:00,15.26
Gorge,2024-05-23,16:00:00,15.21
Gorge,2024-05-23,16:10:00,15.13
Gorge,2024-05-23,16:20:00,15.34
Gorge,2024-05-23,16:30:00,15.33
Gorge,2024-05-23,16:40:00,15.23
Gorge,2024-05-23,16:50:00,15.16
Gorge,2024-05-23,17:00:00,15.13
Gorge,2024-05-23,17:10:00,15.13
Gorge,2024-05-23,17:20:00,15.12
Gorge,2024-05-23,17:30:00,14.94
Gorge,2024-05-23,17:40:00,14.92
Gorge,2024-05-23,17:50:00,15.02
Gorge,2024-05-23,18:00:00,15.24
Gorge,2024-05-23,18:10:00,15.38
Gorge,2024-05-23,18:20:00,15
Gorge,2024-05-23,18:30:00,14.99
Gorge,2024-05-23,18:40:00,14.85
Gorge,2024-05-23,18:50:00,14.8
Gorge,2024-05-23,19:00:00,14.97
Gorge,2024-05-23,19:10:00,15.01
Gorge,2024-05-23,19:20:00,15.02
Gorge,2024-05-23,19:30:00,14.98
Gorge,2024-05-23,19:40:00,14.84
Gorge,2024-05-23,19:50:00,14.84
Gorge,2024-05-23,20:00:00,14.86
Gorge,2024-05-23,20:10:00,14.8
Gorge,2024-05-23,20:20:00,14.24
Gorge,2024-05-23,20:30:00,14.18
Gorge,2024-05-23,20:40:00,14.3
Gorge,2024-05-23,20:50:00,14.68
Gorge,2024-05-23,21:00:00,14.4
Gorge,2024-05-23,21:10:00,14.55
Gorge,2024-05-23,21:20:00,14.69
Gorge,2024-05-23,21:30:00,14.82
Gorge,2024-05-23,21:40:00,14.74
Gorge,2024-05-23,21:50:00,14.14
Gorge,2024-05-23,22:00:00,13.88
Gorge,2024-05-23,22:10:00,13.82
Gorge,2024-05-23,22:20:00,13.92
Gorge,2024-05-23,22:30:00,14.4
Gorge,2024-05-23,22:40:00,14.21
Gorge,2024-05-23,22:50:00,14
Gorge,2024-05-23,23:00:00,13.92
Gorge,2024-05-23,23:10:00,13.83
Gorge,2024-05-23,23:20:00,13.91
Gorge,2024-05-23,23:30:00,13.9
Gorge,2024-05-23,23:40:00,13.77
Gorge,2024-05-23,23:50:00,13.74
Gorge,2024-05-24,0:00:00,13.65
Gorge,2024-05-24,0:10:00,13.61
Gorge,2024-05-24,0:20:00,13.49
Gorge,2024-05-24,0:30:00,13.45
Gorge,2024-05-24,0:40:00,13.41
Gorge,2024-05-24,0:50:00,13.41
Gorge,2024-05-24,1:00:00,13.4
Gorge,2024-05-24,1:10:00,13.39
Gorge,2024-05-24,1:20:00,13.31
Gorge,2024-05-24,1:30:00,13.24
Gorge,2024-05-24,1:40:00,13.25
Gorge,2024-05-24,1:50:00,13.24
Gorge,2024-05-24,2:00:00,13.3
Gorge,2024-05-24,2:10:00,13.37
Gorge,2024-05-24,2:20:00,13.44
Gorge,2024-05-24,2:30:00,13.38
Gorge,2024-05-24,2:40:00,13.39
Gorge,2024-05-24,2:50:00,13.62
Gorge,2024-05-24,3:00:00,13.53
Gorge,2024-05-24,3:10:00,13.49
Gorge,2024-05-24,3:20:00,13.38
Gorge,2024-05-24,3:30:00,13.39
Gorge,2024-05-24,3:40:00,13.41
Gorge,2024-05-24,3:50:00,13.44
Gorge,2024-05-24,4:00:00,13.48
Gorge,2024-05-24,4:10:00,13.52
Gorge,2024-05-24,4:20:00,13.67
Gorge,2024-05-24,4:30:00,13.66
Gorge,2024-05-24,4:40:00,13.65
Gorge,2024-05-24,4:50:00,13.66
Gorge,2024-05-24,5:00:00,13.59
Gorge,2024-05-24,5:10:00,13.51
Gorge,2024-05-24,5:20:00,13.37
Gorge,2024-05-24,5:30:00,13.22
Gorge,2024-05-24,5:40:00,13.14
Gorge,2024-05-24,5:50:00,13.09
Gorge,2024-05-24,6:00:00,13.1
Gorge,2024-05-24,6:10:00,13.04
Gorge,2024-05-24,6:20:00,13.05
Gorge,2024-05-24,6:30:00,13.12
Gorge,2024-05-24,6:40:00,13.17
Gorge,2024-05-24,6:50:00,13.21
Gorge,2024-05-24,7:00:00,13.29
Gorge,2024-05-24,7:10:00,13.35
Gorge,2024-05-24,7:20:00,13.4
Gorge,2024-05-24,7:30:00,13.44
Gorge,2024-05-24,7:40:00,13.52
Gorge,2024-05-24,7:50:00,13.55
Gorge,2024-05-24,8:00:00,13.61
Gorge,2024-05-24,8:10:00,13.67
Gorge,2024-05-24,8:20:00,13.75
Gorge,2024-05-24,8:30:00,13.86
Gorge,2024-05-24,8:40:00,13.97
Gorge,2024-05-24,8:50:00,14.2
Gorge,2024-05-24,9:00:00,14.42
Gorge,2024-05-24,9:10:00,14.63
Gorge,2024-05-24,9:20:00,14.7
Gorge,2024-05-24,9:30:00,14.78
Gorge,2024-05-24,9:40:00,14.86
Gorge,2024-05-24,9:50:00,14.95
Gorge,2024-05-24,10:00:00,15.03
Gorge,2024-05-24,10:10:00,15.23
Gorge,2024-05-24,10:20:00,15.38
Gorge,2024-05-24,10:30:00,15.45
Gorge,2024-05-24,10:40:00,15.48
Gorge,2024-05-24,10:50:00,15.61
Gorge,2024-05-24,11:00:00,15.67
Gorge,2024-05-24,11:10:00,15.8
Gorge,2024-05-24,11:20:00,16.2
Gorge,2024-05-24,11:30:00,16.29
Gorge,2024-05-24,11:40:00,16.26
Gorge,2024-05-24,11:50:00,16.24
Gorge,2024-05-24,12:00:00,16.28
Gorge,2024-05-24,12:10:00,16.34
Gorge,2024-05-24,12:20:00,16.47
Gorge,2024-05-24,12:30:00,16.49
Gorge,2024-05-24,12:40:00,16.48
Gorge,2024-05-24,12:50:00,16.46
Gorge,2024-05-24,13:00:00,16.56
Gorge,2024-05-24,13:10:00,16.85
Gorge,2024-05-24,13:20:00,16.88
Gorge,2024-05-24,13:30:00,16.92
Gorge,2024-05-24,13:40:00,16.92
Gorge,2024-05-24,13:50:00,16.9
Gorge,2024-05-24,14:00:00,16.92
Gorge,2024-05-24,14:10:00,16.89
Gorge,2024-05-24,14:20:00,16.89
Gorge,2024-05-24,14:30:00,16.87
Gorge,2024-05-24,14:40:00,16.73
Gorge,2024-05-24,14:50:00,16.49
Gorge,2024-05-24,15:00:00,16.28
Gorge,2024-05-24,15:10:00,15.49
Gorge,2024-05-24,15:20:00,15.21
Gorge,2024-05-24,15:30:00,15.15
Gorge,2024-05-24,15:40:00,14.82
Gorge,2024-05-24,15:50:00,14.77
Gorge,2024-05-24,16:00:00,14.62
Gorge,2024-05-24,16:10:00,14.73
Gorge,2024-05-24,16:20:00,14.39
Gorge,2024-05-24,16:30:00,14.44
Gorge,2024-05-24,16:40:00,14.7
Gorge,2024-05-24,16:50:00,14.65
Gorge,2024-05-24,17:00:00,14.21
Gorge,2024-05-24,17:10:00,14.11
Gorge,2024-05-24,17:20:00,14.18
Gorge,2024-05-24,17:30:00,14.29
Gorge,2024-05-24,17:40:00,14.41
Gorge,2024-05-24,17:50:00,14.58
Gorge,2024-05-24,18:00:00,14.56
Gorge,2024-05-24,18:10:00,14.48
Gorge,2024-05-24,18:20:00,14.34
Gorge,2024-05-24,18:30:00,14.39
Gorge,2024-05-24,18:40:00,14.06
Gorge,2024-05-24,18:50:00,13.82
Gorge,2024-05-24,19:00:00,13.75
Gorge,2024-05-24,19:10:00,13.66
Gorge,2024-05-24,19:20:00,13.62
Gorge,2024-05-24,19:30:00,13.73
Gorge,2024-05-24,19:40:00,13.83
Gorge,2024-05-24,19:50:00,13.96
Gorge,2024-05-24,20:00:00,13.93
Gorge,2024-05-24,20:10:00,13.9
Gorge,2024-05-24,20:20:00,13.9
Gorge,2024-05-24,20:30:00,13.83
Gorge,2024-05-24,20:40:00,13.65
Gorge,2024-05-24,20:50:00,13.38
Gorge,2024-05-24,21:00:00,13.22
Gorge,2024-05-24,21:10:00,13.11
Gorge,2024-05-24,21:20:00,13.3
Gorge,2024-05-24,21:30:00,13.46
Gorge,2024-05-24,21:40:00,13.38
Gorge,2024-05-24,21:50:00,13.24
Gorge,2024-05-24,22:00:00,13.26
Gorge,2024-05-24,22:10:00,13.25
Gorge,2024-05-24,22:20:00,13.24
Gorge,2024-05-24,22:30:00,13.3
Gorge,2024-05-24,22:40:00,13.3
Gorge,2024-05-24,22:50:00,13.23
Gorge,2024-05-24,23:00:00,13.09
Gorge,2024-05-24,23:10:00,13.08
Gorge,2024-05-24,23:20:00,13.26
Gorge,2024-05-24,23:30:00,13.25
Gorge,2024-05-24,23:40:00,13.15
Gorge,2024-05-24,23:50:00,13.32
Gorge,2024-05-25,0:00:00,13.35
Gorge,2024-05-25,0:10:00,13.44
Gorge,2024-05-25,0:20:00,13.41
Gorge,2024-05-25,0:30:00,13.14
Gorge,2024-05-25,0:40:00,13.25
Gorge,2024-05-25,0:50:00,13.34
Gorge,2024-05-25,1:00:00,13.3
Gorge,2024-05-25,1:10:00,13.25
Gorge,2024-05-25,1:20:00,13.23
Gorge,2024-05-25,1:30:00,13.31
Gorge,2024-05-25,1:40:00,13.3
Gorge,2024-05-25,1:50:00,13.18
Gorge,2024-05-25,2:00:00,13.09
Gorge,2024-05-25,2:10:00,13.09
Gorge,2024-05-25,2:20:00,13.15
Gorge,2024-05-25,2:30:00,13.11
Gorge,2024-05-25,2:40:00,13.1
Gorge,2024-05-25,2:50:00,13.1
Gorge,2024-05-25,3:00:00,13.06
Gorge,2024-05-25,3:10:00,12.88
Gorge,2024-05-25,3:20:00,12.88
Gorge,2024-05-25,3:30:00,12.87
Gorge,2024-05-25,3:40:00,12.79
Gorge,2024-05-25,3:50:00,12.84
Gorge,2024-05-25,4:00:00,12.86
Gorge,2024-05-25,4:10:00,12.82
Gorge,2024-05-25,4:20:00,12.79
Gorge,2024-05-25,4:30:00,12.74
Gorge,2024-05-25,4:40:00,12.71
Gorge,2024-05-25,4:50:00,12.76
Gorge,2024-05-25,5:00:00,12.75
Gorge,2024-05-25,5:10:00,12.75
Gorge,2024-05-25,5:20:00,12.61
Gorge,2024-05-25,5:30:00,12.48
Gorge,2024-05-25,5:40:00,12.4
Gorge,2024-05-25,5:50:00,12.35
Gorge,2024-05-25,6:00:00,12.43
Gorge,2024-05-25,6:10:00,12.55
Gorge,2024-05-25,6:20:00,12.52
Gorge,2024-05-25,6:30:00,12.48
Gorge,2024-05-25,6:40:00,12.48
Gorge,2024-05-25,6:50:00,12.48
Gorge,2024-05-25,7:00:00,12.49
Gorge,2024-05-25,7:10:00,12.49
Gorge,2024-05-25,7:20:00,12.49
Gorge,2024-05-25,7:30:00,12.53
Gorge,2024-05-25,7:40:00,12.6
Gorge,2024-05-25,7:50:00,12.66
Gorge,2024-05-25,8:00:00,12.74
Gorge,2024-05-25,8:10:00,12.86
Gorge,2024-05-25,8:20:00,12.91
Gorge,2024-05-25,8:30:00,12.91
Gorge,2024-05-25,8:40:00,13.02
Gorge,2024-05-25,8:50:00,13.11
Gorge,2024-05-25,9:00:00,13.29
Gorge,2024-05-25,9:10:00,13.46
Gorge,2024-05-25,9:20:00,13.77
Gorge,2024-05-25,9:30:00,13.94
Gorge,2024-05-25,9:40:00,14.19
Gorge,2024-05-25,9:50:00,14.27
Gorge,2024-05-25,10:00:00,14.41
Gorge,2024-05-25,10:10:00,14.48
Gorge,2024-05-25,10:20:00,14.55
Gorge,2024-05-25,10:30:00,14.63
Gorge,2024-05-25,10:40:00,14.71
Gorge,2024-05-25,10:50:00,14.82
Gorge,2024-05-25,11:00:00,14.91
Gorge,2024-05-25,11:10:00,15
Gorge,2024-05-25,11:20:00,15.09
Gorge,2024-05-25,11:30:00,15.06
Gorge,2024-05-25,11:40:00,15.11
Gorge,2024-05-25,11:50:00,15.21
Gorge,2024-05-25,12:00:00,15.28
Gorge,2024-05-25,12:10:00,15.34
Gorge,2024-05-25,12:20:00,15.46
Gorge,2024-05-25,12:30:00,15.49
Gorge,2024-05-25,12:40:00,15.49
Gorge,2024-05-25,12:50:00,15.49
Gorge,2024-05-25,13:00:00,15.53
Gorge,2024-05-25,13:10:00,15.57
Gorge,2024-05-25,13:20:00,15.6
Gorge,2024-05-25,13:30:00,15.65
Gorge,2024-05-25,13:40:00,15.69
Gorge,2024-05-25,13:50:00,15.81
Gorge,2024-05-25,14:00:00,15.88
Gorge,2024-05-25,14:10:00,15.96
Gorge,2024-05-25,14:20:00,15.99
Gorge,2024-05-25,14:30:00,16.07
Gorge,2024-05-25,14:40:00,16.06
Gorge,2024-05-25,14:50:00,16.08
Gorge,2024-05-25,15:00:00,16.1
Gorge,2024-05-25,15:10:00,16.12
Gorge,2024-05-25,15:20:00,16.12
Gorge,2024-05-25,15:30:00,16.13
Gorge,2024-05-25,15:40:00,16.14
Gorge,2024-05-25,15:50:00,16.07
Gorge,2024-05-25,16:00:00,14.93
Gorge,2024-05-25,16:10:00,14.43
Gorge,2024-05-25,16:20:00,14.38
Gorge,2024-05-25,16:30:00,14.43
Gorge,2024-05-25,16:40:00,14.49
Gorge,2024-05-25,16:50:00,14.86
Gorge,2024-05-25,17:00:00,14.51
Gorge,2024-05-25,17:10:00,14.28
Gorge,2024-05-25,17:20:00,15.03
Gorge,2024-05-25,17:30:00,15.28
Gorge,2024-05-25,17:40:00,14.82
Gorge,2024-05-25,17:50:00,14.35
Gorge,2024-05-25,18:00:00,14.01
Gorge,2024-05-25,18:10:00,13.76
Gorge,2024-05-25,18:20:00,13.88
Gorge,2024-05-25,18:30:00,13.9
Gorge,2024-05-25,18:40:00,13.89
Gorge,2024-05-25,18:50:00,13.56
Gorge,2024-05-25,19:00:00,13.43
Gorge,2024-05-25,19:10:00,13.4
Gorge,2024-05-25,19:20:00,13.52
Gorge,2024-05-25,19:30:00,13.21
Gorge,2024-05-25,19:40:00,13.32
Gorge,2024-05-25,19:50:00,13.38
Gorge,2024-05-25,20:00:00,13.9
Gorge,2024-05-25,20:10:00,13.45
Gorge,2024-05-25,20:20:00,13.11
Gorge,2024-05-25,20:30:00,13.12
Gorge,2024-05-25,20:40:00,13.11
Gorge,2024-05-25,20:50:00,13.27
Gorge,2024-05-25,21:00:00,13.16
Gorge,2024-05-25,21:10:00,13.34
Gorge,2024-05-25,21:20:00,13.16
Gorge,2024-05-25,21:30:00,13.01
Gorge,2024-05-25,21:40:00,12.84
Gorge,2024-05-25,21:50:00,12.73
Gorge,2024-05-25,22:00:00,12.85
Gorge,2024-05-25,22:10:00,13.05
Gorge,2024-05-25,22:20:00,13.06
Gorge,2024-05-25,22:30:00,12.93
Gorge,2024-05-25,22:40:00,13.11
Gorge,2024-05-25,22:50:00,13.09
Gorge,2024-05-25,23:00:00,13.33
Gorge,2024-05-25,23:10:00,13.21
Gorge,2024-05-25,23:20:00,13.2
Gorge,2024-05-25,23:30:00,13.19
Gorge,2024-05-25,23:40:00,13.03
Gorge,2024-05-25,23:50:00,12.93
Gorge,2024-05-26,0:00:00,12.93
Gorge,2024-05-26,0:10:00,13.39
Gorge,2024-05-26,0:20:00,13.39
Gorge,2024-05-26,0:30:00,13.38
Gorge,2024-05-26,0:40:00,13.22
Gorge,2024-05-26,0:50:00,13.18
Gorge,2024-05-26,1:00:00,13.15
Gorge,2024-05-26,1:10:00,13.07
Gorge,2024-05-26,1:20:00,12.85
Gorge,2024-05-26,1:30:00,12.71
Gorge,2024-05-26,1:40:00,12.69
Gorge,2024-05-26,1:50:00,12.56
Gorge,2024-05-26,2:00:00,12.55
Gorge,2024-05-26,2:10:00,12.61
Gorge,2024-05-26,2:20:00,12.65
Gorge,2024-05-26,2:30:00,12.64
Gorge,2024-05-26,2:40:00,12.71
Gorge,2024-05-26,2:50:00,12.85
Gorge,2024-05-26,3:00:00,12.92
Gorge,2024-05-26,3:10:00,12.74
Gorge,2024-05-26,3:20:00,12.75
Gorge,2024-05-26,3:30:00,12.74
Gorge,2024-05-26,3:40:00,12.69
Gorge,2024-05-26,3:50:00,12.67
Gorge,2024-05-26,4:00:00,12.64
Gorge,2024-05-26,4:10:00,12.66
Gorge,2024-05-26,4:20:00,12.6
Gorge,2024-05-26,4:30:00,12.82
Gorge,2024-05-26,4:40:00,12.84
Gorge,2024-05-26,4:50:00,12.86
Gorge,2024-05-26,5:00:00,13.02
Gorge,2024-05-26,5:10:00,12.89
Gorge,2024-05-26,5:20:00,12.75
Gorge,2024-05-26,5:30:00,12.86
Gorge,2024-05-26,5:40:00,12.9
Gorge,2024-05-26,5:50:00,12.91
Gorge,2024-05-26,6:00:00,12.91
Gorge,2024-05-26,6:10:00,12.84
Gorge,2024-05-26,6:20:00,12.7
Gorge,2024-05-26,6:30:00,12.79
Gorge,2024-05-26,6:40:00,12.84
Gorge,2024-05-26,6:50:00,12.75
Gorge,2024-05-26,7:00:00,12.62
Gorge,2024-05-26,7:10:00,12.51
Gorge,2024-05-26,7:20:00,12.49
Gorge,2024-05-26,7:30:00,12.45
Gorge,2024-05-26,7:40:00,12.46
Gorge,2024-05-26,7:50:00,12.49
Gorge,2024-05-26,8:00:00,12.52
Gorge,2024-05-26,8:10:00,12.58
Gorge,2024-05-26,8:20:00,12.62
Gorge,2024-05-26,8:30:00,12.61
Gorge,2024-05-26,8:40:00,12.61
Gorge,2024-05-26,8:50:00,12.64
Gorge,2024-05-26,9:00:00,12.63
Gorge,2024-05-26,9:10:00,12.66
Gorge,2024-05-26,9:20:00,12.73
Gorge,2024-05-26,9:30:00,12.84
Gorge,2024-05-26,9:40:00,12.91
Gorge,2024-05-26,9:50:00,13.08
Gorge,2024-05-26,10:00:00,13.25
Gorge,2024-05-26,10:10:00,13.47
Gorge,2024-05-26,10:20:00,13.63
Gorge,2024-05-26,10:30:00,13.68
Gorge,2024-05-26,10:40:00,13.77
Gorge,2024-05-26,10:50:00,13.85
Gorge,2024-05-26,11:00:00,13.88
Gorge,2024-05-26,11:10:00,13.96
Gorge,2024-05-26,11:20:00,14.01
Gorge,2024-05-26,11:30:00,14.01
Gorge,2024-05-26,11:40:00,14.11
Gorge,2024-05-26,11:50:00,14.23
Gorge,2024-05-26,12:00:00,14.29
Gorge,2024-05-26,12:10:00,14.42
Gorge,2024-05-26,12:20:00,14.47
Gorge,2024-05-26,12:30:00,14.5
Gorge,2024-05-26,12:40:00,14.55
Gorge,2024-05-26,12:50:00,14.62
Gorge,2024-05-26,13:00:00,14.74
Gorge,2024-05-26,13:10:00,14.73
Gorge,2024-05-26,13:20:00,14.8
Gorge,2024-05-26,13:30:00,14.84
Gorge,2024-05-26,13:40:00,14.89
Gorge,2024-05-26,13:50:00,14.91
Gorge,2024-05-26,14:00:00,14.94
Gorge,2024-05-26,14:10:00,14.95
Gorge,2024-05-26,14:20:00,15
Gorge,2024-05-26,14:30:00,15.07
Gorge,2024-05-26,14:40:00,15.13
Gorge,2024-05-26,14:50:00,15.18
Gorge,2024-05-26,15:00:00,15.18
Gorge,2024-05-26,15:10:00,15.25
Gorge,2024-05-26,15:20:00,15.28
Gorge,2024-05-26,15:30:00,15.27
Gorge,2024-05-26,15:40:00,15.27
Gorge,2024-05-26,15:50:00,15.27
Gorge,2024-05-26,16:00:00,14.97
Gorge,2024-05-26,16:10:00,14.68
Gorge,2024-05-26,16:20:00,15
Gorge,2024-05-26,16:30:00,14.8
Gorge,2024-05-26,16:40:00,14.79
Gorge,2024-05-26,16:50:00,14.63
Gorge,2024-05-26,17:00:00,14.4
Gorge,2024-05-26,17:10:00,14.59
Gorge,2024-05-26,17:20:00,14.43
Gorge,2024-05-26,17:30:00,13.88
Gorge,2024-05-26,17:40:00,13.99
Gorge,2024-05-26,17:50:00,14.12
Gorge,2024-05-26,18:00:00,14.08
Gorge,2024-05-26,18:10:00,13.83
Gorge,2024-05-26,18:20:00,13.48
Gorge,2024-05-26,18:30:00,13.54
Gorge,2024-05-26,18:40:00,13.51
Gorge,2024-05-26,18:50:00,13.36
Gorge,2024-05-26,19:00:00,13.22
Gorge,2024-05-26,19:10:00,13.05
Gorge,2024-05-26,19:20:00,12.93
Gorge,2024-05-26,19:30:00,12.86
Gorge,2024-05-26,19:40:00,12.97
Gorge,2024-05-26,19:50:00,13.26
Gorge,2024-05-26,20:00:00,13.35
Gorge,2024-05-26,20:10:00,13.46
Gorge,2024-05-26,20:20:00,13.44
Gorge,2024-05-26,20:30:00,13.17
Gorge,2024-05-26,20:40:00,12.87
Gorge,2024-05-26,20:50:00,12.91
Gorge,2024-05-26,21:00:00,12.8
Gorge,2024-05-26,21:10:00,12.85
Gorge,2024-05-26,21:20:00,12.84
Gorge,2024-05-26,21:30:00,12.92
Gorge,2024-05-26,21:40:00,12.9
Gorge,2024-05-26,21:50:00,12.79
Gorge,2024-05-26,22:00:00,12.78
Gorge,2024-05-26,22:10:00,12.78
Gorge,2024-05-26,22:20:00,12.63
Gorge,2024-05-26,22:30:00,12.55
Gorge,2024-05-26,22:40:00,12.44
Gorge,2024-05-26,22:50:00,12.44
Gorge,2024-05-26,23:00:00,12.51
Gorge,2024-05-26,23:10:00,12.6
Gorge,2024-05-26,23:20:00,12.66
Gorge,2024-05-26,23:30:00,12.74
Gorge,2024-05-26,23:40:00,12.72
Gorge,2024-05-26,23:50:00,12.69
Gorge,2024-05-27,0:00:00,12.66
Gorge,2024-05-27,0:10:00,12.6
Gorge,2024-05-27,0:20:00,12.52
Gorge,2024-05-27,0:30:00,12.44
Gorge,2024-05-27,0:40:00,12.5
Gorge,2024-05-27,0:50:00,12.57
Gorge,2024-05-27,1:00:00,12.57
Gorge,2024-05-27,1:10:00,12.71
Gorge,2024-05-27,1:20:00,12.75
Gorge,2024-05-27,1:30:00,12.75
Gorge,2024-05-27,1:40:00,12.53
Gorge,2024-05-27,1:50:00,12.49
Gorge,2024-05-27,2:00:00,12.36
Gorge,2024-05-27,2:10:00,12.44
Gorge,2024-05-27,2:20:00,12.46
Gorge,2024-05-27,2:30:00,12.4
Gorge,2024-05-27,2:40:00,12.38
Gorge,2024-05-27,2:50:00,12.37
Gorge,2024-05-27,3:00:00,12.33
Gorge,2024-05-27,3:10:00,12.15
Gorge,2024-05-27,3:20:00,12.11
Gorge,2024-05-27,3:30:00,12.16
Gorge,2024-05-27,3:40:00,12.27
Gorge,2024-05-27,3:50:00,12.3
Gorge,2024-05-27,4:00:00,12.4
Gorge,2024-05-27,4:10:00,12.44
Gorge,2024-05-27,4:20:00,12.44
Gorge,2024-05-27,4:30:00,12.53
Gorge,2024-05-27,4:40:00,12.51
Gorge,2024-05-27,4:50:00,12.49
Gorge,2024-05-27,5:00:00,12.59
Gorge,2024-05-27,5:10:00,12.63
Gorge,2024-05-27,5:20:00,12.51
Gorge,2024-05-27,5:30:00,12.46
Gorge,2024-05-27,5:40:00,12.64
Gorge,2024-05-27,5:50:00,12.61
Gorge,2024-05-27,6:00:00,12.5
Gorge,2024-05-27,6:10:00,12.44
Gorge,2024-05-27,6:20:00,12.34
Gorge,2024-05-27,6:30:00,12.4
Gorge,2024-05-27,6:40:00,12.34
Gorge,2024-05-27,6:50:00,12.19
Gorge,2024-05-27,7:00:00,11.99
Gorge,2024-05-27,7:10:00,11.98
Gorge,2024-05-27,7:20:00,11.88
Gorge,2024-05-27,7:30:00,11.9
Gorge,2024-05-27,7:40:00,11.88
Gorge,2024-05-27,7:50:00,11.96
Gorge,2024-05-27,8:00:00,12.05
Gorge,2024-05-27,8:10:00,12.05
Gorge,2024-05-27,8:20:00,12.12
Gorge,2024-05-27,8:30:00,12.1
Gorge,2024-05-27,8:40:00,12.21
Gorge,2024-05-27,8:50:00,12.26
Gorge,2024-05-27,9:00:00,12.31
Gorge,2024-05-27,9:10:00,12.34
Gorge,2024-05-27,9:20:00,12.42
Gorge,2024-05-27,9:30:00,12.49
Gorge,2024-05-27,9:40:00,12.64
Gorge,2024-05-27,9:50:00,12.72
Gorge,2024-05-27,10:00:00,12.84
Gorge,2024-05-27,10:10:00,12.91
Gorge,2024-05-27,10:20:00,13.03
Gorge,2024-05-27,10:30:00,13.14
Gorge,2024-05-27,10:40:00,13.24
Gorge,2024-05-27,10:50:00,13.37
Gorge,2024-05-27,11:00:00,13.48
Gorge,2024-05-27,11:10:00,13.63
Gorge,2024-05-27,11:20:00,13.7
Gorge,2024-05-27,11:30:00,13.82
Gorge,2024-05-27,11:40:00,13.92
Gorge,2024-05-27,11:50:00,13.98
Gorge,2024-05-27,12:00:00,14.11
Gorge,2024-05-27,12:10:00,14.2
Gorge,2024-05-27,12:20:00,14.26
Gorge,2024-05-27,12:30:00,14.36
Gorge,2024-05-27,12:40:00,14.52
Gorge,2024-05-27,12:50:00,14.57
Gorge,2024-05-27,13:00:00,14.67
Gorge,2024-05-27,13:10:00,14.82
Gorge,2024-05-27,13:20:00,14.89
Gorge,2024-05-27,13:30:00,14.97
Gorge,2024-05-27,13:40:00,15.03
Gorge,2024-05-27,13:50:00,15.27
Gorge,2024-05-27,14:00:00,15.34
Gorge,2024-05-27,14:10:00,15.37
Gorge,2024-05-27,14:20:00,15.41
Gorge,2024-05-27,14:30:00,15.47
Gorge,2024-05-27,14:40:00,15.55
Gorge,2024-05-27,14:50:00,15.61
Gorge,2024-05-27,15:00:00,15.76
Gorge,2024-05-27,15:10:00,15.83
Gorge,2024-05-27,15:20:00,15.84
Gorge,2024-05-27,15:30:00,15.88
Gorge,2024-05-27,15:40:00,15.89
Gorge,2024-05-27,15:50:00,15.91
Gorge,2024-05-27,16:00:00,15.92
Gorge,2024-05-27,16:10:00,15.9
Gorge,2024-05-27,16:20:00,15.91
Gorge,2024-05-27,16:30:00,15.9
Gorge,2024-05-27,16:40:00,15.91
Gorge,2024-05-27,16:50:00,15.91
Gorge,2024-05-27,17:00:00,15.92
Gorge,2024-05-27,17:10:00,15.89
Gorge,2024-05-27,17:20:00,15.73
Gorge,2024-05-27,17:30:00,15.68
Gorge,2024-05-27,17:40:00,15.6
Gorge,2024-05-27,17:50:00,15.55
Gorge,2024-05-27,18:00:00,15.19
Gorge,2024-05-27,18:10:00,14.54
Gorge,2024-05-27,18:20:00,15.17
Gorge,2024-05-27,18:30:00,14.42
Gorge,2024-05-27,18:40:00,13.97
Gorge,2024-05-27,18:50:00,13.96
Gorge,2024-05-27,19:00:00,13.61
Gorge,2024-05-27,19:10:00,13.78
Gorge,2024-05-27,19:20:00,13.74
Gorge,2024-05-27,19:30:00,13.62
Gorge,2024-05-27,19:40:00,13.44
Gorge,2024-05-27,19:50:00,13.47
Gorge,2024-05-27,20:00:00,13.47
Gorge,2024-05-27,20:10:00,13.32
Gorge,2024-05-27,20:20:00,13.1
Gorge,2024-05-27,20:30:00,13.09
Gorge,2024-05-27,20:40:00,13.05
Gorge,2024-05-27,20:50:00,12.85
Gorge,2024-05-27,21:00:00,12.72
Gorge,2024-05-27,21:10:00,12.48
Gorge,2024-05-27,21:20:00,12.61
Gorge,2024-05-27,21:30:00,12.5
Gorge,2024-05-27,21:40:00,12.6
Gorge,2024-05-27,21:50:00,12.67
Gorge,2024-05-27,22:00:00,12.66
Gorge,2024-05-27,22:10:00,12.61
Gorge,2024-05-27,22:20:00,12.64
Gorge,2024-05-27,22:30:00,12.61
Gorge,2024-05-27,22:40:00,12.57
Gorge,2024-05-27,22:50:00,12.61
Gorge,2024-05-27,23:00:00,12.57
Gorge,2024-05-27,23:10:00,12.5
Gorge,2024-05-27,23:20:00,12.44
Gorge,2024-05-27,23:30:00,12.4
Gorge,2024-05-27,23:40:00,12.38
Gorge,2024-05-27,23:50:00,12.36
Gorge,2024-05-28,0:00:00,12.38
Gorge,2024-05-28,0:10:00,12.46
Gorge,2024-05-28,0:20:00,12.45
Gorge,2024-05-28,0:30:00,12.08
Gorge,2024-05-28,0:40:00,12.16
Gorge,2024-05-28,0:50:00,12.47
Gorge,2024-05-28,1:00:00,12.2
Gorge,2024-05-28,1:10:00,12.13
Gorge,2024-05-28,1:20:00,12.26
Gorge,2024-05-28,1:30:00,12.3
Gorge,2024-05-28,1:40:00,12.19
Gorge,2024-05-28,1:50:00,12.17
Gorge,2024-05-28,2:00:00,12.12
Gorge,2024-05-28,2:10:00,12.1
Gorge,2024-05-28,2:20:00,12.13
Gorge,2024-05-28,2:30:00,12.13
Gorge,2024-05-28,2:40:00,12.27
Gorge,2024-05-28,2:50:00,12.31
Gorge,2024-05-28,3:00:00,12.26
Gorge,2024-05-28,3:10:00,12.22
Gorge,2024-05-28,3:20:00,12.2
Gorge,2024-05-28,3:30:00,12.32
Gorge,2024-05-28,3:40:00,12.35
Gorge,2024-05-28,3:50:00,12.18
Gorge,2024-05-28,4:00:00,12.08
Gorge,2024-05-28,4:10:00,12.28
Gorge,2024-05-28,4:20:00,12.27
Gorge,2024-05-28,4:30:00,12.23
Gorge,2024-05-28,4:40:00,12.19
Gorge,2024-05-28,4:50:00,12.28
Gorge,2024-05-28,5:00:00,12.34
Gorge,2024-05-28,5:10:00,12.21
Gorge,2024-05-28,5:20:00,12.22
Gorge,2024-05-28,5:30:00,12.23
Gorge,2024-05-28,5:40:00,12.17
Gorge,2024-05-28,5:50:00,12.21
Gorge,2024-05-28,6:00:00,12.31
Gorge,2024-05-28,6:10:00,12.4
Gorge,2024-05-28,6:20:00,12.41
Gorge,2024-05-28,6:30:00,12.43
Gorge,2024-05-28,6:40:00,12.45
Gorge,2024-05-28,6:50:00,12.75
Gorge,2024-05-28,7:00:00,12.75
Gorge,2024-05-28,7:10:00,12.53
Gorge,2024-05-28,7:20:00,12.49
Gorge,2024-05-28,7:30:00,12.5
Gorge,2024-05-28,7:40:00,12.46
Gorge,2024-05-28,7:50:00,12.34
Gorge,2024-05-28,8:00:00,12.19
Gorge,2024-05-28,8:10:00,12.13
Gorge,2024-05-28,8:20:00,12.12
Gorge,2024-05-28,8:30:00,12.11
Gorge,2024-05-28,8:40:00,12.07
Gorge,2024-05-28,8:50:00,12.12
Gorge,2024-05-28,9:00:00,12.19
Gorge,2024-05-28,9:10:00,12.21
Gorge,2024-05-28,9:20:00,12.33
Gorge,2024-05-28,9:30:00,12.31
Gorge,2024-05-28,9:40:00,12.37
Gorge,2024-05-28,9:50:00,12.38
Gorge,2024-05-28,10:00:00,12.4
Gorge,2024-05-28,10:10:00,12.43
Gorge,2024-05-28,10:20:00,12.44
Gorge,2024-05-28,10:30:00,12.52
Gorge,2024-05-28,10:40:00,12.61
Gorge,2024-05-28,10:50:00,12.74
Gorge,2024-05-28,11:00:00,12.9
Gorge,2024-05-28,11:10:00,13
Gorge,2024-05-28,11:20:00,13.12
Gorge,2024-05-28,11:30:00,13.26
Gorge,2024-05-28,11:40:00,13.44
Gorge,2024-05-28,11:50:00,13.67
Gorge,2024-05-28,12:00:00,13.81
Gorge,2024-05-28,12:10:00,13.92
Gorge,2024-05-28,12:20:00,14.08
Gorge,2024-05-28,12:30:00,14.18
Gorge,2024-05-28,12:40:00,14.21
Gorge,2024-05-28,12:50:00,14.29
Gorge,2024-05-28,13:00:00,14.38
Gorge,2024-05-28,13:10:00,14.44
Gorge,2024-05-28,13:20:00,14.58
Gorge,2024-05-28,13:30:00,14.67
Gorge,2024-05-28,13:40:00,14.73
Gorge,2024-05-28,13:50:00,14.77
Gorge,2024-05-28,14:00:00,14.84
Gorge,2024-05-28,14:10:00,15.06
Gorge,2024-05-28,14:20:00,15.16
Gorge,2024-05-28,14:30:00,15.25
Gorge,2024-05-28,14:40:00,15.19
Gorge,2024-05-28,14:50:00,15.34
Gorge,2024-05-28,15:00:00,15.38
Gorge,2024-05-28,15:10:00,15.42
Gorge,2024-05-28,15:20:00,15.57
Gorge,2024-05-28,15:30:00,15.65
Gorge,2024-05-28,15:40:00,15.66
Gorge,2024-05-28,15:50:00,15.68
Gorge,2024-05-28,16:00:00,15.73
Gorge,2024-05-28,16:10:00,15.85
Gorge,2024-05-28,16:20:00,15.86
Gorge,2024-05-28,16:30:00,15.9
Gorge,2024-05-28,16:40:00,15.97
Gorge,2024-05-28,16:50:00,15.95
Gorge,2024-05-28,17:00:00,15.87
Gorge,2024-05-28,17:10:00,15.97
Gorge,2024-05-28,17:20:00,16.01
Gorge,2024-05-28,17:30:00,15.9
Gorge,2024-05-28,17:40:00,15.3
Gorge,2024-05-28,17:50:00,15.19
Gorge,2024-05-28,18:00:00,14.39
Gorge,2024-05-28,18:10:00,14.06
Gorge,2024-05-28,18:20:00,14.95
Gorge,2024-05-28,18:30:00,15.28
Gorge,2024-05-28,18:40:00,14.27
Gorge,2024-05-28,18:50:00,13.64
Gorge,2024-05-28,19:00:00,13.94
Gorge,2024-05-28,19:10:00,13.86
Gorge,2024-05-28,19:20:00,14.03
Gorge,2024-05-28,19:30:00,13.56
Gorge,2024-05-28,19:40:00,13.45
Gorge,2024-05-28,19:50:00,13.77
Gorge,2024-05-28,20:00:00,13.86
Gorge,2024-05-28,20:10:00,13.48
Gorge,2024-05-28,20:20:00,13.39
Gorge,2024-05-28,20:30:00,13.3
Gorge,2024-05-28,20:40:00,13.27
Gorge,2024-05-28,20:50:00,13.56
Gorge,2024-05-28,21:00:00,13.4
Gorge,2024-05-28,21:10:00,13.07
Gorge,2024-05-28,21:20:00,12.51
Gorge,2024-05-28,21:30:00,12.44
Gorge,2024-05-28,21:40:00,12.44
Gorge,2024-05-28,21:50:00,12.61
Gorge,2024-05-28,22:00:00,12.78
Gorge,2024-05-28,22:10:00,12.75
Gorge,2024-05-28,22:20:00,12.65
Gorge,2024-05-28,22:30:00,12.6
Gorge,2024-05-28,22:40:00,12.89
Gorge,2024-05-28,22:50:00,12.81
Gorge,2024-05-28,23:00:00,12.7
Gorge,2024-05-28,23:10:00,12.61
Gorge,2024-05-28,23:20:00,12.58
Gorge,2024-05-28,23:30:00,12.69
Gorge,2024-05-28,23:40:00,12.64
Gorge,2024-05-28,23:50:00,12.63
Gorge,2024-05-29,0:00:00,12.61
Gorge,2024-05-29,0:10:00,12.61
Gorge,2024-05-29,0:20:00,12.82
Gorge,2024-05-29,0:30:00,12.66
Gorge,2024-05-29,0:40:00,12.92
Gorge,2024-05-29,0:50:00,12.74
Gorge,2024-05-29,1:00:00,12.65
Gorge,2024-05-29,1:10:00,12.58
Gorge,2024-05-29,1:20:00,12.87
Gorge,2024-05-29,1:30:00,13.08
Gorge,2024-05-29,1:40:00,12.93
Gorge,2024-05-29,1:50:00,12.82
Gorge,2024-05-29,2:00:00,12.8
Gorge,2024-05-29,2:10:00,12.86
Gorge,2024-05-29,2:20:00,12.85
Gorge,2024-05-29,2:30:00,12.85
Gorge,2024-05-29,2:40:00,12.82
Gorge,2024-05-29,2:50:00,12.76
Gorge,2024-05-29,3:00:00,12.74
Gorge,2024-05-29,3:10:00,12.77
Gorge,2024-05-29,3:20:00,12.91
Gorge,2024-05-29,3:30:00,12.96
Gorge,2024-05-29,3:40:00,12.76
Gorge,2024-05-29,3:50:00,12.69
Gorge,2024-05-29,4:00:00,12.6
Gorge,2024-05-29,4:10:00,12.85
Gorge,2024-05-29,4:20:00,12.92
Gorge,2024-05-29,4:30:00,12.84
Gorge,2024-05-29,4:40:00,12.94
Gorge,2024-05-29,4:50:00,12.93
Gorge,2024-05-29,5:00:00,13
Gorge,2024-05-29,5:10:00,12.91
Gorge,2024-05-29,5:20:00,12.79
Gorge,2024-05-29,5:30:00,12.77
Gorge,2024-05-29,5:40:00,12.82
Gorge,2024-05-29,5:50:00,12.82
Gorge,2024-05-29,6:00:00,12.73
Gorge,2024-05-29,6:10:00,12.62
Gorge,2024-05-29,6:20:00,12.6
Gorge,2024-05-29,6:30:00,12.61
Gorge,2024-05-29,6:40:00,12.51
Gorge,2024-05-29,6:50:00,12.43
Gorge,2024-05-29,7:00:00,12.51
Gorge,2024-05-29,7:10:00,12.67
Gorge,2024-05-29,7:20:00,12.55
Gorge,2024-05-29,7:30:00,12.49
Gorge,2024-05-29,7:40:00,12.33
Gorge,2024-05-29,7:50:00,12.32
Gorge,2024-05-29,8:00:00,12.34
Gorge,2024-05-29,8:10:00,12.33
Gorge,2024-05-29,8:20:00,12.28
Gorge,2024-05-29,8:30:00,12.21
Gorge,2024-05-29,8:40:00,12.23
Gorge,2024-05-29,8:50:00,12.21
Gorge,2024-05-29,9:00:00,12.21
Gorge,2024-05-29,9:10:00,12.21
Gorge,2024-05-29,9:20:00,12.22
Gorge,2024-05-29,9:30:00,12.25
Gorge,2024-05-29,9:40:00,12.23
Gorge,2024-05-29,9:50:00,12.29
Gorge,2024-05-29,10:00:00,12.31
Gorge,2024-05-29,10:10:00,12.37
Gorge,2024-05-29,10:20:00,12.42
Gorge,2024-05-29,10:30:00,12.47
Gorge,2024-05-29,10:40:00,12.53
Gorge,2024-05-29,10:50:00,12.6
Gorge,2024-05-29,11:00:00,12.73
Gorge,2024-05-29,11:10:00,12.81
Gorge,2024-05-29,11:20:00,12.97
Gorge,2024-05-29,11:30:00,13.02
Gorge,2024-05-29,11:40:00,13.17
Gorge,2024-05-29,11:50:00,13.29
Gorge,2024-05-29,12:00:00,13.38
Gorge,2024-05-29,12:10:00,13.51
Gorge,2024-05-29,12:20:00,13.63
Gorge,2024-05-29,12:30:00,13.82
Gorge,2024-05-29,12:40:00,14.09
Gorge,2024-05-29,12:50:00,14.2
Gorge,2024-05-29,13:00:00,14.34
Gorge,2024-05-29,13:10:00,14.47
Gorge,2024-05-29,13:20:00,14.63
Gorge,2024-05-29,13:30:00,14.71
Gorge,2024-05-29,13:40:00,14.85
Gorge,2024-05-29,13:50:00,14.99
Gorge,2024-05-29,14:00:00,15.07
Gorge,2024-05-29,14:10:00,15.36
Gorge,2024-05-29,14:20:00,15.51
Gorge,2024-05-29,14:30:00,15.54
Gorge,2024-05-29,14:40:00,15.57
Gorge,2024-05-29,14:50:00,15.88
Gorge,2024-05-29,15:00:00,16.03
Gorge,2024-05-29,15:10:00,16.17
Gorge,2024-05-29,15:20:00,16.19
Gorge,2024-05-29,15:30:00,16.17
Gorge,2024-05-29,15:40:00,16.19
Gorge,2024-05-29,15:50:00,16.36
Gorge,2024-05-29,16:00:00,16.47
Gorge,2024-05-29,16:10:00,16.51
Gorge,2024-05-29,16:20:00,16.59
Gorge,2024-05-29,16:30:00,16.62
Gorge,2024-05-29,16:40:00,16.81
Gorge,2024-05-29,16:50:00,16.95
Gorge,2024-05-29,17:00:00,16.95
Gorge,2024-05-29,17:10:00,16.95
Gorge,2024-05-29,17:20:00,16.95
Gorge,2024-05-29,17:30:00,16.58
Gorge,2024-05-29,17:40:00,16.2
Gorge,2024-05-29,17:50:00,15.93
Gorge,2024-05-29,18:00:00,15.98
Gorge,2024-05-29,18:10:00,15.89
Gorge,2024-05-29,18:20:00,15.98
Gorge,2024-05-29,18:30:00,16.2
Gorge,2024-05-29,18:40:00,16.27
Gorge,2024-05-29,18:50:00,15.78
Gorge,2024-05-29,19:00:00,15.36
Gorge,2024-05-29,19:10:00,15.84
Gorge,2024-05-29,19:20:00,15.58
Gorge,2024-05-29,19:30:00,15.09
Gorge,2024-05-29,19:40:00,15.29
Gorge,2024-05-29,19:50:00,15.58
Gorge,2024-05-29,20:00:00,15.28
Gorge,2024-05-29,20:10:00,14.88
Gorge,2024-05-29,20:20:00,14.35
Gorge,2024-05-29,20:30:00,14.42
Gorge,2024-05-29,20:40:00,14.22
Gorge,2024-05-29,20:50:00,14.36
Gorge,2024-05-29,21:00:00,14.1
Gorge,2024-05-29,21:10:00,14.09
Gorge,2024-05-29,21:20:00,13.92
Gorge,2024-05-29,21:30:00,13.88
Gorge,2024-05-29,21:40:00,13.6
Gorge,2024-05-29,21:50:00,13.54
Gorge,2024-05-29,22:00:00,13.62
Gorge,2024-05-29,22:10:00,13.66
Gorge,2024-05-29,22:20:00,13.94
Gorge,2024-05-29,22:30:00,13.7
Gorge,2024-05-29,22:40:00,13.38
Gorge,2024-05-29,22:50:00,13.38
Gorge,2024-05-29,23:00:00,13.43
Gorge,2024-05-29,23:10:00,13.52
Gorge,2024-05-29,23:20:00,13.4
Gorge,2024-05-29,23:30:00,13.29
Gorge,2024-05-29,23:40:00,13.2
Gorge,2024-05-29,23:50:00,13.24
Gorge,2024-05-30,0:00:00,13.33
Gorge,2024-05-30,0:10:00,13.43
Gorge,2024-05-30,0:20:00,13.2
Gorge,2024-05-30,0:30:00,13.17
Gorge,2024-05-30,0:40:00,13.23
Gorge,2024-05-30,0:50:00,13.15
Gorge,2024-05-30,1:00:00,13.06
Gorge,2024-05-30,1:10:00,13.06
Gorge,2024-05-30,1:20:00,13.04
Gorge,2024-05-30,1:30:00,13.11
Gorge,2024-05-30,1:40:00,13.34
Gorge,2024-05-30,1:50:00,13.24
Gorge,2024-05-30,2:00:00,13.29
Gorge,2024-05-30,2:10:00,13.59
Gorge,2024-05-30,2:20:00,13.63
Gorge,2024-05-30,2:30:00,13.35
Gorge,2024-05-30,2:40:00,13.15
Gorge,2024-05-30,2:50:00,13.17
Gorge,2024-05-30,3:00:00,13.09
Gorge,2024-05-30,3:10:00,13.05
Gorge,2024-05-30,3:20:00,13.01
Gorge,2024-05-30,3:30:00,12.97
Gorge,2024-05-30,3:40:00,12.95
Gorge,2024-05-30,3:50:00,12.99
Gorge,2024-05-30,4:00:00,13
Gorge,2024-05-30,4:10:00,12.93
Gorge,2024-05-30,4:20:00,12.97
Gorge,2024-05-30,4:30:00,12.97
Gorge,2024-05-30,4:40:00,12.91
Gorge,2024-05-30,4:50:00,12.9
Gorge,2024-05-30,5:00:00,12.86
Gorge,2024-05-30,5:10:00,12.84
Gorge,2024-05-30,5:20:00,12.87
Gorge,2024-05-30,5:30:00,12.89
Gorge,2024-05-30,5:40:00,12.89
Gorge,2024-05-30,5:50:00,12.89
Gorge,2024-05-30,6:00:00,12.87
Gorge,2024-05-30,6:10:00,12.86
Gorge,2024-05-30,6:20:00,12.89
Gorge,2024-05-30,6:30:00,12.91
Gorge,2024-05-30,6:40:00,12.9
Gorge,2024-05-30,6:50:00,12.93
Gorge,2024-05-30,7:00:00,12.92
Gorge,2024-05-30,7:10:00,12.92
Gorge,2024-05-30,7:20:00,12.92
Gorge,2024-05-30,7:30:00,12.92
Gorge,2024-05-30,7:40:00,12.94
Gorge,2024-05-30,7:50:00,12.93
Gorge,2024-05-30,8:00:00,12.91
Gorge,2024-05-30,8:10:00,12.89
Gorge,2024-05-30,8:20:00,12.86
Gorge,2024-05-30,8:30:00,12.84
Gorge,2024-05-30,8:40:00,12.9
Gorge,2024-05-30,8:50:00,12.92
Gorge,2024-05-30,9:00:00,12.94
Gorge,2024-05-30,9:10:00,12.95
Gorge,2024-05-30,9:20:00,12.96
Gorge,2024-05-30,9:30:00,12.97
Gorge,2024-05-30,9:40:00,13
Gorge,2024-05-30,9:50:00,13.01
Gorge,2024-05-30,10:00:00,13.07
Gorge,2024-05-30,10:10:00,13.04
Gorge,2024-05-30,10:20:00,13.02
Gorge,2024-05-30,10:30:00,13.04
Gorge,2024-05-30,10:40:00,13.05
Gorge,2024-05-30,10:50:00,13.16
Gorge,2024-05-30,11:00:00,13.17
Gorge,2024-05-30,11:10:00,13.2
Gorge,2024-05-30,11:20:00,13.33
Gorge,2024-05-30,11:30:00,13.29
Gorge,2024-05-30,11:40:00,13.29
Gorge,2024-05-30,11:50:00,13.46
Gorge,2024-05-30,12:00:00,13.7
Gorge,2024-05-30,12:10:00,13.9
Gorge,2024-05-30,12:20:00,14.04
Gorge,2024-05-30,12:30:00,14.09
Gorge,2024-05-30,12:40:00,14.3
Gorge,2024-05-30,12:50:00,14.42
Gorge,2024-05-30,13:00:00,14.52
Gorge,2024-05-30,13:10:00,14.7
Gorge,2024-05-30,13:20:00,14.79
Gorge,2024-05-30,13:30:00,15.12
Gorge,2024-05-30,13:40:00,15.23
Gorge,2024-05-30,13:50:00,15.39
Gorge,2024-05-30,14:00:00,15.48
Gorge,2024-05-30,14:10:00,15.65
Gorge,2024-05-30,14:20:00,15.7
Gorge,2024-05-30,14:30:00,15.77
Gorge,2024-05-30,14:40:00,15.92
Gorge,2024-05-30,14:50:00,16.04
Gorge,2024-05-30,15:00:00,16.08
Gorge,2024-05-30,15:10:00,16.16
Gorge,2024-05-30,15:20:00,16.2
Gorge,2024-05-30,15:30:00,16.32
Gorge,2024-05-30,15:40:00,16.36
Gorge,2024-05-30,15:50:00,16.5
Gorge,2024-05-30,16:00:00,16.58
Gorge,2024-05-30,16:10:00,16.63
Gorge,2024-05-30,16:20:00,16.69
Gorge,2024-05-30,16:30:00,16.73
Gorge,2024-05-30,16:40:00,16.82
Gorge,2024-05-30,16:50:00,16.82
Gorge,2024-05-30,17:00:00,16.89
Gorge,2024-05-30,17:10:00,16.92
Gorge,2024-05-30,17:20:00,16.95
Gorge,2024-05-30,17:30:00,16.99
Gorge,2024-05-30,17:40:00,17.03
Gorge,2024-05-30,17:50:00,17.08
Gorge,2024-05-30,18:00:00,17.1
Gorge,2024-05-30,18:10:00,17.05
Gorge,2024-05-30,18:20:00,16.98
Gorge,2024-05-30,18:30:00,16.99
Gorge,2024-05-30,18:40:00,16.8
Gorge,2024-05-30,18:50:00,16.62
Gorge,2024-05-30,19:00:00,16.59
Gorge,2024-05-30,19:10:00,16.55
Gorge,2024-05-30,19:20:00,16.15
Gorge,2024-05-30,19:30:00,15.21
Gorge,2024-05-30,19:40:00,14.85
Gorge,2024-05-30,19:50:00,15.7
Gorge,2024-05-30,20:00:00,15.11
Gorge,2024-05-30,20:10:00,15.25
Gorge,2024-05-30,20:20:00,15.22
Gorge,2024-05-30,20:30:00,15.46
Gorge,2024-05-30,20:40:00,15.09
Gorge,2024-05-30,20:50:00,14.51
Gorge,2024-05-30,21:00:00,14.62
Gorge,2024-05-30,21:10:00,14.51
Gorge,2024-05-30,21:20:00,14.35
Gorge,2024-05-30,21:30:00,14.32
Gorge,2024-05-30,21:40:00,14.15
Gorge,2024-05-30,21:50:00,14.24
Gorge,2024-05-30,22:00:00,14.22
Gorge,2024-05-30,22:10:00,14.13
Gorge,2024-05-30,22:20:00,14.15
Gorge,2024-05-30,22:30:00,13.82
Gorge,2024-05-30,22:40:00,13.56
Gorge,2024-05-30,22:50:00,13.77
Gorge,2024-05-30,23:00:00,13.83
Gorge,2024-05-30,23:10:00,13.65
Gorge,2024-05-30,23:20:00,13.46
Gorge,2024-05-30,23:30:00,13.38
Gorge,2024-05-30,23:40:00,13.33
Gorge,2024-05-30,23:50:00,13.4
Gorge,2024-05-31,0:00:00,13.39
Gorge,2024-05-31,0:10:00,13.43
Gorge,2024-05-31,0:20:00,13.48
Gorge,2024-05-31,0:30:00,13.4
Gorge,2024-05-31,0:40:00,13.35
Gorge,2024-05-31,0:50:00,13.23
Gorge,2024-05-31,1:00:00,13.1
Gorge,2024-05-31,1:10:00,13.05
Gorge,2024-05-31,1:20:00,13.09
Gorge,2024-05-31,1:30:00,13.15
Gorge,2024-05-31,1:40:00,13.22
Gorge,2024-05-31,1:50:00,13.44
Gorge,2024-05-31,2:00:00,13.52
Gorge,2024-05-31,2:10:00,13.46
Gorge,2024-05-31,2:20:00,13.45
Gorge,2024-05-31,2:30:00,13.56
Gorge,2024-05-31,2:40:00,13.56
Gorge,2024-05-31,2:50:00,13.56
Gorge,2024-05-31,3:00:00,13.53
Gorge,2024-05-31,3:10:00,13.59
Gorge,2024-05-31,3:20:00,13.8
Gorge,2024-05-31,3:30:00,13.83
Gorge,2024-05-31,3:40:00,13.71
Gorge,2024-05-31,3:50:00,13.71
Gorge,2024-05-31,4:00:00,13.52
Gorge,2024-05-31,4:10:00,13.6
Gorge,2024-05-31,4:20:00,13.49
Gorge,2024-05-31,4:30:00,13.26
Gorge,2024-05-31,4:40:00,13.14
Gorge,2024-05-31,4:50:00,12.95
Gorge,2024-05-31,5:00:00,12.89
Gorge,2024-05-31,5:10:00,12.89
Gorge,2024-05-31,5:20:00,12.91
Gorge,2024-05-31,5:30:00,12.9
Gorge,2024-05-31,5:40:00,12.86
Gorge,2024-05-31,5:50:00,12.82
Gorge,2024-05-31,6:00:00,12.85
Gorge,2024-05-31,6:10:00,12.84
Gorge,2024-05-31,6:20:00,12.86
Gorge,2024-05-31,6:30:00,12.91
Gorge,2024-05-31,6:40:00,12.91
Gorge,2024-05-31,6:50:00,12.9
Gorge,2024-05-31,7:00:00,12.9
Gorge,2024-05-31,7:10:00,12.94
Gorge,2024-05-31,7:20:00,12.92
Gorge,2024-05-31,7:30:00,13.03
Gorge,2024-05-31,7:40:00,13.06
Gorge,2024-05-31,7:50:00,13.23
Gorge,2024-05-31,8:00:00,13.31
Gorge,2024-05-31,8:10:00,13.41
Gorge,2024-05-31,8:20:00,13.48
Gorge,2024-05-31,8:30:00,13.5
Gorge,2024-05-31,8:40:00,13.56
Gorge,2024-05-31,8:50:00,13.65
Gorge,2024-05-31,9:00:00,13.73
Gorge,2024-05-31,9:10:00,13.79
Gorge,2024-05-31,9:20:00,13.76
Gorge,2024-05-31,9:30:00,13.82
Gorge,2024-05-31,9:40:00,13.83
Gorge,2024-05-31,9:50:00,13.93
Gorge,2024-05-31,10:00:00,13.97
Gorge,2024-05-31,10:10:00,14.03
Gorge,2024-05-31,10:20:00,14.05
Gorge,2024-05-31,10:30:00,14.12
Gorge,2024-05-31,10:40:00,14.25
Gorge,2024-05-31,10:50:00,14.34
Gorge,2024-05-31,11:00:00,14.56
Gorge,2024-05-31,11:10:00,14.52
Gorge,2024-05-31,11:20:00,14.51
Gorge,2024-05-31,11:30:00,14.54
Gorge,2024-05-31,11:40:00,14.52
Gorge,2024-05-31,11:50:00,14.6
Gorge,2024-05-31,12:00:00,14.72
Gorge,2024-05-31,12:10:00,14.74
Gorge,2024-05-31,12:20:00,14.78
Gorge,2024-05-31,12:30:00,14.81
Gorge,2024-05-31,12:40:00,14.99
Gorge,2024-05-31,12:50:00,15.09
Gorge,2024-05-31,13:00:00,15.15
Gorge,2024-05-31,13:10:00,15.16
Gorge,2024-05-31,13:20:00,15.19
Gorge,2024-05-31,13:30:00,15.24
Gorge,2024-05-31,13:40:00,15.34
Gorge,2024-05-31,13:50:00,15.49
Gorge,2024-05-31,14:00:00,15.56
Gorge,2024-05-31,14:10:00,15.57
Gorge,2024-05-31,14:20:00,15.77
Gorge,2024-05-31,14:30:00,15.9
Gorge,2024-05-31,14:40:00,16.02
Gorge,2024-05-31,14:50:00,16.1
Gorge,2024-05-31,15:00:00,16.28
Gorge,2024-05-31,15:10:00,16.4
Gorge,2024-05-31,15:20:00,16.52
Gorge,2024-05-31,15:30:00,16.61
Gorge,2024-05-31,15:40:00,16.74
Gorge,2024-05-31,15:50:00,16.85
Gorge,2024-05-31,16:00:00,16.88
Gorge,2024-05-31,16:10:00,16.93
Gorge,2024-05-31,16:20:00,16.98
Gorge,2024-05-31,16:30:00,17.11
Gorge,2024-05-31,16:40:00,17.19
Gorge,2024-05-31,16:50:00,17.38
Gorge,2024-05-31,17:00:00,17.36
Gorge,2024-05-31,17:10:00,17.4
Gorge,2024-05-31,17:20:00,17.41
Gorge,2024-05-31,17:30:00,17.46
Gorge,2024-05-31,17:40:00,17.5
Gorge,2024-05-31,17:50:00,17.48
Gorge,2024-05-31,18:00:00,17.53
Gorge,2024-05-31,18:10:00,17.53
Gorge,2024-05-31,18:20:00,17.54
Gorge,2024-05-31,18:30:00,17.53
Gorge,2024-05-31,18:40:00,17.5
Gorge,2024-05-31,18:50:00,17.07
Gorge,2024-05-31,19:00:00,17.13
Gorge,2024-05-31,19:10:00,17.1
Gorge,2024-05-31,19:20:00,16.96
Gorge,2024-05-31,19:30:00,16.85
Gorge,2024-05-31,19:40:00,16.85
Gorge,2024-05-31,19:50:00,16.73
Gorge,2024-05-31,20:00:00,16.35
Gorge,2024-05-31,20:10:00,16.07
Gorge,2024-05-31,20:20:00,16.04
Gorge,2024-05-31,20:30:00,15.32
Gorge,2024-05-31,20:40:00,15.36
Gorge,2024-05-31,20:50:00,15.12
Gorge,2024-05-31,21:00:00,15.06
Gorge,2024-05-31,21:10:00,15.22
Gorge,2024-05-31,21:20:00,15.13
Gorge,2024-05-31,21:30:00,14.95
Gorge,2024-05-31,21:40:00,15.02
Gorge,2024-05-31,21:50:00,15.03
Gorge,2024-05-31,22:00:00,15.07
Gorge,2024-05-31,22:10:00,15.12
Gorge,2024-05-31,22:20:00,14.6
Gorge,2024-05-31,22:30:00,13.92
Gorge,2024-05-31,22:40:00,13.7
Gorge,2024-05-31,22:50:00,13.59
Gorge,2024-05-31,23:00:00,13.63
Gorge,2024-05-31,23:10:00,13.67
Gorge,2024-05-31,23:20:00,13.66
Gorge,2024-05-31,23:30:00,13.9
Gorge,2024-05-31,23:40:00,13.91
Gorge,2024-05-31,23:50:00,13.58
Gorge,2024-06-01,0:00:00,13.48
Gorge,2024-06-01,0:10:00,13.55
Gorge,2024-06-01,0:20:00,13.32
Gorge,2024-06-01,0:30:00,13.2
Gorge,2024-06-01,0:40:00,13.19
Gorge,2024-06-01,0:50:00,13.22
Gorge,2024-06-01,1:00:00,13.18
Gorge,2024-06-01,1:10:00,13.18
Gorge,2024-06-01,1:20:00,13.22
Gorge,2024-06-01,1:30:00,13.38
Gorge,2024-06-01,1:40:00,13.78
Gorge,2024-06-01,1:50:00,13.91
Gorge,2024-06-01,2:00:00,13.99
Gorge,2024-06-01,2:10:00,14.13
Gorge,2024-06-01,2:20:00,14.01
Gorge,2024-06-01,2:30:00,14.09
Gorge,2024-06-01,2:40:00,14.15
Gorge,2024-06-01,2:50:00,14.11
Gorge,2024-06-01,3:00:00,14.12
Gorge,2024-06-01,3:10:00,14.3
Gorge,2024-06-01,3:20:00,14.33
Gorge,2024-06-01,3:30:00,14.36
Gorge,2024-06-01,3:40:00,14.4
Gorge,2024-06-01,3:50:00,14.41
Gorge,2024-06-01,4:00:00,14.34
Gorge,2024-06-01,4:10:00,13.82
Gorge,2024-06-01,4:20:00,13.56
Gorge,2024-06-01,4:30:00,13.21
Gorge,2024-06-01,4:40:00,13.11
Gorge,2024-06-01,4:50:00,13.03
Gorge,2024-06-01,5:00:00,12.95
Gorge,2024-06-01,5:10:00,12.85
Gorge,2024-06-01,5:20:00,12.85
Gorge,2024-06-01,5:30:00,12.86
Gorge,2024-06-01,5:40:00,12.95
Gorge,2024-06-01,5:50:00,13.03
Gorge,2024-06-01,6:00:00,13.04
Gorge,2024-06-01,6:10:00,13.15
Gorge,2024-06-01,6:20:00,13.29
Gorge,2024-06-01,6:30:00,13.37
Gorge,2024-06-01,6:40:00,13.4
Gorge,2024-06-01,6:50:00,13.4
Gorge,2024-06-01,7:00:00,13.4
Gorge,2024-06-01,7:10:00,13.51
Gorge,2024-06-01,7:20:00,13.52
Gorge,2024-06-01,7:30:00,13.54
Gorge,2024-06-01,7:40:00,13.58
Gorge,2024-06-01,7:50:00,13.61
Gorge,2024-06-01,8:00:00,13.69
Gorge,2024-06-01,8:10:00,13.82
Gorge,2024-06-01,8:20:00,13.85
Gorge,2024-06-01,8:30:00,13.9
Gorge,2024-06-01,8:40:00,13.94
Gorge,2024-06-01,8:50:00,13.98
Gorge,2024-06-01,9:00:00,14.05
Gorge,2024-06-01,9:10:00,14.11
Gorge,2024-06-01,9:20:00,14.18
Gorge,2024-06-01,9:30:00,14.21
Gorge,2024-06-01,9:40:00,14.14
Gorge,2024-06-01,9:50:00,14.21
Gorge,2024-06-01,10:00:00,14.28
Gorge,2024-06-01,10:10:00,14.32
Gorge,2024-06-01,10:20:00,14.4
Gorge,2024-06-01,10:30:00,14.57
Gorge,2024-06-01,10:40:00,14.55
Gorge,2024-06-01,10:50:00,14.55
Gorge,2024-06-01,11:00:00,14.62
Gorge,2024-06-01,11:10:00,14.71
Gorge,2024-06-01,11:20:00,14.8
Gorge,2024-06-01,11:30:00,14.83
Gorge,2024-06-01,11:40:00,14.85
Gorge,2024-06-01,11:50:00,14.91
Gorge,2024-06-01,12:00:00,14.93
Gorge,2024-06-01,12:10:00,14.96
Gorge,2024-06-01,12:20:00,15.01
Gorge,2024-06-01,12:30:00,15.01
Gorge,2024-06-01,12:40:00,15.06
Gorge,2024-06-01,12:50:00,15.08
Gorge,2024-06-01,13:00:00,15.27
Gorge,2024-06-01,13:10:00,15.34
Gorge,2024-06-01,13:20:00,15.36
Gorge,2024-06-01,13:30:00,15.38
Gorge,2024-06-01,13:40:00,15.46
Gorge,2024-06-01,13:50:00,15.7
Gorge,2024-06-01,14:00:00,15.74
Gorge,2024-06-01,14:10:00,15.83
Gorge,2024-06-01,14:20:00,15.93
Gorge,2024-06-01,14:30:00,15.97
Gorge,2024-06-01,14:40:00,16
Gorge,2024-06-01,14:50:00,16.03
Gorge,2024-06-01,15:00:00,16.06
Gorge,2024-06-01,15:10:00,16.11
Gorge,2024-06-01,15:20:00,16.11
Gorge,2024-06-01,15:30:00,16.13
Gorge,2024-06-01,15:40:00,16.18
Gorge,2024-06-01,15:50:00,16.18
Gorge,2024-06-01,16:00:00,16.25
Gorge,2024-06-01,16:10:00,16.41
Gorge,2024-06-01,16:20:00,16.46
Gorge,2024-06-01,16:30:00,16.5
Gorge,2024-06-01,16:40:00,16.55
Gorge,2024-06-01,16:50:00,16.55
Gorge,2024-06-01,17:00:00,16.61
Gorge,2024-06-01,17:10:00,16.6
Gorge,2024-06-01,17:20:00,16.61
Gorge,2024-06-01,17:30:00,16.62
Gorge,2024-06-01,17:40:00,16.62
Gorge,2024-06-01,17:50:00,16.64
Gorge,2024-06-01,18:00:00,16.64
Gorge,2024-06-01,18:10:00,16.62
Gorge,2024-06-01,18:20:00,16.59
Gorge,2024-06-01,18:30:00,16.58
Gorge,2024-06-01,18:40:00,16.56
Gorge,2024-06-01,18:50:00,16.56
Gorge,2024-06-01,19:00:00,16.55
Gorge,2024-06-01,19:10:00,16.56
Gorge,2024-06-01,19:20:00,16.44
Gorge,2024-06-01,19:30:00,16.26
Gorge,2024-06-01,19:40:00,15.97
Gorge,2024-06-01,19:50:00,15.84
Gorge,2024-06-01,20:00:00,15.74
Gorge,2024-06-01,20:10:00,15.49
Gorge,2024-06-01,20:20:00,15.38
Gorge,2024-06-01,20:30:00,15.38
Gorge,2024-06-01,20:40:00,15.17
Gorge,2024-06-01,20:50:00,14.82
Gorge,2024-06-01,21:00:00,14.73
Gorge,2024-06-01,21:10:00,14.81
Gorge,2024-06-01,21:20:00,14.59
Gorge,2024-06-01,21:30:00,14.5
Gorge,2024-06-01,21:40:00,14.58
Gorge,2024-06-01,21:50:00,14.54
Gorge,2024-06-01,22:00:00,14.37
Gorge,2024-06-01,22:10:00,14.07
Gorge,2024-06-01,22:20:00,14.04
Gorge,2024-06-01,22:30:00,13.91
Gorge,2024-06-01,22:40:00,13.76
Gorge,2024-06-01,22:50:00,13.54
Gorge,2024-06-01,23:00:00,13.32
Gorge,2024-06-01,23:10:00,13.26
Gorge,2024-06-01,23:20:00,13.49
Gorge,2024-06-01,23:30:00,13.3
Gorge,2024-06-01,23:40:00,13.16
Gorge,2024-06-01,23:50:00,13.11
Gorge,2024-06-02,0:00:00,13.06
Gorge,2024-06-02,0:10:00,13.04
Gorge,2024-06-02,0:20:00,12.93
Gorge,2024-06-02,0:30:00,12.79
Gorge,2024-06-02,0:40:00,12.84
Gorge,2024-06-02,0:50:00,12.81
Gorge,2024-06-02,1:00:00,12.63
Gorge,2024-06-02,1:10:00,12.66
Gorge,2024-06-02,1:20:00,12.97
Gorge,2024-06-02,1:30:00,12.61
Gorge,2024-06-02,1:40:00,12.85
Gorge,2024-06-02,1:50:00,13.12
Gorge,2024-06-02,2:00:00,13.3
Gorge,2024-06-02,2:10:00,13.12
Gorge,2024-06-02,2:20:00,13.07
Gorge,2024-06-02,2:30:00,13.36
Gorge,2024-06-02,2:40:00,13.45
Gorge,2024-06-02,2:50:00,13.55
Gorge,2024-06-02,3:00:00,13.71
Gorge,2024-06-02,3:10:00,13.77
Gorge,2024-06-02,3:20:00,13.74
Gorge,2024-06-02,3:30:00,13.68
Gorge,2024-06-02,3:40:00,13.61
Gorge,2024-06-02,3:50:00,13.41
Gorge,2024-06-02,4:00:00,13.25
Gorge,2024-06-02,4:10:00,12.85
Gorge,2024-06-02,4:20:00,12.57
Gorge,2024-06-02,4:30:00,12.55
Gorge,2024-06-02,4:40:00,12.6
Gorge,2024-06-02,4:50:00,12.66
Gorge,2024-06-02,5:00:00,12.64
Gorge,2024-06-02,5:10:00,12.59
Gorge,2024-06-02,5:20:00,12.64
Gorge,2024-06-02,5:30:00,12.79
Gorge,2024-06-02,5:40:00,12.85
Gorge,2024-06-02,5:50:00,12.9
Gorge,2024-06-02,6:00:00,12.95
Gorge,2024-06-02,6:10:00,13.04
Gorge,2024-06-02,6:20:00,13.1
Gorge,2024-06-02,6:30:00,13.16
Gorge,2024-06-02,6:40:00,13.27
Gorge,2024-06-02,6:50:00,13.38
Gorge,2024-06-02,7:00:00,13.46
Gorge,2024-06-02,7:10:00,13.54
Gorge,2024-06-02,7:20:00,13.63
Gorge,2024-06-02,7:30:00,13.69
Gorge,2024-06-02,7:40:00,13.78
Gorge,2024-06-02,7:50:00,13.81
Gorge,2024-06-02,8:00:00,13.88
Gorge,2024-06-02,8:10:00,13.93
Gorge,2024-06-02,8:20:00,13.97
Gorge,2024-06-02,8:30:00,14.07
Gorge,2024-06-02,8:40:00,14.1
Gorge,2024-06-02,8:50:00,14.13
Gorge,2024-06-02,9:00:00,14.19
Gorge,2024-06-02,9:10:00,14.25
Gorge,2024-06-02,9:20:00,14.32
Gorge,2024-06-02,9:30:00,14.54
Gorge,2024-06-02,9:40:00,14.56
Gorge,2024-06-02,9:50:00,14.56
Gorge,2024-06-02,10:00:00,14.63
Gorge,2024-06-02,10:10:00,14.65
Gorge,2024-06-02,10:20:00,14.69
Gorge,2024-06-02,10:30:00,14.75
Gorge,2024-06-02,10:40:00,14.81
Gorge,2024-06-02,10:50:00,14.85
Gorge,2024-06-02,11:00:00,14.89
Gorge,2024-06-02,11:10:00,14.86
Gorge,2024-06-02,11:20:00,14.44
Gorge,2024-06-02,11:30:00,14.03
Gorge,2024-06-02,11:40:00,13.84
Gorge,2024-06-02,11:50:00,13.81
Gorge,2024-06-02,12:00:00,13.88
Gorge,2024-06-02,12:10:00,13.88
Gorge,2024-06-02,12:20:00,14
Gorge,2024-06-02,12:30:00,14.04
Gorge,2024-06-02,12:40:00,14.12
Gorge,2024-06-02,12:50:00,14.19
Gorge,2024-06-02,13:00:00,14.18
Gorge,2024-06-02,13:10:00,14.11
Gorge,2024-06-02,13:20:00,14.12
Gorge,2024-06-02,13:30:00,14.05
Gorge,2024-06-02,13:40:00,14.05
Gorge,2024-06-02,13:50:00,14.06
Gorge,2024-06-02,14:00:00,13.98
Gorge,2024-06-02,14:10:00,13.96
Gorge,2024-06-02,14:20:00,14.04
Gorge,2024-06-02,14:30:00,14.08
Gorge,2024-06-02,14:40:00,14.23
Gorge,2024-06-02,14:50:00,14.11
Gorge,2024-06-02,15:00:00,14.28
Gorge,2024-06-02,15:10:00,14.28
Gorge,2024-06-02,15:20:00,14.27
Gorge,2024-06-02,15:30:00,14.34
Gorge,2024-06-02,15:40:00,14.34
Gorge,2024-06-02,15:50:00,14.49
Gorge,2024-06-02,16:00:00,14.52
Gorge,2024-06-02,16:10:00,14.59
Gorge,2024-06-02,16:20:00,14.58
Gorge,2024-06-02,16:30:00,14.55
Gorge,2024-06-02,16:40:00,14.57
Gorge,2024-06-02,16:50:00,14.68
Gorge,2024-06-02,17:00:00,14.67
Gorge,2024-06-02,17:10:00,14.68
Gorge,2024-06-02,17:20:00,14.8
Gorge,2024-06-02,17:30:00,14.74
Gorge,2024-06-02,17:40:00,14.72
Gorge,2024-06-02,17:50:00,14.53
Gorge,2024-06-02,18:00:00,14.58
Gorge,2024-06-02,18:10:00,14.63
Gorge,2024-06-02,18:20:00,14.7
Gorge,2024-06-02,18:30:00,14.69
Gorge,2024-06-02,18:40:00,14.7
Gorge,2024-06-02,18:50:00,14.71
Gorge,2024-06-02,19:00:00,14.78
Gorge,2024-06-02,19:10:00,14.66
Gorge,2024-06-02,19:20:00,14.62
Gorge,2024-06-02,19:30:00,14.47
Gorge,2024-06-02,19:40:00,14.45
Gorge,2024-06-02,19:50:00,14.18
Gorge,2024-06-02,20:00:00,14.27
Gorge,2024-06-02,20:10:00,14.03
Gorge,2024-06-02,20:20:00,13.67
Gorge,2024-06-02,20:30:00,13.55
Gorge,2024-06-02,20:40:00,13.33
Gorge,2024-06-02,20:50:00,13.01
Gorge,2024-06-02,21:00:00,13.47
Gorge,2024-06-02,21:10:00,13.41
Gorge,2024-06-02,21:20:00,13.23
Gorge,2024-06-02,21:30:00,13.29
Gorge,2024-06-02,21:40:00,13.3
Gorge,2024-06-02,21:50:00,13.07
Gorge,2024-06-02,22:00:00,12.87
Gorge,2024-06-02,22:10:00,13.05
Gorge,2024-06-02,22:20:00,13.3
Gorge,2024-06-02,22:30:00,12.6
Gorge,2024-06-02,22:40:00,12.7
Gorge,2024-06-02,22:50:00,13.47
Gorge,2024-06-02,23:00:00,12.82
Gorge,2024-06-02,23:10:00,12.43
Gorge,2024-06-02,23:20:00,11.97
Gorge,2024-06-02,23:30:00,11.83
Gorge,2024-06-02,23:40:00,11.86
Gorge,2024-06-02,23:50:00,11.99
Gorge,2024-06-03,0:00:00,11.9
Gorge,2024-06-03,0:10:00,11.86
Gorge,2024-06-03,0:20:00,12.05
Gorge,2024-06-03,0:30:00,12.2
Gorge,2024-06-03,0:40:00,12.41
Gorge,2024-06-03,0:50:00,12.52
Gorge,2024-06-03,1:00:00,12.49
Gorge,2024-06-03,1:10:00,12.43
Gorge,2024-06-03,1:20:00,12.43
Gorge,2024-06-03,1:30:00,12.51
Gorge,2024-06-03,1:40:00,12.42
Gorge,2024-06-03,1:50:00,12.4
Gorge,2024-06-03,2:00:00,12.25
Gorge,2024-06-03,2:10:00,12.36
Gorge,2024-06-03,2:20:00,12.4
Gorge,2024-06-03,2:30:00,12.34
Gorge,2024-06-03,2:40:00,12.45
Gorge,2024-06-03,2:50:00,12.77
Gorge,2024-06-03,3:00:00,12.89
Gorge,2024-06-03,3:10:00,12.84
Gorge,2024-06-03,3:20:00,12.79
Gorge,2024-06-03,3:30:00,12.95
Gorge,2024-06-03,3:40:00,12.94
Gorge,2024-06-03,3:50:00,12.77
Gorge,2024-06-03,4:00:00,12.77
Gorge,2024-06-03,4:10:00,12.78
Gorge,2024-06-03,4:20:00,12.4
Gorge,2024-06-03,4:30:00,12.13
Gorge,2024-06-03,4:40:00,11.96
Gorge,2024-06-03,4:50:00,11.87
Gorge,2024-06-03,5:00:00,11.86
Gorge,2024-06-03,5:10:00,12.06
Gorge,2024-06-03,5:20:00,12.11
Gorge,2024-06-03,5:30:00,12.11
Gorge,2024-06-03,5:40:00,12.1
Gorge,2024-06-03,5:50:00,12.18
Gorge,2024-06-03,6:00:00,12.26
Gorge,2024-06-03,6:10:00,12.31
Gorge,2024-06-03,6:20:00,12.32
Gorge,2024-06-03,6:30:00,12.49
Gorge,2024-06-03,6:40:00,12.6
Gorge,2024-06-03,6:50:00,12.67
Gorge,2024-06-03,7:00:00,12.76
Gorge,2024-06-03,7:10:00,12.87
Gorge,2024-06-03,7:20:00,12.95
Gorge,2024-06-03,7:30:00,13.05
Gorge,2024-06-03,7:40:00,13.09
Gorge,2024-06-03,7:50:00,13.2
Gorge,2024-06-03,8:00:00,13.35
Gorge,2024-06-03,8:10:00,13.53
Gorge,2024-06-03,8:20:00,13.63
Gorge,2024-06-03,8:30:00,13.66
Gorge,2024-06-03,8:40:00,13.8
Gorge,2024-06-03,8:50:00,13.91
Gorge,2024-06-03,9:00:00,14
Gorge,2024-06-03,9:10:00,14.09
Gorge,2024-06-03,9:20:00,14.21
Gorge,2024-06-03,9:30:00,14.28
Gorge,2024-06-03,9:40:00,14.37
Gorge,2024-06-03,9:50:00,14.5
Gorge,2024-06-03,10:00:00,14.58
Gorge,2024-06-03,10:10:00,14.65
Gorge,2024-06-03,10:20:00,14.75
Gorge,2024-06-03,10:30:00,14.82
Gorge,2024-06-03,10:40:00,14.92
Gorge,2024-06-03,10:50:00,15.06
Gorge,2024-06-03,11:00:00,15.12
Gorge,2024-06-03,11:10:00,15.16
Gorge,2024-06-03,11:20:00,15.26
Gorge,2024-06-03,11:30:00,15.24
Gorge,2024-06-03,11:40:00,15.31
Gorge,2024-06-03,11:50:00,15.34
Gorge,2024-06-03,12:00:00,15.39
Gorge,2024-06-03,12:10:00,15.37
Gorge,2024-06-03,12:20:00,15.4
Gorge,2024-06-03,12:30:00,15.38
Gorge,2024-06-03,12:40:00,15.4
Gorge,2024-06-03,12:50:00,15.39
Gorge,2024-06-03,13:00:00,15.44
Gorge,2024-06-03,13:10:00,15.57
Gorge,2024-06-03,13:20:00,15.53
Gorge,2024-06-03,13:30:00,15.52
Gorge,2024-06-03,13:40:00,15.52
Gorge,2024-06-03,13:50:00,15.54
Gorge,2024-06-03,14:00:00,15.78
Gorge,2024-06-03,14:10:00,15.99
Gorge,2024-06-03,14:20:00,16.05
Gorge,2024-06-03,14:30:00,16.1
Gorge,2024-06-03,14:40:00,16.08
Gorge,2024-06-03,14:50:00,16.11
Gorge,2024-06-03,15:00:00,16.08
Gorge,2024-06-03,15:10:00,16.07
Gorge,2024-06-03,15:20:00,16.08
Gorge,2024-06-03,15:30:00,16.01
Gorge,2024-06-03,15:40:00,16.07
Gorge,2024-06-03,15:50:00,16.07
Gorge,2024-06-03,16:00:00,16.1
Gorge,2024-06-03,16:10:00,16.07
Gorge,2024-06-03,16:20:00,16.05
Gorge,2024-06-03,16:30:00,16.04
Gorge,2024-06-03,16:40:00,16.05
Gorge,2024-06-03,16:50:00,15.95
Gorge,2024-06-03,17:00:00,15.77
Gorge,2024-06-03,17:10:00,15.78
Gorge,2024-06-03,17:20:00,15.75
Gorge,2024-06-03,17:30:00,15.59
Gorge,2024-06-03,17:40:00,15.38
Gorge,2024-06-03,17:50:00,15.18
Gorge,2024-06-03,18:00:00,15.06
Gorge,2024-06-03,18:10:00,15.23
Gorge,2024-06-03,18:20:00,15.06
Gorge,2024-06-03,18:30:00,15.12
Gorge,2024-06-03,18:40:00,14.92
Gorge,2024-06-03,18:50:00,15.03
Gorge,2024-06-03,19:00:00,15.09
Gorge,2024-06-03,19:10:00,14.82
Gorge,2024-06-03,19:20:00,14.71
Gorge,2024-06-03,19:30:00,14.65
Gorge,2024-06-03,19:40:00,14.66
Gorge,2024-06-03,19:50:00,14.66
Gorge,2024-06-03,20:00:00,14.64
Gorge,2024-06-03,20:10:00,14.63
Gorge,2024-06-03,20:20:00,14.57
Gorge,2024-06-03,20:30:00,14.63
Gorge,2024-06-03,20:40:00,14.54
Gorge,2024-06-03,20:50:00,14.24
Gorge,2024-06-03,21:00:00,13.53
Gorge,2024-06-03,21:10:00,13.65
Gorge,2024-06-03,21:20:00,13.69
Gorge,2024-06-03,21:30:00,13.59
Gorge,2024-06-03,21:40:00,13.59
Gorge,2024-06-03,21:50:00,13.71
Gorge,2024-06-03,22:00:00,13.65
Gorge,2024-06-03,22:10:00,13.46
Gorge,2024-06-03,22:20:00,13.31
Gorge,2024-06-03,22:30:00,13.38
Gorge,2024-06-03,22:40:00,13.36
Gorge,2024-06-03,22:50:00,13.25
Gorge,2024-06-03,23:00:00,13.18
Gorge,2024-06-03,23:10:00,13.06
Gorge,2024-06-03,23:20:00,13.15
Gorge,2024-06-03,23:30:00,13.18
Gorge,2024-06-03,23:40:00,13.11
Gorge,2024-06-03,23:50:00,13.06
Gorge,2024-06-04,0:00:00,13.15
Gorge,2024-06-04,0:10:00,13.26
Gorge,2024-06-04,0:20:00,13.21
Gorge,2024-06-04,0:30:00,13.19
Gorge,2024-06-04,0:40:00,12.92
Gorge,2024-06-04,0:50:00,12.8
Gorge,2024-06-04,1:00:00,13.11
Gorge,2024-06-04,1:10:00,13.18
Gorge,2024-06-04,1:20:00,13.17
Gorge,2024-06-04,1:30:00,12.77
Gorge,2024-06-04,1:40:00,12.77
Gorge,2024-06-04,1:50:00,13.03
Gorge,2024-06-04,2:00:00,13.12
Gorge,2024-06-04,2:10:00,12.87
Gorge,2024-06-04,2:20:00,12.78
Gorge,2024-06-04,2:30:00,12.86
Gorge,2024-06-04,2:40:00,13.15
Gorge,2024-06-04,2:50:00,13.29
Gorge,2024-06-04,3:00:00,13.47
Gorge,2024-06-04,3:10:00,13.67
Gorge,2024-06-04,3:20:00,13.6
Gorge,2024-06-04,3:30:00,13.5
Gorge,2024-06-04,3:40:00,13.48
Gorge,2024-06-04,3:50:00,13.03
Gorge,2024-06-04,4:00:00,12.74
Gorge,2024-06-04,4:10:00,12.59
Gorge,2024-06-04,4:20:00,12.46
Gorge,2024-06-04,4:30:00,12.33
Gorge,2024-06-04,4:40:00,12.33
Gorge,2024-06-04,4:50:00,12.42
Gorge,2024-06-04,5:00:00,12.44
Gorge,2024-06-04,5:10:00,12.49
Gorge,2024-06-04,5:20:00,12.61
Gorge,2024-06-04,5:30:00,12.65
Gorge,2024-06-04,5:40:00,12.67
Gorge,2024-06-04,5:50:00,12.66
Gorge,2024-06-04,6:00:00,12.67
Gorge,2024-06-04,6:10:00,12.66
Gorge,2024-06-04,6:20:00,12.7
Gorge,2024-06-04,6:30:00,12.72
Gorge,2024-06-04,6:40:00,12.79
Gorge,2024-06-04,6:50:00,12.86
Gorge,2024-06-04,7:00:00,12.91
Gorge,2024-06-04,7:10:00,13.05
Gorge,2024-06-04,7:20:00,13.14
Gorge,2024-06-04,7:30:00,13.23
Gorge,2024-06-04,7:40:00,13.34
Gorge,2024-06-04,7:50:00,13.37
Gorge,2024-06-04,8:00:00,13.44
Gorge,2024-06-04,8:10:00,13.52
Gorge,2024-06-04,8:20:00,13.6
Gorge,2024-06-04,8:30:00,13.64
Gorge,2024-06-04,8:40:00,13.66
Gorge,2024-06-04,8:50:00,13.79
Gorge,2024-06-04,9:00:00,14.04
Gorge,2024-06-04,9:10:00,14.08
Gorge,2024-06-04,9:20:00,14.22
Gorge,2024-06-04,9:30:00,14.26
Gorge,2024-06-04,9:40:00,14.23
Gorge,2024-06-04,9:50:00,14.27
Gorge,2024-06-04,10:00:00,14.56
Gorge,2024-06-04,10:10:00,14.66
Gorge,2024-06-04,10:20:00,14.64
Gorge,2024-06-04,10:30:00,14.74
Gorge,2024-06-04,10:40:00,14.79
Gorge,2024-06-04,10:50:00,14.88
Gorge,2024-06-04,11:00:00,14.83
Gorge,2024-06-04,11:10:00,14.84
Gorge,2024-06-04,11:20:00,14.88
Gorge,2024-06-04,11:30:00,14.87
Gorge,2024-06-04,11:40:00,14.89
Gorge,2024-06-04,11:50:00,15
Gorge,2024-06-04,12:00:00,15.11
Gorge,2024-06-04,12:10:00,15.15
Gorge,2024-06-04,12:20:00,15.13
Gorge,2024-06-04,12:30:00,15.17
Gorge,2024-06-04,12:40:00,15.34
Gorge,2024-06-04,12:50:00,15.44
Gorge,2024-06-04,13:00:00,15.55
Gorge,2024-06-04,13:10:00,15.25
Gorge,2024-06-04,13:20:00,15.52
Gorge,2024-06-04,13:30:00,15.63
Gorge,2024-06-04,13:40:00,15.6
Gorge,2024-06-04,13:50:00,15.74
Gorge,2024-06-04,14:00:00,15.71
Gorge,2024-06-04,14:10:00,15.72
Gorge,2024-06-04,14:20:00,15.47
Gorge,2024-06-04,14:30:00,15.8
Gorge,2024-06-04,14:40:00,15.89
Gorge,2024-06-04,14:50:00,15.92
Gorge,2024-06-04,15:00:00,15.99
Gorge,2024-06-04,15:10:00,15.78
Gorge,2024-06-04,15:20:00,15.93
Gorge,2024-06-04,15:30:00,15.95
Gorge,2024-06-04,15:40:00,16.03
Gorge,2024-06-04,15:50:00,16.05
Gorge,2024-06-04,16:00:00,15.96
Gorge,2024-06-04,16:10:00,15.91
Gorge,2024-06-04,16:20:00,15.54
Gorge,2024-06-04,16:30:00,15.54
Gorge,2024-06-04,16:40:00,15.6
Gorge,2024-06-04,16:50:00,16.17
Gorge,2024-06-04,17:00:00,16.15
Gorge,2024-06-04,17:10:00,15.92
Gorge,2024-06-04,17:20:00,15.73
Gorge,2024-06-04,17:30:00,16.13
Gorge,2024-06-04,17:40:00,15.41
Gorge,2024-06-04,17:50:00,15.18
Gorge,2024-06-04,18:00:00,14.95
Gorge,2024-06-04,18:10:00,14.83
Gorge,2024-06-04,18:20:00,14.96
Gorge,2024-06-04,18:30:00,15.18
Gorge,2024-06-04,18:40:00,15.31
Gorge,2024-06-04,18:50:00,15.39
Gorge,2024-06-04,19:00:00,15.23
Gorge,2024-06-04,19:10:00,14.78
Gorge,2024-06-04,19:20:00,14.96
Gorge,2024-06-04,19:30:00,14.84
Gorge,2024-06-04,19:40:00,14.6
Gorge,2024-06-04,19:50:00,14.48
Gorge,2024-06-04,20:00:00,14.39
Gorge,2024-06-04,20:10:00,14.48
Gorge,2024-06-04,20:20:00,14.47
Gorge,2024-06-04,20:30:00,14.41
Gorge,2024-06-04,20:40:00,14.17
Gorge,2024-06-04,20:50:00,14.08
Gorge,2024-06-04,21:00:00,14.2
Gorge,2024-06-04,21:10:00,14.24
Gorge,2024-06-04,21:20:00,14.2
Gorge,2024-06-04,21:30:00,13.85
Gorge,2024-06-04,21:40:00,13.69
Gorge,2024-06-04,21:50:00,13.97
Gorge,2024-06-04,22:00:00,13.88
Gorge,2024-06-04,22:10:00,13.79
Gorge,2024-06-04,22:20:00,13.73
Gorge,2024-06-04,22:30:00,13.71
Gorge,2024-06-04,22:40:00,13.88
Gorge,2024-06-04,22:50:00,13.95
Gorge,2024-06-04,23:00:00,13.81
Gorge,2024-06-04,23:10:00,13.47
Gorge,2024-06-04,23:20:00,13.45
Gorge,2024-06-04,23:30:00,13.45
Gorge,2024-06-04,23:40:00,13.48
Gorge,2024-06-04,23:50:00,13.35
Gorge,2024-06-05,0:00:00,13.3
Gorge,2024-06-05,0:10:00,13.44
Gorge,2024-06-05,0:20:00,13.59
Gorge,2024-06-05,0:30:00,13.65
Gorge,2024-06-05,0:40:00,13.68
Gorge,2024-06-05,0:50:00,13.69
Gorge,2024-06-05,1:00:00,13.77
Gorge,2024-06-05,1:10:00,13.79
Gorge,2024-06-05,1:20:00,13.75
Gorge,2024-06-05,1:30:00,13.83
Gorge,2024-06-05,1:40:00,13.89
Gorge,2024-06-05,1:50:00,13.97
Gorge,2024-06-05,2:00:00,13.98
Gorge,2024-06-05,2:10:00,14.01
Gorge,2024-06-05,2:20:00,13.92
Gorge,2024-06-05,2:30:00,13.86
Gorge,2024-06-05,2:40:00,13.95
Gorge,2024-06-05,2:50:00,14
Gorge,2024-06-05,3:00:00,13.96
Gorge,2024-06-05,3:10:00,13.89
Gorge,2024-06-05,3:20:00,13.45
Gorge,2024-06-05,3:30:00,13.46
Gorge,2024-06-05,3:40:00,13.3
Gorge,2024-06-05,3:50:00,13.02
Gorge,2024-06-05,4:00:00,12.86
Gorge,2024-06-05,4:10:00,12.77
Gorge,2024-06-05,4:20:00,12.78
Gorge,2024-06-05,4:30:00,12.72
Gorge,2024-06-05,4:40:00,12.76
Gorge,2024-06-05,4:50:00,12.72
Gorge,2024-06-05,5:00:00,12.7
Gorge,2024-06-05,5:10:00,12.69
Gorge,2024-06-05,5:20:00,12.72
Gorge,2024-06-05,5:30:00,12.75
Gorge,2024-06-05,5:40:00,12.79
Gorge,2024-06-05,5:50:00,12.78
Gorge,2024-06-05,6:00:00,12.72
Gorge,2024-06-05,6:10:00,12.67
Gorge,2024-06-05,6:20:00,12.64
Gorge,2024-06-05,6:30:00,12.63
Gorge,2024-06-05,6:40:00,12.62
Gorge,2024-06-05,6:50:00,12.59
Gorge,2024-06-05,7:00:00,12.67
Gorge,2024-06-05,7:10:00,12.93
Gorge,2024-06-05,7:20:00,13.06
Gorge,2024-06-05,7:30:00,13.14
Gorge,2024-06-05,7:40:00,13.25
Gorge,2024-06-05,7:50:00,13.39
Gorge,2024-06-05,8:00:00,13.46
Gorge,2024-06-05,8:10:00,13.64
Gorge,2024-06-05,8:20:00,13.67
Gorge,2024-06-05,8:30:00,13.83
Gorge,2024-06-05,8:40:00,13.86
Gorge,2024-06-05,8:50:00,13.92
Gorge,2024-06-05,9:00:00,14.03
Gorge,2024-06-05,9:10:00,14.2
Gorge,2024-06-05,9:20:00,14.38
Gorge,2024-06-05,9:30:00,14.49
Gorge,2024-06-05,9:40:00,14.6
Gorge,2024-06-05,9:50:00,14.79
Gorge,2024-06-05,10:00:00,14.97
Gorge,2024-06-05,10:10:00,14.98
Gorge,2024-06-05,10:20:00,15.04
Gorge,2024-06-05,10:30:00,15.25
Gorge,2024-06-05,10:40:00,15.28
Gorge,2024-06-05,10:50:00,15.32
Gorge,2024-06-05,11:00:00,15.48
Gorge,2024-06-05,11:10:00,15.66
Gorge,2024-06-05,11:20:00,15.72
Gorge,2024-06-05,11:30:00,15.78
Gorge,2024-06-05,11:40:00,15.87
Gorge,2024-06-05,11:50:00,15.95
Gorge,2024-06-05,12:00:00,16.02
Gorge,2024-06-05,12:10:00,16.13
Gorge,2024-06-05,12:20:00,16.14
Gorge,2024-06-05,12:30:00,16.17
Gorge,2024-06-05,12:40:00,16.24
Gorge,2024-06-05,12:50:00,16.33
Gorge,2024-06-05,13:00:00,16.31
Gorge,2024-06-05,13:10:00,16.5
Gorge,2024-06-05,13:20:00,16.45
Gorge,2024-06-05,13:30:00,16.45
Gorge,2024-06-05,13:40:00,16.64
Gorge,2024-06-05,13:50:00,16.5
Gorge,2024-06-05,14:00:00,16.5
Gorge,2024-06-05,14:10:00,16.48
Gorge,2024-06-05,14:20:00,16.27
Gorge,2024-06-05,14:30:00,16.15
Gorge,2024-06-05,14:40:00,15.44
Gorge,2024-06-05,14:50:00,14.79
Gorge,2024-06-05,15:00:00,14.33
Gorge,2024-06-05,15:10:00,14.39
Gorge,2024-06-05,15:20:00,14.23
Gorge,2024-06-05,15:30:00,14.39
Gorge,2024-06-05,15:40:00,14.49
Gorge,2024-06-05,15:50:00,14.51
Gorge,2024-06-05,16:00:00,14.54
Gorge,2024-06-05,16:10:00,14.77
Gorge,2024-06-05,16:20:00,15.23
Gorge,2024-06-05,16:30:00,15.19
Gorge,2024-06-05,16:40:00,15.22
Gorge,2024-06-05,16:50:00,15.67
Gorge,2024-06-05,17:00:00,15.91
Gorge,2024-06-05,17:10:00,15.56
Gorge,2024-06-05,17:20:00,15.58
Gorge,2024-06-05,17:30:00,15.58
Gorge,2024-06-05,17:40:00,15.57
Gorge,2024-06-05,17:50:00,15.71
Gorge,2024-06-05,18:00:00,15.57
Gorge,2024-06-05,18:10:00,15.19
Gorge,2024-06-05,18:20:00,14.87
Gorge,2024-06-05,18:30:00,14.85
Gorge,2024-06-05,18:40:00,14.89
Gorge,2024-06-05,18:50:00,15
Gorge,2024-06-05,19:00:00,14.98
Gorge,2024-06-05,19:10:00,14.86
Gorge,2024-06-05,19:20:00,14.59
Gorge,2024-06-05,19:30:00,14.71
Gorge,2024-06-05,19:40:00,14.5
Gorge,2024-06-05,19:50:00,14.41
Gorge,2024-06-05,20:00:00,14.4
Gorge,2024-06-05,20:10:00,14.54
Gorge,2024-06-05,20:20:00,14.59
Gorge,2024-06-05,20:30:00,14.52
Gorge,2024-06-05,20:40:00,14.2
Gorge,2024-06-05,20:50:00,14.22
Gorge,2024-06-05,21:00:00,14.25
Gorge,2024-06-05,21:10:00,14.28
Gorge,2024-06-05,21:20:00,14.25
Gorge,2024-06-05,21:30:00,14.04
Gorge,2024-06-05,21:40:00,14.03
Gorge,2024-06-05,21:50:00,14.24
Gorge,2024-06-05,22:00:00,14.09
Gorge,2024-06-05,22:10:00,13.74
Gorge,2024-06-05,22:20:00,13.21
Gorge,2024-06-05,22:30:00,13.52
Gorge,2024-06-05,22:40:00,13.63
Gorge,2024-06-05,22:50:00,13.41
Gorge,2024-06-05,23:00:00,13.24
Gorge,2024-06-05,23:10:00,13.56
Gorge,2024-06-05,23:20:00,13.88
Gorge,2024-06-05,23:30:00,13.66
Gorge,2024-06-05,23:40:00,13.52
Gorge,2024-06-05,23:50:00,13.3
Gorge,2024-06-06,0:00:00,13.17
Gorge,2024-06-06,0:10:00,13.1
Gorge,2024-06-06,0:20:00,13.03
Gorge,2024-06-06,0:30:00,13.15
Gorge,2024-06-06,0:40:00,13.03
Gorge,2024-06-06,0:50:00,13.26
Gorge,2024-06-06,1:00:00,13.35
Gorge,2024-06-06,1:10:00,13.63
Gorge,2024-06-06,1:20:00,13.34
Gorge,2024-06-06,1:30:00,13.22
Gorge,2024-06-06,1:40:00,13.32
Gorge,2024-06-06,1:50:00,13.37
Gorge,2024-06-06,2:00:00,13.11
Gorge,2024-06-06,2:10:00,13.18
Gorge,2024-06-06,2:20:00,13.14
Gorge,2024-06-06,2:30:00,13.26
Gorge,2024-06-06,2:40:00,13.16
Gorge,2024-06-06,2:50:00,13.34
Gorge,2024-06-06,3:00:00,13.69
Gorge,2024-06-06,3:10:00,13.78
Gorge,2024-06-06,3:20:00,13.94
Gorge,2024-06-06,3:30:00,13.99
Gorge,2024-06-06,3:40:00,13.66
Gorge,2024-06-06,3:50:00,13.56
Gorge,2024-06-06,4:00:00,13.49
Gorge,2024-06-06,4:10:00,13.46
Gorge,2024-06-06,4:20:00,13.18
Gorge,2024-06-06,4:30:00,13
Gorge,2024-06-06,4:40:00,12.8
Gorge,2024-06-06,4:50:00,12.78
Gorge,2024-06-06,5:00:00,12.73
Gorge,2024-06-06,5:10:00,12.72
Gorge,2024-06-06,5:20:00,12.82
Gorge,2024-06-06,5:30:00,12.91
Gorge,2024-06-06,5:40:00,13.04
Gorge,2024-06-06,5:50:00,13.12
Gorge,2024-06-06,6:00:00,13.18
Gorge,2024-06-06,6:10:00,13.17
Gorge,2024-06-06,6:20:00,13.09
Gorge,2024-06-06,6:30:00,13.12
Gorge,2024-06-06,6:40:00,13.16
Gorge,2024-06-06,6:50:00,13.29
Gorge,2024-06-06,7:00:00,13.41
Gorge,2024-06-06,7:10:00,13.53
Gorge,2024-06-06,7:20:00,13.65
Gorge,2024-06-06,7:30:00,13.76
Gorge,2024-06-06,7:40:00,13.88
Gorge,2024-06-06,7:50:00,14.04
Gorge,2024-06-06,8:00:00,14.19
Gorge,2024-06-06,8:10:00,14.36
Gorge,2024-06-06,8:20:00,14.37
Gorge,2024-06-06,8:30:00,14.59
Gorge,2024-06-06,8:40:00,14.51
Gorge,2024-06-06,8:50:00,14.75
Gorge,2024-06-06,9:00:00,14.85
Gorge,2024-06-06,9:10:00,15.01
Gorge,2024-06-06,9:20:00,15.13
Gorge,2024-06-06,9:30:00,15.37
Gorge,2024-06-06,9:40:00,15.54
Gorge,2024-06-06,9:50:00,15.65
Gorge,2024-06-06,10:00:00,15.8
Gorge,2024-06-06,10:10:00,15.96
Gorge,2024-06-06,10:20:00,16.13
Gorge,2024-06-06,10:30:00,16.25
Gorge,2024-06-06,10:40:00,16.34
Gorge,2024-06-06,10:50:00,16.4
Gorge,2024-06-06,11:00:00,16.46
Gorge,2024-06-06,11:10:00,16.56
Gorge,2024-06-06,11:20:00,16.69
Gorge,2024-06-06,11:30:00,16.84
Gorge,2024-06-06,11:40:00,16.87
Gorge,2024-06-06,11:50:00,17.04
Gorge,2024-06-06,12:00:00,17.14
Gorge,2024-06-06,12:10:00,17.28
Gorge,2024-06-06,12:20:00,17.4
Gorge,2024-06-06,12:30:00,17.61
Gorge,2024-06-06,12:40:00,17.59
Gorge,2024-06-06,12:50:00,17.66
Gorge,2024-06-06,13:00:00,17.75
Gorge,2024-06-06,13:10:00,17.83
Gorge,2024-06-06,13:20:00,17.84
Gorge,2024-06-06,13:30:00,17.94
Gorge,2024-06-06,13:40:00,17.89
Gorge,2024-06-06,13:50:00,17.67
Gorge,2024-06-06,14:00:00,18.27
Gorge,2024-06-06,14:10:00,18.1
Gorge,2024-06-06,14:20:00,18.19
Gorge,2024-06-06,14:30:00,18.19
Gorge,2024-06-06,14:40:00,18.2
Gorge,2024-06-06,14:50:00,17.87
Gorge,2024-06-06,15:00:00,16.9
Gorge,2024-06-06,15:10:00,16.3
Gorge,2024-06-06,15:20:00,16.59
Gorge,2024-06-06,15:30:00,15.78
Gorge,2024-06-06,15:40:00,15.28
Gorge,2024-06-06,15:50:00,14.75
Gorge,2024-06-06,16:00:00,14.64
Gorge,2024-06-06,16:10:00,15.08
Gorge,2024-06-06,16:20:00,15.45
Gorge,2024-06-06,16:30:00,15.04
Gorge,2024-06-06,16:40:00,14.49
Gorge,2024-06-06,16:50:00,15.02
Gorge,2024-06-06,17:00:00,15.33
Gorge,2024-06-06,17:10:00,15.33
Gorge,2024-06-06,17:20:00,15.43
Gorge,2024-06-06,17:30:00,14.75
Gorge,2024-06-06,17:40:00,14.93
Gorge,2024-06-06,17:50:00,15.4
Gorge,2024-06-06,18:00:00,15.03
Gorge,2024-06-06,18:10:00,14.96
Gorge,2024-06-06,18:20:00,14.91
Gorge,2024-06-06,18:30:00,15.19
Gorge,2024-06-06,18:40:00,14.78
Gorge,2024-06-06,18:50:00,13.93
Gorge,2024-06-06,19:00:00,14.53
Gorge,2024-06-06,19:10:00,14.78
Gorge,2024-06-06,19:20:00,14.65
Gorge,2024-06-06,19:30:00,14.15
Gorge,2024-06-06,19:40:00,13.83
Gorge,2024-06-06,19:50:00,13.92
Gorge,2024-06-06,20:00:00,14.1
Gorge,2024-06-06,20:10:00,13.81
Gorge,2024-06-06,20:20:00,13.88
Gorge,2024-06-06,20:30:00,13.84
Gorge,2024-06-06,20:40:00,13.84
Gorge,2024-06-06,20:50:00,13.68
Gorge,2024-06-06,21:00:00,13.74
Gorge,2024-06-06,21:10:00,13.82
Gorge,2024-06-06,21:20:00,13.97
Gorge,2024-06-06,21:30:00,13.93
Gorge,2024-06-06,21:40:00,13.83
Gorge,2024-06-06,21:50:00,13.69
Gorge,2024-06-06,22:00:00,13.56
Gorge,2024-06-06,22:10:00,13.69
Gorge,2024-06-06,22:20:00,13.71
Gorge,2024-06-06,22:30:00,13.63
Gorge,2024-06-06,22:40:00,13.56
Gorge,2024-06-06,22:50:00,13.58
Gorge,2024-06-06,23:00:00,13.49
Gorge,2024-06-06,23:10:00,13.53
Gorge,2024-06-06,23:20:00,13.67
Gorge,2024-06-06,23:30:00,13.77
Gorge,2024-06-06,23:40:00,13.82
Gorge,2024-06-06,23:50:00,13.67
Gorge,2024-06-07,0:00:00,13.58
Gorge,2024-06-07,0:10:00,13.67
Gorge,2024-06-07,0:20:00,13.68
Gorge,2024-06-07,0:30:00,13.75
Gorge,2024-06-07,0:40:00,13.63
Gorge,2024-06-07,0:50:00,13.51
Gorge,2024-06-07,1:00:00,13.25
Gorge,2024-06-07,1:10:00,13.14
Gorge,2024-06-07,1:20:00,13.3
Gorge,2024-06-07,1:30:00,13.33
Gorge,2024-06-07,1:40:00,13.34
Gorge,2024-06-07,1:50:00,13.34
Gorge,2024-06-07,2:00:00,13.35
Gorge,2024-06-07,2:10:00,13.45
Gorge,2024-06-07,2:20:00,13.49
Gorge,2024-06-07,2:30:00,13.52
Gorge,2024-06-07,2:40:00,13.51
Gorge,2024-06-07,2:50:00,13.55
Gorge,2024-06-07,3:00:00,13.55
Gorge,2024-06-07,3:10:00,13.49
Gorge,2024-06-07,3:20:00,13.59
Gorge,2024-06-07,3:30:00,13.63
Gorge,2024-06-07,3:40:00,13.84
Gorge,2024-06-07,3:50:00,13.94
Gorge,2024-06-07,4:00:00,13.91
Gorge,2024-06-07,4:10:00,13.93
Gorge,2024-06-07,4:20:00,13.85
Gorge,2024-06-07,4:30:00,13.83
Gorge,2024-06-07,4:40:00,13.71
Gorge,2024-06-07,4:50:00,13.54
Gorge,2024-06-07,5:00:00,13.18
Gorge,2024-06-07,5:10:00,13.01
Gorge,2024-06-07,5:20:00,12.93
Gorge,2024-06-07,5:30:00,12.99
Gorge,2024-06-07,5:40:00,12.94
Gorge,2024-06-07,5:50:00,12.97
Gorge,2024-06-07,6:00:00,13.12
Gorge,2024-06-07,6:10:00,13.2
Gorge,2024-06-07,6:20:00,13.31
Gorge,2024-06-07,6:30:00,13.38
Gorge,2024-06-07,6:40:00,13.3
Gorge,2024-06-07,6:50:00,13.18
Gorge,2024-06-07,7:00:00,13.15
Gorge,2024-06-07,7:10:00,13.17
Gorge,2024-06-07,7:20:00,13.26
Gorge,2024-06-07,7:30:00,13.36
Gorge,2024-06-07,7:40:00,13.55
Gorge,2024-06-07,7:50:00,13.66
Gorge,2024-06-07,8:00:00,13.93
Gorge,2024-06-07,8:10:00,14.12
Gorge,2024-06-07,8:20:00,14.33
Gorge,2024-06-07,8:30:00,14.56
Gorge,2024-06-07,8:40:00,14.7
Gorge,2024-06-07,8:50:00,14.81
Gorge,2024-06-07,9:00:00,14.97
Gorge,2024-06-07,9:10:00,15.17
Gorge,2024-06-07,9:20:00,15.39
Gorge,2024-06-07,9:30:00,15.53
Gorge,2024-06-07,9:40:00,15.65
Gorge,2024-06-07,9:50:00,15.93
Gorge,2024-06-07,10:00:00,16.1
Gorge,2024-06-07,10:10:00,16.31
Gorge,2024-06-07,10:20:00,16.54
Gorge,2024-06-07,10:30:00,16.79
Gorge,2024-06-07,10:40:00,16.99
Gorge,2024-06-07,10:50:00,17.09
Gorge,2024-06-07,11:00:00,17.23
Gorge,2024-06-07,11:10:00,17.39
Gorge,2024-06-07,11:20:00,17.51
Gorge,2024-06-07,11:30:00,17.61
Gorge,2024-06-07,11:40:00,17.67
Gorge,2024-06-07,11:50:00,17.8
Gorge,2024-06-07,12:00:00,17.96
Gorge,2024-06-07,12:10:00,18.05
Gorge,2024-06-07,12:20:00,18.13
Gorge,2024-06-07,12:30:00,18.18
Gorge,2024-06-07,12:40:00,18.4
Gorge,2024-06-07,12:50:00,18.58
Gorge,2024-06-07,13:00:00,18.85
Gorge,2024-06-07,13:10:00,19.02
Gorge,2024-06-07,13:20:00,19.01
Gorge,2024-06-07,13:30:00,19.04
Gorge,2024-06-07,13:40:00,18.81
Gorge,2024-06-07,13:50:00,18.47
Gorge,2024-06-07,14:00:00,17.72
Gorge,2024-06-07,14:10:00,17.26
Gorge,2024-06-07,14:20:00,17.39
Gorge,2024-06-07,14:30:00,17.37
Gorge,2024-06-07,14:40:00,17.03
Gorge,2024-06-07,14:50:00,16.48
Gorge,2024-06-07,15:00:00,16.18
Gorge,2024-06-07,15:10:00,16.76
Gorge,2024-06-07,15:20:00,17.31
Gorge,2024-06-07,15:30:00,17.83
Gorge,2024-06-07,15:40:00,17.56
Gorge,2024-06-07,15:50:00,17.66
Gorge,2024-06-07,16:00:00,18.25
Gorge,2024-06-07,16:10:00,16.24
Gorge,2024-06-07,16:20:00,15.69
Gorge,2024-06-07,16:30:00,16.45
Gorge,2024-06-07,16:40:00,16.95
Gorge,2024-06-07,16:50:00,16.12
Gorge,2024-06-07,17:00:00,15.54
Gorge,2024-06-07,17:10:00,15.29
Gorge,2024-06-07,17:20:00,15.54
Gorge,2024-06-07,17:30:00,15.95
Gorge,2024-06-07,17:40:00,15.68
Gorge,2024-06-07,17:50:00,15.02
Gorge,2024-06-07,18:00:00,15.56
Gorge,2024-06-07,18:10:00,15.42
Gorge,2024-06-07,18:20:00,14.85
Gorge,2024-06-07,18:30:00,14.81
Gorge,2024-06-07,18:40:00,15.15
Gorge,2024-06-07,18:50:00,15.19
Gorge,2024-06-07,19:00:00,15.17
Gorge,2024-06-07,19:10:00,15.6
Gorge,2024-06-07,19:20:00,15.71
Gorge,2024-06-07,19:30:00,15.77
Gorge,2024-06-07,19:40:00,15.39
Gorge,2024-06-07,19:50:00,14.95
Gorge,2024-06-07,20:00:00,14.52
Gorge,2024-06-07,20:10:00,14.47
Gorge,2024-06-07,20:20:00,14.51
Gorge,2024-06-07,20:30:00,14.56
Gorge,2024-06-07,20:40:00,14.65
Gorge,2024-06-07,20:50:00,14.24
Gorge,2024-06-07,21:00:00,14.05
Gorge,2024-06-07,21:10:00,14.1
Gorge,2024-06-07,21:20:00,14.2
Gorge,2024-06-07,21:30:00,14.14
Gorge,2024-06-07,21:40:00,14.17
Gorge,2024-06-07,21:50:00,14.28
Gorge,2024-06-07,22:00:00,14.43
Gorge,2024-06-07,22:10:00,14.24
Gorge,2024-06-07,22:20:00,13.92
Gorge,2024-06-07,22:30:00,13.88
Gorge,2024-06-07,22:40:00,13.94
Gorge,2024-06-07,22:50:00,14.03
Gorge,2024-06-07,23:00:00,14.13
Gorge,2024-06-07,23:10:00,14.36
Gorge,2024-06-07,23:20:00,14.49
Gorge,2024-06-07,23:30:00,14.43
Gorge,2024-06-07,23:40:00,14.14
Gorge,2024-06-07,23:50:00,14.01
Gorge,2024-06-08,0:00:00,13.76
Gorge,2024-06-08,0:10:00,13.77
Gorge,2024-06-08,0:20:00,13.64
Gorge,2024-06-08,0:30:00,13.67
Gorge,2024-06-08,0:40:00,13.65
Gorge,2024-06-08,0:50:00,13.8
Gorge,2024-06-08,1:00:00,13.76
Gorge,2024-06-08,1:10:00,13.5
Gorge,2024-06-08,1:20:00,13.36
Gorge,2024-06-08,1:30:00,13.35
Gorge,2024-06-08,1:40:00,13.43
Gorge,2024-06-08,1:50:00,13.25
Gorge,2024-06-08,2:00:00,13.03
Gorge,2024-06-08,2:10:00,13.12
Gorge,2024-06-08,2:20:00,13.34
Gorge,2024-06-08,2:30:00,13.37
Gorge,2024-06-08,2:40:00,13.45
Gorge,2024-06-08,2:50:00,13.55
Gorge,2024-06-08,3:00:00,13.78
Gorge,2024-06-08,3:10:00,13.79
Gorge,2024-06-08,3:20:00,13.75
Gorge,2024-06-08,3:30:00,13.96
Gorge,2024-06-08,3:40:00,13.97
Gorge,2024-06-08,3:50:00,13.92
Gorge,2024-06-08,4:00:00,13.86
Gorge,2024-06-08,4:10:00,13.95
Gorge,2024-06-08,4:20:00,13.97
Gorge,2024-06-08,4:30:00,14.18
Gorge,2024-06-08,4:40:00,14.38
Gorge,2024-06-08,4:50:00,14.4
Gorge,2024-06-08,5:00:00,14.18
Gorge,2024-06-08,5:10:00,14.06
Gorge,2024-06-08,5:20:00,13.94
Gorge,2024-06-08,5:30:00,13.56
Gorge,2024-06-08,5:40:00,13.52
Gorge,2024-06-08,5:50:00,13.32
Gorge,2024-06-08,6:00:00,13
Gorge,2024-06-08,6:10:00,13.11
Gorge,2024-06-08,6:20:00,13.02
Gorge,2024-06-08,6:30:00,13.03
Gorge,2024-06-08,6:40:00,13.17
Gorge,2024-06-08,6:50:00,13.4
Gorge,2024-06-08,7:00:00,13.5
Gorge,2024-06-08,7:10:00,13.64
Gorge,2024-06-08,7:20:00,13.74
Gorge,2024-06-08,7:30:00,13.68
Gorge,2024-06-08,7:40:00,13.6
Gorge,2024-06-08,7:50:00,13.63
Gorge,2024-06-08,8:00:00,13.65
Gorge,2024-06-08,8:10:00,13.84
Gorge,2024-06-08,8:20:00,14.04
Gorge,2024-06-08,8:30:00,14.17
Gorge,2024-06-08,8:40:00,14.43
Gorge,2024-06-08,8:50:00,14.62
Gorge,2024-06-08,9:00:00,14.88
Gorge,2024-06-08,9:10:00,15.12
Gorge,2024-06-08,9:20:00,15.36
Gorge,2024-06-08,9:30:00,15.59
Gorge,2024-06-08,9:40:00,15.92
Gorge,2024-06-08,9:50:00,16.12
Gorge,2024-06-08,10:00:00,16.26
Gorge,2024-06-08,10:10:00,16.42
Gorge,2024-06-08,10:20:00,16.7
Gorge,2024-06-08,10:30:00,16.86
Gorge,2024-06-08,10:40:00,17.05
Gorge,2024-06-08,10:50:00,17.1
Gorge,2024-06-08,11:00:00,17.23
Gorge,2024-06-08,11:10:00,17.47
Gorge,2024-06-08,11:20:00,17.67
Gorge,2024-06-08,11:30:00,17.87
Gorge,2024-06-08,11:40:00,18.02
Gorge,2024-06-08,11:50:00,18.18
Gorge,2024-06-08,12:00:00,18.34
Gorge,2024-06-08,12:10:00,18.44
Gorge,2024-06-08,12:20:00,18.58
Gorge,2024-06-08,12:30:00,18.68
Gorge,2024-06-08,12:40:00,18.79
Gorge,2024-06-08,12:50:00,18.88
Gorge,2024-06-08,13:00:00,19.08
Gorge,2024-06-08,13:10:00,19.17
Gorge,2024-06-08,13:20:00,19.24
Gorge,2024-06-08,13:30:00,19.38
Gorge,2024-06-08,13:40:00,19.42
Gorge,2024-06-08,13:50:00,19.58
Gorge,2024-06-08,14:00:00,19.72
Gorge,2024-06-08,14:10:00,19.74
Gorge,2024-06-08,14:20:00,19.81
Gorge,2024-06-08,14:30:00,19.87
Gorge,2024-06-08,14:40:00,19.9
Gorge,2024-06-08,14:50:00,20.03
Gorge,2024-06-08,15:00:00,20.07
Gorge,2024-06-08,15:10:00,19.98
Gorge,2024-06-08,15:20:00,19.81
Gorge,2024-06-08,15:30:00,19.89
Gorge,2024-06-08,15:40:00,19.98
Gorge,2024-06-08,15:50:00,20
Gorge,2024-06-08,16:00:00,19.8
Gorge,2024-06-08,16:10:00,19.41
Gorge,2024-06-08,16:20:00,19
Gorge,2024-06-08,16:30:00,17.82
Gorge,2024-06-08,16:40:00,17.36
Gorge,2024-06-08,16:50:00,17.23
Gorge,2024-06-08,17:00:00,18.8
Gorge,2024-06-08,17:10:00,18.18
Gorge,2024-06-08,17:20:00,17.64
Gorge,2024-06-08,17:30:00,17.21
Gorge,2024-06-08,17:40:00,17.29
Gorge,2024-06-08,17:50:00,16.9
Gorge,2024-06-08,18:00:00,16.57
Gorge,2024-06-08,18:10:00,16.66
Gorge,2024-06-08,18:20:00,16.13
Gorge,2024-06-08,18:30:00,16.11
Gorge,2024-06-08,18:40:00,16.26
Gorge,2024-06-08,18:50:00,16.22
Gorge,2024-06-08,19:00:00,16.36
Gorge,2024-06-08,19:10:00,15.96
Gorge,2024-06-08,19:20:00,15.49
Gorge,2024-06-08,19:30:00,16.01
Gorge,2024-06-08,19:40:00,15.83
Gorge,2024-06-08,19:50:00,15.22
Gorge,2024-06-08,20:00:00,14.92
Gorge,2024-06-08,20:10:00,15.16
Gorge,2024-06-08,20:20:00,15.36
Gorge,2024-06-08,20:30:00,15.59
Gorge,2024-06-08,20:40:00,15.39
Gorge,2024-06-08,20:50:00,14.82
Gorge,2024-06-08,21:00:00,14.68
Gorge,2024-06-08,21:10:00,14.88
Gorge,2024-06-08,21:20:00,15.04
Gorge,2024-06-08,21:30:00,15.09
Gorge,2024-06-08,21:40:00,15.03
Gorge,2024-06-08,21:50:00,14.98
Gorge,2024-06-08,22:00:00,15.08
Gorge,2024-06-08,22:10:00,14.96
Gorge,2024-06-08,22:20:00,14.77
Gorge,2024-06-08,22:30:00,14.56
Gorge,2024-06-08,22:40:00,14.49
Gorge,2024-06-08,22:50:00,14.56
Gorge,2024-06-08,23:00:00,14.44
Gorge,2024-06-08,23:10:00,14.35
Gorge,2024-06-08,23:20:00,14.28
Gorge,2024-06-08,23:30:00,14.2
Gorge,2024-06-08,23:40:00,14.41
Gorge,2024-06-08,23:50:00,14.49
Gorge,2024-06-09,0:00:00,14.52
Gorge,2024-06-09,0:10:00,14.56
Gorge,2024-06-09,0:20:00,14.66
Gorge,2024-06-09,0:30:00,14.7
Gorge,2024-06-09,0:40:00,14.59
Gorge,2024-06-09,0:50:00,14.54
Gorge,2024-06-09,1:00:00,14.41
Gorge,2024-06-09,1:10:00,14.39
Gorge,2024-06-09,1:20:00,14.34
Gorge,2024-06-09,1:30:00,14.3
Gorge,2024-06-09,1:40:00,14.35
Gorge,2024-06-09,1:50:00,14.25
Gorge,2024-06-09,2:00:00,14.27
Gorge,2024-06-09,2:10:00,14.18
Gorge,2024-06-09,2:20:00,13.84
Gorge,2024-06-09,2:30:00,14.2
Gorge,2024-06-09,2:40:00,14.28
Gorge,2024-06-09,2:50:00,14.18
Gorge,2024-06-09,3:00:00,13.92
Gorge,2024-06-09,3:10:00,14.03
Gorge,2024-06-09,3:20:00,14.13
Gorge,2024-06-09,3:30:00,13.93
Gorge,2024-06-09,3:40:00,14.05
Gorge,2024-06-09,3:50:00,14.34
Gorge,2024-06-09,4:00:00,14.07
Gorge,2024-06-09,4:10:00,14.32
Gorge,2024-06-09,4:20:00,14.51
Gorge,2024-06-09,4:30:00,14.44
Gorge,2024-06-09,4:40:00,14.4
Gorge,2024-06-09,4:50:00,14.47
Gorge,2024-06-09,5:00:00,14.39
Gorge,2024-06-09,5:10:00,14.38
Gorge,2024-06-09,5:20:00,14.34
Gorge,2024-06-09,5:30:00,14.35
Gorge,2024-06-09,5:40:00,14.35
Gorge,2024-06-09,5:50:00,14.24
Gorge,2024-06-09,6:00:00,14.14
Gorge,2024-06-09,6:10:00,14.07
Gorge,2024-06-09,6:20:00,13.64
Gorge,2024-06-09,6:30:00,13.44
Gorge,2024-06-09,6:40:00,13.43
Gorge,2024-06-09,6:50:00,13.47
Gorge,2024-06-09,7:00:00,13.37
Gorge,2024-06-09,7:10:00,13.43
Gorge,2024-06-09,7:20:00,13.46
Gorge,2024-06-09,7:30:00,13.58
Gorge,2024-06-09,7:40:00,13.67
Gorge,2024-06-09,7:50:00,13.79
Gorge,2024-06-09,8:00:00,13.85
Gorge,2024-06-09,8:10:00,13.85
Gorge,2024-06-09,8:20:00,13.85
Gorge,2024-06-09,8:30:00,13.92
Gorge,2024-06-09,8:40:00,14
Gorge,2024-06-09,8:50:00,14.14
Gorge,2024-06-09,9:00:00,14.37
Gorge,2024-06-09,9:10:00,14.56
Gorge,2024-06-09,9:20:00,14.7
Gorge,2024-06-09,9:30:00,14.87
Gorge,2024-06-09,9:40:00,15.17
Gorge,2024-06-09,9:50:00,15.44
Gorge,2024-06-09,10:00:00,15.71
Gorge,2024-06-09,10:10:00,15.92
Gorge,2024-06-09,10:20:00,16.12
Gorge,2024-06-09,10:30:00,16.28
Gorge,2024-06-09,10:40:00,16.57
Gorge,2024-06-09,10:50:00,16.76
Gorge,2024-06-09,11:00:00,16.94
Gorge,2024-06-09,11:10:00,17.25
Gorge,2024-06-09,11:20:00,17.38
Gorge,2024-06-09,11:30:00,17.55
Gorge,2024-06-09,11:40:00,17.7
Gorge,2024-06-09,11:50:00,17.84
Gorge,2024-06-09,12:00:00,17.94
Gorge,2024-06-09,12:10:00,18.07
Gorge,2024-06-09,12:20:00,18.26
Gorge,2024-06-09,12:30:00,18.36
Gorge,2024-06-09,12:40:00,18.66
Gorge,2024-06-09,12:50:00,18.86
Gorge,2024-06-09,13:00:00,18.97
Gorge,2024-06-09,13:10:00,19.04
Gorge,2024-06-09,13:20:00,19.14
Gorge,2024-06-09,13:30:00,19.28
Gorge,2024-06-09,13:40:00,19.44
Gorge,2024-06-09,13:50:00,19.46
Gorge,2024-06-09,14:00:00,19.54
Gorge,2024-06-09,14:10:00,19.76
Gorge,2024-06-09,14:20:00,19.96
Gorge,2024-06-09,14:30:00,20.01
Gorge,2024-06-09,14:40:00,20.06
Gorge,2024-06-09,14:50:00,20.16
Gorge,2024-06-09,15:00:00,20.27
Gorge,2024-06-09,15:10:00,20.36
Gorge,2024-06-09,15:20:00,20.49
Gorge,2024-06-09,15:30:00,20.46
Gorge,2024-06-09,15:40:00,20.68
Gorge,2024-06-09,15:50:00,20.63
Gorge,2024-06-09,16:00:00,20.56
Gorge,2024-06-09,16:10:00,20.64
Gorge,2024-06-09,16:20:00,20.59
Gorge,2024-06-09,16:30:00,20.57
Gorge,2024-06-09,16:40:00,20.64
Gorge,2024-06-09,16:50:00,20.11
Gorge,2024-06-09,17:00:00,19.06
Gorge,2024-06-09,17:10:00,19.99
Gorge,2024-06-09,17:20:00,19.89
Gorge,2024-06-09,17:30:00,19.25
Gorge,2024-06-09,17:40:00,18.48
Gorge,2024-06-09,17:50:00,17.72
Gorge,2024-06-09,18:00:00,16.88
Gorge,2024-06-09,18:10:00,17.06
Gorge,2024-06-09,18:20:00,17.41
Gorge,2024-06-09,18:30:00,17.16
Gorge,2024-06-09,18:40:00,18.2
Gorge,2024-06-09,18:50:00,18.33
Gorge,2024-06-09,19:00:00,17.22
Gorge,2024-06-09,19:10:00,16.47
Gorge,2024-06-09,19:20:00,16.34
Gorge,2024-06-09,19:30:00,16.82
Gorge,2024-06-09,19:40:00,16.95
Gorge,2024-06-09,19:50:00,16.24
Gorge,2024-06-09,20:00:00,15.77
Gorge,2024-06-09,20:10:00,15.97
Gorge,2024-06-09,20:20:00,16.28
Gorge,2024-06-09,20:30:00,16.32
Gorge,2024-06-09,20:40:00,15.72
Gorge,2024-06-09,20:50:00,16.17
Gorge,2024-06-09,21:00:00,16.13
Gorge,2024-06-09,21:10:00,15.69
Gorge,2024-06-09,21:20:00,15.74
Gorge,2024-06-09,21:30:00,16.01
Gorge,2024-06-09,21:40:00,16.18
Gorge,2024-06-09,21:50:00,16.39
Gorge,2024-06-09,22:00:00,16.56
Gorge,2024-06-09,22:10:00,15.57
Gorge,2024-06-09,22:20:00,15.18
Gorge,2024-06-09,22:30:00,15.36
Gorge,2024-06-09,22:40:00,15.66
Gorge,2024-06-09,22:50:00,15.81
Gorge,2024-06-09,23:00:00,16.28
Gorge,2024-06-09,23:10:00,16.34
Gorge,2024-06-09,23:20:00,15.7
Gorge,2024-06-09,23:30:00,15.67
Gorge,2024-06-09,23:40:00,15.73
Gorge,2024-06-09,23:50:00,15.74
Gorge,2024-06-10,0:00:00,15.63
Gorge,2024-06-10,0:10:00,15.63
Gorge,2024-06-10,0:20:00,15.55
Gorge,2024-06-10,0:30:00,15.3
Gorge,2024-06-10,0:40:00,15.61
Gorge,2024-06-10,0:50:00,15.57
Gorge,2024-06-10,1:00:00,15.46
Gorge,2024-06-10,1:10:00,16.31
Gorge,2024-06-10,1:20:00,16.41
Gorge,2024-06-10,1:30:00,16.42
Gorge,2024-06-10,1:40:00,16.41
Gorge,2024-06-10,1:50:00,16.35
Gorge,2024-06-10,2:00:00,15.8
Gorge,2024-06-10,2:10:00,15.77
Gorge,2024-06-10,2:20:00,15.92
Gorge,2024-06-10,2:30:00,15.58
Gorge,2024-06-10,2:40:00,15.51
Gorge,2024-06-10,2:50:00,15.78
Gorge,2024-06-10,3:00:00,15.6
Gorge,2024-06-10,3:10:00,15.77
Gorge,2024-06-10,3:20:00,15.86
Gorge,2024-06-10,3:30:00,15.42
Gorge,2024-06-10,3:40:00,15.33
Gorge,2024-06-10,3:50:00,15.22
Gorge,2024-06-10,4:00:00,15.24
Gorge,2024-06-10,4:10:00,15.19
Gorge,2024-06-10,4:20:00,15.07
Gorge,2024-06-10,4:30:00,15.18
Gorge,2024-06-10,4:40:00,15
Gorge,2024-06-10,4:50:00,14.89
Gorge,2024-06-10,5:00:00,14.88
Gorge,2024-06-10,5:10:00,14.79
Gorge,2024-06-10,5:20:00,14.8
Gorge,2024-06-10,5:30:00,14.8
Gorge,2024-06-10,5:40:00,14.8
Gorge,2024-06-10,5:50:00,14.75
Gorge,2024-06-10,6:00:00,14.78
Gorge,2024-06-10,6:10:00,14.78
Gorge,2024-06-10,6:20:00,14.7
Gorge,2024-06-10,6:30:00,14.57
Gorge,2024-06-10,6:40:00,14.45
Gorge,2024-06-10,6:50:00,14.41
Gorge,2024-06-10,7:00:00,14.28
Gorge,2024-06-10,7:10:00,14.08
Gorge,2024-06-10,7:20:00,13.99
Gorge,2024-06-10,7:30:00,13.97
Gorge,2024-06-10,7:40:00,14.07
Gorge,2024-06-10,7:50:00,14.19
Gorge,2024-06-10,8:00:00,14.21
Gorge,2024-06-10,8:10:00,14.07
Gorge,2024-06-10,8:20:00,13.99
Gorge,2024-06-10,8:30:00,14.12
Gorge,2024-06-10,8:40:00,14.3
Gorge,2024-06-10,8:50:00,14.2
Gorge,2024-06-10,9:00:00,14.25
Gorge,2024-06-10,9:10:00,14.41
Gorge,2024-06-10,9:20:00,14.45
Gorge,2024-06-10,9:30:00,14.59
Gorge,2024-06-10,9:40:00,14.65
Gorge,2024-06-10,9:50:00,14.82
Gorge,2024-06-10,10:00:00,14.97
Gorge,2024-06-10,10:10:00,15.19
Gorge,2024-06-10,10:20:00,15.38
Gorge,2024-06-10,10:30:00,15.44
Gorge,2024-06-10,10:40:00,15.66
Gorge,2024-06-10,10:50:00,15.91
Gorge,2024-06-10,11:00:00,16.05
Gorge,2024-06-10,11:10:00,16.29
Gorge,2024-06-10,11:20:00,16.56
Gorge,2024-06-10,11:30:00,16.63
Gorge,2024-06-10,11:40:00,16.88
Gorge,2024-06-10,11:50:00,17.11
Gorge,2024-06-10,12:00:00,17.28
Gorge,2024-06-10,12:10:00,17.58
Gorge,2024-06-10,12:20:00,17.72
Gorge,2024-06-10,12:30:00,17.77
Gorge,2024-06-10,12:40:00,17.9
Gorge,2024-06-10,12:50:00,18.3
Gorge,2024-06-10,13:00:00,18.46
Gorge,2024-06-10,13:10:00,18.54
Gorge,2024-06-10,13:20:00,18.59
Gorge,2024-06-10,13:30:00,18.72
Gorge,2024-06-10,13:40:00,18.94
Gorge,2024-06-10,13:50:00,19.01
Gorge,2024-06-10,14:00:00,19.12
Gorge,2024-06-10,14:10:00,19.22
Gorge,2024-06-10,14:20:00,19.33
Gorge,2024-06-10,14:30:00,19.43
Gorge,2024-06-10,14:40:00,19.53
Gorge,2024-06-10,14:50:00,19.65
Gorge,2024-06-10,15:00:00,19.72
Gorge,2024-06-10,15:10:00,19.79
Gorge,2024-06-10,15:20:00,19.83
Gorge,2024-06-10,15:30:00,19.89
Gorge,2024-06-10,15:40:00,19.95
Gorge,2024-06-10,15:50:00,20
Gorge,2024-06-10,16:00:00,20.06
Gorge,2024-06-10,16:10:00,20.09
Gorge,2024-06-10,16:20:00,20.18
Gorge,2024-06-10,16:30:00,19.91
Gorge,2024-06-10,16:40:00,20.02
Gorge,2024-06-10,16:50:00,20.05
Gorge,2024-06-10,17:00:00,20.04
Gorge,2024-06-10,17:10:00,20.05
Gorge,2024-06-10,17:20:00,20.1
Gorge,2024-06-10,17:30:00,20.05
Gorge,2024-06-10,17:40:00,19.3
Gorge,2024-06-10,17:50:00,18.64
Gorge,2024-06-10,18:00:00,18.17
Gorge,2024-06-10,18:10:00,17.98
Gorge,2024-06-10,18:20:00,17.76
Gorge,2024-06-10,18:30:00,16.94
Gorge,2024-06-10,18:40:00,16.46
Gorge,2024-06-10,18:50:00,16.98
Gorge,2024-06-10,19:00:00,16.56
Gorge,2024-06-10,19:10:00,16.95
Gorge,2024-06-10,19:20:00,16.16
Gorge,2024-06-10,19:30:00,16.07
Gorge,2024-06-10,19:40:00,15.83
Gorge,2024-06-10,19:50:00,16.28
Gorge,2024-06-10,20:00:00,16.28
Gorge,2024-06-10,20:10:00,16.14
Gorge,2024-06-10,20:20:00,15.71
Gorge,2024-06-10,20:30:00,15.49
Gorge,2024-06-10,20:40:00,15.28
Gorge,2024-06-10,20:50:00,15.09
Gorge,2024-06-10,21:00:00,15.15
Gorge,2024-06-10,21:10:00,15.13
Gorge,2024-06-10,21:20:00,15.4
Gorge,2024-06-10,21:30:00,15.3
Gorge,2024-06-10,21:40:00,15.02
Gorge,2024-06-10,21:50:00,14.95
Gorge,2024-06-10,22:00:00,14.88
Gorge,2024-06-10,22:10:00,14.77
Gorge,2024-06-10,22:20:00,14.74
Gorge,2024-06-10,22:30:00,14.77
Gorge,2024-06-10,22:40:00,14.81
Gorge,2024-06-10,22:50:00,14.83
Gorge,2024-06-10,23:00:00,14.89
Gorge,2024-06-10,23:10:00,14.84
Gorge,2024-06-10,23:20:00,14.71
Gorge,2024-06-10,23:30:00,14.47
Gorge,2024-06-10,23:40:00,14.38
Gorge,2024-06-10,23:50:00,14.34
Gorge,2024-06-11,0:00:00,14.4
Gorge,2024-06-11,0:10:00,14.38
Gorge,2024-06-11,0:20:00,14.64
Gorge,2024-06-11,0:30:00,14.71
Gorge,2024-06-11,0:40:00,14.72
Gorge,2024-06-11,0:50:00,14.81
Gorge,2024-06-11,1:00:00,14.84
Gorge,2024-06-11,1:10:00,14.7
Gorge,2024-06-11,1:20:00,14.75
Gorge,2024-06-11,1:30:00,14.73
Gorge,2024-06-11,1:40:00,14.75
Gorge,2024-06-11,1:50:00,14.58
Gorge,2024-06-11,2:00:00,14.48
Gorge,2024-06-11,2:10:00,14.57
Gorge,2024-06-11,2:20:00,14.59
Gorge,2024-06-11,2:30:00,14.58
Gorge,2024-06-11,2:40:00,14.51
Gorge,2024-06-11,2:50:00,14.53
Gorge,2024-06-11,3:00:00,14.47
Gorge,2024-06-11,3:10:00,14.64
Gorge,2024-06-11,3:20:00,14.63
Gorge,2024-06-11,3:30:00,14.71
Gorge,2024-06-11,3:40:00,14.74
Gorge,2024-06-11,3:50:00,14.81
Gorge,2024-06-11,4:00:00,14.84
Gorge,2024-06-11,4:10:00,14.83
Gorge,2024-06-11,4:20:00,14.84
Gorge,2024-06-11,4:30:00,14.87
Gorge,2024-06-11,4:40:00,14.85
Gorge,2024-06-11,4:50:00,14.85
Gorge,2024-06-11,5:00:00,14.8
Gorge,2024-06-11,5:10:00,14.81
Gorge,2024-06-11,5:20:00,14.7
Gorge,2024-06-11,5:30:00,14.64
Gorge,2024-06-11,5:40:00,14.69
Gorge,2024-06-11,5:50:00,14.7
Gorge,2024-06-11,6:00:00,14.66
Gorge,2024-06-11,6:10:00,14.65
Gorge,2024-06-11,6:20:00,14.66
Gorge,2024-06-11,6:30:00,14.62
Gorge,2024-06-11,6:40:00,14.62
Gorge,2024-06-11,6:50:00,14.69
Gorge,2024-06-11,7:00:00,14.64
Gorge,2024-06-11,7:10:00,14.62
Gorge,2024-06-11,7:20:00,14.42
Gorge,2024-06-11,7:30:00,14.27
Gorge,2024-06-11,7:40:00,14.11
Gorge,2024-06-11,7:50:00,14.15
Gorge,2024-06-11,8:00:00,14.19
Gorge,2024-06-11,8:10:00,14.23
Gorge,2024-06-11,8:20:00,14.27
Gorge,2024-06-11,8:30:00,14.25
Gorge,2024-06-11,8:40:00,14.26
Gorge,2024-06-11,8:50:00,14.35
Gorge,2024-06-11,9:00:00,14.38
Gorge,2024-06-11,9:10:00,14.4
Gorge,2024-06-11,9:20:00,14.48
Gorge,2024-06-11,9:30:00,14.53
Gorge,2024-06-11,9:40:00,14.63
Gorge,2024-06-11,9:50:00,14.69
Gorge,2024-06-11,10:00:00,14.78
Gorge,2024-06-11,10:10:00,14.83
Gorge,2024-06-11,10:20:00,14.88
Gorge,2024-06-11,10:30:00,14.95
Gorge,2024-06-11,10:40:00,15.04
Gorge,2024-06-11,10:50:00,15.29
Gorge,2024-06-11,11:00:00,15.49
Gorge,2024-06-11,11:10:00,15.66
Gorge,2024-06-11,11:20:00,15.85
Gorge,2024-06-11,11:30:00,15.99
Gorge,2024-06-11,11:40:00,16.24
Gorge,2024-06-11,11:50:00,16.47
Gorge,2024-06-11,12:00:00,16.63
Gorge,2024-06-11,12:10:00,16.82
Gorge,2024-06-11,12:20:00,16.99
Gorge,2024-06-11,12:30:00,17.17
Gorge,2024-06-11,12:40:00,17.32
Gorge,2024-06-11,12:50:00,17.6
Gorge,2024-06-11,13:00:00,17.84
Gorge,2024-06-11,13:10:00,17.96
Gorge,2024-06-11,13:20:00,18.05
Gorge,2024-06-11,13:30:00,18.26
Gorge,2024-06-11,13:40:00,18.39
Gorge,2024-06-11,13:50:00,18.58
Gorge,2024-06-11,14:00:00,18.65
Gorge,2024-06-11,14:10:00,18.77
Gorge,2024-06-11,14:20:00,18.94
Gorge,2024-06-11,14:30:00,18.96
Gorge,2024-06-11,14:40:00,19.02
Gorge,2024-06-11,14:50:00,19.12
Gorge,2024-06-11,15:00:00,19.17
Gorge,2024-06-11,15:10:00,19.3
Gorge,2024-06-11,15:20:00,19.37
Gorge,2024-06-11,15:30:00,19.36
Gorge,2024-06-11,15:40:00,19.45
Gorge,2024-06-11,15:50:00,19.47
Gorge,2024-06-11,16:00:00,19.5
Gorge,2024-06-11,16:10:00,19.56
Gorge,2024-06-11,16:20:00,19.63
Gorge,2024-06-11,16:30:00,19.69
Gorge,2024-06-11,16:40:00,19.75
Gorge,2024-06-11,16:50:00,19.79
Gorge,2024-06-11,17:00:00,19.84
Gorge,2024-06-11,17:10:00,19.89
Gorge,2024-06-11,17:20:00,19.86
Gorge,2024-06-11,17:30:00,19.89
Gorge,2024-06-11,17:40:00,19.62
Gorge,2024-06-11,17:50:00,19.11
Gorge,2024-06-11,18:00:00,18.3
Gorge,2024-06-11,18:10:00,18.41
Gorge,2024-06-11,18:20:00,17.78
Gorge,2024-06-11,18:30:00,17.44
Gorge,2024-06-11,18:40:00,17.41
Gorge,2024-06-11,18:50:00,18.13
Gorge,2024-06-11,19:00:00,18.34
Gorge,2024-06-11,19:10:00,18.37
Gorge,2024-06-11,19:20:00,18.27
Gorge,2024-06-11,19:30:00,17.82
Gorge,2024-06-11,19:40:00,17.32
Gorge,2024-06-11,19:50:00,17.38
Gorge,2024-06-11,20:00:00,16.73
Gorge,2024-06-11,20:10:00,16.61
Gorge,2024-06-11,20:20:00,17.14
Gorge,2024-06-11,20:30:00,16.99
Gorge,2024-06-11,20:40:00,16.15
Gorge,2024-06-11,20:50:00,16.37
Gorge,2024-06-11,21:00:00,16.52
Gorge,2024-06-11,21:10:00,17.28
Gorge,2024-06-11,21:20:00,17.25
Gorge,2024-06-11,21:30:00,17.17
Gorge,2024-06-11,21:40:00,16.08
Gorge,2024-06-11,21:50:00,15.75
Gorge,2024-06-11,22:00:00,15.85
Gorge,2024-06-11,22:10:00,15.93
Gorge,2024-06-11,22:20:00,16.21
Gorge,2024-06-11,22:30:00,16.24
Gorge,2024-06-11,22:40:00,16.4
Gorge,2024-06-11,22:50:00,15.62
Gorge,2024-06-11,23:00:00,15.68
Gorge,2024-06-11,23:10:00,15.81
Gorge,2024-06-11,23:20:00,15.59
Gorge,2024-06-11,23:30:00,15.31
Gorge,2024-06-11,23:40:00,15.19
Gorge,2024-06-11,23:50:00,15.27
Gorge,2024-06-12,0:00:00,15.19
Gorge,2024-06-12,0:10:00,15.36
Gorge,2024-06-12,0:20:00,15.22
Gorge,2024-06-12,0:30:00,15.07
Gorge,2024-06-12,0:40:00,15.18
Gorge,2024-06-12,0:50:00,15.6
Gorge,2024-06-12,1:00:00,15.57
Gorge,2024-06-12,1:10:00,15.38
Gorge,2024-06-12,1:20:00,15.57
Gorge,2024-06-12,1:30:00,15.7
Gorge,2024-06-12,1:40:00,15.34
Gorge,2024-06-12,1:50:00,15.23
Gorge,2024-06-12,2:00:00,15.18
Gorge,2024-06-12,2:10:00,15.16
Gorge,2024-06-12,2:20:00,15.1
Gorge,2024-06-12,2:30:00,15.06
Gorge,2024-06-12,2:40:00,15.06
Gorge,2024-06-12,2:50:00,14.98
Gorge,2024-06-12,3:00:00,14.92
Gorge,2024-06-12,3:10:00,14.89
Gorge,2024-06-12,3:20:00,14.91
Gorge,2024-06-12,3:30:00,14.88
Gorge,2024-06-12,3:40:00,14.83
Gorge,2024-06-12,3:50:00,14.8
Gorge,2024-06-12,4:00:00,14.78
Gorge,2024-06-12,4:10:00,14.84
Gorge,2024-06-12,4:20:00,14.75
Gorge,2024-06-12,4:30:00,14.7
Gorge,2024-06-12,4:40:00,14.68
Gorge,2024-06-12,4:50:00,14.73
Gorge,2024-06-12,5:00:00,14.75
Gorge,2024-06-12,5:10:00,14.8
Gorge,2024-06-12,5:20:00,14.78
Gorge,2024-06-12,5:30:00,14.73
Gorge,2024-06-12,5:40:00,14.7
Gorge,2024-06-12,5:50:00,14.69
Gorge,2024-06-12,6:00:00,14.74
Gorge,2024-06-12,6:10:00,14.72
Gorge,2024-06-12,6:20:00,14.68
Gorge,2024-06-12,6:30:00,14.71
Gorge,2024-06-12,6:40:00,14.7
Gorge,2024-06-12,6:50:00,14.68
Gorge,2024-06-12,7:00:00,14.63
Gorge,2024-06-12,7:10:00,14.68
Gorge,2024-06-12,7:20:00,14.65
Gorge,2024-06-12,7:30:00,14.63
Gorge,2024-06-12,7:40:00,14.6
Gorge,2024-06-12,7:50:00,14.57
Gorge,2024-06-12,8:00:00,14.55
Gorge,2024-06-12,8:10:00,14.54
Gorge,2024-06-12,8:20:00,14.55
Gorge,2024-06-12,8:30:00,14.55
Gorge,2024-06-12,8:40:00,14.54
Gorge,2024-06-12,8:50:00,14.54
Gorge,2024-06-12,9:00:00,14.53
Gorge,2024-06-12,9:10:00,14.54
Gorge,2024-06-12,9:20:00,14.65
Gorge,2024-06-12,9:30:00,14.66
Gorge,2024-06-12,9:40:00,14.68
Gorge,2024-06-12,9:50:00,14.69
Gorge,2024-06-12,10:00:00,14.75
Gorge,2024-06-12,10:10:00,14.81
Gorge,2024-06-12,10:20:00,14.83
Gorge,2024-06-12,10:30:00,14.94
Gorge,2024-06-12,10:40:00,15.11
Gorge,2024-06-12,10:50:00,15.27
Gorge,2024-06-12,11:00:00,15.34
Gorge,2024-06-12,11:10:00,15.34
Gorge,2024-06-12,11:20:00,15.39
Gorge,2024-06-12,11:30:00,15.55
Gorge,2024-06-12,11:40:00,15.63
Gorge,2024-06-12,11:50:00,15.76
Gorge,2024-06-12,12:00:00,15.99
Gorge,2024-06-12,12:10:00,16.11
Gorge,2024-06-12,12:20:00,16.28
Gorge,2024-06-12,12:30:00,16.5
Gorge,2024-06-12,12:40:00,16.65
Gorge,2024-06-12,12:50:00,16.77
Gorge,2024-06-12,13:00:00,16.94
Gorge,2024-06-12,13:10:00,17.06
Gorge,2024-06-12,13:20:00,17.19
Gorge,2024-06-12,13:30:00,17.33
Gorge,2024-06-12,13:40:00,17.43
Gorge,2024-06-12,13:50:00,17.58
Gorge,2024-06-12,14:00:00,17.66
Gorge,2024-06-12,14:10:00,17.79
Gorge,2024-06-12,14:20:00,17.9
Gorge,2024-06-12,14:30:00,17.97
Gorge,2024-06-12,14:40:00,18.06
Gorge,2024-06-12,14:50:00,18.13
Gorge,2024-06-12,15:00:00,18.29
Gorge,2024-06-12,15:10:00,18.39
Gorge,2024-06-12,15:20:00,18.47
Gorge,2024-06-12,15:30:00,18.54
Gorge,2024-06-12,15:40:00,18.55
Gorge,2024-06-12,15:50:00,18.62
Gorge,2024-06-12,16:00:00,18.67
Gorge,2024-06-12,16:10:00,18.7
Gorge,2024-06-12,16:20:00,18.82
Gorge,2024-06-12,16:30:00,18.8
Gorge,2024-06-12,16:40:00,18.86
Gorge,2024-06-12,16:50:00,18.93
Gorge,2024-06-12,17:00:00,18.95
Gorge,2024-06-12,17:10:00,19.07
Gorge,2024-06-12,17:20:00,19.1
Gorge,2024-06-12,17:30:00,19.1
Gorge,2024-06-12,17:40:00,19.11
Gorge,2024-06-12,17:50:00,19.07
Gorge,2024-06-12,18:00:00,19.07
Gorge,2024-06-12,18:10:00,19
Gorge,2024-06-12,18:20:00,18.57
Gorge,2024-06-12,18:30:00,18.52
Gorge,2024-06-12,18:40:00,18.14
Gorge,2024-06-12,18:50:00,18.09
Gorge,2024-06-12,19:00:00,18.09
Gorge,2024-06-12,19:10:00,18.17
Gorge,2024-06-12,19:20:00,18.13
Gorge,2024-06-12,19:30:00,17.29
Gorge,2024-06-12,19:40:00,17.16
Gorge,2024-06-12,19:50:00,17.01
Gorge,2024-06-12,20:00:00,16.9
Gorge,2024-06-12,20:10:00,16.7
Gorge,2024-06-12,20:20:00,16.58
Gorge,2024-06-12,20:30:00,16.55
Gorge,2024-06-12,20:40:00,16.12
Gorge,2024-06-12,20:50:00,15.87
Gorge,2024-06-12,21:00:00,15.58
Gorge,2024-06-12,21:10:00,15.39
Gorge,2024-06-12,21:20:00,15.27
Gorge,2024-06-12,21:30:00,15.34
Gorge,2024-06-12,21:40:00,15.33
Gorge,2024-06-12,21:50:00,15.33
Gorge,2024-06-12,22:00:00,15.25
Gorge,2024-06-12,22:10:00,15.28
Gorge,2024-06-12,22:20:00,15.28
Gorge,2024-06-12,22:30:00,15.28
Gorge,2024-06-12,22:40:00,15.31
Gorge,2024-06-12,22:50:00,15.24
Gorge,2024-06-12,23:00:00,15.12
Gorge,2024-06-12,23:10:00,15.07
Gorge,2024-06-12,23:20:00,15.24
Gorge,2024-06-12,23:30:00,15.28
Gorge,2024-06-12,23:40:00,15.24
Gorge,2024-06-12,23:50:00,15.25
Gorge,2024-06-13,0:00:00,15.19
Gorge,2024-06-13,0:10:00,15.27
Gorge,2024-06-13,0:20:00,15.28
Gorge,2024-06-13,0:30:00,15.19
Gorge,2024-06-13,0:40:00,15.3
Gorge,2024-06-13,0:50:00,15.31
Gorge,2024-06-13,1:00:00,15.19
Gorge,2024-06-13,1:10:00,15.27
Gorge,2024-06-13,1:20:00,15.21
Gorge,2024-06-13,1:30:00,15.24
Gorge,2024-06-13,1:40:00,15.36
Gorge,2024-06-13,1:50:00,15.33
Gorge,2024-06-13,2:00:00,15.33
Gorge,2024-06-13,2:10:00,15.29
Gorge,2024-06-13,2:20:00,15.18
Gorge,2024-06-13,2:30:00,15.15
Gorge,2024-06-13,2:40:00,15.13
Gorge,2024-06-13,2:50:00,15.15
Gorge,2024-06-13,3:00:00,15.42
Gorge,2024-06-13,3:10:00,15.54
Gorge,2024-06-13,3:20:00,15.56
Gorge,2024-06-13,3:30:00,15.43
Gorge,2024-06-13,3:40:00,15.32
Gorge,2024-06-13,3:50:00,15.16
Gorge,2024-06-13,4:00:00,15.19
Gorge,2024-06-13,4:10:00,14.94
Gorge,2024-06-13,4:20:00,14.85
Gorge,2024-06-13,4:30:00,14.81
Gorge,2024-06-13,4:40:00,14.77
Gorge,2024-06-13,4:50:00,14.78
Gorge,2024-06-13,5:00:00,14.75
Gorge,2024-06-13,5:10:00,14.73
Gorge,2024-06-13,5:20:00,14.71
Gorge,2024-06-13,5:30:00,14.71
Gorge,2024-06-13,5:40:00,14.68
Gorge,2024-06-13,5:50:00,14.69
Gorge,2024-06-13,6:00:00,14.69
Gorge,2024-06-13,6:10:00,14.66
Gorge,2024-06-13,6:20:00,14.63
Gorge,2024-06-13,6:30:00,14.55
Gorge,2024-06-13,6:40:00,14.56
Gorge,2024-06-13,6:50:00,14.47
Gorge,2024-06-13,7:00:00,14.41
Gorge,2024-06-13,7:10:00,14.56
Gorge,2024-06-13,7:20:00,14.64
Gorge,2024-06-13,7:30:00,14.75
Gorge,2024-06-13,7:40:00,14.88
Gorge,2024-06-13,7:50:00,14.92
Gorge,2024-06-13,8:00:00,15.02
Gorge,2024-06-13,8:10:00,15.15
Gorge,2024-06-13,8:20:00,15.26
Gorge,2024-06-13,8:30:00,15.24
Gorge,2024-06-13,8:40:00,15.21
Gorge,2024-06-13,8:50:00,15.23
Gorge,2024-06-13,9:00:00,15.29
Gorge,2024-06-13,9:10:00,15.44
Gorge,2024-06-13,9:20:00,15.48
Gorge,2024-06-13,9:30:00,15.49
Gorge,2024-06-13,9:40:00,15.49
Gorge,2024-06-13,9:50:00,15.57
Gorge,2024-06-13,10:00:00,15.72
Gorge,2024-06-13,10:10:00,15.78
Gorge,2024-06-13,10:20:00,15.81
Gorge,2024-06-13,10:30:00,15.88
Gorge,2024-06-13,10:40:00,15.9
Gorge,2024-06-13,10:50:00,15.98
Gorge,2024-06-13,11:00:00,15.99
Gorge,2024-06-13,11:10:00,16.04
Gorge,2024-06-13,11:20:00,16.17
Gorge,2024-06-13,11:30:00,16.3
Gorge,2024-06-13,11:40:00,16.36
Gorge,2024-06-13,11:50:00,16.42
Gorge,2024-06-13,12:00:00,16.58
Gorge,2024-06-13,12:10:00,16.63
Gorge,2024-06-13,12:20:00,16.69
Gorge,2024-06-13,12:30:00,16.77
Gorge,2024-06-13,12:40:00,16.95
Gorge,2024-06-13,12:50:00,17.08
Gorge,2024-06-13,13:00:00,17.2
Gorge,2024-06-13,13:10:00,17.33
Gorge,2024-06-13,13:20:00,17.43
Gorge,2024-06-13,13:30:00,17.49
Gorge,2024-06-13,13:40:00,17.6
Gorge,2024-06-13,13:50:00,17.8
Gorge,2024-06-13,14:00:00,17.94
Gorge,2024-06-13,14:10:00,18.05
Gorge,2024-06-13,14:20:00,18.13
Gorge,2024-06-13,14:30:00,18.24
Gorge,2024-06-13,14:40:00,18.3
Gorge,2024-06-13,14:50:00,18.43
Gorge,2024-06-13,15:00:00,18.56
Gorge,2024-06-13,15:10:00,18.66
Gorge,2024-06-13,15:20:00,18.77
Gorge,2024-06-13,15:30:00,18.81
Gorge,2024-06-13,15:40:00,18.82
Gorge,2024-06-13,15:50:00,18.84
Gorge,2024-06-13,16:00:00,18.91
Gorge,2024-06-13,16:10:00,18.96
Gorge,2024-06-13,16:20:00,18.98
Gorge,2024-06-13,16:30:00,18.98
Gorge,2024-06-13,16:40:00,19.03
Gorge,2024-06-13,16:50:00,19.07
Gorge,2024-06-13,17:00:00,19.11
Gorge,2024-06-13,17:10:00,19.13
Gorge,2024-06-13,17:20:00,19.13
Gorge,2024-06-13,17:30:00,19.15
Gorge,2024-06-13,17:40:00,19.17
Gorge,2024-06-13,17:50:00,19.15
Gorge,2024-06-13,18:00:00,19.18
Gorge,2024-06-13,18:10:00,19.2
Gorge,2024-06-13,18:20:00,19.15
Gorge,2024-06-13,18:30:00,19.13
Gorge,2024-06-13,18:40:00,19.1
Gorge,2024-06-13,18:50:00,18.97
Gorge,2024-06-13,19:00:00,18.91
Gorge,2024-06-13,19:10:00,18.98
Gorge,2024-06-13,19:20:00,18.51
Gorge,2024-06-13,19:30:00,17.15
Gorge,2024-06-13,19:40:00,16.56
Gorge,2024-06-13,19:50:00,16.99
Gorge,2024-06-13,20:00:00,16.81
Gorge,2024-06-13,20:10:00,16.48
Gorge,2024-06-13,20:20:00,16.94
Gorge,2024-06-13,20:30:00,16.99
Gorge,2024-06-13,20:40:00,16.69
Gorge,2024-06-13,20:50:00,16.71
Gorge,2024-06-13,21:00:00,16.59
Gorge,2024-06-13,21:10:00,16.15
Gorge,2024-06-13,21:20:00,16.12
Gorge,2024-06-13,21:30:00,16.29
Gorge,2024-06-13,21:40:00,16.25
Gorge,2024-06-13,21:50:00,16.28
Gorge,2024-06-13,22:00:00,16.15
Gorge,2024-06-13,22:10:00,16.05
Gorge,2024-06-13,22:20:00,16
Gorge,2024-06-13,22:30:00,15.84
Gorge,2024-06-13,22:40:00,15.65
Gorge,2024-06-13,22:50:00,15.57
Gorge,2024-06-13,23:00:00,15.57
Gorge,2024-06-13,23:10:00,15.39
Gorge,2024-06-13,23:20:00,15.11
Gorge,2024-06-13,23:30:00,14.92
Gorge,2024-06-13,23:40:00,14.7
Gorge,2024-06-13,23:50:00,14.71
Gorge,2024-06-14,0:00:00,14.72
Gorge,2024-06-14,0:10:00,14.73
Gorge,2024-06-14,0:20:00,14.75
Gorge,2024-06-14,0:30:00,14.85
Gorge,2024-06-14,0:40:00,14.92
Gorge,2024-06-14,0:50:00,14.92
Gorge,2024-06-14,1:00:00,14.95
Gorge,2024-06-14,1:10:00,14.95
Gorge,2024-06-14,1:20:00,14.96
Gorge,2024-06-14,1:30:00,15.04
Gorge,2024-06-14,1:40:00,15.28
Gorge,2024-06-14,1:50:00,15.62
Gorge,2024-06-14,2:00:00,15.53
Gorge,2024-06-14,2:10:00,15.58
Gorge,2024-06-14,2:20:00,15.53
Gorge,2024-06-14,2:30:00,15.44
Gorge,2024-06-14,2:40:00,15.32
Gorge,2024-06-14,2:50:00,15.33
Gorge,2024-06-14,3:00:00,15.27
Gorge,2024-06-14,3:10:00,15.21
Gorge,2024-06-14,3:20:00,15.08
Gorge,2024-06-14,3:30:00,14.96
Gorge,2024-06-14,3:40:00,15
Gorge,2024-06-14,3:50:00,14.95
Gorge,2024-06-14,4:00:00,14.75
Gorge,2024-06-14,4:10:00,14.64
Gorge,2024-06-14,4:20:00,14.51
Gorge,2024-06-14,4:30:00,14.44
Gorge,2024-06-14,4:40:00,14.41
Gorge,2024-06-14,4:50:00,14.41
Gorge,2024-06-14,5:00:00,14.51
Gorge,2024-06-14,5:10:00,14.53
Gorge,2024-06-14,5:20:00,14.52
Gorge,2024-06-14,5:30:00,14.49
Gorge,2024-06-14,5:40:00,14.49
Gorge,2024-06-14,5:50:00,14.53
Gorge,2024-06-14,6:00:00,14.56
Gorge,2024-06-14,6:10:00,14.63
Gorge,2024-06-14,6:20:00,14.7
Gorge,2024-06-14,6:30:00,14.69
Gorge,2024-06-14,6:40:00,14.69
Gorge,2024-06-14,6:50:00,14.68
Gorge,2024-06-14,7:00:00,14.71
Gorge,2024-06-14,7:10:00,14.84
Gorge,2024-06-14,7:20:00,14.89
Gorge,2024-06-14,7:30:00,14.86
Gorge,2024-06-14,7:40:00,14.86
Gorge,2024-06-14,7:50:00,14.91
Gorge,2024-06-14,8:00:00,15.06
Gorge,2024-06-14,8:10:00,15.13
Gorge,2024-06-14,8:20:00,15.21
Gorge,2024-06-14,8:30:00,15.21
Gorge,2024-06-14,8:40:00,15.24
Gorge,2024-06-14,8:50:00,15.32
Gorge,2024-06-14,9:00:00,15.44
Gorge,2024-06-14,9:10:00,15.49
Gorge,2024-06-14,9:20:00,15.54
Gorge,2024-06-14,9:30:00,15.76
Gorge,2024-06-14,9:40:00,15.95
Gorge,2024-06-14,9:50:00,15.95
Gorge,2024-06-14,10:00:00,15.96
Gorge,2024-06-14,10:10:00,15.97
Gorge,2024-06-14,10:20:00,15.97
Gorge,2024-06-14,10:30:00,16.08
Gorge,2024-06-14,10:40:00,16.15
Gorge,2024-06-14,10:50:00,16.18
Gorge,2024-06-14,11:00:00,16.2
Gorge,2024-06-14,11:10:00,16.21
Gorge,2024-06-14,11:20:00,16.24
Gorge,2024-06-14,11:30:00,16.25
Gorge,2024-06-14,11:40:00,16.29
Gorge,2024-06-14,11:50:00,16.36
Gorge,2024-06-14,12:00:00,16.45
Gorge,2024-06-14,12:10:00,16.52
Gorge,2024-06-14,12:20:00,16.56
Gorge,2024-06-14,12:30:00,16.62
Gorge,2024-06-14,12:40:00,16.67
Gorge,2024-06-14,12:50:00,16.74
Gorge,2024-06-14,13:00:00,16.76
Gorge,2024-06-14,13:10:00,16.85
Gorge,2024-06-14,13:20:00,16.95
Gorge,2024-06-14,13:30:00,17.07
Gorge,2024-06-14,13:40:00,17.11
Gorge,2024-06-14,13:50:00,17.23
Gorge,2024-06-14,14:00:00,17.28
Gorge,2024-06-14,14:10:00,17.33
Gorge,2024-06-14,14:20:00,17.5
Gorge,2024-06-14,14:30:00,17.66
Gorge,2024-06-14,14:40:00,17.75
Gorge,2024-06-14,14:50:00,17.76
Gorge,2024-06-14,15:00:00,18.07
Gorge,2024-06-14,15:10:00,18.21
Gorge,2024-06-14,15:20:00,18.26
Gorge,2024-06-14,15:30:00,18.29
Gorge,2024-06-14,15:40:00,18.39
Gorge,2024-06-14,15:50:00,18.51
Gorge,2024-06-14,16:00:00,18.55
Gorge,2024-06-14,16:10:00,18.47
Gorge,2024-06-14,16:20:00,18.43
Gorge,2024-06-14,16:30:00,18.54
Gorge,2024-06-14,16:40:00,18.63
Gorge,2024-06-14,16:50:00,18.62
Gorge,2024-06-14,17:00:00,18.57
Gorge,2024-06-14,17:10:00,18.57
Gorge,2024-06-14,17:20:00,18.65
Gorge,2024-06-14,17:30:00,18.68
Gorge,2024-06-14,17:40:00,18.76
Gorge,2024-06-14,17:50:00,18.73
Gorge,2024-06-14,18:00:00,18.76
Gorge,2024-06-14,18:10:00,18.53
Gorge,2024-06-14,18:20:00,18.46
Gorge,2024-06-14,18:30:00,18.78
Gorge,2024-06-14,18:40:00,18.87
Gorge,2024-06-14,18:50:00,18.88
Gorge,2024-06-14,19:00:00,18.13
Gorge,2024-06-14,19:10:00,18.27
Gorge,2024-06-14,19:20:00,18.29
Gorge,2024-06-14,19:30:00,17.9
Gorge,2024-06-14,19:40:00,17.51
Gorge,2024-06-14,19:50:00,17.02
Gorge,2024-06-14,20:00:00,17.14
Gorge,2024-06-14,20:10:00,16.48
Gorge,2024-06-14,20:20:00,16.26
Gorge,2024-06-14,20:30:00,16.2
Gorge,2024-06-14,20:40:00,16.08
Gorge,2024-06-14,20:50:00,16.18
Gorge,2024-06-14,21:00:00,16.03
Gorge,2024-06-14,21:10:00,15.95
Gorge,2024-06-14,21:20:00,15.87
Gorge,2024-06-14,21:30:00,15.89
Gorge,2024-06-14,21:40:00,15.8
Gorge,2024-06-14,21:50:00,15.77
Gorge,2024-06-14,22:00:00,15.76
Gorge,2024-06-14,22:10:00,15.86
Gorge,2024-06-14,22:20:00,16
Gorge,2024-06-14,22:30:00,15.93
Gorge,2024-06-14,22:40:00,15.74
Gorge,2024-06-14,22:50:00,15.65
Gorge,2024-06-14,23:00:00,15.56
Gorge,2024-06-14,23:10:00,15.08
Gorge,2024-06-14,23:20:00,14.83
Gorge,2024-06-14,23:30:00,14.83
Gorge,2024-06-14,23:40:00,14.75
Gorge,2024-06-14,23:50:00,14.79
Gorge,2024-06-15,0:00:00,14.72
Gorge,2024-06-15,0:10:00,14.75
Gorge,2024-06-15,0:20:00,14.79
Gorge,2024-06-15,0:30:00,14.89
Gorge,2024-06-15,0:40:00,15.13
Gorge,2024-06-15,0:50:00,15.26
Gorge,2024-06-15,1:00:00,15.23
Gorge,2024-06-15,1:10:00,15.15
Gorge,2024-06-15,1:20:00,15.02
Gorge,2024-06-15,1:30:00,15.09
Gorge,2024-06-15,1:40:00,15.47
Gorge,2024-06-15,1:50:00,15.36
Gorge,2024-06-15,2:00:00,15.26
Gorge,2024-06-15,2:10:00,15.37
Gorge,2024-06-15,2:20:00,15.4
Gorge,2024-06-15,2:30:00,15.39
Gorge,2024-06-15,2:40:00,15.37
Gorge,2024-06-15,2:50:00,15.36
Gorge,2024-06-15,3:00:00,15.47
Gorge,2024-06-15,3:10:00,15.47
Gorge,2024-06-15,3:20:00,15.33
Gorge,2024-06-15,3:30:00,15.23
Gorge,2024-06-15,3:40:00,15.12
Gorge,2024-06-15,3:50:00,14.87
Gorge,2024-06-15,4:00:00,14.67
Gorge,2024-06-15,4:10:00,14.53
Gorge,2024-06-15,4:20:00,14.44
Gorge,2024-06-15,4:30:00,14.42
Gorge,2024-06-15,4:40:00,14.44
Gorge,2024-06-15,4:50:00,14.48
Gorge,2024-06-15,5:00:00,14.51
Gorge,2024-06-15,5:10:00,14.5
Gorge,2024-06-15,5:20:00,14.5
Gorge,2024-06-15,5:30:00,14.47
Gorge,2024-06-15,5:40:00,14.47
Gorge,2024-06-15,5:50:00,14.47
Gorge,2024-06-15,6:00:00,14.49
Gorge,2024-06-15,6:10:00,14.56
Gorge,2024-06-15,6:20:00,14.65
Gorge,2024-06-15,6:30:00,14.69
Gorge,2024-06-15,6:40:00,14.72
Gorge,2024-06-15,6:50:00,14.79
Gorge,2024-06-15,7:00:00,14.91
Gorge,2024-06-15,7:10:00,14.91
Gorge,2024-06-15,7:20:00,14.87
Gorge,2024-06-15,7:30:00,14.91
Gorge,2024-06-15,7:40:00,15
Gorge,2024-06-15,7:50:00,15.11
Gorge,2024-06-15,8:00:00,15.15
Gorge,2024-06-15,8:10:00,15.17
Gorge,2024-06-15,8:20:00,15.18
Gorge,2024-06-15,8:30:00,15.21
Gorge,2024-06-15,8:40:00,15.29
Gorge,2024-06-15,8:50:00,15.39
Gorge,2024-06-15,9:00:00,15.44
Gorge,2024-06-15,9:10:00,15.51
Gorge,2024-06-15,9:20:00,15.53
Gorge,2024-06-15,9:30:00,15.53
Gorge,2024-06-15,9:40:00,15.63
Gorge,2024-06-15,9:50:00,15.66
Gorge,2024-06-15,10:00:00,15.69
Gorge,2024-06-15,10:10:00,15.73
Gorge,2024-06-15,10:20:00,15.8
Gorge,2024-06-15,10:30:00,15.78
Gorge,2024-06-15,10:40:00,15.89
Gorge,2024-06-15,10:50:00,15.97
Gorge,2024-06-15,11:00:00,16.04
Gorge,2024-06-15,11:10:00,16.05
Gorge,2024-06-15,11:20:00,16.13
Gorge,2024-06-15,11:30:00,16.17
Gorge,2024-06-15,11:40:00,16.24
Gorge,2024-06-15,11:50:00,16.36
Gorge,2024-06-15,12:00:00,16.41
Gorge,2024-06-15,12:10:00,16.48
Gorge,2024-06-15,12:20:00,16.52
Gorge,2024-06-15,12:30:00,16.65
Gorge,2024-06-15,12:40:00,16.75
Gorge,2024-06-15,12:50:00,16.8
Gorge,2024-06-15,13:00:00,16.86
Gorge,2024-06-15,13:10:00,16.94
Gorge,2024-06-15,13:20:00,17.04
Gorge,2024-06-15,13:30:00,17.1
Gorge,2024-06-15,13:40:00,17.16
Gorge,2024-06-15,13:50:00,17.2
Gorge,2024-06-15,14:00:00,17.24
Gorge,2024-06-15,14:10:00,17.26
Gorge,2024-06-15,14:20:00,17.32
Gorge,2024-06-15,14:30:00,17.35
Gorge,2024-06-15,14:40:00,17.4
Gorge,2024-06-15,14:50:00,17.43
Gorge,2024-06-15,15:00:00,17.51
Gorge,2024-06-15,15:10:00,17.56
Gorge,2024-06-15,15:20:00,17.59
Gorge,2024-06-15,15:30:00,17.65
Gorge,2024-06-15,15:40:00,17.73
Gorge,2024-06-15,15:50:00,17.78
Gorge,2024-06-15,16:00:00,17.8
Gorge,2024-06-15,16:10:00,17.84
Gorge,2024-06-15,16:20:00,17.88
Gorge,2024-06-15,16:30:00,17.93
Gorge,2024-06-15,16:40:00,17.91
Gorge,2024-06-15,16:50:00,17.91
Gorge,2024-06-15,17:00:00,17.94
Gorge,2024-06-15,17:10:00,17.94
Gorge,2024-06-15,17:20:00,17.94
Gorge,2024-06-15,17:30:00,17.99
Gorge,2024-06-15,17:40:00,17.95
Gorge,2024-06-15,17:50:00,17.97
Gorge,2024-06-15,18:00:00,17.97
Gorge,2024-06-15,18:10:00,17.97
Gorge,2024-06-15,18:20:00,17.99
Gorge,2024-06-15,18:30:00,17.97
Gorge,2024-06-15,18:40:00,18.02
Gorge,2024-06-15,18:50:00,17.98
Gorge,2024-06-15,19:00:00,17.98
Gorge,2024-06-15,19:10:00,17.97
Gorge,2024-06-15,19:20:00,17.95
Gorge,2024-06-15,19:30:00,17.94
Gorge,2024-06-15,19:40:00,17.94
Gorge,2024-06-15,19:50:00,17.91
Gorge,2024-06-15,20:00:00,17.88
Gorge,2024-06-15,20:10:00,17.85
Gorge,2024-06-15,20:20:00,17.66
Gorge,2024-06-15,20:30:00,16.79
Gorge,2024-06-15,20:40:00,16.51
Gorge,2024-06-15,20:50:00,16.31
Gorge,2024-06-15,21:00:00,16.14
Gorge,2024-06-15,21:10:00,16.08
Gorge,2024-06-15,21:20:00,15.84
Gorge,2024-06-15,21:30:00,15.86
Gorge,2024-06-15,21:40:00,15.87
Gorge,2024-06-15,21:50:00,15.93
Gorge,2024-06-15,22:00:00,15.87
Gorge,2024-06-15,22:10:00,15.65
Gorge,2024-06-15,22:20:00,15.36
Gorge,2024-06-15,22:30:00,15.19
Gorge,2024-06-15,22:40:00,15.36
Gorge,2024-06-15,22:50:00,15.37
Gorge,2024-06-15,23:00:00,15.49
Gorge,2024-06-15,23:10:00,15.27
Gorge,2024-06-15,23:20:00,15.18
Gorge,2024-06-15,23:30:00,15.13
Gorge,2024-06-15,23:40:00,15.54
Gorge,2024-06-15,23:50:00,15.75
Gorge,2024-06-16,0:00:00,15.57
Gorge,2024-06-16,0:10:00,15.48
Gorge,2024-06-16,0:20:00,15.19
Gorge,2024-06-16,0:30:00,15.4
Gorge,2024-06-16,0:40:00,15.53
Gorge,2024-06-16,0:50:00,15.77
Gorge,2024-06-16,1:00:00,15.99
Gorge,2024-06-16,1:10:00,16.24
Gorge,2024-06-16,1:20:00,15.97
Gorge,2024-06-16,1:30:00,15.91
Gorge,2024-06-16,1:40:00,15.88
Gorge,2024-06-16,1:50:00,15.99
Gorge,2024-06-16,2:00:00,15.82
Gorge,2024-06-16,2:10:00,15.61
Gorge,2024-06-16,2:20:00,15.49
Gorge,2024-06-16,2:30:00,15.43
Gorge,2024-06-16,2:40:00,15.31
Gorge,2024-06-16,2:50:00,15.18
Gorge,2024-06-16,3:00:00,15.11
Gorge,2024-06-16,3:10:00,15.09
Gorge,2024-06-16,3:20:00,14.93
Gorge,2024-06-16,3:30:00,14.89
Gorge,2024-06-16,3:40:00,15
Gorge,2024-06-16,3:50:00,14.98
Gorge,2024-06-16,4:00:00,14.96
Gorge,2024-06-16,4:10:00,14.93
Gorge,2024-06-16,4:20:00,14.92
Gorge,2024-06-16,4:30:00,14.89
Gorge,2024-06-16,4:40:00,14.89
Gorge,2024-06-16,4:50:00,14.92
Gorge,2024-06-16,5:00:00,14.89
Gorge,2024-06-16,5:10:00,14.91
Gorge,2024-06-16,5:20:00,14.93
Gorge,2024-06-16,5:30:00,14.96
Gorge,2024-06-16,5:40:00,14.99
Gorge,2024-06-16,5:50:00,15.06
Gorge,2024-06-16,6:00:00,15.07
Gorge,2024-06-16,6:10:00,15.13
Gorge,2024-06-16,6:20:00,15.18
Gorge,2024-06-16,6:30:00,15.26
Gorge,2024-06-16,6:40:00,15.28
Gorge,2024-06-16,6:50:00,15.3
Gorge,2024-06-16,7:00:00,15.28
Gorge,2024-06-16,7:10:00,15.29
Gorge,2024-06-16,7:20:00,15.33
Gorge,2024-06-16,7:30:00,15.38
Gorge,2024-06-16,7:40:00,15.43
Gorge,2024-06-16,7:50:00,15.44
Gorge,2024-06-16,8:00:00,15.51
Gorge,2024-06-16,8:10:00,15.51
Gorge,2024-06-16,8:20:00,15.52
Gorge,2024-06-16,8:30:00,15.55
Gorge,2024-06-16,8:40:00,15.59
Gorge,2024-06-16,8:50:00,15.61
Gorge,2024-06-16,9:00:00,15.63
Gorge,2024-06-16,9:10:00,15.68
Gorge,2024-06-16,9:20:00,15.73
Gorge,2024-06-16,9:30:00,15.8
Gorge,2024-06-16,9:40:00,15.81
Gorge,2024-06-16,9:50:00,15.84
Gorge,2024-06-16,10:00:00,15.88
Gorge,2024-06-16,10:10:00,15.96
Gorge,2024-06-16,10:20:00,15.99
Gorge,2024-06-16,10:30:00,16.02
Gorge,2024-06-16,10:40:00,16.05
Gorge,2024-06-16,10:50:00,16.05
Gorge,2024-06-16,11:00:00,16.05
Gorge,2024-06-16,11:10:00,16.04
Gorge,2024-06-16,11:20:00,16
Gorge,2024-06-16,11:30:00,15.97
Gorge,2024-06-16,11:40:00,15.93
Gorge,2024-06-16,11:50:00,15.93
Gorge,2024-06-16,12:00:00,15.9
Gorge,2024-06-16,12:10:00,15.87
Gorge,2024-06-16,12:20:00,15.87
Gorge,2024-06-16,12:30:00,15.92
Gorge,2024-06-16,12:40:00,15.87
Gorge,2024-06-16,12:50:00,15.9
Gorge,2024-06-16,13:00:00,15.93
Gorge,2024-06-16,13:10:00,16
Gorge,2024-06-16,13:20:00,15.99
Gorge,2024-06-16,13:30:00,15.95
Gorge,2024-06-16,13:40:00,16.02
Gorge,2024-06-16,13:50:00,16.11
Gorge,2024-06-16,14:00:00,16.13
Gorge,2024-06-16,14:10:00,16.15
Gorge,2024-06-16,14:20:00,16.16
Gorge,2024-06-16,14:30:00,16.28
Gorge,2024-06-16,14:40:00,16.33
Gorge,2024-06-16,14:50:00,16.42
Gorge,2024-06-16,15:00:00,16.39
Gorge,2024-06-16,15:10:00,16.41
Gorge,2024-06-16,15:20:00,16.43
Gorge,2024-06-16,15:30:00,16.48
Gorge,2024-06-16,15:40:00,16.52
Gorge,2024-06-16,15:50:00,16.46
Gorge,2024-06-16,16:00:00,16.43
Gorge,2024-06-16,16:10:00,16.39
Gorge,2024-06-16,16:20:00,16.37
Gorge,2024-06-16,16:30:00,16.28
Gorge,2024-06-16,16:40:00,16.32
Gorge,2024-06-16,16:50:00,16.36
Gorge,2024-06-16,17:00:00,16.28
Gorge,2024-06-16,17:10:00,16.15
Gorge,2024-06-16,17:20:00,16.15
Gorge,2024-06-16,17:30:00,16.18
Gorge,2024-06-16,17:40:00,16.21
Gorge,2024-06-16,17:50:00,16.08
Gorge,2024-06-16,18:00:00,15.96
Gorge,2024-06-16,18:10:00,15.95
Gorge,2024-06-16,18:20:00,15.97
Gorge,2024-06-16,18:30:00,16
Gorge,2024-06-16,18:40:00,16.02
Gorge,2024-06-16,18:50:00,16.03
Gorge,2024-06-16,19:00:00,15.99
Gorge,2024-06-16,19:10:00,15.98
Gorge,2024-06-16,19:20:00,15.99
Gorge,2024-06-16,19:30:00,15.99
Gorge,2024-06-16,19:40:00,15.99
Gorge,2024-06-16,19:50:00,15.97
Gorge,2024-06-16,20:00:00,16
Gorge,2024-06-16,20:10:00,15.98
Gorge,2024-06-16,20:20:00,15.97
Gorge,2024-06-16,20:30:00,15.88
Gorge,2024-06-16,20:40:00,15.85
Gorge,2024-06-16,20:50:00,15.88
Gorge,2024-06-16,21:00:00,15.93
Gorge,2024-06-16,21:10:00,15.6
Gorge,2024-06-16,21:20:00,15.34
Gorge,2024-06-16,21:30:00,15.24
Gorge,2024-06-16,21:40:00,14.89
Gorge,2024-06-16,21:50:00,14.79
Gorge,2024-06-16,22:00:00,14.82
Gorge,2024-06-16,22:10:00,14.85
Gorge,2024-06-16,22:20:00,14.92
Gorge,2024-06-16,22:30:00,14.97
Gorge,2024-06-16,22:40:00,15.06
Gorge,2024-06-16,22:50:00,14.85
Gorge,2024-06-16,23:00:00,14.84
Gorge,2024-06-16,23:10:00,14.85
Gorge,2024-06-16,23:20:00,14.72
Gorge,2024-06-16,23:30:00,14.65
Gorge,2024-06-16,23:40:00,14.84
Gorge,2024-06-16,23:50:00,15.02
Gorge,2024-06-17,0:00:00,14.98
Gorge,2024-06-17,0:10:00,14.77
Gorge,2024-06-17,0:20:00,14.89
Gorge,2024-06-17,0:30:00,15
Gorge,2024-06-17,0:40:00,14.97
Gorge,2024-06-17,0:50:00,14.96
Gorge,2024-06-17,1:00:00,14.94
Gorge,2024-06-17,1:10:00,14.93
Gorge,2024-06-17,1:20:00,14.89
Gorge,2024-06-17,1:30:00,14.96
Gorge,2024-06-17,1:40:00,15.07
Gorge,2024-06-17,1:50:00,15.27
Gorge,2024-06-17,2:00:00,15.27
Gorge,2024-06-17,2:10:00,15.04
Gorge,2024-06-17,2:20:00,15
Gorge,2024-06-17,2:30:00,15.06
Gorge,2024-06-17,2:40:00,15.07
Gorge,2024-06-17,2:50:00,15.01
Gorge,2024-06-17,3:00:00,14.93
Gorge,2024-06-17,3:10:00,14.85
Gorge,2024-06-17,3:20:00,14.77
Gorge,2024-06-17,3:30:00,14.54
Gorge,2024-06-17,3:40:00,14.45
Gorge,2024-06-17,3:50:00,14.39
Gorge,2024-06-17,4:00:00,14.43
Gorge,2024-06-17,4:10:00,14.47
Gorge,2024-06-17,4:20:00,14.45
Gorge,2024-06-17,4:30:00,14.44
Gorge,2024-06-17,4:40:00,14.51
Gorge,2024-06-17,4:50:00,14.52
Gorge,2024-06-17,5:00:00,14.53
Gorge,2024-06-17,5:10:00,14.62
Gorge,2024-06-17,5:20:00,14.65
Gorge,2024-06-17,5:30:00,14.74
Gorge,2024-06-17,5:40:00,14.84
Gorge,2024-06-17,5:50:00,14.88
Gorge,2024-06-17,6:00:00,14.93
Gorge,2024-06-17,6:10:00,14.93
Gorge,2024-06-17,6:20:00,15.02
Gorge,2024-06-17,6:30:00,15.07
Gorge,2024-06-17,6:40:00,15.12
Gorge,2024-06-17,6:50:00,15.14
Gorge,2024-06-17,7:00:00,15.16
Gorge,2024-06-17,7:10:00,15.17
Gorge,2024-06-17,7:20:00,15.22
Gorge,2024-06-17,7:30:00,15.23
Gorge,2024-06-17,7:40:00,15.26
Gorge,2024-06-17,7:50:00,15.28
Gorge,2024-06-17,8:00:00,15.32
Gorge,2024-06-17,8:10:00,15.37
Gorge,2024-06-17,8:20:00,15.42
Gorge,2024-06-17,8:30:00,15.53
Gorge,2024-06-17,8:40:00,15.65
Gorge,2024-06-17,8:50:00,15.77
Gorge,2024-06-17,9:00:00,15.87
Gorge,2024-06-17,9:10:00,15.99
Gorge,2024-06-17,9:20:00,16.1
Gorge,2024-06-17,9:30:00,16.16
Gorge,2024-06-17,9:40:00,16.2
Gorge,2024-06-17,9:50:00,16.29
Gorge,2024-06-17,10:00:00,16.31
Gorge,2024-06-17,10:10:00,16.4
Gorge,2024-06-17,10:20:00,16.55
Gorge,2024-06-17,10:30:00,16.6
Gorge,2024-06-17,10:40:00,16.6
Gorge,2024-06-17,10:50:00,16.62
Gorge,2024-06-17,11:00:00,16.62
Gorge,2024-06-17,11:10:00,16.62
Gorge,2024-06-17,11:20:00,16.66
Gorge,2024-06-17,11:30:00,16.69
Gorge,2024-06-17,11:40:00,16.76
Gorge,2024-06-17,11:50:00,16.78
Gorge,2024-06-17,12:00:00,16.8
Gorge,2024-06-17,12:10:00,16.88
Gorge,2024-06-17,12:20:00,16.87
Gorge,2024-06-17,12:30:00,16.95
Gorge,2024-06-17,12:40:00,16.99
Gorge,2024-06-17,12:50:00,17.01
Gorge,2024-06-17,13:00:00,17.07
Gorge,2024-06-17,13:10:00,17.07
Gorge,2024-06-17,13:20:00,17.09
Gorge,2024-06-17,13:30:00,17.13
Gorge,2024-06-17,13:40:00,17.2
Gorge,2024-06-17,13:50:00,17.28
Gorge,2024-06-17,14:00:00,17.43
Gorge,2024-06-17,14:10:00,17.44
Gorge,2024-06-17,14:20:00,17.41
Gorge,2024-06-17,14:30:00,17.41
Gorge,2024-06-17,14:40:00,17.46
Gorge,2024-06-17,14:50:00,17.46
Gorge,2024-06-17,15:00:00,17.46
Gorge,2024-06-17,15:10:00,17.5
Gorge,2024-06-17,15:20:00,17.52
Gorge,2024-06-17,15:30:00,17.76
Gorge,2024-06-17,15:40:00,17.81
Gorge,2024-06-17,15:50:00,17.83
Gorge,2024-06-17,16:00:00,17.91
Gorge,2024-06-17,16:10:00,18.08
Gorge,2024-06-17,16:20:00,18.02
Gorge,2024-06-17,16:30:00,17.99
Gorge,2024-06-17,16:40:00,17.94
Gorge,2024-06-17,16:50:00,17.96
Gorge,2024-06-17,17:00:00,17.91
Gorge,2024-06-17,17:10:00,18
Gorge,2024-06-17,17:20:00,18.06
Gorge,2024-06-17,17:30:00,18.09
Gorge,2024-06-17,17:40:00,18.13
Gorge,2024-06-17,17:50:00,18.2
Gorge,2024-06-17,18:00:00,18.23
Gorge,2024-06-17,18:10:00,18.33
Gorge,2024-06-17,18:20:00,18.38
Gorge,2024-06-17,18:30:00,18.27
Gorge,2024-06-17,18:40:00,18.27
Gorge,2024-06-17,18:50:00,18.26
Gorge,2024-06-17,19:00:00,18.05
Gorge,2024-06-17,19:10:00,18.04
Gorge,2024-06-17,19:20:00,18.09
Gorge,2024-06-17,19:30:00,18.09
Gorge,2024-06-17,19:40:00,17.1
Gorge,2024-06-17,19:50:00,17.16
Gorge,2024-06-17,20:00:00,17.21
Gorge,2024-06-17,20:10:00,16.5
Gorge,2024-06-17,20:20:00,16.19
Gorge,2024-06-17,20:30:00,16.04
Gorge,2024-06-17,20:40:00,15.86
Gorge,2024-06-17,20:50:00,15.26
Gorge,2024-06-17,21:00:00,15.26
Gorge,2024-06-17,21:10:00,15.02
Gorge,2024-06-17,21:20:00,15.39
Gorge,2024-06-17,21:30:00,15.48
Gorge,2024-06-17,21:40:00,15.38
Gorge,2024-06-17,21:50:00,15.69
Gorge,2024-06-17,22:00:00,15.32
Gorge,2024-06-17,22:10:00,15.04
Gorge,2024-06-17,22:20:00,14.87
Gorge,2024-06-17,22:30:00,14.92
Gorge,2024-06-17,22:40:00,15.15
Gorge,2024-06-17,22:50:00,15.54
Gorge,2024-06-17,23:00:00,15.59
Gorge,2024-06-17,23:10:00,15.46
Gorge,2024-06-17,23:20:00,15.74
Gorge,2024-06-17,23:30:00,15.41
Gorge,2024-06-17,23:40:00,15.48
Gorge,2024-06-17,23:50:00,16.24
Gorge,2024-06-18,0:00:00,16.59
Gorge,2024-06-18,0:10:00,16.1
Gorge,2024-06-18,0:20:00,16.14
Gorge,2024-06-18,0:30:00,16.13
Gorge,2024-06-18,0:40:00,16.17
Gorge,2024-06-18,0:50:00,16.03
Gorge,2024-06-18,1:00:00,15.82
Gorge,2024-06-18,1:10:00,15.72
Gorge,2024-06-18,1:20:00,15.63
Gorge,2024-06-18,1:30:00,15.67
Gorge,2024-06-18,1:40:00,15.62
Gorge,2024-06-18,1:50:00,15.33
Gorge,2024-06-18,2:00:00,15.41
Gorge,2024-06-18,2:10:00,15.25
Gorge,2024-06-18,2:20:00,15.13
Gorge,2024-06-18,2:30:00,15
Gorge,2024-06-18,2:40:00,14.94
Gorge,2024-06-18,2:50:00,14.85
Gorge,2024-06-18,3:00:00,14.84
Gorge,2024-06-18,3:10:00,14.83
Gorge,2024-06-18,3:20:00,14.64
Gorge,2024-06-18,3:30:00,14.56
Gorge,2024-06-18,3:40:00,14.56
Gorge,2024-06-18,3:50:00,14.59
Gorge,2024-06-18,4:00:00,14.51
Gorge,2024-06-18,4:10:00,14.43
Gorge,2024-06-18,4:20:00,14.42
Gorge,2024-06-18,4:30:00,14.38
Gorge,2024-06-18,4:40:00,14.4
Gorge,2024-06-18,4:50:00,14.42
Gorge,2024-06-18,5:00:00,14.48
Gorge,2024-06-18,5:10:00,14.54
Gorge,2024-06-18,5:20:00,14.6
Gorge,2024-06-18,5:30:00,14.65
Gorge,2024-06-18,5:40:00,14.66
Gorge,2024-06-18,5:50:00,14.67
Gorge,2024-06-18,6:00:00,14.68
Gorge,2024-06-18,6:10:00,14.71
Gorge,2024-06-18,6:20:00,14.74
Gorge,2024-06-18,6:30:00,14.74
Gorge,2024-06-18,6:40:00,14.78
Gorge,2024-06-18,6:50:00,14.78
Gorge,2024-06-18,7:00:00,14.81
Gorge,2024-06-18,7:10:00,14.91
Gorge,2024-06-18,7:20:00,14.99
Gorge,2024-06-18,7:30:00,15.03
Gorge,2024-06-18,7:40:00,15.04
Gorge,2024-06-18,7:50:00,15.06
Gorge,2024-06-18,8:00:00,15.17
Gorge,2024-06-18,8:10:00,15.34
Gorge,2024-06-18,8:20:00,15.37
Gorge,2024-06-18,8:30:00,15.43
Gorge,2024-06-18,8:40:00,15.59
Gorge,2024-06-18,8:50:00,15.74
Gorge,2024-06-18,9:00:00,15.95
Gorge,2024-06-18,9:10:00,16
Gorge,2024-06-18,9:20:00,16.04
Gorge,2024-06-18,9:30:00,16.08
Gorge,2024-06-18,9:40:00,16.15
Gorge,2024-06-18,9:50:00,16.24
Gorge,2024-06-18,10:00:00,16.48
Gorge,2024-06-18,10:10:00,16.58
Gorge,2024-06-18,10:20:00,16.58
Gorge,2024-06-18,10:30:00,16.59
Gorge,2024-06-18,10:40:00,16.6
Gorge,2024-06-18,10:50:00,16.65
Gorge,2024-06-18,11:00:00,16.76
Gorge,2024-06-18,11:10:00,16.89
Gorge,2024-06-18,11:20:00,16.86
Gorge,2024-06-18,11:30:00,16.91
Gorge,2024-06-18,11:40:00,16.94
Gorge,2024-06-18,11:50:00,16.98
Gorge,2024-06-18,12:00:00,17.01
Gorge,2024-06-18,12:10:00,17.01
Gorge,2024-06-18,12:20:00,16.96
Gorge,2024-06-18,12:30:00,16.75
Gorge,2024-06-18,12:40:00,16.99
Gorge,2024-06-18,12:50:00,17.17
Gorge,2024-06-18,13:00:00,17.29
Gorge,2024-06-18,13:10:00,16.69
Gorge,2024-06-18,13:20:00,16.82
Gorge,2024-06-18,13:30:00,16.94
Gorge,2024-06-18,13:40:00,16.65
Gorge,2024-06-18,13:50:00,16.52
Gorge,2024-06-18,14:00:00,16.54
Gorge,2024-06-18,14:10:00,16.58
Gorge,2024-06-18,14:20:00,17
Gorge,2024-06-18,14:30:00,16.8
Gorge,2024-06-18,14:40:00,16.61
Gorge,2024-06-18,14:50:00,16.66
Gorge,2024-06-18,15:00:00,16.76
Gorge,2024-06-18,15:10:00,16.84
Gorge,2024-06-18,15:20:00,16.81
Gorge,2024-06-18,15:30:00,16.89
Gorge,2024-06-18,15:40:00,17.14
Gorge,2024-06-18,15:50:00,17.1
Gorge,2024-06-18,16:00:00,17.05
Gorge,2024-06-18,16:10:00,16.89
Gorge,2024-06-18,16:20:00,16.51
Gorge,2024-06-18,16:30:00,16.45
Gorge,2024-06-18,16:40:00,16.4
Gorge,2024-06-18,16:50:00,16.32
Gorge,2024-06-18,17:00:00,16.26
Gorge,2024-06-18,17:10:00,16.41
Gorge,2024-06-18,17:20:00,16.62
Gorge,2024-06-18,17:30:00,16.54
Gorge,2024-06-18,17:40:00,16.5
Gorge,2024-06-18,17:50:00,16.49
Gorge,2024-06-18,18:00:00,16.43
Gorge,2024-06-18,18:10:00,16.36
Gorge,2024-06-18,18:20:00,16.37
Gorge,2024-06-18,18:30:00,16.32
Gorge,2024-06-18,18:40:00,16.36
Gorge,2024-06-18,18:50:00,16.28
Gorge,2024-06-18,19:00:00,16.2
Gorge,2024-06-18,19:10:00,16.1
Gorge,2024-06-18,19:20:00,16.1
Gorge,2024-06-18,19:30:00,16.04
Gorge,2024-06-18,19:40:00,15.87
Gorge,2024-06-18,19:50:00,15.76
Gorge,2024-06-18,20:00:00,15.86
Gorge,2024-06-18,20:10:00,15.96
Gorge,2024-06-18,20:20:00,15.81
Gorge,2024-06-18,20:30:00,15.88
Gorge,2024-06-18,20:40:00,15.85
Gorge,2024-06-18,20:50:00,15.47
Gorge,2024-06-18,21:00:00,15.24
Gorge,2024-06-18,21:10:00,15.28
Gorge,2024-06-18,21:20:00,15.39
Gorge,2024-06-18,21:30:00,15.63
Gorge,2024-06-18,21:40:00,15.63
Gorge,2024-06-18,21:50:00,15.53
Gorge,2024-06-18,22:00:00,15.51
Gorge,2024-06-18,22:10:00,15.46
Gorge,2024-06-18,22:20:00,15.49
Gorge,2024-06-18,22:30:00,15.49
Gorge,2024-06-18,22:40:00,15.42
Gorge,2024-06-18,22:50:00,15.42
Gorge,2024-06-18,23:00:00,15.32
Gorge,2024-06-18,23:10:00,15.13
Gorge,2024-06-18,23:20:00,15.12
Gorge,2024-06-18,23:30:00,15.02
Gorge,2024-06-18,23:40:00,14.98
Gorge,2024-06-18,23:50:00,15.04
Gorge,2024-06-19,0:00:00,15.04
Gorge,2024-06-19,0:10:00,15.02
Gorge,2024-06-19,0:20:00,14.96
Gorge,2024-06-19,0:30:00,14.98
Gorge,2024-06-19,0:40:00,14.98
Gorge,2024-06-19,0:50:00,14.99
Gorge,2024-06-19,1:00:00,14.92
Gorge,2024-06-19,1:10:00,14.86
Gorge,2024-06-19,1:20:00,14.95
Gorge,2024-06-19,1:30:00,14.92
Gorge,2024-06-19,1:40:00,14.93
Gorge,2024-06-19,1:50:00,15.04
Gorge,2024-06-19,2:00:00,15.11
Gorge,2024-06-19,2:10:00,15.1
Gorge,2024-06-19,2:20:00,15.07
Gorge,2024-06-19,2:30:00,15.06
Gorge,2024-06-19,2:40:00,15.07
Gorge,2024-06-19,2:50:00,15.17
Gorge,2024-06-19,3:00:00,15.15
Gorge,2024-06-19,3:10:00,15.13
Gorge,2024-06-19,3:20:00,15.06
Gorge,2024-06-19,3:30:00,14.97
Gorge,2024-06-19,3:40:00,14.81
Gorge,2024-06-19,3:50:00,14.71
Gorge,2024-06-19,4:00:00,14.68
Gorge,2024-06-19,4:10:00,14.69
Gorge,2024-06-19,4:20:00,14.69
Gorge,2024-06-19,4:30:00,14.64
Gorge,2024-06-19,4:40:00,14.63
Gorge,2024-06-19,4:50:00,14.68
Gorge,2024-06-19,5:00:00,14.81
Gorge,2024-06-19,5:10:00,14.97
Gorge,2024-06-19,5:20:00,15.04
Gorge,2024-06-19,5:30:00,15.08
Gorge,2024-06-19,5:40:00,15.11
Gorge,2024-06-19,5:50:00,15.18
Gorge,2024-06-19,6:00:00,15.19
Gorge,2024-06-19,6:10:00,15.18
Gorge,2024-06-19,6:20:00,15.24
Gorge,2024-06-19,6:30:00,15.29
Gorge,2024-06-19,6:40:00,15.26
Gorge,2024-06-19,6:50:00,15.44
Gorge,2024-06-19,7:00:00,15.56
Gorge,2024-06-19,7:10:00,15.62
Gorge,2024-06-19,7:20:00,15.71
Gorge,2024-06-19,7:30:00,15.76
Gorge,2024-06-19,7:40:00,15.84
Gorge,2024-06-19,7:50:00,16.04
Gorge,2024-06-19,8:00:00,16.17
Gorge,2024-06-19,8:10:00,16.24
Gorge,2024-06-19,8:20:00,16.45
Gorge,2024-06-19,8:30:00,16.62
Gorge,2024-06-19,8:40:00,16.69
Gorge,2024-06-19,8:50:00,16.73
Gorge,2024-06-19,9:00:00,16.77
Gorge,2024-06-19,9:10:00,17.04
Gorge,2024-06-19,9:20:00,17.38
Gorge,2024-06-19,9:30:00,17.46
Gorge,2024-06-19,9:40:00,17.49
Gorge,2024-06-19,9:50:00,17.43
Gorge,2024-06-19,10:00:00,17.46
Gorge,2024-06-19,10:10:00,17.72
Gorge,2024-06-19,10:20:00,17.95
Gorge,2024-06-19,10:30:00,18.13
Gorge,2024-06-19,10:40:00,18.24
Gorge,2024-06-19,10:50:00,18.35
Gorge,2024-06-19,11:00:00,18.42
Gorge,2024-06-19,11:10:00,18.3
Gorge,2024-06-19,11:20:00,18.25
Gorge,2024-06-19,11:30:00,18.25
Gorge,2024-06-19,11:40:00,18.25
Gorge,2024-06-19,11:50:00,17.9
Gorge,2024-06-19,12:00:00,17.76
Gorge,2024-06-19,12:10:00,17.77
Gorge,2024-06-19,12:20:00,17.76
Gorge,2024-06-19,12:30:00,17.64
Gorge,2024-06-19,12:40:00,16.89
Gorge,2024-06-19,12:50:00,16.47
Gorge,2024-06-19,13:00:00,16.45
Gorge,2024-06-19,13:10:00,16.35
Gorge,2024-06-19,13:20:00,16.3
Gorge,2024-06-19,13:30:00,16.33
Gorge,2024-06-19,13:40:00,16.03
Gorge,2024-06-19,13:50:00,16.07
Gorge,2024-06-19,14:00:00,16.39
Gorge,2024-06-19,14:10:00,16.37
Gorge,2024-06-19,14:20:00,16.39
Gorge,2024-06-19,14:30:00,16.16
Gorge,2024-06-19,14:40:00,15.95
Gorge,2024-06-19,14:50:00,16.28
Gorge,2024-06-19,15:00:00,16.49
Gorge,2024-06-19,15:10:00,16.88
Gorge,2024-06-19,15:20:00,17.23
Gorge,2024-06-19,15:30:00,17.99
Gorge,2024-06-19,15:40:00,18.4
Gorge,2024-06-19,15:50:00,18.55
Gorge,2024-06-19,16:00:00,18.56
Gorge,2024-06-19,16:10:00,18.62
Gorge,2024-06-19,16:20:00,18.47
Gorge,2024-06-19,16:30:00,17.29
Gorge,2024-06-19,16:40:00,16.56
Gorge,2024-06-19,16:50:00,16.61
Gorge,2024-06-19,17:00:00,16.05
Gorge,2024-06-19,17:10:00,15.87
Gorge,2024-06-19,17:20:00,17.47
Gorge,2024-06-19,17:30:00,16.48
Gorge,2024-06-19,17:40:00,16.6
Gorge,2024-06-19,17:50:00,17.06
Gorge,2024-06-19,18:00:00,16.81
Gorge,2024-06-19,18:10:00,16.58
Gorge,2024-06-19,18:20:00,16.36
Gorge,2024-06-19,18:30:00,16.16
Gorge,2024-06-19,18:40:00,16.15
Gorge,2024-06-19,18:50:00,16.2
Gorge,2024-06-19,19:00:00,16.34
Gorge,2024-06-19,19:10:00,16.34
Gorge,2024-06-19,19:20:00,16.2
Gorge,2024-06-19,19:30:00,16.12
Gorge,2024-06-19,19:40:00,16.2
Gorge,2024-06-19,19:50:00,16.05
Gorge,2024-06-19,20:00:00,15.95
Gorge,2024-06-19,20:10:00,15.92
Gorge,2024-06-19,20:20:00,15.99
Gorge,2024-06-19,20:30:00,16
Gorge,2024-06-19,20:40:00,15.77
Gorge,2024-06-19,20:50:00,15.82
Gorge,2024-06-19,21:00:00,15.82
Gorge,2024-06-19,21:10:00,15.7
Gorge,2024-06-19,21:20:00,15.73
Gorge,2024-06-19,21:30:00,15.65
Gorge,2024-06-19,21:40:00,15.69
Gorge,2024-06-19,21:50:00,15.67
Gorge,2024-06-19,22:00:00,15.72
Gorge,2024-06-19,22:10:00,15.76
Gorge,2024-06-19,22:20:00,15.76
Gorge,2024-06-19,22:30:00,15.73
Gorge,2024-06-19,22:40:00,15.65
Gorge,2024-06-19,22:50:00,15.43
Gorge,2024-06-19,23:00:00,15.29
Gorge,2024-06-19,23:10:00,15.32
Gorge,2024-06-19,23:20:00,15.34
Gorge,2024-06-19,23:30:00,15.39
Gorge,2024-06-19,23:40:00,15.4
Gorge,2024-06-19,23:50:00,15.41
Gorge,2024-06-20,0:00:00,15.48
Gorge,2024-06-20,0:10:00,15.44
Gorge,2024-06-20,0:20:00,15.47
Gorge,2024-06-20,0:30:00,15.53
Gorge,2024-06-20,0:40:00,15.56
Gorge,2024-06-20,0:50:00,15.37
Gorge,2024-06-20,1:00:00,15.42
Gorge,2024-06-20,1:10:00,15.62
Gorge,2024-06-20,1:20:00,15.82
Gorge,2024-06-20,1:30:00,15.52
Gorge,2024-06-20,1:40:00,15.62
Gorge,2024-06-20,1:50:00,15.77
Gorge,2024-06-20,2:00:00,15.87
Gorge,2024-06-20,2:10:00,15.75
Gorge,2024-06-20,2:20:00,15.61
Gorge,2024-06-20,2:30:00,15.56
Gorge,2024-06-20,2:40:00,15.51
Gorge,2024-06-20,2:50:00,15.52
Gorge,2024-06-20,3:00:00,15.85
Gorge,2024-06-20,3:10:00,15.75
Gorge,2024-06-20,3:20:00,15.87
Gorge,2024-06-20,3:30:00,15.89
Gorge,2024-06-20,3:40:00,15.7
Gorge,2024-06-20,3:50:00,15.37
Gorge,2024-06-20,4:00:00,15.18
Gorge,2024-06-20,4:10:00,15.1
Gorge,2024-06-20,4:20:00,15.06
Gorge,2024-06-20,4:30:00,15.02
Gorge,2024-06-20,4:40:00,15.02
Gorge,2024-06-20,4:50:00,15
Gorge,2024-06-20,5:00:00,14.98
Gorge,2024-06-20,5:10:00,14.98
Gorge,2024-06-20,5:20:00,15.02
Gorge,2024-06-20,5:30:00,15.16
Gorge,2024-06-20,5:40:00,15.25
Gorge,2024-06-20,5:50:00,15.36
Gorge,2024-06-20,6:00:00,15.38
Gorge,2024-06-20,6:10:00,15.41
Gorge,2024-06-20,6:20:00,15.43
Gorge,2024-06-20,6:30:00,15.49
Gorge,2024-06-20,6:40:00,15.55
Gorge,2024-06-20,6:50:00,15.55
Gorge,2024-06-20,7:00:00,15.68
Gorge,2024-06-20,7:10:00,15.91
Gorge,2024-06-20,7:20:00,16.07
Gorge,2024-06-20,7:30:00,16.21
Gorge,2024-06-20,7:40:00,16.4
Gorge,2024-06-20,7:50:00,16.4
Gorge,2024-06-20,8:00:00,16.49
Gorge,2024-06-20,8:10:00,16.76
Gorge,2024-06-20,8:20:00,16.81
Gorge,2024-06-20,8:30:00,17.03
Gorge,2024-06-20,8:40:00,17.13
Gorge,2024-06-20,8:50:00,17.35
Gorge,2024-06-20,9:00:00,17.65
Gorge,2024-06-20,9:10:00,17.8
Gorge,2024-06-20,9:20:00,17.91
Gorge,2024-06-20,9:30:00,18.02
Gorge,2024-06-20,9:40:00,18.03
Gorge,2024-06-20,9:50:00,18.08
Gorge,2024-06-20,10:00:00,18.18
Gorge,2024-06-20,10:10:00,18.35
Gorge,2024-06-20,10:20:00,18.57
Gorge,2024-06-20,10:30:00,18.77
Gorge,2024-06-20,10:40:00,18.92
Gorge,2024-06-20,10:50:00,19.08
Gorge,2024-06-20,11:00:00,19.18
Gorge,2024-06-20,11:10:00,19.35
Gorge,2024-06-20,11:20:00,19.41
Gorge,2024-06-20,11:30:00,19.42
Gorge,2024-06-20,11:40:00,19.48
Gorge,2024-06-20,11:50:00,19.5
Gorge,2024-06-20,12:00:00,19.42
Gorge,2024-06-20,12:10:00,19.41
Gorge,2024-06-20,12:20:00,19.16
Gorge,2024-06-20,12:30:00,18.85
Gorge,2024-06-20,12:40:00,18.57
Gorge,2024-06-20,12:50:00,18.09
Gorge,2024-06-20,13:00:00,17.96
Gorge,2024-06-20,13:10:00,17.77
Gorge,2024-06-20,13:20:00,17.21
Gorge,2024-06-20,13:30:00,17.21
Gorge,2024-06-20,13:40:00,17.59
Gorge,2024-06-20,13:50:00,17.72
Gorge,2024-06-20,14:00:00,17.52
Gorge,2024-06-20,14:10:00,17.26
Gorge,2024-06-20,14:20:00,17.13
Gorge,2024-06-20,14:30:00,17.28
Gorge,2024-06-20,14:40:00,17.58
Gorge,2024-06-20,14:50:00,18.34
Gorge,2024-06-20,15:00:00,18.89
Gorge,2024-06-20,15:10:00,19.23
Gorge,2024-06-20,15:20:00,19.44
Gorge,2024-06-20,15:30:00,19.02
Gorge,2024-06-20,15:40:00,18.06
Gorge,2024-06-20,15:50:00,17.44
Gorge,2024-06-20,16:00:00,17.14
Gorge,2024-06-20,16:10:00,18
Gorge,2024-06-20,16:20:00,17.43
Gorge,2024-06-20,16:30:00,16.8
Gorge,2024-06-20,16:40:00,16.34
Gorge,2024-06-20,16:50:00,16.25
Gorge,2024-06-20,17:00:00,16.34
Gorge,2024-06-20,17:10:00,16.44
Gorge,2024-06-20,17:20:00,16.46
Gorge,2024-06-20,17:30:00,16.49
Gorge,2024-06-20,17:40:00,16.37
Gorge,2024-06-20,17:50:00,16.64
Gorge,2024-06-20,18:00:00,16.73
Gorge,2024-06-20,18:10:00,16.59
Gorge,2024-06-20,18:20:00,16.54
Gorge,2024-06-20,18:30:00,16.36
Gorge,2024-06-20,18:40:00,16.32
Gorge,2024-06-20,18:50:00,16.26
Gorge,2024-06-20,19:00:00,16.19
Gorge,2024-06-20,19:10:00,16.21
Gorge,2024-06-20,19:20:00,16.29
Gorge,2024-06-20,19:30:00,16.29
Gorge,2024-06-20,19:40:00,16.31
Gorge,2024-06-20,19:50:00,16.3
Gorge,2024-06-20,20:00:00,16.26
Gorge,2024-06-20,20:10:00,16.28
Gorge,2024-06-20,20:20:00,16.18
Gorge,2024-06-20,20:30:00,15.95
Gorge,2024-06-20,20:40:00,15.86
Gorge,2024-06-20,20:50:00,15.8
Gorge,2024-06-20,21:00:00,15.76
Gorge,2024-06-20,21:10:00,15.81
Gorge,2024-06-20,21:20:00,15.87
Gorge,2024-06-20,21:30:00,15.82
Gorge,2024-06-20,21:40:00,15.88
Gorge,2024-06-20,21:50:00,15.96
Gorge,2024-06-20,22:00:00,15.86
Gorge,2024-06-20,22:10:00,15.77
Gorge,2024-06-20,22:20:00,15.74
Gorge,2024-06-20,22:30:00,15.7
Gorge,2024-06-20,22:40:00,15.57
Gorge,2024-06-20,22:50:00,15.57
Gorge,2024-06-20,23:00:00,15.75
Gorge,2024-06-20,23:10:00,15.76
Gorge,2024-06-20,23:20:00,15.84
Gorge,2024-06-20,23:30:00,15.55
Gorge,2024-06-20,23:40:00,15.63
Gorge,2024-06-20,23:50:00,15.69
Gorge,2024-06-21,0:00:00,15.62
Gorge,2024-06-21,0:10:00,15.53
Gorge,2024-06-21,0:20:00,15.59
Gorge,2024-06-21,0:30:00,15.52
Gorge,2024-06-21,0:40:00,15.36
Gorge,2024-06-21,0:50:00,15.44
Gorge,2024-06-21,1:00:00,15.28
Gorge,2024-06-21,1:10:00,15.19
Gorge,2024-06-21,1:20:00,15.37
Gorge,2024-06-21,1:30:00,15.39
Gorge,2024-06-21,1:40:00,15.38
Gorge,2024-06-21,1:50:00,15.53
Gorge,2024-06-21,2:00:00,15.6
Gorge,2024-06-21,2:10:00,15.63
Gorge,2024-06-21,2:20:00,15.65
Gorge,2024-06-21,2:30:00,15.57
Gorge,2024-06-21,2:40:00,15.53
Gorge,2024-06-21,2:50:00,15.51
Gorge,2024-06-21,3:00:00,15.77
Gorge,2024-06-21,3:10:00,15.85
Gorge,2024-06-21,3:20:00,16.01
Gorge,2024-06-21,3:30:00,16.11
Gorge,2024-06-21,3:40:00,16.12
Gorge,2024-06-21,3:50:00,16.11
Gorge,2024-06-21,4:00:00,16.08
Gorge,2024-06-21,4:10:00,16.03
Gorge,2024-06-21,4:20:00,15.42
Gorge,2024-06-21,4:30:00,15.06
Gorge,2024-06-21,4:40:00,15.06
Gorge,2024-06-21,4:50:00,15.08
Gorge,2024-06-21,5:00:00,15.08
Gorge,2024-06-21,5:10:00,15.15
Gorge,2024-06-21,5:20:00,15.12
Gorge,2024-06-21,5:30:00,15.08
Gorge,2024-06-21,5:40:00,15.11
Gorge,2024-06-21,5:50:00,15.28
Gorge,2024-06-21,6:00:00,15.38
Gorge,2024-06-21,6:10:00,15.47
Gorge,2024-06-21,6:20:00,15.47
Gorge,2024-06-21,6:30:00,15.53
Gorge,2024-06-21,6:40:00,15.6
Gorge,2024-06-21,6:50:00,15.6
Gorge,2024-06-21,7:00:00,15.71
Gorge,2024-06-21,7:10:00,15.73
Gorge,2024-06-21,7:20:00,15.84
Gorge,2024-06-21,7:30:00,16.06
Gorge,2024-06-21,7:40:00,16.26
Gorge,2024-06-21,7:50:00,16.59
Gorge,2024-06-21,8:00:00,16.74
Gorge,2024-06-21,8:10:00,16.79
Gorge,2024-06-21,8:20:00,16.88
Gorge,2024-06-21,8:30:00,17.3
Gorge,2024-06-21,8:40:00,17.46
Gorge,2024-06-21,8:50:00,17.65
Gorge,2024-06-21,9:00:00,17.72
Gorge,2024-06-21,9:10:00,17.89
Gorge,2024-06-21,9:20:00,18.12
Gorge,2024-06-21,9:30:00,18.25
Gorge,2024-06-21,9:40:00,18.35
Gorge,2024-06-21,9:50:00,18.55
Gorge,2024-06-21,10:00:00,18.72
Gorge,2024-06-21,10:10:00,18.85
Gorge,2024-06-21,10:20:00,18.98
Gorge,2024-06-21,10:30:00,19.11
Gorge,2024-06-21,10:40:00,19.35
Gorge,2024-06-21,10:50:00,19.48
Gorge,2024-06-21,11:00:00,19.68
Gorge,2024-06-21,11:10:00,19.75
Gorge,2024-06-21,11:20:00,19.8
Gorge,2024-06-21,11:30:00,19.91
Gorge,2024-06-21,11:40:00,20.01
Gorge,2024-06-21,11:50:00,20.14
Gorge,2024-06-21,12:00:00,20.22
Gorge,2024-06-21,12:10:00,20.3
Gorge,2024-06-21,12:20:00,20.41
Gorge,2024-06-21,12:30:00,20.56
Gorge,2024-06-21,12:40:00,20.65
Gorge,2024-06-21,12:50:00,20.64
Gorge,2024-06-21,13:00:00,20.64
Gorge,2024-06-21,13:10:00,20.65
Gorge,2024-06-21,13:20:00,20.83
Gorge,2024-06-21,13:30:00,20.75
Gorge,2024-06-21,13:40:00,20.88
Gorge,2024-06-21,13:50:00,21.04
Gorge,2024-06-21,14:00:00,20.78
Gorge,2024-06-21,14:10:00,19.98
Gorge,2024-06-21,14:20:00,19.03
Gorge,2024-06-21,14:30:00,19.21
Gorge,2024-06-21,14:40:00,18.32
Gorge,2024-06-21,14:50:00,17.78
Gorge,2024-06-21,15:00:00,17.72
Gorge,2024-06-21,15:10:00,17.84
Gorge,2024-06-21,15:20:00,17.97
Gorge,2024-06-21,15:30:00,18.22
Gorge,2024-06-21,15:40:00,18.12
Gorge,2024-06-21,15:50:00,18.08
Gorge,2024-06-21,16:00:00,18.13
Gorge,2024-06-21,16:10:00,18.36
Gorge,2024-06-21,16:20:00,18.04
Gorge,2024-06-21,16:30:00,17.83
Gorge,2024-06-21,16:40:00,17.78
Gorge,2024-06-21,16:50:00,17.98
Gorge,2024-06-21,17:00:00,17.54
Gorge,2024-06-21,17:10:00,17.14
Gorge,2024-06-21,17:20:00,17.49
Gorge,2024-06-21,17:30:00,17.35
Gorge,2024-06-21,17:40:00,16.98
Gorge,2024-06-21,17:50:00,16.56
Gorge,2024-06-21,18:00:00,16.19
Gorge,2024-06-21,18:10:00,16.03
Gorge,2024-06-21,18:20:00,15.88
Gorge,2024-06-21,18:30:00,15.82
Gorge,2024-06-21,18:40:00,16
Gorge,2024-06-21,18:50:00,16.08
Gorge,2024-06-21,19:00:00,16.11
Gorge,2024-06-21,19:10:00,16.46
Gorge,2024-06-21,19:20:00,16.52
Gorge,2024-06-21,19:30:00,16.31
Gorge,2024-06-21,19:40:00,16.42
Gorge,2024-06-21,19:50:00,17
Gorge,2024-06-21,20:00:00,17.19
Gorge,2024-06-21,20:10:00,17.02
Gorge,2024-06-21,20:20:00,16.87
Gorge,2024-06-21,20:30:00,16.84
Gorge,2024-06-21,20:40:00,16.72
Gorge,2024-06-21,20:50:00,16.51
Gorge,2024-06-21,21:00:00,16.36
Gorge,2024-06-21,21:10:00,16.32
Gorge,2024-06-21,21:20:00,16.41
Gorge,2024-06-21,21:30:00,16.34
Gorge,2024-06-21,21:40:00,16.16
Gorge,2024-06-21,21:50:00,16.19
Gorge,2024-06-21,22:00:00,16.32
Gorge,2024-06-21,22:10:00,16.34
Gorge,2024-06-21,22:20:00,16.2
Gorge,2024-06-21,22:30:00,15.97
Gorge,2024-06-21,22:40:00,15.59
Gorge,2024-06-21,22:50:00,15.72
Gorge,2024-06-21,23:00:00,15.93
Gorge,2024-06-21,23:10:00,16.08
Gorge,2024-06-21,23:20:00,16.24
Gorge,2024-06-21,23:30:00,16.29
Gorge,2024-06-21,23:40:00,16.18
Gorge,2024-06-21,23:50:00,16.14
Gorge,2024-06-22,0:00:00,15.87
Gorge,2024-06-22,0:10:00,15.63
Gorge,2024-06-22,0:20:00,15.66
Gorge,2024-06-22,0:30:00,15.7
Gorge,2024-06-22,0:40:00,15.8
Gorge,2024-06-22,0:50:00,15.8
Gorge,2024-06-22,1:00:00,15.8
Gorge,2024-06-22,1:10:00,15.81
Gorge,2024-06-22,1:20:00,15.74
Gorge,2024-06-22,1:30:00,15.71
Gorge,2024-06-22,1:40:00,15.73
Gorge,2024-06-22,1:50:00,15.67
Gorge,2024-06-22,2:00:00,15.48
Gorge,2024-06-22,2:10:00,15.39
Gorge,2024-06-22,2:20:00,15.41
Gorge,2024-06-22,2:30:00,15.39
Gorge,2024-06-22,2:40:00,15.39
Gorge,2024-06-22,2:50:00,15.37
Gorge,2024-06-22,3:00:00,15.28
Gorge,2024-06-22,3:10:00,15.27
Gorge,2024-06-22,3:20:00,15.32
Gorge,2024-06-22,3:30:00,15.34
Gorge,2024-06-22,3:40:00,15.3
Gorge,2024-06-22,3:50:00,15.49
Gorge,2024-06-22,4:00:00,15.57
Gorge,2024-06-22,4:10:00,15.69
Gorge,2024-06-22,4:20:00,15.74
Gorge,2024-06-22,4:30:00,15.8
Gorge,2024-06-22,4:40:00,15.76
Gorge,2024-06-22,4:50:00,15.69
Gorge,2024-06-22,5:00:00,15.43
Gorge,2024-06-22,5:10:00,15.15
Gorge,2024-06-22,5:20:00,15
Gorge,2024-06-22,5:30:00,14.94
Gorge,2024-06-22,5:40:00,14.95
Gorge,2024-06-22,5:50:00,14.98
Gorge,2024-06-22,6:00:00,15.06
Gorge,2024-06-22,6:10:00,15.09
Gorge,2024-06-22,6:20:00,15.09
Gorge,2024-06-22,6:30:00,15.15
Gorge,2024-06-22,6:40:00,15.28
Gorge,2024-06-22,6:50:00,15.4
Gorge,2024-06-22,7:00:00,15.45
Gorge,2024-06-22,7:10:00,15.46
Gorge,2024-06-22,7:20:00,15.44
Gorge,2024-06-22,7:30:00,15.53
Gorge,2024-06-22,7:40:00,15.56
Gorge,2024-06-22,7:50:00,15.6
Gorge,2024-06-22,8:00:00,15.66
Gorge,2024-06-22,8:10:00,15.67
Gorge,2024-06-22,8:20:00,16.15
Gorge,2024-06-22,8:30:00,16.54
Gorge,2024-06-22,8:40:00,16.77
Gorge,2024-06-22,8:50:00,17
Gorge,2024-06-22,9:00:00,17.16
Gorge,2024-06-22,9:10:00,17.23
Gorge,2024-06-22,9:20:00,17.46
Gorge,2024-06-22,9:30:00,17.62
Gorge,2024-06-22,9:40:00,17.64
Gorge,2024-06-22,9:50:00,17.79
Gorge,2024-06-22,10:00:00,17.92
Gorge,2024-06-22,10:10:00,18.09
Gorge,2024-06-22,10:20:00,18.28
Gorge,2024-06-22,10:30:00,18.47
Gorge,2024-06-22,10:40:00,18.53
Gorge,2024-06-22,10:50:00,18.54
Gorge,2024-06-22,11:00:00,18.64
Gorge,2024-06-22,11:10:00,18.97
Gorge,2024-06-22,11:20:00,19.16
Gorge,2024-06-22,11:30:00,19.32
Gorge,2024-06-22,11:40:00,19.48
Gorge,2024-06-22,11:50:00,19.44
Gorge,2024-06-22,12:00:00,19.47
Gorge,2024-06-22,12:10:00,19.59
Gorge,2024-06-22,12:20:00,19.69
Gorge,2024-06-22,12:30:00,19.76
Gorge,2024-06-22,12:40:00,19.68
Gorge,2024-06-22,12:50:00,19.71
Gorge,2024-06-22,13:00:00,19.76
Gorge,2024-06-22,13:10:00,19.77
Gorge,2024-06-22,13:20:00,19.83
Gorge,2024-06-22,13:30:00,19.84
Gorge,2024-06-22,13:40:00,19.83
Gorge,2024-06-22,13:50:00,19.86
Gorge,2024-06-22,14:00:00,20.01
Gorge,2024-06-22,14:10:00,19.94
Gorge,2024-06-22,14:20:00,19.91
Gorge,2024-06-22,14:30:00,20.1
Gorge,2024-06-22,14:40:00,20.03
Gorge,2024-06-22,14:50:00,20
Gorge,2024-06-22,15:00:00,19.3
Gorge,2024-06-22,15:10:00,18.02
Gorge,2024-06-22,15:20:00,19.3
Gorge,2024-06-22,15:30:00,19.59
Gorge,2024-06-22,15:40:00,19.43
Gorge,2024-06-22,15:50:00,19.14
Gorge,2024-06-22,16:00:00,18.28
Gorge,2024-06-22,16:10:00,17.97
Gorge,2024-06-22,16:20:00,18.37
Gorge,2024-06-22,16:30:00,18.47
Gorge,2024-06-22,16:40:00,17.94
Gorge,2024-06-22,16:50:00,17.25
Gorge,2024-06-22,17:00:00,17.56
Gorge,2024-06-22,17:10:00,17.75
Gorge,2024-06-22,17:20:00,18.05
Gorge,2024-06-22,17:30:00,17.81
Gorge,2024-06-22,17:40:00,17.2
Gorge,2024-06-22,17:50:00,16.87
Gorge,2024-06-22,18:00:00,16.99
Gorge,2024-06-22,18:10:00,17.54
Gorge,2024-06-22,18:20:00,17.59
Gorge,2024-06-22,18:30:00,17.23
Gorge,2024-06-22,18:40:00,17.04
Gorge,2024-06-22,18:50:00,16.5
Gorge,2024-06-22,19:00:00,15.39
Gorge,2024-06-22,19:10:00,15.71
Gorge,2024-06-22,19:20:00,16.28
Gorge,2024-06-22,19:30:00,15.67
Gorge,2024-06-22,19:40:00,15.45
Gorge,2024-06-22,19:50:00,15.54
Gorge,2024-06-22,20:00:00,15.68
Gorge,2024-06-22,20:10:00,15.39
Gorge,2024-06-22,20:20:00,15.15
Gorge,2024-06-22,20:30:00,15.19
Gorge,2024-06-22,20:40:00,15.31
Gorge,2024-06-22,20:50:00,15.72
Gorge,2024-06-22,21:00:00,15.67
Gorge,2024-06-22,21:10:00,15.47
Gorge,2024-06-22,21:20:00,15.4
Gorge,2024-06-22,21:30:00,15.4
Gorge,2024-06-22,21:40:00,15.28
Gorge,2024-06-22,21:50:00,15.28
Gorge,2024-06-22,22:00:00,15.19
Gorge,2024-06-22,22:10:00,15.25
Gorge,2024-06-22,22:20:00,15.27
Gorge,2024-06-22,22:30:00,15.47
Gorge,2024-06-22,22:40:00,15.83
Gorge,2024-06-22,22:50:00,16.01
Gorge,2024-06-22,23:00:00,15.74
Gorge,2024-06-22,23:10:00,15.71
Gorge,2024-06-22,23:20:00,15.75
Gorge,2024-06-22,23:30:00,15.78
Gorge,2024-06-22,23:40:00,15.76
Gorge,2024-06-22,23:50:00,15.8
Gorge,2024-06-23,0:00:00,16.12
Gorge,2024-06-23,0:10:00,16.12
Gorge,2024-06-23,0:20:00,16.07
Gorge,2024-06-23,0:30:00,16.08
Gorge,2024-06-23,0:40:00,16.04
Gorge,2024-06-23,0:50:00,16.03
Gorge,2024-06-23,1:00:00,16.03
Gorge,2024-06-23,1:10:00,15.99
Gorge,2024-06-23,1:20:00,16.07
Gorge,2024-06-23,1:30:00,16.17
Gorge,2024-06-23,1:40:00,16.19
Gorge,2024-06-23,1:50:00,16.13
Gorge,2024-06-23,2:00:00,16.17
Gorge,2024-06-23,2:10:00,16.1
Gorge,2024-06-23,2:20:00,16.07
Gorge,2024-06-23,2:30:00,16.06
Gorge,2024-06-23,2:40:00,16
Gorge,2024-06-23,2:50:00,15.98
Gorge,2024-06-23,3:00:00,16.01
Gorge,2024-06-23,3:10:00,16.15
Gorge,2024-06-23,3:20:00,16.2
Gorge,2024-06-23,3:30:00,16.34
Gorge,2024-06-23,3:40:00,16.21
Gorge,2024-06-23,3:50:00,15.95
Gorge,2024-06-23,4:00:00,15.52
Gorge,2024-06-23,4:10:00,15.44
Gorge,2024-06-23,4:20:00,15.37
Gorge,2024-06-23,4:30:00,15.48
Gorge,2024-06-23,4:40:00,15.58
Gorge,2024-06-23,4:50:00,15.45
Gorge,2024-06-23,5:00:00,15.31
Gorge,2024-06-23,5:10:00,15.18
Gorge,2024-06-23,5:20:00,15.06
Gorge,2024-06-23,5:30:00,15.09
Gorge,2024-06-23,5:40:00,15.58
Gorge,2024-06-23,5:50:00,15.23
Gorge,2024-06-23,6:00:00,14.84
Gorge,2024-06-23,6:10:00,14.54
Gorge,2024-06-23,6:20:00,14.55
Gorge,2024-06-23,6:30:00,14.69
Gorge,2024-06-23,6:40:00,14.78
Gorge,2024-06-23,6:50:00,14.82
Gorge,2024-06-23,7:00:00,14.75
Gorge,2024-06-23,7:10:00,14.69
Gorge,2024-06-23,7:20:00,14.66
Gorge,2024-06-23,7:30:00,14.67
Gorge,2024-06-23,7:40:00,14.78
Gorge,2024-06-23,7:50:00,14.86
Gorge,2024-06-23,8:00:00,14.87
Gorge,2024-06-23,8:10:00,14.93
Gorge,2024-06-23,8:20:00,14.95
Gorge,2024-06-23,8:30:00,14.99
Gorge,2024-06-23,8:40:00,15.02
Gorge,2024-06-23,8:50:00,15.13
Gorge,2024-06-23,9:00:00,15.33
Gorge,2024-06-23,9:10:00,15.56
Gorge,2024-06-23,9:20:00,15.73
Gorge,2024-06-23,9:30:00,15.8
Gorge,2024-06-23,9:40:00,15.93
Gorge,2024-06-23,9:50:00,15.91
Gorge,2024-06-23,10:00:00,16.17
Gorge,2024-06-23,10:10:00,16.33
Gorge,2024-06-23,10:20:00,16.54
Gorge,2024-06-23,10:30:00,16.64
Gorge,2024-06-23,10:40:00,16.67
Gorge,2024-06-23,10:50:00,16.84
Gorge,2024-06-23,11:00:00,17.13
Gorge,2024-06-23,11:10:00,17.33
Gorge,2024-06-23,11:20:00,17.53
Gorge,2024-06-23,11:30:00,17.69
Gorge,2024-06-23,11:40:00,17.82
Gorge,2024-06-23,11:50:00,17.9
Gorge,2024-06-23,12:00:00,18.02
Gorge,2024-06-23,12:10:00,18.07
Gorge,2024-06-23,12:20:00,18.21
Gorge,2024-06-23,12:30:00,18.29
Gorge,2024-06-23,12:40:00,18.43
Gorge,2024-06-23,12:50:00,18.64
Gorge,2024-06-23,13:00:00,18.63
Gorge,2024-06-23,13:10:00,18.87
Gorge,2024-06-23,13:20:00,18.95
Gorge,2024-06-23,13:30:00,19.02
Gorge,2024-06-23,13:40:00,19.09
Gorge,2024-06-23,13:50:00,19.17
Gorge,2024-06-23,14:00:00,19.5
Gorge,2024-06-23,14:10:00,19.57
Gorge,2024-06-23,14:20:00,19.71
Gorge,2024-06-23,14:30:00,19.62
Gorge,2024-06-23,14:40:00,19.61
Gorge,2024-06-23,14:50:00,19.62
Gorge,2024-06-23,15:00:00,19.6
Gorge,2024-06-23,15:10:00,19.42
Gorge,2024-06-23,15:20:00,19.55
Gorge,2024-06-23,15:30:00,19.56
Gorge,2024-06-23,15:40:00,19.62
Gorge,2024-06-23,15:50:00,19.35
Gorge,2024-06-23,16:00:00,18.3
Gorge,2024-06-23,16:10:00,17.98
Gorge,2024-06-23,16:20:00,17.49
Gorge,2024-06-23,16:30:00,17.26
Gorge,2024-06-23,16:40:00,17.58
Gorge,2024-06-23,16:50:00,16.34
Gorge,2024-06-23,17:00:00,15.68
Gorge,2024-06-23,17:10:00,15.54
Gorge,2024-06-23,17:20:00,15.72
Gorge,2024-06-23,17:30:00,16.77
Gorge,2024-06-23,17:40:00,16.77
Gorge,2024-06-23,17:50:00,17.6
Gorge,2024-06-23,18:00:00,19.06
Gorge,2024-06-23,18:10:00,19.26
Gorge,2024-06-23,18:20:00,19.07
Gorge,2024-06-23,18:30:00,17.58
Gorge,2024-06-23,18:40:00,18.64
Gorge,2024-06-23,18:50:00,18.32
Gorge,2024-06-23,19:00:00,17.54
Gorge,2024-06-23,19:10:00,17.14
Gorge,2024-06-23,19:20:00,17.41
Gorge,2024-06-23,19:30:00,16.21
Gorge,2024-06-23,19:40:00,16.63
Gorge,2024-06-23,19:50:00,16.58
Gorge,2024-06-23,20:00:00,16.47
Gorge,2024-06-23,20:10:00,16.46
Gorge,2024-06-23,20:20:00,16.03
Gorge,2024-06-23,20:30:00,15.44
Gorge,2024-06-23,20:40:00,15.37
Gorge,2024-06-23,20:50:00,15.06
Gorge,2024-06-23,21:00:00,14.96
Gorge,2024-06-23,21:10:00,14.83
Gorge,2024-06-23,21:20:00,14.89
Gorge,2024-06-23,21:30:00,14.99
Gorge,2024-06-23,21:40:00,14.94
Gorge,2024-06-23,21:50:00,15.1
Gorge,2024-06-23,22:00:00,15.48
Gorge,2024-06-23,22:10:00,15.55
Gorge,2024-06-23,22:20:00,15.58
Gorge,2024-06-23,22:30:00,15.7
Gorge,2024-06-23,22:40:00,15.42
Gorge,2024-06-23,22:50:00,15.09
Gorge,2024-06-23,23:00:00,15.02
Gorge,2024-06-23,23:10:00,14.87
Gorge,2024-06-23,23:20:00,14.71
Gorge,2024-06-23,23:30:00,15.09
Gorge,2024-06-23,23:40:00,15.15
Gorge,2024-06-23,23:50:00,14.89
Gorge,2024-06-24,0:00:00,14.57
Gorge,2024-06-24,0:10:00,14.52
Gorge,2024-06-24,0:20:00,14.51
Gorge,2024-06-24,0:30:00,14.92
Gorge,2024-06-24,0:40:00,14.83
Gorge,2024-06-24,0:50:00,14.63
Gorge,2024-06-24,1:00:00,14.45
Gorge,2024-06-24,1:10:00,14.41
Gorge,2024-06-24,1:20:00,14.4
Gorge,2024-06-24,1:30:00,14.72
Gorge,2024-06-24,1:40:00,14.75
Gorge,2024-06-24,1:50:00,14.86
Gorge,2024-06-24,2:00:00,14.8
Gorge,2024-06-24,2:10:00,14.75
Gorge,2024-06-24,2:20:00,14.96
Gorge,2024-06-24,2:30:00,14.98
Gorge,2024-06-24,2:40:00,14.83
Gorge,2024-06-24,2:50:00,14.65
Gorge,2024-06-24,3:00:00,14.69
Gorge,2024-06-24,3:10:00,14.77
Gorge,2024-06-24,3:20:00,14.94
Gorge,2024-06-24,3:30:00,14.94
Gorge,2024-06-24,3:40:00,14.95
Gorge,2024-06-24,3:50:00,14.99
Gorge,2024-06-24,4:00:00,14.95
Gorge,2024-06-24,4:10:00,14.84
Gorge,2024-06-24,4:20:00,14.75
Gorge,2024-06-24,4:30:00,14.83
Gorge,2024-06-24,4:40:00,14.82
Gorge,2024-06-24,4:50:00,14.89
Gorge,2024-06-24,5:00:00,14.81
Gorge,2024-06-24,5:10:00,14.72
Gorge,2024-06-24,5:20:00,14.75
Gorge,2024-06-24,5:30:00,14.84
Gorge,2024-06-24,5:40:00,14.81
Gorge,2024-06-24,5:50:00,14.8
Gorge,2024-06-24,6:00:00,14.69
Gorge,2024-06-24,6:10:00,14.67
Gorge,2024-06-24,6:20:00,14.66
Gorge,2024-06-24,6:30:00,14.54
Gorge,2024-06-24,6:40:00,14.47
Gorge,2024-06-24,6:50:00,14.44
Gorge,2024-06-24,7:00:00,14.47
Gorge,2024-06-24,7:10:00,14.5
Gorge,2024-06-24,7:20:00,14.45
Gorge,2024-06-24,7:30:00,14.5
Gorge,2024-06-24,7:40:00,14.58
Gorge,2024-06-24,7:50:00,14.77
Gorge,2024-06-24,8:00:00,14.85
Gorge,2024-06-24,8:10:00,14.92
Gorge,2024-06-24,8:20:00,14.95
Gorge,2024-06-24,8:30:00,15
Gorge,2024-06-24,8:40:00,15.04
Gorge,2024-06-24,8:50:00,15.09
Gorge,2024-06-24,9:00:00,15.14
Gorge,2024-06-24,9:10:00,15.18
Gorge,2024-06-24,9:20:00,15.24
Gorge,2024-06-24,9:30:00,15.29
Gorge,2024-06-24,9:40:00,15.45
Gorge,2024-06-24,9:50:00,15.77
Gorge,2024-06-24,10:00:00,15.97
Gorge,2024-06-24,10:10:00,16.13
Gorge,2024-06-24,10:20:00,16.29
Gorge,2024-06-24,10:30:00,16.35
Gorge,2024-06-24,10:40:00,16.6
Gorge,2024-06-24,10:50:00,16.74
Gorge,2024-06-24,11:00:00,16.88
Gorge,2024-06-24,11:10:00,17.14
Gorge,2024-06-24,11:20:00,17.19
Gorge,2024-06-24,11:30:00,17.34
Gorge,2024-06-24,11:40:00,17.58
Gorge,2024-06-24,11:50:00,17.83
Gorge,2024-06-24,12:00:00,18.06
Gorge,2024-06-24,12:10:00,18.13
Gorge,2024-06-24,12:20:00,18.29
Gorge,2024-06-24,12:30:00,18.4
Gorge,2024-06-24,12:40:00,18.54
Gorge,2024-06-24,12:50:00,18.68
Gorge,2024-06-24,13:00:00,18.84
Gorge,2024-06-24,13:10:00,19.1
Gorge,2024-06-24,13:20:00,19.31
Gorge,2024-06-24,13:30:00,19.37
Gorge,2024-06-24,13:40:00,19.38
Gorge,2024-06-24,13:50:00,19.55
Gorge,2024-06-24,14:00:00,19.59
Gorge,2024-06-24,14:10:00,19.6
Gorge,2024-06-24,14:20:00,19.69
Gorge,2024-06-24,14:30:00,19.66
Gorge,2024-06-24,14:40:00,19.71
Gorge,2024-06-24,14:50:00,19.72
Gorge,2024-06-24,15:00:00,19.75
Gorge,2024-06-24,15:10:00,19.83
Gorge,2024-06-24,15:20:00,19.87
Gorge,2024-06-24,15:30:00,19.92
Gorge,2024-06-24,15:40:00,19.96
Gorge,2024-06-24,15:50:00,20
Gorge,2024-06-24,16:00:00,20.04
Gorge,2024-06-24,16:10:00,20
Gorge,2024-06-24,16:20:00,19.96
Gorge,2024-06-24,16:30:00,19.97
Gorge,2024-06-24,16:40:00,19.86
Gorge,2024-06-24,16:50:00,19.79
Gorge,2024-06-24,17:00:00,19.83
Gorge,2024-06-24,17:10:00,19.8
Gorge,2024-06-24,17:20:00,18.76
Gorge,2024-06-24,17:30:00,18.21
Gorge,2024-06-24,17:40:00,17.83
Gorge,2024-06-24,17:50:00,17.3
Gorge,2024-06-24,18:00:00,17.09
Gorge,2024-06-24,18:10:00,17.08
Gorge,2024-06-24,18:20:00,17.3
Gorge,2024-06-24,18:30:00,17.67
Gorge,2024-06-24,18:40:00,17.34
Gorge,2024-06-24,18:50:00,17.05
Gorge,2024-06-24,19:00:00,16.85
Gorge,2024-06-24,19:10:00,16.85
Gorge,2024-06-24,19:20:00,16.94
Gorge,2024-06-24,19:30:00,16.71
Gorge,2024-06-24,19:40:00,16.01
Gorge,2024-06-24,19:50:00,15.86
Gorge,2024-06-24,20:00:00,15.88
Gorge,2024-06-24,20:10:00,16.12
Gorge,2024-06-24,20:20:00,15.76
Gorge,2024-06-24,20:30:00,15.81
Gorge,2024-06-24,20:40:00,15.66
Gorge,2024-06-24,20:50:00,15.15
Gorge,2024-06-24,21:00:00,14.94
Gorge,2024-06-24,21:10:00,14.97
Gorge,2024-06-24,21:20:00,14.91
Gorge,2024-06-24,21:30:00,14.88
Gorge,2024-06-24,21:40:00,14.84
Gorge,2024-06-24,21:50:00,14.86
Gorge,2024-06-24,22:00:00,14.89
Gorge,2024-06-24,22:10:00,14.84
Gorge,2024-06-24,22:20:00,14.96
Gorge,2024-06-24,22:30:00,14.92
Gorge,2024-06-24,22:40:00,14.92
Gorge,2024-06-24,22:50:00,14.98
Gorge,2024-06-24,23:00:00,14.99
Gorge,2024-06-24,23:10:00,15.02
Gorge,2024-06-24,23:20:00,15.06
Gorge,2024-06-24,23:30:00,15.11
Gorge,2024-06-24,23:40:00,15.13
Gorge,2024-06-24,23:50:00,15.26
Gorge,2024-06-25,0:00:00,15.3
Gorge,2024-06-25,0:10:00,15.57
Gorge,2024-06-25,0:20:00,15.55
Gorge,2024-06-25,0:30:00,15.54
Gorge,2024-06-25,0:40:00,15.56
Gorge,2024-06-25,0:50:00,15.53
Gorge,2024-06-25,1:00:00,15.49
Gorge,2024-06-25,1:10:00,15.51
Gorge,2024-06-25,1:20:00,15.56
Gorge,2024-06-25,1:30:00,15.45
Gorge,2024-06-25,1:40:00,15.38
Gorge,2024-06-25,1:50:00,15.53
Gorge,2024-06-25,2:00:00,15.4
Gorge,2024-06-25,2:10:00,15.23
Gorge,2024-06-25,2:20:00,15.11
Gorge,2024-06-25,2:30:00,15.31
Gorge,2024-06-25,2:40:00,15.47
Gorge,2024-06-25,2:50:00,15.44
Gorge,2024-06-25,3:00:00,15.01
Gorge,2024-06-25,3:10:00,14.78
Gorge,2024-06-25,3:20:00,14.68
Gorge,2024-06-25,3:30:00,14.69
Gorge,2024-06-25,3:40:00,14.69
Gorge,2024-06-25,3:50:00,14.68
Gorge,2024-06-25,4:00:00,14.66
Gorge,2024-06-25,4:10:00,14.7
Gorge,2024-06-25,4:20:00,14.75
Gorge,2024-06-25,4:30:00,14.78
Gorge,2024-06-25,4:40:00,14.85
Gorge,2024-06-25,4:50:00,14.93
Gorge,2024-06-25,5:00:00,14.93
Gorge,2024-06-25,5:10:00,14.98
Gorge,2024-06-25,5:20:00,15.03
Gorge,2024-06-25,5:30:00,15.16
Gorge,2024-06-25,5:40:00,15.24
Gorge,2024-06-25,5:50:00,15.01
Gorge,2024-06-25,6:00:00,14.96
Gorge,2024-06-25,6:10:00,15.01
Gorge,2024-06-25,6:20:00,15.01
Gorge,2024-06-25,6:30:00,14.92
Gorge,2024-06-25,6:40:00,14.86
Gorge,2024-06-25,6:50:00,14.86
Gorge,2024-06-25,7:00:00,14.89
Gorge,2024-06-25,7:10:00,14.69
Gorge,2024-06-25,7:20:00,14.57
Gorge,2024-06-25,7:30:00,14.55
Gorge,2024-06-25,7:40:00,14.57
Gorge,2024-06-25,7:50:00,14.54
Gorge,2024-06-25,8:00:00,14.59
Gorge,2024-06-25,8:10:00,14.65
Gorge,2024-06-25,8:20:00,14.69
Gorge,2024-06-25,8:30:00,14.82
Gorge,2024-06-25,8:40:00,14.99
Gorge,2024-06-25,8:50:00,15.16
Gorge,2024-06-25,9:00:00,15.34
Gorge,2024-06-25,9:10:00,15.47
Gorge,2024-06-25,9:20:00,15.54
Gorge,2024-06-25,9:30:00,15.63
Gorge,2024-06-25,9:40:00,15.72
Gorge,2024-06-25,9:50:00,15.84
Gorge,2024-06-25,10:00:00,15.93
Gorge,2024-06-25,10:10:00,15.95
Gorge,2024-06-25,10:20:00,16.08
Gorge,2024-06-25,10:30:00,16.37
Gorge,2024-06-25,10:40:00,16.58
Gorge,2024-06-25,10:50:00,16.75
Gorge,2024-06-25,11:00:00,16.92
Gorge,2024-06-25,11:10:00,17.05
Gorge,2024-06-25,11:20:00,17.17
Gorge,2024-06-25,11:30:00,17.38
Gorge,2024-06-25,11:40:00,17.54
Gorge,2024-06-25,11:50:00,17.76
Gorge,2024-06-25,12:00:00,17.98
Gorge,2024-06-25,12:10:00,18.18
Gorge,2024-06-25,12:20:00,18.29
Gorge,2024-06-25,12:30:00,18.4
Gorge,2024-06-25,12:40:00,18.55
Gorge,2024-06-25,12:50:00,18.66
Gorge,2024-06-25,13:00:00,19.16
Gorge,2024-06-25,13:10:00,19.32
Gorge,2024-06-25,13:20:00,19.37
Gorge,2024-06-25,13:30:00,19.41
Gorge,2024-06-25,13:40:00,19.5
Gorge,2024-06-25,13:50:00,19.65
Gorge,2024-06-25,14:00:00,19.7
Gorge,2024-06-25,14:10:00,19.81
Gorge,2024-06-25,14:20:00,19.97
Gorge,2024-06-25,14:30:00,20.17
Gorge,2024-06-25,14:40:00,20.22
Gorge,2024-06-25,14:50:00,20.33
Gorge,2024-06-25,15:00:00,20.37
Gorge,2024-06-25,15:10:00,20.43
Gorge,2024-06-25,15:20:00,20.56
Gorge,2024-06-25,15:30:00,20.63
Gorge,2024-06-25,15:40:00,20.61
Gorge,2024-06-25,15:50:00,20.6
Gorge,2024-06-25,16:00:00,20.73
Gorge,2024-06-25,16:10:00,20.74
Gorge,2024-06-25,16:20:00,20.71
Gorge,2024-06-25,16:30:00,19.8
Gorge,2024-06-25,16:40:00,18.76
Gorge,2024-06-25,16:50:00,18.28
Gorge,2024-06-25,17:00:00,18.07
Gorge,2024-06-25,17:10:00,17.61
Gorge,2024-06-25,17:20:00,17.46
Gorge,2024-06-25,17:30:00,17.46
Gorge,2024-06-25,17:40:00,17.21
Gorge,2024-06-25,17:50:00,17.43
Gorge,2024-06-25,18:00:00,17.11
Gorge,2024-06-25,18:10:00,16.42
Gorge,2024-06-25,18:20:00,16.42
Gorge,2024-06-25,18:30:00,16.76
Gorge,2024-06-25,18:40:00,16.31
Gorge,2024-06-25,18:50:00,15.91
Gorge,2024-06-25,19:00:00,15.51
Gorge,2024-06-25,19:10:00,15.24
Gorge,2024-06-25,19:20:00,15.41
Gorge,2024-06-25,19:30:00,15.59
Gorge,2024-06-25,19:40:00,15.62
Gorge,2024-06-25,19:50:00,15.46
Gorge,2024-06-25,20:00:00,15.82
Gorge,2024-06-25,20:10:00,15.86
Gorge,2024-06-25,20:20:00,15.73
Gorge,2024-06-25,20:30:00,15.73
Gorge,2024-06-25,20:40:00,15.96
Gorge,2024-06-25,20:50:00,15.91
Gorge,2024-06-25,21:00:00,15.49
Gorge,2024-06-25,21:10:00,15.39
Gorge,2024-06-25,21:20:00,15.46
Gorge,2024-06-25,21:30:00,15.53
Gorge,2024-06-25,21:40:00,15.45
Gorge,2024-06-25,21:50:00,15.34
Gorge,2024-06-25,22:00:00,15.36
Gorge,2024-06-25,22:10:00,15.33
Gorge,2024-06-25,22:20:00,15.28
Gorge,2024-06-25,22:30:00,15.31
Gorge,2024-06-25,22:40:00,15.25
Gorge,2024-06-25,22:50:00,15.29
Gorge,2024-06-25,23:00:00,15.37
Gorge,2024-06-25,23:10:00,15.3
Gorge,2024-06-25,23:20:00,15.23
Gorge,2024-06-25,23:30:00,15.06
Gorge,2024-06-25,23:40:00,15
Gorge,2024-06-25,23:50:00,15.13
Gorge,2024-06-26,0:00:00,15.36
Gorge,2024-06-26,0:10:00,15.63
Gorge,2024-06-26,0:20:00,15.53
Gorge,2024-06-26,0:30:00,15.58
Gorge,2024-06-26,0:40:00,15.6
Gorge,2024-06-26,0:50:00,15.61
Gorge,2024-06-26,1:00:00,15.7
Gorge,2024-06-26,1:10:00,15.65
Gorge,2024-06-26,1:20:00,15.62
Gorge,2024-06-26,1:30:00,15.54
Gorge,2024-06-26,1:40:00,15.54
Gorge,2024-06-26,1:50:00,15.32
Gorge,2024-06-26,2:00:00,15.29
Gorge,2024-06-26,2:10:00,15.27
Gorge,2024-06-26,2:20:00,15.08
Gorge,2024-06-26,2:30:00,15.13
Gorge,2024-06-26,2:40:00,15.19
Gorge,2024-06-26,2:50:00,15.24
Gorge,2024-06-26,3:00:00,15.21
Gorge,2024-06-26,3:10:00,15.32
Gorge,2024-06-26,3:20:00,15.37
Gorge,2024-06-26,3:30:00,15.3
Gorge,2024-06-26,3:40:00,15.32
Gorge,2024-06-26,3:50:00,15.3
Gorge,2024-06-26,4:00:00,15.31
Gorge,2024-06-26,4:10:00,15.32
Gorge,2024-06-26,4:20:00,15.19
Gorge,2024-06-26,4:30:00,15.13
Gorge,2024-06-26,4:40:00,15.07
Gorge,2024-06-26,4:50:00,15.04
Gorge,2024-06-26,5:00:00,15.07
Gorge,2024-06-26,5:10:00,15.23
Gorge,2024-06-26,5:20:00,15.3
Gorge,2024-06-26,5:30:00,15.29
Gorge,2024-06-26,5:40:00,15.27
Gorge,2024-06-26,5:50:00,15.26
Gorge,2024-06-26,6:00:00,15.25
Gorge,2024-06-26,6:10:00,15.19
Gorge,2024-06-26,6:20:00,15.23
Gorge,2024-06-26,6:30:00,15.24
Gorge,2024-06-26,6:40:00,15.26
Gorge,2024-06-26,6:50:00,15.31
Gorge,2024-06-26,7:00:00,15.3
Gorge,2024-06-26,7:10:00,15.36
Gorge,2024-06-26,7:20:00,15.38
Gorge,2024-06-26,7:30:00,15.39
Gorge,2024-06-26,7:40:00,15.34
Gorge,2024-06-26,7:50:00,15.12
Gorge,2024-06-26,8:00:00,14.89
Gorge,2024-06-26,8:10:00,14.83
Gorge,2024-06-26,8:20:00,14.75
Gorge,2024-06-26,8:30:00,14.89
Gorge,2024-06-26,8:40:00,14.84
Gorge,2024-06-26,8:50:00,14.8
Gorge,2024-06-26,9:00:00,14.85
Gorge,2024-06-26,9:10:00,14.89
Gorge,2024-06-26,9:20:00,14.95
Gorge,2024-06-26,9:30:00,14.98
Gorge,2024-06-26,9:40:00,15.09
Gorge,2024-06-26,9:50:00,15.16
Gorge,2024-06-26,10:00:00,15.3
Gorge,2024-06-26,10:10:00,15.4
Gorge,2024-06-26,10:20:00,15.47
Gorge,2024-06-26,10:30:00,15.61
Gorge,2024-06-26,10:40:00,15.77
Gorge,2024-06-26,10:50:00,15.82
Gorge,2024-06-26,11:00:00,16
Gorge,2024-06-26,11:10:00,16.19
Gorge,2024-06-26,11:20:00,16.31
Gorge,2024-06-26,11:30:00,16.35
Gorge,2024-06-26,11:40:00,16.47
Gorge,2024-06-26,11:50:00,16.67
Gorge,2024-06-26,12:00:00,16.81
Gorge,2024-06-26,12:10:00,16.95
Gorge,2024-06-26,12:20:00,17.06
Gorge,2024-06-26,12:30:00,17.31
Gorge,2024-06-26,12:40:00,17.35
Gorge,2024-06-26,12:50:00,17.36
Gorge,2024-06-26,13:00:00,17.45
Gorge,2024-06-26,13:10:00,17.72
Gorge,2024-06-26,13:20:00,18.18
Gorge,2024-06-26,13:30:00,18.28
Gorge,2024-06-26,13:40:00,18.27
Gorge,2024-06-26,13:50:00,18.25
Gorge,2024-06-26,14:00:00,18.18
Gorge,2024-06-26,14:10:00,18.46
Gorge,2024-06-26,14:20:00,18.68
Gorge,2024-06-26,14:30:00,18.96
Gorge,2024-06-26,14:40:00,19.06
Gorge,2024-06-26,14:50:00,19.01
Gorge,2024-06-26,15:00:00,19.16
Gorge,2024-06-26,15:10:00,19.25
Gorge,2024-06-26,15:20:00,19.27
Gorge,2024-06-26,15:30:00,19.3
Gorge,2024-06-26,15:40:00,19.32
Gorge,2024-06-26,15:50:00,19.38
Gorge,2024-06-26,16:00:00,19.38
Gorge,2024-06-26,16:10:00,19.31
Gorge,2024-06-26,16:20:00,19.01
Gorge,2024-06-26,16:30:00,18.7
Gorge,2024-06-26,16:40:00,18.03
Gorge,2024-06-26,16:50:00,17.21
Gorge,2024-06-26,17:00:00,17.11
Gorge,2024-06-26,17:10:00,17
Gorge,2024-06-26,17:20:00,16.73
Gorge,2024-06-26,17:30:00,16.73
Gorge,2024-06-26,17:40:00,17.05
Gorge,2024-06-26,17:50:00,17.67
Gorge,2024-06-26,18:00:00,18.29
Gorge,2024-06-26,18:10:00,17.53
Gorge,2024-06-26,18:20:00,16.96
Gorge,2024-06-26,18:30:00,16.79
Gorge,2024-06-26,18:40:00,16.51
Gorge,2024-06-26,18:50:00,16.11
Gorge,2024-06-26,19:00:00,15.9
Gorge,2024-06-26,19:10:00,15.66
Gorge,2024-06-26,19:20:00,15.27
Gorge,2024-06-26,19:30:00,15.51
Gorge,2024-06-26,19:40:00,15.56
Gorge,2024-06-26,19:50:00,15.41
Gorge,2024-06-26,20:00:00,15.16
Gorge,2024-06-26,20:10:00,15.16
Gorge,2024-06-26,20:20:00,15.25
Gorge,2024-06-26,20:30:00,15.23
Gorge,2024-06-26,20:40:00,15.54
Gorge,2024-06-26,20:50:00,15.99
Gorge,2024-06-26,21:00:00,15.65
Gorge,2024-06-26,21:10:00,15.48
Gorge,2024-06-26,21:20:00,15.18
Gorge,2024-06-26,21:30:00,15.15
Gorge,2024-06-26,21:40:00,15.18
Gorge,2024-06-26,21:50:00,14.84
Gorge,2024-06-26,22:00:00,14.57
Gorge,2024-06-26,22:10:00,14.57
Gorge,2024-06-26,22:20:00,14.68
Gorge,2024-06-26,22:30:00,15.08
Gorge,2024-06-26,22:40:00,14.75
Gorge,2024-06-26,22:50:00,14.57
Gorge,2024-06-26,23:00:00,14.59
Gorge,2024-06-26,23:10:00,14.42
Gorge,2024-06-26,23:20:00,14.25
Gorge,2024-06-26,23:30:00,14.2
Gorge,2024-06-26,23:40:00,14.64
Gorge,2024-06-26,23:50:00,15.16
Gorge,2024-06-27,0:00:00,15.09
Gorge,2024-06-27,0:10:00,14.8
Gorge,2024-06-27,0:20:00,15.09
Gorge,2024-06-27,0:30:00,15.6
Gorge,2024-06-27,0:40:00,15.7
Gorge,2024-06-27,0:50:00,15.67
Gorge,2024-06-27,1:00:00,15.61
Gorge,2024-06-27,1:10:00,15.56
Gorge,2024-06-27,1:20:00,15.66
Gorge,2024-06-27,1:30:00,15.69
Gorge,2024-06-27,1:40:00,15.71
Gorge,2024-06-27,1:50:00,15.66
Gorge,2024-06-27,2:00:00,15.54
Gorge,2024-06-27,2:10:00,15.56
Gorge,2024-06-27,2:20:00,15.46
Gorge,2024-06-27,2:30:00,15.34
Gorge,2024-06-27,2:40:00,15.25
Gorge,2024-06-27,2:50:00,14.87
Gorge,2024-06-27,3:00:00,14.86
Gorge,2024-06-27,3:10:00,14.83
Gorge,2024-06-27,3:20:00,14.8
Gorge,2024-06-27,3:30:00,14.68
Gorge,2024-06-27,3:40:00,14.6
Gorge,2024-06-27,3:50:00,14.66
Gorge,2024-06-27,4:00:00,14.73
Gorge,2024-06-27,4:10:00,14.83
Gorge,2024-06-27,4:20:00,14.77
Gorge,2024-06-27,4:30:00,14.73
Gorge,2024-06-27,4:40:00,14.7
Gorge,2024-06-27,4:50:00,14.75
Gorge,2024-06-27,5:00:00,14.81
Gorge,2024-06-27,5:10:00,14.78
Gorge,2024-06-27,5:20:00,14.79
Gorge,2024-06-27,5:30:00,14.85
Gorge,2024-06-27,5:40:00,14.84
Gorge,2024-06-27,5:50:00,14.82
Gorge,2024-06-27,6:00:00,14.87
Gorge,2024-06-27,6:10:00,15.03
Gorge,2024-06-27,6:20:00,15.19
Gorge,2024-06-27,6:30:00,15.17
Gorge,2024-06-27,6:40:00,15.16
Gorge,2024-06-27,6:50:00,15.16
Gorge,2024-06-27,7:00:00,15.17
Gorge,2024-06-27,7:10:00,15.21
Gorge,2024-06-27,7:20:00,15.15
Gorge,2024-06-27,7:30:00,15.15
Gorge,2024-06-27,7:40:00,15.12
Gorge,2024-06-27,7:50:00,15.08
Gorge,2024-06-27,8:00:00,15.03
Gorge,2024-06-27,8:10:00,14.99
Gorge,2024-06-27,8:20:00,14.86
Gorge,2024-06-27,8:30:00,14.92
Gorge,2024-06-27,8:40:00,14.91
Gorge,2024-06-27,8:50:00,14.79
Gorge,2024-06-27,9:00:00,14.75
Gorge,2024-06-27,9:10:00,14.77
Gorge,2024-06-27,9:20:00,14.8
Gorge,2024-06-27,9:30:00,14.73
Gorge,2024-06-27,9:40:00,14.78
Gorge,2024-06-27,9:50:00,14.79
Gorge,2024-06-27,10:00:00,14.8
Gorge,2024-06-27,10:10:00,14.99
Gorge,2024-06-27,10:20:00,15.09
Gorge,2024-06-27,10:30:00,15.19
Gorge,2024-06-27,10:40:00,15.22
Gorge,2024-06-27,10:50:00,15.32
Gorge,2024-06-27,11:00:00,15.37
Gorge,2024-06-27,11:10:00,15.52
Gorge,2024-06-27,11:20:00,15.59
Gorge,2024-06-27,11:30:00,15.69
Gorge,2024-06-27,11:40:00,15.72
Gorge,2024-06-27,11:50:00,15.69
Gorge,2024-06-27,12:00:00,15.86
Gorge,2024-06-27,12:10:00,16.03
Gorge,2024-06-27,12:20:00,16.17
Gorge,2024-06-27,12:30:00,16.28
Gorge,2024-06-27,12:40:00,16.41
Gorge,2024-06-27,12:50:00,16.61
Gorge,2024-06-27,13:00:00,16.8
Gorge,2024-06-27,13:10:00,17.01
Gorge,2024-06-27,13:20:00,17.08
Gorge,2024-06-27,13:30:00,17.46
Gorge,2024-06-27,13:40:00,17.59
Gorge,2024-06-27,13:50:00,17.72
Gorge,2024-06-27,14:00:00,17.93
Gorge,2024-06-27,14:10:00,18.05
Gorge,2024-06-27,14:20:00,18.1
Gorge,2024-06-27,14:30:00,18.17
Gorge,2024-06-27,14:40:00,18.27
Gorge,2024-06-27,14:50:00,18.36
Gorge,2024-06-27,15:00:00,18.42
Gorge,2024-06-27,15:10:00,18.42
Gorge,2024-06-27,15:20:00,18.48
Gorge,2024-06-27,15:30:00,18.53
Gorge,2024-06-27,15:40:00,18.63
Gorge,2024-06-27,15:50:00,18.83
Gorge,2024-06-27,16:00:00,19
Gorge,2024-06-27,16:10:00,19.02
Gorge,2024-06-27,16:20:00,18.97
Gorge,2024-06-27,16:30:00,18.92
Gorge,2024-06-27,16:40:00,18.91
Gorge,2024-06-27,16:50:00,18.94
Gorge,2024-06-27,17:00:00,18.95
Gorge,2024-06-27,17:10:00,18.79
Gorge,2024-06-27,17:20:00,18.52
Gorge,2024-06-27,17:30:00,17.36
Gorge,2024-06-27,17:40:00,17.11
Gorge,2024-06-27,17:50:00,17.39
Gorge,2024-06-27,18:00:00,17.25
Gorge,2024-06-27,18:10:00,17.03
Gorge,2024-06-27,18:20:00,16.61
Gorge,2024-06-27,18:30:00,17.26
Gorge,2024-06-27,18:40:00,16.82
Gorge,2024-06-27,18:50:00,16.33
Gorge,2024-06-27,19:00:00,15.77
Gorge,2024-06-27,19:10:00,15.32
Gorge,2024-06-27,19:20:00,15.17
Gorge,2024-06-27,19:30:00,15.08
Gorge,2024-06-27,19:40:00,15.16
Gorge,2024-06-27,19:50:00,15.23
Gorge,2024-06-27,20:00:00,15.15
Gorge,2024-06-27,20:10:00,15.02
Gorge,2024-06-27,20:20:00,15.04
Gorge,2024-06-27,20:30:00,15.14
Gorge,2024-06-27,20:40:00,15.4
Gorge,2024-06-27,20:50:00,15.31
Gorge,2024-06-27,21:00:00,15.27
Gorge,2024-06-27,21:10:00,15.23
Gorge,2024-06-27,21:20:00,15.07
Gorge,2024-06-27,21:30:00,14.84
Gorge,2024-06-27,21:40:00,14.82
Gorge,2024-06-27,21:50:00,14.82
Gorge,2024-06-27,22:00:00,14.79
Gorge,2024-06-27,22:10:00,14.7
Gorge,2024-06-27,22:20:00,14.6
Gorge,2024-06-27,22:30:00,14.47
Gorge,2024-06-27,22:40:00,14.3
Gorge,2024-06-27,22:50:00,14.35
Gorge,2024-06-27,23:00:00,14.44
Gorge,2024-06-27,23:10:00,14.33
Gorge,2024-06-27,23:20:00,14.32
Gorge,2024-06-27,23:30:00,14.22
Gorge,2024-06-27,23:40:00,14.26
Gorge,2024-06-27,23:50:00,14.39
Gorge,2024-06-28,0:00:00,14.65
Gorge,2024-06-28,0:10:00,14.72
Gorge,2024-06-28,0:20:00,14.63
Gorge,2024-06-28,0:30:00,14.81
Gorge,2024-06-28,0:40:00,15.16
Gorge,2024-06-28,0:50:00,15.27
Gorge,2024-06-28,1:00:00,15.24
Gorge,2024-06-28,1:10:00,15.29
Gorge,2024-06-28,1:20:00,15.23
Gorge,2024-06-28,1:30:00,15.09
Gorge,2024-06-28,1:40:00,14.93
Gorge,2024-06-28,1:50:00,14.78
Gorge,2024-06-28,2:00:00,14.74
Gorge,2024-06-28,2:10:00,14.71
Gorge,2024-06-28,2:20:00,14.6
Gorge,2024-06-28,2:30:00,14.51
Gorge,2024-06-28,2:40:00,14.38
Gorge,2024-06-28,2:50:00,14.23
Gorge,2024-06-28,3:00:00,14.21
Gorge,2024-06-28,3:10:00,14.19
Gorge,2024-06-28,3:20:00,14.21
Gorge,2024-06-28,3:30:00,14.24
Gorge,2024-06-28,3:40:00,14.27
Gorge,2024-06-28,3:50:00,14.29
Gorge,2024-06-28,4:00:00,14.3
Gorge,2024-06-28,4:10:00,14.3
Gorge,2024-06-28,4:20:00,14.32
Gorge,2024-06-28,4:30:00,14.35
Gorge,2024-06-28,4:40:00,14.4
Gorge,2024-06-28,4:50:00,14.41
Gorge,2024-06-28,5:00:00,14.43
Gorge,2024-06-28,5:10:00,14.43
Gorge,2024-06-28,5:20:00,14.43
Gorge,2024-06-28,5:30:00,14.45
Gorge,2024-06-28,5:40:00,14.48
Gorge,2024-06-28,5:50:00,14.45
Gorge,2024-06-28,6:00:00,14.52
Gorge,2024-06-28,6:10:00,14.56
Gorge,2024-06-28,6:20:00,14.6
Gorge,2024-06-28,6:30:00,14.67
Gorge,2024-06-28,6:40:00,14.68
Gorge,2024-06-28,6:50:00,14.67
Gorge,2024-06-28,7:00:00,14.69
Gorge,2024-06-28,7:10:00,14.72
Gorge,2024-06-28,7:20:00,14.73
Gorge,2024-06-28,7:30:00,14.73
Gorge,2024-06-28,7:40:00,14.73
Gorge,2024-06-28,7:50:00,14.78
Gorge,2024-06-28,8:00:00,14.85
Gorge,2024-06-28,8:10:00,14.84
Gorge,2024-06-28,8:20:00,14.92
Gorge,2024-06-28,8:30:00,14.92
Gorge,2024-06-28,8:40:00,14.97
Gorge,2024-06-28,8:50:00,15.02
Gorge,2024-06-28,9:00:00,15.13
Gorge,2024-06-28,9:10:00,15.22
Gorge,2024-06-28,9:20:00,15.36
Gorge,2024-06-28,9:30:00,15.39
Gorge,2024-06-28,9:40:00,15.48
Gorge,2024-06-28,9:50:00,15.62
Gorge,2024-06-28,10:00:00,15.69
Gorge,2024-06-28,10:10:00,15.69
Gorge,2024-06-28,10:20:00,15.74
Gorge,2024-06-28,10:30:00,15.76
Gorge,2024-06-28,10:40:00,15.76
Gorge,2024-06-28,10:50:00,15.78
Gorge,2024-06-28,11:00:00,15.82
Gorge,2024-06-28,11:10:00,15.9
Gorge,2024-06-28,11:20:00,16
Gorge,2024-06-28,11:30:00,16.11
Gorge,2024-06-28,11:40:00,16.15
Gorge,2024-06-28,11:50:00,16.33
Gorge,2024-06-28,12:00:00,16.43
Gorge,2024-06-28,12:10:00,16.46
Gorge,2024-06-28,12:20:00,16.56
Gorge,2024-06-28,12:30:00,16.61
Gorge,2024-06-28,12:40:00,16.74
Gorge,2024-06-28,12:50:00,16.89
Gorge,2024-06-28,13:00:00,17
Gorge,2024-06-28,13:10:00,17.07
Gorge,2024-06-28,13:20:00,17.16
Gorge,2024-06-28,13:30:00,17.28
Gorge,2024-06-28,13:40:00,17.5
Gorge,2024-06-28,13:50:00,17.62
Gorge,2024-06-28,14:00:00,17.66
Gorge,2024-06-28,14:10:00,17.72
Gorge,2024-06-28,14:20:00,17.8
Gorge,2024-06-28,14:30:00,17.99
Gorge,2024-06-28,14:40:00,18.18
Gorge,2024-06-28,14:50:00,18.25
Gorge,2024-06-28,15:00:00,18.3
Gorge,2024-06-28,15:10:00,18.41
Gorge,2024-06-28,15:20:00,18.53
Gorge,2024-06-28,15:30:00,18.64
Gorge,2024-06-28,15:40:00,18.79
Gorge,2024-06-28,15:50:00,18.92
Gorge,2024-06-28,16:00:00,18.92
Gorge,2024-06-28,16:10:00,19
Gorge,2024-06-28,16:20:00,19.03
Gorge,2024-06-28,16:30:00,19
Gorge,2024-06-28,16:40:00,18.95
Gorge,2024-06-28,16:50:00,18.87
Gorge,2024-06-28,17:00:00,18.84
Gorge,2024-06-28,17:10:00,18.79
Gorge,2024-06-28,17:20:00,18.82
Gorge,2024-06-28,17:30:00,18.85
Gorge,2024-06-28,17:40:00,18.7
Gorge,2024-06-28,17:50:00,18.71
Gorge,2024-06-28,18:00:00,18.13
Gorge,2024-06-28,18:10:00,17.11
Gorge,2024-06-28,18:20:00,17.05
Gorge,2024-06-28,18:30:00,17.14
Gorge,2024-06-28,18:40:00,17.21
Gorge,2024-06-28,18:50:00,17.2
Gorge,2024-06-28,19:00:00,16.69
Gorge,2024-06-28,19:10:00,16.59
Gorge,2024-06-28,19:20:00,16.4
Gorge,2024-06-28,19:30:00,16.28
Gorge,2024-06-28,19:40:00,16.26
Gorge,2024-06-28,19:50:00,16.28
Gorge,2024-06-28,20:00:00,16.25
Gorge,2024-06-28,20:10:00,16.16
Gorge,2024-06-28,20:20:00,16.12
Gorge,2024-06-28,20:30:00,16
Gorge,2024-06-28,20:40:00,15.91
Gorge,2024-06-28,20:50:00,15.53
Gorge,2024-06-28,21:00:00,15.33
Gorge,2024-06-28,21:10:00,15.28
Gorge,2024-06-28,21:20:00,15.43
Gorge,2024-06-28,21:30:00,15.49
Gorge,2024-06-28,21:40:00,14.73
Gorge,2024-06-28,21:50:00,14.68
Gorge,2024-06-28,22:00:00,14.67
Gorge,2024-06-28,22:10:00,14.8
Gorge,2024-06-28,22:20:00,15.06
Gorge,2024-06-28,22:30:00,15.04
Gorge,2024-06-28,22:40:00,14.88
Gorge,2024-06-28,22:50:00,14.68
Gorge,2024-06-28,23:00:00,14.62
Gorge,2024-06-28,23:10:00,14.67
Gorge,2024-06-28,23:20:00,14.85
Gorge,2024-06-28,23:30:00,14.84
Gorge,2024-06-28,23:40:00,14.55
Gorge,2024-06-28,23:50:00,14.4
Gorge,2024-06-29,0:00:00,14.52
Gorge,2024-06-29,0:10:00,14.62
Gorge,2024-06-29,0:20:00,14.69
Gorge,2024-06-29,0:30:00,14.66
Gorge,2024-06-29,0:40:00,14.63
Gorge,2024-06-29,0:50:00,14.69
Gorge,2024-06-29,1:00:00,14.78
Gorge,2024-06-29,1:10:00,14.93
Gorge,2024-06-29,1:20:00,14.93
Gorge,2024-06-29,1:30:00,15.02
Gorge,2024-06-29,1:40:00,15.46
Gorge,2024-06-29,1:50:00,15.52
Gorge,2024-06-29,2:00:00,15.57
Gorge,2024-06-29,2:10:00,15.56
Gorge,2024-06-29,2:20:00,15.57
Gorge,2024-06-29,2:30:00,15.57
Gorge,2024-06-29,2:40:00,14.89
Gorge,2024-06-29,2:50:00,14.47
Gorge,2024-06-29,3:00:00,14.32
Gorge,2024-06-29,3:10:00,14.26
Gorge,2024-06-29,3:20:00,14.28
Gorge,2024-06-29,3:30:00,14.34
Gorge,2024-06-29,3:40:00,14.38
Gorge,2024-06-29,3:50:00,14.44
Gorge,2024-06-29,4:00:00,14.47
Gorge,2024-06-29,4:10:00,14.52
Gorge,2024-06-29,4:20:00,14.64
Gorge,2024-06-29,4:30:00,14.75
Gorge,2024-06-29,4:40:00,14.88
Gorge,2024-06-29,4:50:00,14.95
Gorge,2024-06-29,5:00:00,15.01
Gorge,2024-06-29,5:10:00,15.08
Gorge,2024-06-29,5:20:00,15.19
Gorge,2024-06-29,5:30:00,15.24
Gorge,2024-06-29,5:40:00,15.27
Gorge,2024-06-29,5:50:00,15.31
Gorge,2024-06-29,6:00:00,15.32
Gorge,2024-06-29,6:10:00,15.45
Gorge,2024-06-29,6:20:00,15.51
Gorge,2024-06-29,6:30:00,15.57
Gorge,2024-06-29,6:40:00,15.6
Gorge,2024-06-29,6:50:00,15.63
Gorge,2024-06-29,7:00:00,15.68
Gorge,2024-06-29,7:10:00,15.73
Gorge,2024-06-29,7:20:00,15.83
Gorge,2024-06-29,7:30:00,15.85
Gorge,2024-06-29,7:40:00,15.88
Gorge,2024-06-29,7:50:00,15.9
Gorge,2024-06-29,8:00:00,15.98
Gorge,2024-06-29,8:10:00,16.05
Gorge,2024-06-29,8:20:00,16.13
Gorge,2024-06-29,8:30:00,16.13
Gorge,2024-06-29,8:40:00,16.24
Gorge,2024-06-29,8:50:00,16.26
Gorge,2024-06-29,9:00:00,16.28
Gorge,2024-06-29,9:10:00,16.4
Gorge,2024-06-29,9:20:00,16.47
Gorge,2024-06-29,9:30:00,16.59
Gorge,2024-06-29,9:40:00,16.76
Gorge,2024-06-29,9:50:00,16.76
Gorge,2024-06-29,10:00:00,16.84
Gorge,2024-06-29,10:10:00,16.87
Gorge,2024-06-29,10:20:00,17.14
Gorge,2024-06-29,10:30:00,17.14
Gorge,2024-06-29,10:40:00,17.17
Gorge,2024-06-29,10:50:00,17.25
Gorge,2024-06-29,11:00:00,17.48
Gorge,2024-06-29,11:10:00,17.5
Gorge,2024-06-29,11:20:00,17.49
Gorge,2024-06-29,11:30:00,17.56
Gorge,2024-06-29,11:40:00,17.6
Gorge,2024-06-29,11:50:00,17.68
Gorge,2024-06-29,12:00:00,17.83
Gorge,2024-06-29,12:10:00,17.83
Gorge,2024-06-29,12:20:00,17.82
Gorge,2024-06-29,12:30:00,17.85
Gorge,2024-06-29,12:40:00,17.92
Gorge,2024-06-29,12:50:00,17.94
Gorge,2024-06-29,13:00:00,17.96
Gorge,2024-06-29,13:10:00,18.1
Gorge,2024-06-29,13:20:00,18.41
Gorge,2024-06-29,13:30:00,18.47
Gorge,2024-06-29,13:40:00,18.46
Gorge,2024-06-29,13:50:00,18.44
Gorge,2024-06-29,14:00:00,18.42
Gorge,2024-06-29,14:10:00,18.51
Gorge,2024-06-29,14:20:00,18.49
Gorge,2024-06-29,14:30:00,18.46
Gorge,2024-06-29,14:40:00,18.49
Gorge,2024-06-29,14:50:00,18.57
Gorge,2024-06-29,15:00:00,18.7
Gorge,2024-06-29,15:10:00,18.69
Gorge,2024-06-29,15:20:00,18.7
Gorge,2024-06-29,15:30:00,18.67
Gorge,2024-06-29,15:40:00,18.71
Gorge,2024-06-29,15:50:00,18.73
Gorge,2024-06-29,16:00:00,18.8
Gorge,2024-06-29,16:10:00,18.77
Gorge,2024-06-29,16:20:00,18.74
Gorge,2024-06-29,16:30:00,18.74
Gorge,2024-06-29,16:40:00,18.74
Gorge,2024-06-29,16:50:00,18.77
Gorge,2024-06-29,17:00:00,18.73
Gorge,2024-06-29,17:10:00,18.62
Gorge,2024-06-29,17:20:00,18.33
Gorge,2024-06-29,17:30:00,18.2
Gorge,2024-06-29,17:40:00,18.19
Gorge,2024-06-29,17:50:00,18.14
Gorge,2024-06-29,18:00:00,17.97
Gorge,2024-06-29,18:10:00,17.72
Gorge,2024-06-29,18:20:00,17.54
Gorge,2024-06-29,18:30:00,17.17
Gorge,2024-06-29,18:40:00,17.09
Gorge,2024-06-29,18:50:00,16.98
Gorge,2024-06-29,19:00:00,16.43
Gorge,2024-06-29,19:10:00,16.44
Gorge,2024-06-29,19:20:00,16.52
Gorge,2024-06-29,19:30:00,16.73
Gorge,2024-06-29,19:40:00,16.57
Gorge,2024-06-29,19:50:00,15.95
Gorge,2024-06-29,20:00:00,15.77
Gorge,2024-06-29,20:10:00,15.66
Gorge,2024-06-29,20:20:00,16
Gorge,2024-06-29,20:30:00,16.05
Gorge,2024-06-29,20:40:00,15.57
Gorge,2024-06-29,20:50:00,14.55
Gorge,2024-06-29,21:00:00,15.09
Gorge,2024-06-29,21:10:00,15.62
Gorge,2024-06-29,21:20:00,15.11
Gorge,2024-06-29,21:30:00,14.33
Gorge,2024-06-29,21:40:00,13.92
Gorge,2024-06-29,21:50:00,13.79
Gorge,2024-06-29,22:00:00,13.84
Gorge,2024-06-29,22:10:00,13.97
Gorge,2024-06-29,22:20:00,14.19
Gorge,2024-06-29,22:30:00,14.07
Gorge,2024-06-29,22:40:00,14.15
Gorge,2024-06-29,22:50:00,14.54
Gorge,2024-06-29,23:00:00,14.71
Gorge,2024-06-29,23:10:00,14.48
Gorge,2024-06-29,23:20:00,14.41
Gorge,2024-06-29,23:30:00,14.44
Gorge,2024-06-29,23:40:00,14.12
Gorge,2024-06-29,23:50:00,13.84
Gorge,2024-06-30,0:00:00,13.98
Gorge,2024-06-30,0:10:00,14.08
Gorge,2024-06-30,0:20:00,14.17
Gorge,2024-06-30,0:30:00,14.38
Gorge,2024-06-30,0:40:00,14.45
Gorge,2024-06-30,0:50:00,14.45
Gorge,2024-06-30,1:00:00,14.44
Gorge,2024-06-30,1:10:00,14.52
Gorge,2024-06-30,1:20:00,14.72
Gorge,2024-06-30,1:30:00,14.85
Gorge,2024-06-30,1:40:00,15.03
Gorge,2024-06-30,1:50:00,15.36
Gorge,2024-06-30,2:00:00,15.42
Gorge,2024-06-30,2:10:00,15.43
Gorge,2024-06-30,2:20:00,15.07
Gorge,2024-06-30,2:30:00,14.5
Gorge,2024-06-30,2:40:00,13.97
Gorge,2024-06-30,2:50:00,13.79
Gorge,2024-06-30,3:00:00,13.78
Gorge,2024-06-30,3:10:00,13.83
Gorge,2024-06-30,3:20:00,14
Gorge,2024-06-30,3:30:00,14.03
Gorge,2024-06-30,3:40:00,14.08
Gorge,2024-06-30,3:50:00,14.09
Gorge,2024-06-30,4:00:00,14.19
Gorge,2024-06-30,4:10:00,14.32
Gorge,2024-06-30,4:20:00,14.5
Gorge,2024-06-30,4:30:00,14.63
Gorge,2024-06-30,4:40:00,14.74
Gorge,2024-06-30,4:50:00,14.84
Gorge,2024-06-30,5:00:00,14.93
Gorge,2024-06-30,5:10:00,15.03
Gorge,2024-06-30,5:20:00,15.09
Gorge,2024-06-30,5:30:00,15.13
Gorge,2024-06-30,5:40:00,15.19
Gorge,2024-06-30,5:50:00,15.24
Gorge,2024-06-30,6:00:00,15.27
Gorge,2024-06-30,6:10:00,15.36
Gorge,2024-06-30,6:20:00,15.4
Gorge,2024-06-30,6:30:00,15.53
Gorge,2024-06-30,6:40:00,15.58
Gorge,2024-06-30,6:50:00,15.7
Gorge,2024-06-30,7:00:00,15.78
Gorge,2024-06-30,7:10:00,15.87
Gorge,2024-06-30,7:20:00,15.99
Gorge,2024-06-30,7:30:00,16.02
Gorge,2024-06-30,7:40:00,16.05
Gorge,2024-06-30,7:50:00,16.18
Gorge,2024-06-30,8:00:00,16.3
Gorge,2024-06-30,8:10:00,16.35
Gorge,2024-06-30,8:20:00,16.36
Gorge,2024-06-30,8:30:00,16.36
Gorge,2024-06-30,8:40:00,16.4
Gorge,2024-06-30,8:50:00,16.48
Gorge,2024-06-30,9:00:00,16.65
Gorge,2024-06-30,9:10:00,16.75
Gorge,2024-06-30,9:20:00,16.77
Gorge,2024-06-30,9:30:00,16.78
Gorge,2024-06-30,9:40:00,16.79
Gorge,2024-06-30,9:50:00,16.79
Gorge,2024-06-30,10:00:00,16.8
Gorge,2024-06-30,10:10:00,16.8
Gorge,2024-06-30,10:20:00,16.86
Gorge,2024-06-30,10:30:00,16.93
Gorge,2024-06-30,10:40:00,16.89
Gorge,2024-06-30,10:50:00,16.91
Gorge,2024-06-30,11:00:00,16.95
Gorge,2024-06-30,11:10:00,17.04
Gorge,2024-06-30,11:20:00,17.07
Gorge,2024-06-30,11:30:00,17.14
Gorge,2024-06-30,11:40:00,17.15
Gorge,2024-06-30,11:50:00,17.13
Gorge,2024-06-30,12:00:00,17.15
Gorge,2024-06-30,12:10:00,17.16
Gorge,2024-06-30,12:20:00,17.16
Gorge,2024-06-30,12:30:00,17.18
Gorge,2024-06-30,12:40:00,17.24
Gorge,2024-06-30,12:50:00,17.24
Gorge,2024-06-30,13:00:00,17.29
Gorge,2024-06-30,13:10:00,17.36
Gorge,2024-06-30,13:20:00,17.41
Gorge,2024-06-30,13:30:00,17.47
Gorge,2024-06-30,13:40:00,17.49
Gorge,2024-06-30,13:50:00,17.52
Gorge,2024-06-30,14:00:00,17.55
Gorge,2024-06-30,14:10:00,17.58
Gorge,2024-06-30,14:20:00,17.59
Gorge,2024-06-30,14:30:00,17.63
Gorge,2024-06-30,14:40:00,17.65
Gorge,2024-06-30,14:50:00,17.6
Gorge,2024-06-30,15:00:00,17.63
Gorge,2024-06-30,15:10:00,17.68
Gorge,2024-06-30,15:20:00,17.76
Gorge,2024-06-30,15:30:00,17.78
Gorge,2024-06-30,15:40:00,17.82
Gorge,2024-06-30,15:50:00,17.88
Gorge,2024-06-30,16:00:00,17.9
Gorge,2024-06-30,16:10:00,17.75
Gorge,2024-06-30,16:20:00,17.72
Gorge,2024-06-30,16:30:00,17.66
Gorge,2024-06-30,16:40:00,17.63
Gorge,2024-06-30,16:50:00,17.63
Gorge,2024-06-30,17:00:00,17.69
Gorge,2024-06-30,17:10:00,17.74
Gorge,2024-06-30,17:20:00,17.77
Gorge,2024-06-30,17:30:00,17.8
Gorge,2024-06-30,17:40:00,17.8
Gorge,2024-06-30,17:50:00,17.82
Gorge,2024-06-30,18:00:00,17.79
Gorge,2024-06-30,18:10:00,17.73
Gorge,2024-06-30,18:20:00,17.65
Gorge,2024-06-30,18:30:00,17.29
Gorge,2024-06-30,18:40:00,17.39
Gorge,2024-06-30,18:50:00,17.34
Gorge,2024-06-30,19:00:00,17.24
Gorge,2024-06-30,19:10:00,17.26
Gorge,2024-06-30,19:20:00,17.11
Gorge,2024-06-30,19:30:00,16.59
Gorge,2024-06-30,19:40:00,16.01
Gorge,2024-06-30,19:50:00,15.82
Gorge,2024-06-30,20:00:00,15.82
Gorge,2024-06-30,20:10:00,15.78
Gorge,2024-06-30,20:20:00,15.71
Gorge,2024-06-30,20:30:00,15.52
Gorge,2024-06-30,20:40:00,15.37
Gorge,2024-06-30,20:50:00,15.32
Gorge,2024-06-30,21:00:00,15.04
Gorge,2024-06-30,21:10:00,14.65
Gorge,2024-06-30,21:20:00,14.44
Gorge,2024-06-30,21:30:00,14.34
Gorge,2024-06-30,21:40:00,14.17
Gorge,2024-06-30,21:50:00,14.09
Gorge,2024-06-30,22:00:00,13.9
Gorge,2024-06-30,22:10:00,13.93
Gorge,2024-06-30,22:20:00,13.98
Gorge,2024-06-30,22:30:00,14.04
Gorge,2024-06-30,22:40:00,14.09
Gorge,2024-06-30,22:50:00,14.13
Gorge,2024-06-30,23:00:00,14.25
Gorge,2024-06-30,23:10:00,14.23
Gorge,2024-06-30,23:20:00,13.91
Gorge,2024-06-30,23:30:00,13.9
Gorge,2024-06-30,23:40:00,13.9
Gorge,2024-06-30,23:50:00,13.98
Gorge,2024-07-01,0:00:00,13.94
Gorge,2024-07-01,0:10:00,13.97
Gorge,2024-07-01,0:20:00,14.05
Gorge,2024-07-01,0:30:00,14.28
Gorge,2024-07-01,0:40:00,14.71
Gorge,2024-07-01,0:50:00,15.09
Gorge,2024-07-01,1:00:00,15.16
Gorge,2024-07-01,1:10:00,15.22
Gorge,2024-07-01,1:20:00,15.1
Gorge,2024-07-01,1:30:00,15.1
Gorge,2024-07-01,1:40:00,15.06
Gorge,2024-07-01,1:50:00,14.83
Gorge,2024-07-01,2:00:00,14.6
Gorge,2024-07-01,2:10:00,14.42
Gorge,2024-07-01,2:20:00,14.32
Gorge,2024-07-01,2:30:00,14.06
Gorge,2024-07-01,2:40:00,14.04
Gorge,2024-07-01,2:50:00,14.06
Gorge,2024-07-01,3:00:00,14.2
Gorge,2024-07-01,3:10:00,14.27
Gorge,2024-07-01,3:20:00,14.38
Gorge,2024-07-01,3:30:00,14.35
Gorge,2024-07-01,3:40:00,14.3
Gorge,2024-07-01,3:50:00,14.33
Gorge,2024-07-01,4:00:00,14.62
Gorge,2024-07-01,4:10:00,14.73
Gorge,2024-07-01,4:20:00,14.79
Gorge,2024-07-01,4:30:00,14.87
Gorge,2024-07-01,4:40:00,15.03
Gorge,2024-07-01,4:50:00,15.04
Gorge,2024-07-01,5:00:00,15.08
Gorge,2024-07-01,5:10:00,15.15
Gorge,2024-07-01,5:20:00,15.19
Gorge,2024-07-01,5:30:00,15.39
Gorge,2024-07-01,5:40:00,15.49
Gorge,2024-07-01,5:50:00,15.56
Gorge,2024-07-01,6:00:00,15.62
Gorge,2024-07-01,6:10:00,15.68
Gorge,2024-07-01,6:20:00,15.74
Gorge,2024-07-01,6:30:00,15.81
Gorge,2024-07-01,6:40:00,15.9
Gorge,2024-07-01,6:50:00,15.96
Gorge,2024-07-01,7:00:00,16.07
Gorge,2024-07-01,7:10:00,16.32
Gorge,2024-07-01,7:20:00,16.48
Gorge,2024-07-01,7:30:00,16.6
Gorge,2024-07-01,7:40:00,16.74
Gorge,2024-07-01,7:50:00,16.91
Gorge,2024-07-01,8:00:00,17.06
Gorge,2024-07-01,8:10:00,17.15
Gorge,2024-07-01,8:20:00,17.24
Gorge,2024-07-01,8:30:00,17.38
Gorge,2024-07-01,8:40:00,17.64
Gorge,2024-07-01,8:50:00,17.78
Gorge,2024-07-01,9:00:00,17.9
Gorge,2024-07-01,9:10:00,18
Gorge,2024-07-01,9:20:00,18.09
Gorge,2024-07-01,9:30:00,18.15
Gorge,2024-07-01,9:40:00,18.13
Gorge,2024-07-01,9:50:00,18.23
Gorge,2024-07-01,10:00:00,18.27
Gorge,2024-07-01,10:10:00,18.23
Gorge,2024-07-01,10:20:00,18.24
Gorge,2024-07-01,10:30:00,18.26
Gorge,2024-07-01,10:40:00,18.27
Gorge,2024-07-01,10:50:00,18.2
Gorge,2024-07-01,11:00:00,18.29
Gorge,2024-07-01,11:10:00,17.97
Gorge,2024-07-01,11:20:00,17.65
Gorge,2024-07-01,11:30:00,18
Gorge,2024-07-01,11:40:00,18.2
Gorge,2024-07-01,11:50:00,18.13
Gorge,2024-07-01,12:00:00,18.2
Gorge,2024-07-01,12:10:00,18.21
Gorge,2024-07-01,12:20:00,17.94
Gorge,2024-07-01,12:30:00,17.93
Gorge,2024-07-01,12:40:00,17.93
Gorge,2024-07-01,12:50:00,18.56
Gorge,2024-07-01,13:00:00,18.96
Gorge,2024-07-01,13:10:00,19.01
Gorge,2024-07-01,13:20:00,19.1
Gorge,2024-07-01,13:30:00,19.11
Gorge,2024-07-01,13:40:00,19.08
Gorge,2024-07-01,13:50:00,19.04
Gorge,2024-07-01,14:00:00,18.98
Gorge,2024-07-01,14:10:00,19.1
Gorge,2024-07-01,14:20:00,19.12
Gorge,2024-07-01,14:30:00,18.34
Gorge,2024-07-01,14:40:00,18.25
Gorge,2024-07-01,14:50:00,18.37
Gorge,2024-07-01,15:00:00,18.22
Gorge,2024-07-01,15:10:00,18.19
Gorge,2024-07-01,15:20:00,18.22
Gorge,2024-07-01,15:30:00,18.36
Gorge,2024-07-01,15:40:00,18.46
Gorge,2024-07-01,15:50:00,18.68
Gorge,2024-07-01,16:00:00,18.06
Gorge,2024-07-01,16:10:00,18.07
Gorge,2024-07-01,16:20:00,17.92
Gorge,2024-07-01,16:30:00,18.27
Gorge,2024-07-01,16:40:00,18.05
Gorge,2024-07-01,16:50:00,18.56
Gorge,2024-07-01,17:00:00,18.93
Gorge,2024-07-01,17:10:00,19.4
Gorge,2024-07-01,17:20:00,19.21
Gorge,2024-07-01,17:30:00,18.83
Gorge,2024-07-01,17:40:00,18.91
Gorge,2024-07-01,17:50:00,18.29
Gorge,2024-07-01,18:00:00,18.13
Gorge,2024-07-01,18:10:00,18.21
Gorge,2024-07-01,18:20:00,18.42
Gorge,2024-07-01,18:30:00,18.36
Gorge,2024-07-01,18:40:00,18.28
Gorge,2024-07-01,18:50:00,17.99
Gorge,2024-07-01,19:00:00,17.48
Gorge,2024-07-01,19:10:00,17.31
Gorge,2024-07-01,19:20:00,17.25
Gorge,2024-07-01,19:30:00,17.22
Gorge,2024-07-01,19:40:00,17.2
Gorge,2024-07-01,19:50:00,17.08
Gorge,2024-07-01,20:00:00,17.03
Gorge,2024-07-01,20:10:00,17.1
Gorge,2024-07-01,20:20:00,16.96
Gorge,2024-07-01,20:30:00,16.75
Gorge,2024-07-01,20:40:00,16.95
Gorge,2024-07-01,20:50:00,17.07
Gorge,2024-07-01,21:00:00,16.71
Gorge,2024-07-01,21:10:00,16.12
Gorge,2024-07-01,21:20:00,15.88
Gorge,2024-07-01,21:30:00,15.27
Gorge,2024-07-01,21:40:00,15.1
Gorge,2024-07-01,21:50:00,15.12
Gorge,2024-07-01,22:00:00,14.87
Gorge,2024-07-01,22:10:00,14.71
Gorge,2024-07-01,22:20:00,14.73
Gorge,2024-07-01,22:30:00,14.69
Gorge,2024-07-01,22:40:00,14.74
Gorge,2024-07-01,22:50:00,14.93
Gorge,2024-07-01,23:00:00,14.83
Gorge,2024-07-01,23:10:00,14.79
Gorge,2024-07-01,23:20:00,14.93
Gorge,2024-07-01,23:30:00,14.84
Gorge,2024-07-01,23:40:00,14.98
Gorge,2024-07-01,23:50:00,14.99
Gorge,2024-07-02,0:00:00,15.02
Gorge,2024-07-02,0:10:00,15.17
Gorge,2024-07-02,0:20:00,15.43
Gorge,2024-07-02,0:30:00,15.74
Gorge,2024-07-02,0:40:00,15.75
Gorge,2024-07-02,0:50:00,16.43
Gorge,2024-07-02,1:00:00,16.41
Gorge,2024-07-02,1:10:00,16.48
Gorge,2024-07-02,1:20:00,16.6
Gorge,2024-07-02,1:30:00,16.2
Gorge,2024-07-02,1:40:00,15.86
Gorge,2024-07-02,1:50:00,15.63
Gorge,2024-07-02,2:00:00,15.36
Gorge,2024-07-02,2:10:00,15.26
Gorge,2024-07-02,2:20:00,14.99
Gorge,2024-07-02,2:30:00,14.92
Gorge,2024-07-02,2:40:00,14.73
Gorge,2024-07-02,2:50:00,14.67
Gorge,2024-07-02,3:00:00,14.65
Gorge,2024-07-02,3:10:00,14.62
Gorge,2024-07-02,3:20:00,14.62
Gorge,2024-07-02,3:30:00,14.69
Gorge,2024-07-02,3:40:00,14.8
Gorge,2024-07-02,3:50:00,14.91
Gorge,2024-07-02,4:00:00,15.02
Gorge,2024-07-02,4:10:00,15.08
Gorge,2024-07-02,4:20:00,15.12
Gorge,2024-07-02,4:30:00,15.15
Gorge,2024-07-02,4:40:00,15.14
Gorge,2024-07-02,4:50:00,15.15
Gorge,2024-07-02,5:00:00,15.18
Gorge,2024-07-02,5:10:00,15.21
Gorge,2024-07-02,5:20:00,15.27
Gorge,2024-07-02,5:30:00,15.24
Gorge,2024-07-02,5:40:00,15.31
Gorge,2024-07-02,5:50:00,15.42
Gorge,2024-07-02,6:00:00,15.62
Gorge,2024-07-02,6:10:00,15.73
Gorge,2024-07-02,6:20:00,15.75
Gorge,2024-07-02,6:30:00,15.84
Gorge,2024-07-02,6:40:00,15.88
Gorge,2024-07-02,6:50:00,15.92
Gorge,2024-07-02,7:00:00,15.93
Gorge,2024-07-02,7:10:00,16.04
Gorge,2024-07-02,7:20:00,16.12
Gorge,2024-07-02,7:30:00,16.4
Gorge,2024-07-02,7:40:00,16.8
Gorge,2024-07-02,7:50:00,16.93
Gorge,2024-07-02,8:00:00,17.17
Gorge,2024-07-02,8:10:00,17.28
Gorge,2024-07-02,8:20:00,17.4
Gorge,2024-07-02,8:30:00,17.63
Gorge,2024-07-02,8:40:00,17.94
Gorge,2024-07-02,8:50:00,18.19
Gorge,2024-07-02,9:00:00,18.18
Gorge,2024-07-02,9:10:00,18.18
Gorge,2024-07-02,9:20:00,18.2
Gorge,2024-07-02,9:30:00,18.24
Gorge,2024-07-02,9:40:00,18.41
Gorge,2024-07-02,9:50:00,18.49
Gorge,2024-07-02,10:00:00,18.57
Gorge,2024-07-02,10:10:00,18.7
Gorge,2024-07-02,10:20:00,18.79
Gorge,2024-07-02,10:30:00,18.91
Gorge,2024-07-02,10:40:00,18.89
Gorge,2024-07-02,10:50:00,19.02
Gorge,2024-07-02,11:00:00,19.04
Gorge,2024-07-02,11:10:00,19.09
Gorge,2024-07-02,11:20:00,19.03
Gorge,2024-07-02,11:30:00,19.07
Gorge,2024-07-02,11:40:00,19.08
Gorge,2024-07-02,11:50:00,18.56
Gorge,2024-07-02,12:00:00,18.77
Gorge,2024-07-02,12:10:00,18
Gorge,2024-07-02,12:20:00,17.48
Gorge,2024-07-02,12:30:00,17.93
Gorge,2024-07-02,12:40:00,17.97
Gorge,2024-07-02,12:50:00,17.97
Gorge,2024-07-02,13:00:00,18.22
Gorge,2024-07-02,13:10:00,18.35
Gorge,2024-07-02,13:20:00,18.26
Gorge,2024-07-02,13:30:00,18.29
Gorge,2024-07-02,13:40:00,18.2
Gorge,2024-07-02,13:50:00,17.48
Gorge,2024-07-02,14:00:00,17
Gorge,2024-07-02,14:10:00,17.55
Gorge,2024-07-02,14:20:00,18.72
Gorge,2024-07-02,14:30:00,18.96
Gorge,2024-07-02,14:40:00,19.23
Gorge,2024-07-02,14:50:00,19.17
Gorge,2024-07-02,15:00:00,18.57
Gorge,2024-07-02,15:10:00,18.54
Gorge,2024-07-02,15:20:00,18.13
Gorge,2024-07-02,15:30:00,17.93
Gorge,2024-07-02,15:40:00,17.69
Gorge,2024-07-02,15:50:00,17.43
Gorge,2024-07-02,16:00:00,17.52
Gorge,2024-07-02,16:10:00,17.48
Gorge,2024-07-02,16:20:00,17.99
Gorge,2024-07-02,16:30:00,17.91
Gorge,2024-07-02,16:40:00,17.76
Gorge,2024-07-02,16:50:00,17.66
Gorge,2024-07-02,17:00:00,17.4
Gorge,2024-07-02,17:10:00,17.22
Gorge,2024-07-02,17:20:00,17.19
Gorge,2024-07-02,17:30:00,17.11
Gorge,2024-07-02,17:40:00,16.99
Gorge,2024-07-02,17:50:00,16.84
Gorge,2024-07-02,18:00:00,16.67
Gorge,2024-07-02,18:10:00,16.65
Gorge,2024-07-02,18:20:00,16.9
Gorge,2024-07-02,18:30:00,16.64
Gorge,2024-07-02,18:40:00,16.74
Gorge,2024-07-02,18:50:00,16.9
Gorge,2024-07-02,19:00:00,16.86
Gorge,2024-07-02,19:10:00,16.67
Gorge,2024-07-02,19:20:00,16.66
Gorge,2024-07-02,19:30:00,16.51
Gorge,2024-07-02,19:40:00,16.47
Gorge,2024-07-02,19:50:00,16.64
Gorge,2024-07-02,20:00:00,16.84
Gorge,2024-07-02,20:10:00,16.32
Gorge,2024-07-02,20:20:00,16.17
Gorge,2024-07-02,20:30:00,16.17
Gorge,2024-07-02,20:40:00,16.26
Gorge,2024-07-02,20:50:00,16.42
Gorge,2024-07-02,21:00:00,16.22
Gorge,2024-07-02,21:10:00,16.03
Gorge,2024-07-02,21:20:00,16.08
Gorge,2024-07-02,21:30:00,16.12
Gorge,2024-07-02,21:40:00,16.17
Gorge,2024-07-02,21:50:00,16.16
Gorge,2024-07-02,22:00:00,16.18
Gorge,2024-07-02,22:10:00,15.87
Gorge,2024-07-02,22:20:00,15.83
Gorge,2024-07-02,22:30:00,15.93
Gorge,2024-07-02,22:40:00,15.58
Gorge,2024-07-02,22:50:00,15.38
Gorge,2024-07-02,23:00:00,15.15
Gorge,2024-07-02,23:10:00,15.04
Gorge,2024-07-02,23:20:00,15.03
Gorge,2024-07-02,23:30:00,14.94
Gorge,2024-07-02,23:40:00,14.95
Gorge,2024-07-02,23:50:00,15.39
Gorge,2024-07-03,0:00:00,15.6
Gorge,2024-07-03,0:10:00,15.54
Gorge,2024-07-03,0:20:00,15.39
Gorge,2024-07-03,0:30:00,15.12
Gorge,2024-07-03,0:40:00,15.38
Gorge,2024-07-03,0:50:00,15.47
Gorge,2024-07-03,1:00:00,15.55
Gorge,2024-07-03,1:10:00,15.51
Gorge,2024-07-03,1:20:00,15.55
Gorge,2024-07-03,1:30:00,15.59
Gorge,2024-07-03,1:40:00,15.66
Gorge,2024-07-03,1:50:00,15.69
Gorge,2024-07-03,2:00:00,15.74
Gorge,2024-07-03,2:10:00,15.89
Gorge,2024-07-03,2:20:00,15.95
Gorge,2024-07-03,2:30:00,16.26
Gorge,2024-07-03,2:40:00,15.97
Gorge,2024-07-03,2:50:00,15.69
Gorge,2024-07-03,3:00:00,15.38
Gorge,2024-07-03,3:10:00,15.13
Gorge,2024-07-03,3:20:00,15.08
Gorge,2024-07-03,3:30:00,15.07
Gorge,2024-07-03,3:40:00,15.12
Gorge,2024-07-03,3:50:00,15.16
Gorge,2024-07-03,4:00:00,15.18
Gorge,2024-07-03,4:10:00,15.15
Gorge,2024-07-03,4:20:00,15.13
Gorge,2024-07-03,4:30:00,15.12
Gorge,2024-07-03,4:40:00,15.11
Gorge,2024-07-03,4:50:00,15.16
Gorge,2024-07-03,5:00:00,15.18
Gorge,2024-07-03,5:10:00,15.24
Gorge,2024-07-03,5:20:00,15.26
Gorge,2024-07-03,5:30:00,15.27
Gorge,2024-07-03,5:40:00,15.24
Gorge,2024-07-03,5:50:00,15.34
Gorge,2024-07-03,6:00:00,15.43
Gorge,2024-07-03,6:10:00,15.56
Gorge,2024-07-03,6:20:00,15.82
Gorge,2024-07-03,6:30:00,15.86
Gorge,2024-07-03,6:40:00,16.04
Gorge,2024-07-03,6:50:00,16.07
Gorge,2024-07-03,7:00:00,16.24
Gorge,2024-07-03,7:10:00,16.34
Gorge,2024-07-03,7:20:00,16.47
Gorge,2024-07-03,7:30:00,16.82
Gorge,2024-07-03,7:40:00,16.9
Gorge,2024-07-03,7:50:00,16.99
Gorge,2024-07-03,8:00:00,16.94
Gorge,2024-07-03,8:10:00,17.33
Gorge,2024-07-03,8:20:00,17.7
Gorge,2024-07-03,8:30:00,17.78
Gorge,2024-07-03,8:40:00,18
Gorge,2024-07-03,8:50:00,18.18
Gorge,2024-07-03,9:00:00,18.26
Gorge,2024-07-03,9:10:00,18.37
Gorge,2024-07-03,9:20:00,18.4
Gorge,2024-07-03,9:30:00,18.49
Gorge,2024-07-03,9:40:00,18.57
Gorge,2024-07-03,9:50:00,18.67
Gorge,2024-07-03,10:00:00,18.73
Gorge,2024-07-03,10:10:00,18.86
Gorge,2024-07-03,10:20:00,19.01
Gorge,2024-07-03,10:30:00,19.16
Gorge,2024-07-03,10:40:00,19.27
Gorge,2024-07-03,10:50:00,19.35
Gorge,2024-07-03,11:00:00,19.41
Gorge,2024-07-03,11:10:00,19.48
Gorge,2024-07-03,11:20:00,19.62
Gorge,2024-07-03,11:30:00,19.68
Gorge,2024-07-03,11:40:00,19.69
Gorge,2024-07-03,11:50:00,19.42
Gorge,2024-07-03,12:00:00,19.31
Gorge,2024-07-03,12:10:00,19.1
Gorge,2024-07-03,12:20:00,19.25
Gorge,2024-07-03,12:30:00,19.11
Gorge,2024-07-03,12:40:00,18.05
Gorge,2024-07-03,12:50:00,17.69
Gorge,2024-07-03,13:00:00,17.44
Gorge,2024-07-03,13:10:00,17.24
Gorge,2024-07-03,13:20:00,17.26
Gorge,2024-07-03,13:30:00,16.86
Gorge,2024-07-03,13:40:00,16.4
Gorge,2024-07-03,13:50:00,16.3
Gorge,2024-07-03,14:00:00,16.41
Gorge,2024-07-03,14:10:00,16.46
Gorge,2024-07-03,14:20:00,16.69
Gorge,2024-07-03,14:30:00,16.86
Gorge,2024-07-03,14:40:00,16.86
Gorge,2024-07-03,14:50:00,17.78
Gorge,2024-07-03,15:00:00,18.22
Gorge,2024-07-03,15:10:00,17.8
Gorge,2024-07-03,15:20:00,18.37
Gorge,2024-07-03,15:30:00,19.08
Gorge,2024-07-03,15:40:00,19.13
Gorge,2024-07-03,15:50:00,18.88
Gorge,2024-07-03,16:00:00,18.7
Gorge,2024-07-03,16:10:00,18.94
Gorge,2024-07-03,16:20:00,18.04
Gorge,2024-07-03,16:30:00,17.38
Gorge,2024-07-03,16:40:00,16.75
Gorge,2024-07-03,16:50:00,16.45
Gorge,2024-07-03,17:00:00,16.75
Gorge,2024-07-03,17:10:00,16.96
Gorge,2024-07-03,17:20:00,16.35
Gorge,2024-07-03,17:30:00,16
Gorge,2024-07-03,17:40:00,16.06
Gorge,2024-07-03,17:50:00,15.97
Gorge,2024-07-03,18:00:00,16.04
Gorge,2024-07-03,18:10:00,16.24
Gorge,2024-07-03,18:20:00,16.04
Gorge,2024-07-03,18:30:00,16.12
Gorge,2024-07-03,18:40:00,16.47
Gorge,2024-07-03,18:50:00,16.42
Gorge,2024-07-03,19:00:00,16.15
Gorge,2024-07-03,19:10:00,16.04
Gorge,2024-07-03,19:20:00,16.03
Gorge,2024-07-03,19:30:00,15.82
Gorge,2024-07-03,19:40:00,15.96
Gorge,2024-07-03,19:50:00,16.05
Gorge,2024-07-03,20:00:00,15.87
Gorge,2024-07-03,20:10:00,15.7
Gorge,2024-07-03,20:20:00,15.53
Gorge,2024-07-03,20:30:00,15.59
Gorge,2024-07-03,20:40:00,15.74
Gorge,2024-07-03,20:50:00,15.76
Gorge,2024-07-03,21:00:00,15.54
Gorge,2024-07-03,21:10:00,15.48
Gorge,2024-07-03,21:20:00,15.63
Gorge,2024-07-03,21:30:00,15.73
Gorge,2024-07-03,21:40:00,15.63
Gorge,2024-07-03,21:50:00,15.53
Gorge,2024-07-03,22:00:00,15.44
Gorge,2024-07-03,22:10:00,15.47
Gorge,2024-07-03,22:20:00,15.39
Gorge,2024-07-03,22:30:00,15.38
Gorge,2024-07-03,22:40:00,15.42
Gorge,2024-07-03,22:50:00,15.43
Gorge,2024-07-03,23:00:00,15.48
Gorge,2024-07-03,23:10:00,15.59
Gorge,2024-07-03,23:20:00,15.42
Gorge,2024-07-03,23:30:00,15.07
Gorge,2024-07-03,23:40:00,15.03
Gorge,2024-07-03,23:50:00,14.95
Gorge,2024-07-04,0:00:00,14.87
Gorge,2024-07-04,0:10:00,15.04
Gorge,2024-07-04,0:20:00,14.96
Gorge,2024-07-04,0:30:00,14.91
Gorge,2024-07-04,0:40:00,14.99
Gorge,2024-07-04,0:50:00,15.18
Gorge,2024-07-04,1:00:00,15.06
Gorge,2024-07-04,1:10:00,15.21
Gorge,2024-07-04,1:20:00,15.33
Gorge,2024-07-04,1:30:00,15.44
Gorge,2024-07-04,1:40:00,15.4
Gorge,2024-07-04,1:50:00,15.46
Gorge,2024-07-04,2:00:00,15.52
Gorge,2024-07-04,2:10:00,15.47
Gorge,2024-07-04,2:20:00,15.41
Gorge,2024-07-04,2:30:00,15.33
Gorge,2024-07-04,2:40:00,15.43
Gorge,2024-07-04,2:50:00,15.56
Gorge,2024-07-04,3:00:00,15.58
Gorge,2024-07-04,3:10:00,15.55
Gorge,2024-07-04,3:20:00,15.47
Gorge,2024-07-04,3:30:00,15.44
Gorge,2024-07-04,3:40:00,15.33
Gorge,2024-07-04,3:50:00,15.09
Gorge,2024-07-04,4:00:00,15
Gorge,2024-07-04,4:10:00,14.99
Gorge,2024-07-04,4:20:00,14.93
Gorge,2024-07-04,4:30:00,14.87
Gorge,2024-07-04,4:40:00,14.88
Gorge,2024-07-04,4:50:00,15
Gorge,2024-07-04,5:00:00,15.21
Gorge,2024-07-04,5:10:00,15.27
Gorge,2024-07-04,5:20:00,15.33
Gorge,2024-07-04,5:30:00,15.4
Gorge,2024-07-04,5:40:00,15.44
Gorge,2024-07-04,5:50:00,15.45
Gorge,2024-07-04,6:00:00,15.52
Gorge,2024-07-04,6:10:00,15.63
Gorge,2024-07-04,6:20:00,15.62
Gorge,2024-07-04,6:30:00,15.63
Gorge,2024-07-04,6:40:00,15.77
Gorge,2024-07-04,6:50:00,15.99
Gorge,2024-07-04,7:00:00,16.13
Gorge,2024-07-04,7:10:00,16.24
Gorge,2024-07-04,7:20:00,16.42
Gorge,2024-07-04,7:30:00,16.6
Gorge,2024-07-04,7:40:00,16.49
Gorge,2024-07-04,7:50:00,16.77
Gorge,2024-07-04,8:00:00,17.17
Gorge,2024-07-04,8:10:00,17.39
Gorge,2024-07-04,8:20:00,17.46
Gorge,2024-07-04,8:30:00,17.51
Gorge,2024-07-04,8:40:00,17.82
Gorge,2024-07-04,8:50:00,18.22
Gorge,2024-07-04,9:00:00,18.5
Gorge,2024-07-04,9:10:00,18.64
Gorge,2024-07-04,9:20:00,18.71
Gorge,2024-07-04,9:30:00,18.84
Gorge,2024-07-04,9:40:00,18.96
Gorge,2024-07-04,9:50:00,19.06
Gorge,2024-07-04,10:00:00,19.16
Gorge,2024-07-04,10:10:00,19.41
Gorge,2024-07-04,10:20:00,19.57
Gorge,2024-07-04,10:30:00,19.69
Gorge,2024-07-04,10:40:00,19.79
Gorge,2024-07-04,10:50:00,19.9
Gorge,2024-07-04,11:00:00,19.99
Gorge,2024-07-04,11:10:00,20.04
Gorge,2024-07-04,11:20:00,20.2
Gorge,2024-07-04,11:30:00,20.31
Gorge,2024-07-04,11:40:00,20.43
Gorge,2024-07-04,11:50:00,20.58
Gorge,2024-07-04,12:00:00,20.57
Gorge,2024-07-04,12:10:00,20.62
Gorge,2024-07-04,12:20:00,20.57
Gorge,2024-07-04,12:30:00,20.6
Gorge,2024-07-04,12:40:00,20.36
Gorge,2024-07-04,12:50:00,20.4
Gorge,2024-07-04,13:00:00,20.34
Gorge,2024-07-04,13:10:00,20.47
Gorge,2024-07-04,13:20:00,20.83
Gorge,2024-07-04,13:30:00,20.19
Gorge,2024-07-04,13:40:00,19.2
Gorge,2024-07-04,13:50:00,17.69
Gorge,2024-07-04,14:00:00,18.28
Gorge,2024-07-04,14:10:00,18.37
Gorge,2024-07-04,14:20:00,18.13
Gorge,2024-07-04,14:30:00,17.95
Gorge,2024-07-04,14:40:00,17.59
Gorge,2024-07-04,14:50:00,17.96
Gorge,2024-07-04,15:00:00,17.94
Gorge,2024-07-04,15:10:00,17.45
Gorge,2024-07-04,15:20:00,17.19
Gorge,2024-07-04,15:30:00,17.11
Gorge,2024-07-04,15:40:00,17.61
Gorge,2024-07-04,15:50:00,17.6
Gorge,2024-07-04,16:00:00,17.34
Gorge,2024-07-04,16:10:00,17.3
Gorge,2024-07-04,16:20:00,17.45
Gorge,2024-07-04,16:30:00,17.56
Gorge,2024-07-04,16:40:00,17.46
Gorge,2024-07-04,16:50:00,17.13
Gorge,2024-07-04,17:00:00,16.96
Gorge,2024-07-04,17:10:00,17.02
Gorge,2024-07-04,17:20:00,17.11
Gorge,2024-07-04,17:30:00,17.4
Gorge,2024-07-04,17:40:00,17.02
Gorge,2024-07-04,17:50:00,16.77
Gorge,2024-07-04,18:00:00,16.51
Gorge,2024-07-04,18:10:00,16.61
Gorge,2024-07-04,18:20:00,16.51
Gorge,2024-07-04,18:30:00,16.59
Gorge,2024-07-04,18:40:00,16.41
Gorge,2024-07-04,18:50:00,16.32
Gorge,2024-07-04,19:00:00,16.29
Gorge,2024-07-04,19:10:00,16.35
Gorge,2024-07-04,19:20:00,16.36
Gorge,2024-07-04,19:30:00,16.29
Gorge,2024-07-04,19:40:00,16.36
Gorge,2024-07-04,19:50:00,16.44
Gorge,2024-07-04,20:00:00,16.85
Gorge,2024-07-04,20:10:00,16.96
Gorge,2024-07-04,20:20:00,16.32
Gorge,2024-07-04,20:30:00,16.33
Gorge,2024-07-04,20:40:00,16.6
Gorge,2024-07-04,20:50:00,16.37
Gorge,2024-07-04,21:00:00,16.02
Gorge,2024-07-04,21:10:00,15.76
Gorge,2024-07-04,21:20:00,15.7
Gorge,2024-07-04,21:30:00,15.7
Gorge,2024-07-04,21:40:00,15.63
Gorge,2024-07-04,21:50:00,15.56
Gorge,2024-07-04,22:00:00,15.68
Gorge,2024-07-04,22:10:00,15.65
Gorge,2024-07-04,22:20:00,15.65
Gorge,2024-07-04,22:30:00,15.65
Gorge,2024-07-04,22:40:00,15.74
Gorge,2024-07-04,22:50:00,15.91
Gorge,2024-07-04,23:00:00,15.96
Gorge,2024-07-04,23:10:00,15.82
Gorge,2024-07-04,23:20:00,15.87
Gorge,2024-07-04,23:30:00,15.9
Gorge,2024-07-04,23:40:00,15.56
Gorge,2024-07-04,23:50:00,15.19
Gorge,2024-07-05,0:00:00,14.96
Gorge,2024-07-05,0:10:00,14.88
Gorge,2024-07-05,0:20:00,14.91
Gorge,2024-07-05,0:30:00,14.91
Gorge,2024-07-05,0:40:00,15.53
Gorge,2024-07-05,0:50:00,15.76
Gorge,2024-07-05,1:00:00,15.78
Gorge,2024-07-05,1:10:00,15.72
Gorge,2024-07-05,1:20:00,15.58
Gorge,2024-07-05,1:30:00,15.44
Gorge,2024-07-05,1:40:00,15.4
Gorge,2024-07-05,1:50:00,15.19
Gorge,2024-07-05,2:00:00,15.36
Gorge,2024-07-05,2:10:00,15.57
Gorge,2024-07-05,2:20:00,15.86
Gorge,2024-07-05,2:30:00,15.92
Gorge,2024-07-05,2:40:00,15.8
Gorge,2024-07-05,2:50:00,15.87
Gorge,2024-07-05,3:00:00,15.91
Gorge,2024-07-05,3:10:00,15.95
Gorge,2024-07-05,3:20:00,16.1
Gorge,2024-07-05,3:30:00,16.15
Gorge,2024-07-05,3:40:00,16.13
Gorge,2024-07-05,3:50:00,16.35
Gorge,2024-07-05,4:00:00,16.41
Gorge,2024-07-05,4:10:00,16.17
Gorge,2024-07-05,4:20:00,15.62
Gorge,2024-07-05,4:30:00,15.29
Gorge,2024-07-05,4:40:00,15.13
Gorge,2024-07-05,4:50:00,15.15
Gorge,2024-07-05,5:00:00,15.16
Gorge,2024-07-05,5:10:00,15.19
Gorge,2024-07-05,5:20:00,15.21
Gorge,2024-07-05,5:30:00,15.19
Gorge,2024-07-05,5:40:00,15.33
Gorge,2024-07-05,5:50:00,15.51
Gorge,2024-07-05,6:00:00,15.62
Gorge,2024-07-05,6:10:00,15.67
Gorge,2024-07-05,6:20:00,15.69
Gorge,2024-07-05,6:30:00,15.76
Gorge,2024-07-05,6:40:00,15.76
Gorge,2024-07-05,6:50:00,15.76
Gorge,2024-07-05,7:00:00,15.83
Gorge,2024-07-05,7:10:00,15.88
Gorge,2024-07-05,7:20:00,16.1
Gorge,2024-07-05,7:30:00,16.32
Gorge,2024-07-05,7:40:00,16.45
Gorge,2024-07-05,7:50:00,16.73
Gorge,2024-07-05,8:00:00,16.87
Gorge,2024-07-05,8:10:00,17.01
Gorge,2024-07-05,8:20:00,17.09
Gorge,2024-07-05,8:30:00,17.36
Gorge,2024-07-05,8:40:00,17.6
Gorge,2024-07-05,8:50:00,17.67
Gorge,2024-07-05,9:00:00,17.9
Gorge,2024-07-05,9:10:00,18.03
Gorge,2024-07-05,9:20:00,18.37
Gorge,2024-07-05,9:30:00,18.89
Gorge,2024-07-05,9:40:00,19.28
Gorge,2024-07-05,9:50:00,19.42
Gorge,2024-07-05,10:00:00,19.48
Gorge,2024-07-05,10:10:00,19.62
Gorge,2024-07-05,10:20:00,19.77
Gorge,2024-07-05,10:30:00,19.89
Gorge,2024-07-05,10:40:00,20.02
Gorge,2024-07-05,10:50:00,20.2
Gorge,2024-07-05,11:00:00,20.27
Gorge,2024-07-05,11:10:00,20.33
Gorge,2024-07-05,11:20:00,20.65
Gorge,2024-07-05,11:30:00,20.91
Gorge,2024-07-05,11:40:00,21
Gorge,2024-07-05,11:50:00,21.08
Gorge,2024-07-05,12:00:00,21.2
Gorge,2024-07-05,12:10:00,21.47
Gorge,2024-07-05,12:20:00,21.51
Gorge,2024-07-05,12:30:00,21.65
Gorge,2024-07-05,12:40:00,21.69
Gorge,2024-07-05,12:50:00,21.74
Gorge,2024-07-05,13:00:00,21.84
Gorge,2024-07-05,13:10:00,21.92
Gorge,2024-07-05,13:20:00,21.87
Gorge,2024-07-05,13:30:00,20.51
Gorge,2024-07-05,13:40:00,20.12
Gorge,2024-07-05,13:50:00,21.16
Gorge,2024-07-05,14:00:00,19.86
Gorge,2024-07-05,14:10:00,20.72
Gorge,2024-07-05,14:20:00,19.4
Gorge,2024-07-05,14:30:00,18.69
Gorge,2024-07-05,14:40:00,18.94
Gorge,2024-07-05,14:50:00,18.62
Gorge,2024-07-05,15:00:00,18.52
Gorge,2024-07-05,15:10:00,18.5
Gorge,2024-07-05,15:20:00,18.44
Gorge,2024-07-05,15:30:00,18.34
Gorge,2024-07-05,15:40:00,18.2
Gorge,2024-07-05,15:50:00,17.96
Gorge,2024-07-05,16:00:00,17.95
Gorge,2024-07-05,16:10:00,17.88
Gorge,2024-07-05,16:20:00,17.95
Gorge,2024-07-05,16:30:00,17.93
Gorge,2024-07-05,16:40:00,17.18
Gorge,2024-07-05,16:50:00,16.65
Gorge,2024-07-05,17:00:00,17.14
Gorge,2024-07-05,17:10:00,17.8
Gorge,2024-07-05,17:20:00,17.64
Gorge,2024-07-05,17:30:00,18.46
Gorge,2024-07-05,17:40:00,17.91
Gorge,2024-07-05,17:50:00,17.54
Gorge,2024-07-05,18:00:00,17.56
Gorge,2024-07-05,18:10:00,17.49
Gorge,2024-07-05,18:20:00,17.03
Gorge,2024-07-05,18:30:00,17.04
Gorge,2024-07-05,18:40:00,16.75
Gorge,2024-07-05,18:50:00,16.61
Gorge,2024-07-05,19:00:00,16.49
Gorge,2024-07-05,19:10:00,16.44
Gorge,2024-07-05,19:20:00,16.24
Gorge,2024-07-05,19:30:00,16.22
Gorge,2024-07-05,19:40:00,16.59
Gorge,2024-07-05,19:50:00,16.67
Gorge,2024-07-05,20:00:00,16.62
Gorge,2024-07-05,20:10:00,16.57
Gorge,2024-07-05,20:20:00,16.71
Gorge,2024-07-05,20:30:00,16.51
Gorge,2024-07-05,20:40:00,16.35
Gorge,2024-07-05,20:50:00,16.31
Gorge,2024-07-05,21:00:00,16.35
Gorge,2024-07-05,21:10:00,16.49
Gorge,2024-07-05,21:20:00,16.28
Gorge,2024-07-05,21:30:00,16.18
Gorge,2024-07-05,21:40:00,16.05
Gorge,2024-07-05,21:50:00,16.02
Gorge,2024-07-05,22:00:00,16.05
Gorge,2024-07-05,22:10:00,16.12
Gorge,2024-07-05,22:20:00,15.97
Gorge,2024-07-05,22:30:00,16
Gorge,2024-07-05,22:40:00,16.14
Gorge,2024-07-05,22:50:00,15.92
Gorge,2024-07-05,23:00:00,15.88
Gorge,2024-07-05,23:10:00,15.61
Gorge,2024-07-05,23:20:00,15.45
Gorge,2024-07-05,23:30:00,15.37
Gorge,2024-07-05,23:40:00,15.28
Gorge,2024-07-05,23:50:00,15.22
Gorge,2024-07-06,0:00:00,15.42
Gorge,2024-07-06,0:10:00,15.58
Gorge,2024-07-06,0:20:00,15.59
Gorge,2024-07-06,0:30:00,15.73
Gorge,2024-07-06,0:40:00,15.99
Gorge,2024-07-06,0:50:00,15.84
Gorge,2024-07-06,1:00:00,15.88
Gorge,2024-07-06,1:10:00,15.72
Gorge,2024-07-06,1:20:00,15.4
Gorge,2024-07-06,1:30:00,15.18
Gorge,2024-07-06,1:40:00,15.09
Gorge,2024-07-06,1:50:00,15.19
Gorge,2024-07-06,2:00:00,15.24
Gorge,2024-07-06,2:10:00,15.31
Gorge,2024-07-06,2:20:00,15.31
Gorge,2024-07-06,2:30:00,15.36
Gorge,2024-07-06,2:40:00,15.6
Gorge,2024-07-06,2:50:00,15.71
Gorge,2024-07-06,3:00:00,15.63
Gorge,2024-07-06,3:10:00,15.67
Gorge,2024-07-06,3:20:00,15.58
Gorge,2024-07-06,3:30:00,15.63
Gorge,2024-07-06,3:40:00,15.83
Gorge,2024-07-06,3:50:00,16.25
Gorge,2024-07-06,4:00:00,16.49
Gorge,2024-07-06,4:10:00,16.57
Gorge,2024-07-06,4:20:00,16.61
Gorge,2024-07-06,4:30:00,16.78
Gorge,2024-07-06,4:40:00,16.82
Gorge,2024-07-06,4:50:00,16.76
Gorge,2024-07-06,5:00:00,16.74
Gorge,2024-07-06,5:10:00,16.14
Gorge,2024-07-06,5:20:00,15.43
Gorge,2024-07-06,5:30:00,15.28
Gorge,2024-07-06,5:40:00,15.29
Gorge,2024-07-06,5:50:00,15.3
Gorge,2024-07-06,6:00:00,15.33
Gorge,2024-07-06,6:10:00,15.33
Gorge,2024-07-06,6:20:00,15.32
Gorge,2024-07-06,6:30:00,15.42
Gorge,2024-07-06,6:40:00,15.53
Gorge,2024-07-06,6:50:00,15.63
Gorge,2024-07-06,7:00:00,15.72
Gorge,2024-07-06,7:10:00,15.76
Gorge,2024-07-06,7:20:00,15.82
Gorge,2024-07-06,7:30:00,15.88
Gorge,2024-07-06,7:40:00,15.95
Gorge,2024-07-06,7:50:00,15.99
Gorge,2024-07-06,8:00:00,16.08
Gorge,2024-07-06,8:10:00,16.25
Gorge,2024-07-06,8:20:00,16.5
Gorge,2024-07-06,8:30:00,16.74
Gorge,2024-07-06,8:40:00,17.04
Gorge,2024-07-06,8:50:00,17.24
Gorge,2024-07-06,9:00:00,17.33
Gorge,2024-07-06,9:10:00,17.56
Gorge,2024-07-06,9:20:00,17.92
Gorge,2024-07-06,9:30:00,18.25
Gorge,2024-07-06,9:40:00,18.41
Gorge,2024-07-06,9:50:00,18.36
Gorge,2024-07-06,10:00:00,18.58
Gorge,2024-07-06,10:10:00,18.97
Gorge,2024-07-06,10:20:00,19.25
Gorge,2024-07-06,10:30:00,19.43
Gorge,2024-07-06,10:40:00,19.61
Gorge,2024-07-06,10:50:00,19.76
Gorge,2024-07-06,11:00:00,20
Gorge,2024-07-06,11:10:00,20.18
Gorge,2024-07-06,11:20:00,20.47
Gorge,2024-07-06,11:30:00,20.77
Gorge,2024-07-06,11:40:00,20.91
Gorge,2024-07-06,11:50:00,20.99
Gorge,2024-07-06,12:00:00,20.98
Gorge,2024-07-06,12:10:00,21.07
Gorge,2024-07-06,12:20:00,21.36
Gorge,2024-07-06,12:30:00,21.42
Gorge,2024-07-06,12:40:00,21.45
Gorge,2024-07-06,12:50:00,21.6
Gorge,2024-07-06,13:00:00,21.75
Gorge,2024-07-06,13:10:00,21.88
Gorge,2024-07-06,13:20:00,22.04
Gorge,2024-07-06,13:30:00,22.06
Gorge,2024-07-06,13:40:00,22.13
Gorge,2024-07-06,13:50:00,22.22
Gorge,2024-07-06,14:00:00,22.32
Gorge,2024-07-06,14:10:00,22.34
Gorge,2024-07-06,14:20:00,22.12
Gorge,2024-07-06,14:30:00,21.89
Gorge,2024-07-06,14:40:00,20.37
Gorge,2024-07-06,14:50:00,19.43
Gorge,2024-07-06,15:00:00,19.39
Gorge,2024-07-06,15:10:00,19.25
Gorge,2024-07-06,15:20:00,19.66
Gorge,2024-07-06,15:30:00,20.3
Gorge,2024-07-06,15:40:00,19.37
Gorge,2024-07-06,15:50:00,18.35
Gorge,2024-07-06,16:00:00,17.85
Gorge,2024-07-06,16:10:00,17.78
Gorge,2024-07-06,16:20:00,18
Gorge,2024-07-06,16:30:00,17.97
Gorge,2024-07-06,16:40:00,17.56
Gorge,2024-07-06,16:50:00,17.47
Gorge,2024-07-06,17:00:00,17.24
Gorge,2024-07-06,17:10:00,18
Gorge,2024-07-06,17:20:00,18.08
Gorge,2024-07-06,17:30:00,17.81
Gorge,2024-07-06,17:40:00,17.02
Gorge,2024-07-06,17:50:00,17.45
Gorge,2024-07-06,18:00:00,17.41
Gorge,2024-07-06,18:10:00,17.68
Gorge,2024-07-06,18:20:00,18.44
Gorge,2024-07-06,18:30:00,18.32
Gorge,2024-07-06,18:40:00,17.65
Gorge,2024-07-06,18:50:00,17.49
Gorge,2024-07-06,19:00:00,17.21
Gorge,2024-07-06,19:10:00,16.9
Gorge,2024-07-06,19:20:00,16.82
Gorge,2024-07-06,19:30:00,16.86
Gorge,2024-07-06,19:40:00,16.59
Gorge,2024-07-06,19:50:00,16.41
Gorge,2024-07-06,20:00:00,16.21
Gorge,2024-07-06,20:10:00,16.13
Gorge,2024-07-06,20:20:00,16.22
Gorge,2024-07-06,20:30:00,16.32
Gorge,2024-07-06,20:40:00,16.19
Gorge,2024-07-06,20:50:00,16.24
Gorge,2024-07-06,21:00:00,16.25
Gorge,2024-07-06,21:10:00,16.26
Gorge,2024-07-06,21:20:00,16.2
Gorge,2024-07-06,21:30:00,16.11
Gorge,2024-07-06,21:40:00,16.04
Gorge,2024-07-06,21:50:00,16.05
Gorge,2024-07-06,22:00:00,16.14
Gorge,2024-07-06,22:10:00,16.17
Gorge,2024-07-06,22:20:00,16.03
Gorge,2024-07-06,22:30:00,16.02
Gorge,2024-07-06,22:40:00,15.82
Gorge,2024-07-06,22:50:00,15.78
Gorge,2024-07-06,23:00:00,16
Gorge,2024-07-06,23:10:00,16.04
Gorge,2024-07-06,23:20:00,16.03
Gorge,2024-07-06,23:30:00,15.9
Gorge,2024-07-06,23:40:00,16.06
Gorge,2024-07-06,23:50:00,16.27
Gorge,2024-07-07,0:00:00,16.17
Gorge,2024-07-07,0:10:00,16.08
Gorge,2024-07-07,0:20:00,16.35
Gorge,2024-07-07,0:30:00,16.24
Gorge,2024-07-07,0:40:00,16.17
Gorge,2024-07-07,0:50:00,15.87
Gorge,2024-07-07,1:00:00,15.93
Gorge,2024-07-07,1:10:00,15.86
Gorge,2024-07-07,1:20:00,15.71
Gorge,2024-07-07,1:30:00,15.51
Gorge,2024-07-07,1:40:00,15.43
Gorge,2024-07-07,1:50:00,15.47
Gorge,2024-07-07,2:00:00,15.65
Gorge,2024-07-07,2:10:00,15.67
Gorge,2024-07-07,2:20:00,15.49
Gorge,2024-07-07,2:30:00,15.38
Gorge,2024-07-07,2:40:00,15.42
Gorge,2024-07-07,2:50:00,15.45
Gorge,2024-07-07,3:00:00,15.48
Gorge,2024-07-07,3:10:00,15.43
Gorge,2024-07-07,3:20:00,15.48
Gorge,2024-07-07,3:30:00,15.63
Gorge,2024-07-07,3:40:00,15.91
Gorge,2024-07-07,3:50:00,16.04
Gorge,2024-07-07,4:00:00,15.98
Gorge,2024-07-07,4:10:00,16.06
Gorge,2024-07-07,4:20:00,16.28
Gorge,2024-07-07,4:30:00,16.59
Gorge,2024-07-07,4:40:00,16.6
Gorge,2024-07-07,4:50:00,16.49
Gorge,2024-07-07,5:00:00,16.49
Gorge,2024-07-07,5:10:00,16.52
Gorge,2024-07-07,5:20:00,16.59
Gorge,2024-07-07,5:30:00,16.58
Gorge,2024-07-07,5:40:00,16.56
Gorge,2024-07-07,5:50:00,16.3
Gorge,2024-07-07,6:00:00,15.62
Gorge,2024-07-07,6:10:00,15.31
Gorge,2024-07-07,6:20:00,15.27
Gorge,2024-07-07,6:30:00,15.26
Gorge,2024-07-07,6:40:00,15.33
Gorge,2024-07-07,6:50:00,15.44
Gorge,2024-07-07,7:00:00,15.47
Gorge,2024-07-07,7:10:00,15.49
Gorge,2024-07-07,7:20:00,15.62
Gorge,2024-07-07,7:30:00,15.86
Gorge,2024-07-07,7:40:00,16.03
Gorge,2024-07-07,7:50:00,16.15
Gorge,2024-07-07,8:00:00,16.24
Gorge,2024-07-07,8:10:00,16.36
Gorge,2024-07-07,8:20:00,16.45
Gorge,2024-07-07,8:30:00,16.55
Gorge,2024-07-07,8:40:00,16.58
Gorge,2024-07-07,8:50:00,16.72
Gorge,2024-07-07,9:00:00,16.94
Gorge,2024-07-07,9:10:00,17.07
Gorge,2024-07-07,9:20:00,17.39
Gorge,2024-07-07,9:30:00,17.68
Gorge,2024-07-07,9:40:00,17.8
Gorge,2024-07-07,9:50:00,18.15
Gorge,2024-07-07,10:00:00,18.34
Gorge,2024-07-07,10:10:00,18.56
Gorge,2024-07-07,10:20:00,18.94
Gorge,2024-07-07,10:30:00,19.11
Gorge,2024-07-07,10:40:00,19.35
Gorge,2024-07-07,10:50:00,19.52
Gorge,2024-07-07,11:00:00,19.6
Gorge,2024-07-07,11:10:00,19.96
Gorge,2024-07-07,11:20:00,20.5
Gorge,2024-07-07,11:30:00,20.53
Gorge,2024-07-07,11:40:00,20.6
Gorge,2024-07-07,11:50:00,20.75
Gorge,2024-07-07,12:00:00,20.89
Gorge,2024-07-07,12:10:00,21.14
Gorge,2024-07-07,12:20:00,21.35
Gorge,2024-07-07,12:30:00,21.54
Gorge,2024-07-07,12:40:00,21.66
Gorge,2024-07-07,12:50:00,21.79
Gorge,2024-07-07,13:00:00,21.98
Gorge,2024-07-07,13:10:00,22.14
Gorge,2024-07-07,13:20:00,22.31
Gorge,2024-07-07,13:30:00,22.49
Gorge,2024-07-07,13:40:00,22.56
Gorge,2024-07-07,13:50:00,22.63
Gorge,2024-07-07,14:00:00,22.72
Gorge,2024-07-07,14:10:00,22.82
Gorge,2024-07-07,14:20:00,22.92
Gorge,2024-07-07,14:30:00,22.95
Gorge,2024-07-07,14:40:00,22.97
Gorge,2024-07-07,14:50:00,22.64
Gorge,2024-07-07,15:00:00,22.4
Gorge,2024-07-07,15:10:00,21.53
Gorge,2024-07-07,15:20:00,20.6
Gorge,2024-07-07,15:30:00,20.76
Gorge,2024-07-07,15:40:00,19.66
Gorge,2024-07-07,15:50:00,18.53
Gorge,2024-07-07,16:00:00,18.57
Gorge,2024-07-07,16:10:00,18.77
Gorge,2024-07-07,16:20:00,18.59
Gorge,2024-07-07,16:30:00,18.37
Gorge,2024-07-07,16:40:00,18.4
Gorge,2024-07-07,16:50:00,18.23
Gorge,2024-07-07,17:00:00,18.14
Gorge,2024-07-07,17:10:00,18.67
Gorge,2024-07-07,17:20:00,18.38
Gorge,2024-07-07,17:30:00,18.4
Gorge,2024-07-07,17:40:00,18.29
Gorge,2024-07-07,17:50:00,18.24
Gorge,2024-07-07,18:00:00,18.23
Gorge,2024-07-07,18:10:00,18.04
Gorge,2024-07-07,18:20:00,17.63
Gorge,2024-07-07,18:30:00,17.03
Gorge,2024-07-07,18:40:00,16.8
Gorge,2024-07-07,18:50:00,16.73
Gorge,2024-07-07,19:00:00,16.88
Gorge,2024-07-07,19:10:00,16.82
Gorge,2024-07-07,19:20:00,17.3
Gorge,2024-07-07,19:30:00,17.39
Gorge,2024-07-07,19:40:00,17.43
Gorge,2024-07-07,19:50:00,17.39
Gorge,2024-07-07,20:00:00,17.73
Gorge,2024-07-07,20:10:00,17.36
Gorge,2024-07-07,20:20:00,17.17
Gorge,2024-07-07,20:30:00,17.3
Gorge,2024-07-07,20:40:00,17.28
Gorge,2024-07-07,20:50:00,17.2
Gorge,2024-07-07,21:00:00,17.11
Gorge,2024-07-07,21:10:00,17.08
Gorge,2024-07-07,21:20:00,17.05
Gorge,2024-07-07,21:30:00,17.04
Gorge,2024-07-07,21:40:00,16.95
Gorge,2024-07-07,21:50:00,17.03
Gorge,2024-07-07,22:00:00,16.8
Gorge,2024-07-07,22:10:00,16.86
Gorge,2024-07-07,22:20:00,16.98
Gorge,2024-07-07,22:30:00,16.94
Gorge,2024-07-07,22:40:00,16.74
Gorge,2024-07-07,22:50:00,16.43
Gorge,2024-07-07,23:00:00,16.52
Gorge,2024-07-07,23:10:00,16.4
Gorge,2024-07-07,23:20:00,16.28
Gorge,2024-07-07,23:30:00,16.11
Gorge,2024-07-07,23:40:00,16.15
Gorge,2024-07-07,23:50:00,16.28
Gorge,2024-07-08,0:00:00,16.28
Gorge,2024-07-08,0:10:00,16.1
Gorge,2024-07-08,0:20:00,16.04
Gorge,2024-07-08,0:30:00,15.96
Gorge,2024-07-08,0:40:00,15.99
Gorge,2024-07-08,0:50:00,15.97
Gorge,2024-07-08,1:00:00,16.06
Gorge,2024-07-08,1:10:00,16.14
Gorge,2024-07-08,1:20:00,16.15
Gorge,2024-07-08,1:30:00,16.15
Gorge,2024-07-08,1:40:00,16.15
Gorge,2024-07-08,1:50:00,16.13
Gorge,2024-07-08,2:00:00,16.14
Gorge,2024-07-08,2:10:00,16.12
Gorge,2024-07-08,2:20:00,16.15
Gorge,2024-07-08,2:30:00,16.16
Gorge,2024-07-08,2:40:00,16.06
Gorge,2024-07-08,2:50:00,16.05
Gorge,2024-07-08,3:00:00,15.9
Gorge,2024-07-08,3:10:00,15.81
Gorge,2024-07-08,3:20:00,15.83
Gorge,2024-07-08,3:30:00,15.86
Gorge,2024-07-08,3:40:00,15.89
Gorge,2024-07-08,3:50:00,16.01
Gorge,2024-07-08,4:00:00,16.21
Gorge,2024-07-08,4:10:00,16.35
Gorge,2024-07-08,4:20:00,16.48
Gorge,2024-07-08,4:30:00,16.31
Gorge,2024-07-08,4:40:00,16.28
Gorge,2024-07-08,4:50:00,16.36
Gorge,2024-07-08,5:00:00,16.56
Gorge,2024-07-08,5:10:00,17
Gorge,2024-07-08,5:20:00,17.21
Gorge,2024-07-08,5:30:00,17.29
Gorge,2024-07-08,5:40:00,17.29
Gorge,2024-07-08,5:50:00,17.32
Gorge,2024-07-08,6:00:00,17.3
Gorge,2024-07-08,6:10:00,17.26
Gorge,2024-07-08,6:20:00,17.18
Gorge,2024-07-08,6:30:00,17.07
Gorge,2024-07-08,6:40:00,16.47
Gorge,2024-07-08,6:50:00,16.05
Gorge,2024-07-08,7:00:00,15.86
Gorge,2024-07-08,7:10:00,15.83
Gorge,2024-07-08,7:20:00,15.74
Gorge,2024-07-08,7:30:00,15.73
Gorge,2024-07-08,7:40:00,15.86
Gorge,2024-07-08,7:50:00,15.87
Gorge,2024-07-08,8:00:00,15.99
Gorge,2024-07-08,8:10:00,16.02
Gorge,2024-07-08,8:20:00,16.28
Gorge,2024-07-08,8:30:00,16.51
Gorge,2024-07-08,8:40:00,16.8
Gorge,2024-07-08,8:50:00,16.98
Gorge,2024-07-08,9:00:00,17.11
Gorge,2024-07-08,9:10:00,17.23
Gorge,2024-07-08,9:20:00,17.35
Gorge,2024-07-08,9:30:00,17.47
Gorge,2024-07-08,9:40:00,17.62
Gorge,2024-07-08,9:50:00,17.8
Gorge,2024-07-08,10:00:00,17.94
Gorge,2024-07-08,10:10:00,18.22
Gorge,2024-07-08,10:20:00,18.43
Gorge,2024-07-08,10:30:00,18.63
Gorge,2024-07-08,10:40:00,18.93
Gorge,2024-07-08,10:50:00,19.17
Gorge,2024-07-08,11:00:00,19.31
Gorge,2024-07-08,11:10:00,19.56
Gorge,2024-07-08,11:20:00,19.72
Gorge,2024-07-08,11:30:00,19.96
Gorge,2024-07-08,11:40:00,20.32
Gorge,2024-07-08,11:50:00,20.62
Gorge,2024-07-08,12:00:00,21.06
Gorge,2024-07-08,12:10:00,21.22
Gorge,2024-07-08,12:20:00,21.25
Gorge,2024-07-08,12:30:00,21.29
Gorge,2024-07-08,12:40:00,21.36
Gorge,2024-07-08,12:50:00,21.55
Gorge,2024-07-08,13:00:00,22.01
Gorge,2024-07-08,13:10:00,22.29
Gorge,2024-07-08,13:20:00,22.31
Gorge,2024-07-08,13:30:00,22.35
Gorge,2024-07-08,13:40:00,22.47
Gorge,2024-07-08,13:50:00,22.64
Gorge,2024-07-08,14:00:00,22.81
Gorge,2024-07-08,14:10:00,23.01
Gorge,2024-07-08,14:20:00,23.16
Gorge,2024-07-08,14:30:00,23.18
Gorge,2024-07-08,14:40:00,23.24
Gorge,2024-07-08,14:50:00,23.29
Gorge,2024-07-08,15:00:00,23.23
Gorge,2024-07-08,15:10:00,23.2
Gorge,2024-07-08,15:20:00,22.99
Gorge,2024-07-08,15:30:00,22.18
Gorge,2024-07-08,15:40:00,20.8
Gorge,2024-07-08,15:50:00,20.79
Gorge,2024-07-08,16:00:00,20.94
Gorge,2024-07-08,16:10:00,19.76
Gorge,2024-07-08,16:20:00,18.74
Gorge,2024-07-08,16:30:00,19.06
Gorge,2024-07-08,16:40:00,19.3
Gorge,2024-07-08,16:50:00,19.23
Gorge,2024-07-08,17:00:00,18.79
Gorge,2024-07-08,17:10:00,18.44
Gorge,2024-07-08,17:20:00,18.32
Gorge,2024-07-08,17:30:00,18.37
Gorge,2024-07-08,17:40:00,18.26
Gorge,2024-07-08,17:50:00,17.93
Gorge,2024-07-08,18:00:00,17.63
Gorge,2024-07-08,18:10:00,17.49
Gorge,2024-07-08,18:20:00,17.55
Gorge,2024-07-08,18:30:00,18.36
Gorge,2024-07-08,18:40:00,18.49
Gorge,2024-07-08,18:50:00,18.09
Gorge,2024-07-08,19:00:00,17.34
Gorge,2024-07-08,19:10:00,17.05
Gorge,2024-07-08,19:20:00,17.45
Gorge,2024-07-08,19:30:00,17.38
Gorge,2024-07-08,19:40:00,17.11
Gorge,2024-07-08,19:50:00,17.19
Gorge,2024-07-08,20:00:00,17.18
Gorge,2024-07-08,20:10:00,17.21
Gorge,2024-07-08,20:20:00,17.56
Gorge,2024-07-08,20:30:00,17.73
Gorge,2024-07-08,20:40:00,17.78
Gorge,2024-07-08,20:50:00,17.66
Gorge,2024-07-08,21:00:00,17.46
Gorge,2024-07-08,21:10:00,17.28
Gorge,2024-07-08,21:20:00,17.31
Gorge,2024-07-08,21:30:00,17.03
Gorge,2024-07-08,21:40:00,17.01
Gorge,2024-07-08,21:50:00,16.98
Gorge,2024-07-08,22:00:00,17.22
Gorge,2024-07-08,22:10:00,17.41
Gorge,2024-07-08,22:20:00,17.37
Gorge,2024-07-08,22:30:00,17.23
Gorge,2024-07-08,22:40:00,17.01
Gorge,2024-07-08,22:50:00,16.86
Gorge,2024-07-08,23:00:00,16.59
Gorge,2024-07-08,23:10:00,16.67
Gorge,2024-07-08,23:20:00,16.96
Gorge,2024-07-08,23:30:00,17.11
Gorge,2024-07-08,23:40:00,17.09
Gorge,2024-07-08,23:50:00,17.25
Gorge,2024-07-09,0:00:00,17.26
Gorge,2024-07-09,0:10:00,17.29
Gorge,2024-07-09,0:20:00,17.54
Gorge,2024-07-09,0:30:00,17.58
Gorge,2024-07-09,0:40:00,17.56
Gorge,2024-07-09,0:50:00,17.56
Gorge,2024-07-09,1:00:00,17.34
Gorge,2024-07-09,1:10:00,17.28
Gorge,2024-07-09,1:20:00,17.25
Gorge,2024-07-09,1:30:00,17.13
Gorge,2024-07-09,1:40:00,17.02
Gorge,2024-07-09,1:50:00,17.06
Gorge,2024-07-09,2:00:00,17.06
Gorge,2024-07-09,2:10:00,16.75
Gorge,2024-07-09,2:20:00,16.6
Gorge,2024-07-09,2:30:00,16.55
Gorge,2024-07-09,2:40:00,16.71
Gorge,2024-07-09,2:50:00,17.05
Gorge,2024-07-09,3:00:00,17.17
Gorge,2024-07-09,3:10:00,17.1
Gorge,2024-07-09,3:20:00,16.92
Gorge,2024-07-09,3:30:00,16.98
Gorge,2024-07-09,3:40:00,17.09
Gorge,2024-07-09,3:50:00,17.14
Gorge,2024-07-09,4:00:00,17.03
Gorge,2024-07-09,4:10:00,17.01
Gorge,2024-07-09,4:20:00,17.11
Gorge,2024-07-09,4:30:00,17.15
Gorge,2024-07-09,4:40:00,16.85
Gorge,2024-07-09,4:50:00,16.86
Gorge,2024-07-09,5:00:00,17.08
Gorge,2024-07-09,5:10:00,17.18
Gorge,2024-07-09,5:20:00,17.21
Gorge,2024-07-09,5:30:00,17.29
Gorge,2024-07-09,5:40:00,17.35
Gorge,2024-07-09,5:50:00,17.44
Gorge,2024-07-09,6:00:00,17.46
Gorge,2024-07-09,6:10:00,17.41
Gorge,2024-07-09,6:20:00,17.41
Gorge,2024-07-09,6:30:00,17.44
Gorge,2024-07-09,6:40:00,17.37
Gorge,2024-07-09,6:50:00,17.36
Gorge,2024-07-09,7:00:00,17.29
Gorge,2024-07-09,7:10:00,16.79
Gorge,2024-07-09,7:20:00,16.37
Gorge,2024-07-09,7:30:00,16.19
Gorge,2024-07-09,7:40:00,16.18
Gorge,2024-07-09,7:50:00,16.16
Gorge,2024-07-09,8:00:00,16.18
Gorge,2024-07-09,8:10:00,16.17
Gorge,2024-07-09,8:20:00,16.16
Gorge,2024-07-09,8:30:00,16.16
Gorge,2024-07-09,8:40:00,16.21
Gorge,2024-07-09,8:50:00,16.28
Gorge,2024-07-09,9:00:00,16.34
Gorge,2024-07-09,9:10:00,16.59
Gorge,2024-07-09,9:20:00,16.8
Gorge,2024-07-09,9:30:00,17.03
Gorge,2024-07-09,9:40:00,17.22
Gorge,2024-07-09,9:50:00,17.48
Gorge,2024-07-09,10:00:00,17.72
Gorge,2024-07-09,10:10:00,17.87
Gorge,2024-07-09,10:20:00,18.18
Gorge,2024-07-09,10:30:00,18.36
Gorge,2024-07-09,10:40:00,18.54
Gorge,2024-07-09,10:50:00,18.82
Gorge,2024-07-09,11:00:00,19.04
Gorge,2024-07-09,11:10:00,19.13
Gorge,2024-07-09,11:20:00,19.23
Gorge,2024-07-09,11:30:00,19.42
Gorge,2024-07-09,11:40:00,19.69
Gorge,2024-07-09,11:50:00,19.96
Gorge,2024-07-09,12:00:00,20.19
Gorge,2024-07-09,12:10:00,20.27
Gorge,2024-07-09,12:20:00,20.33
Gorge,2024-07-09,12:30:00,20.48
Gorge,2024-07-09,12:40:00,21.47
Gorge,2024-07-09,12:50:00,21.76
Gorge,2024-07-09,13:00:00,21.79
Gorge,2024-07-09,13:10:00,21.8
Gorge,2024-07-09,13:20:00,21.87
Gorge,2024-07-09,13:30:00,21.93
Gorge,2024-07-09,13:40:00,22.27
Gorge,2024-07-09,13:50:00,22.79
Gorge,2024-07-09,14:00:00,22.94
Gorge,2024-07-09,14:10:00,23
Gorge,2024-07-09,14:20:00,23.1
Gorge,2024-07-09,14:30:00,23.21
Gorge,2024-07-09,14:40:00,23.17
Gorge,2024-07-09,14:50:00,23.28
Gorge,2024-07-09,15:00:00,23.27
Gorge,2024-07-09,15:10:00,23.29
Gorge,2024-07-09,15:20:00,23.29
Gorge,2024-07-09,15:30:00,23.3
Gorge,2024-07-09,15:40:00,23.34
Gorge,2024-07-09,15:50:00,23.39
Gorge,2024-07-09,16:00:00,22.91
Gorge,2024-07-09,16:10:00,20.9
Gorge,2024-07-09,16:20:00,19.94
Gorge,2024-07-09,16:30:00,19.97
Gorge,2024-07-09,16:40:00,19.51
Gorge,2024-07-09,16:50:00,19.43
Gorge,2024-07-09,17:00:00,19.22
Gorge,2024-07-09,17:10:00,18.94
Gorge,2024-07-09,17:20:00,18.82
Gorge,2024-07-09,17:30:00,19.29
Gorge,2024-07-09,17:40:00,18.98
Gorge,2024-07-09,17:50:00,18.98
Gorge,2024-07-09,18:00:00,18.5
Gorge,2024-07-09,18:10:00,17.79
Gorge,2024-07-09,18:20:00,17.43
Gorge,2024-07-09,18:30:00,17.3
Gorge,2024-07-09,18:40:00,17.46
Gorge,2024-07-09,18:50:00,17.44
Gorge,2024-07-09,19:00:00,17.52
Gorge,2024-07-09,19:10:00,17.36
Gorge,2024-07-09,19:20:00,17.31
Gorge,2024-07-09,19:30:00,17.37
Gorge,2024-07-09,19:40:00,17.83
Gorge,2024-07-09,19:50:00,18.22
Gorge,2024-07-09,20:00:00,18.35
Gorge,2024-07-09,20:10:00,18.27
Gorge,2024-07-09,20:20:00,18.09
Gorge,2024-07-09,20:30:00,17.81
Gorge,2024-07-09,20:40:00,17.48
Gorge,2024-07-09,20:50:00,17.28
Gorge,2024-07-09,21:00:00,17.3
Gorge,2024-07-09,21:10:00,17.22
Gorge,2024-07-09,21:20:00,16.96
Gorge,2024-07-09,21:30:00,16.58
Gorge,2024-07-09,21:40:00,16.39
Gorge,2024-07-09,21:50:00,16.45
Gorge,2024-07-09,22:00:00,16.55
Gorge,2024-07-09,22:10:00,16.84
Gorge,2024-07-09,22:20:00,17.05
Gorge,2024-07-09,22:30:00,16.98
Gorge,2024-07-09,22:40:00,16.72
Gorge,2024-07-09,22:50:00,16.65
Gorge,2024-07-09,23:00:00,16.87
Gorge,2024-07-09,23:10:00,17.02
Gorge,2024-07-09,23:20:00,17.08
Gorge,2024-07-09,23:30:00,16.9
Gorge,2024-07-09,23:40:00,16.89
Gorge,2024-07-09,23:50:00,16.95
Gorge,2024-07-10,0:00:00,17.1
Gorge,2024-07-10,0:10:00,17.17
Gorge,2024-07-10,0:20:00,17.17
Gorge,2024-07-10,0:30:00,17.09
Gorge,2024-07-10,0:40:00,17.19
Gorge,2024-07-10,0:50:00,17.26
Gorge,2024-07-10,1:00:00,17.16
Gorge,2024-07-10,1:10:00,17.11
Gorge,2024-07-10,1:20:00,16.98
Gorge,2024-07-10,1:30:00,17.17
Gorge,2024-07-10,1:40:00,17.23
Gorge,2024-07-10,1:50:00,17.33
Gorge,2024-07-10,2:00:00,17.33
Gorge,2024-07-10,2:10:00,17.38
Gorge,2024-07-10,2:20:00,17.4
Gorge,2024-07-10,2:30:00,17.38
Gorge,2024-07-10,2:40:00,17.4
Gorge,2024-07-10,2:50:00,17.39
Gorge,2024-07-10,3:00:00,17.37
Gorge,2024-07-10,3:10:00,17.37
Gorge,2024-07-10,3:20:00,17.35
Gorge,2024-07-10,3:30:00,17.38
Gorge,2024-07-10,3:40:00,17.38
Gorge,2024-07-10,3:50:00,17.36
Gorge,2024-07-10,4:00:00,17.34
Gorge,2024-07-10,4:10:00,17.3
Gorge,2024-07-10,4:20:00,17.29
Gorge,2024-07-10,4:30:00,17.26
Gorge,2024-07-10,4:40:00,17.26
Gorge,2024-07-10,4:50:00,17.25
Gorge,2024-07-10,5:00:00,17.21
Gorge,2024-07-10,5:10:00,17.2
Gorge,2024-07-10,5:20:00,17.18
Gorge,2024-07-10,5:30:00,17.15
Gorge,2024-07-10,5:40:00,17.02
Gorge,2024-07-10,5:50:00,17.05
Gorge,2024-07-10,6:00:00,17.01
Gorge,2024-07-10,6:10:00,16.96
Gorge,2024-07-10,6:20:00,16.93
Gorge,2024-07-10,6:30:00,16.92
Gorge,2024-07-10,6:40:00,17.01
Gorge,2024-07-10,6:50:00,16.95
Gorge,2024-07-10,7:00:00,16.89
Gorge,2024-07-10,7:10:00,16.87
Gorge,2024-07-10,7:20:00,16.8
Gorge,2024-07-10,7:30:00,16.76
Gorge,2024-07-10,7:40:00,16.8
Gorge,2024-07-10,7:50:00,16.8
Gorge,2024-07-10,8:00:00,16.85
Gorge,2024-07-10,8:10:00,16.6
Gorge,2024-07-10,8:20:00,16.55
Gorge,2024-07-10,8:30:00,16.56
Gorge,2024-07-10,8:40:00,16.49
Gorge,2024-07-10,8:50:00,16.51
Gorge,2024-07-10,9:00:00,16.74
Gorge,2024-07-10,9:10:00,16.81
Gorge,2024-07-10,9:20:00,16.8
Gorge,2024-07-10,9:30:00,16.85
Gorge,2024-07-10,9:40:00,17.03
Gorge,2024-07-10,9:50:00,17.16
Gorge,2024-07-10,10:00:00,17.31
Gorge,2024-07-10,10:10:00,17.49
Gorge,2024-07-10,10:20:00,17.65
Gorge,2024-07-10,10:30:00,17.8
Gorge,2024-07-10,10:40:00,18.05
Gorge,2024-07-10,10:50:00,18.21
Gorge,2024-07-10,11:00:00,18.55
Gorge,2024-07-10,11:10:00,18.78
Gorge,2024-07-10,11:20:00,18.98
Gorge,2024-07-10,11:30:00,19.17
Gorge,2024-07-10,11:40:00,19.39
Gorge,2024-07-10,11:50:00,19.68
Gorge,2024-07-10,12:00:00,19.95
Gorge,2024-07-10,12:10:00,20.07
Gorge,2024-07-10,12:20:00,20.34
Gorge,2024-07-10,12:30:00,20.62
Gorge,2024-07-10,12:40:00,21.04
Gorge,2024-07-10,12:50:00,21.29
Gorge,2024-07-10,13:00:00,21.4
Gorge,2024-07-10,13:10:00,21.5
Gorge,2024-07-10,13:20:00,21.73
Gorge,2024-07-10,13:30:00,22.01
Gorge,2024-07-10,13:40:00,22.23
Gorge,2024-07-10,13:50:00,22.6
Gorge,2024-07-10,14:00:00,22.7
Gorge,2024-07-10,14:10:00,22.9
Gorge,2024-07-10,14:20:00,23.13
Gorge,2024-07-10,14:30:00,23.25
Gorge,2024-07-10,14:40:00,23.32
Gorge,2024-07-10,14:50:00,23.45
Gorge,2024-07-10,15:00:00,23.47
Gorge,2024-07-10,15:10:00,23.54
Gorge,2024-07-10,15:20:00,23.64
Gorge,2024-07-10,15:30:00,23.58
Gorge,2024-07-10,15:40:00,23.59
Gorge,2024-07-10,15:50:00,23.67
Gorge,2024-07-10,16:00:00,23.67
Gorge,2024-07-10,16:10:00,23.69
Gorge,2024-07-10,16:20:00,23.8
Gorge,2024-07-10,16:30:00,23.77
Gorge,2024-07-10,16:40:00,23.71
Gorge,2024-07-10,16:50:00,23.76
Gorge,2024-07-10,17:00:00,23.71
Gorge,2024-07-10,17:10:00,23.65
Gorge,2024-07-10,17:20:00,23.65
Gorge,2024-07-10,17:30:00,23.54
Gorge,2024-07-10,17:40:00,23
Gorge,2024-07-10,17:50:00,22.04
Gorge,2024-07-10,18:00:00,21.64
Gorge,2024-07-10,18:10:00,21.24
Gorge,2024-07-10,18:20:00,20.39
Gorge,2024-07-10,18:30:00,19.17
Gorge,2024-07-10,18:40:00,18.57
Gorge,2024-07-10,18:50:00,18.14
Gorge,2024-07-10,19:00:00,18.39
Gorge,2024-07-10,19:10:00,18.27
Gorge,2024-07-10,19:20:00,18.11
Gorge,2024-07-10,19:30:00,18.25
Gorge,2024-07-10,19:40:00,18.35
Gorge,2024-07-10,19:50:00,18.71
Gorge,2024-07-10,20:00:00,19.15
Gorge,2024-07-10,20:10:00,19.23
Gorge,2024-07-10,20:20:00,18.91
Gorge,2024-07-10,20:30:00,18.76
Gorge,2024-07-10,20:40:00,18.47
Gorge,2024-07-10,20:50:00,18.3
Gorge,2024-07-10,21:00:00,18.51
Gorge,2024-07-10,21:10:00,18.48
Gorge,2024-07-10,21:20:00,18.46
Gorge,2024-07-10,21:30:00,18.23
Gorge,2024-07-10,21:40:00,18.25
Gorge,2024-07-10,21:50:00,18.08
Gorge,2024-07-10,22:00:00,18.03
Gorge,2024-07-10,22:10:00,18.09
Gorge,2024-07-10,22:20:00,18.14
Gorge,2024-07-10,22:30:00,18.06
Gorge,2024-07-10,22:40:00,18.12
Gorge,2024-07-10,22:50:00,18.05
Gorge,2024-07-10,23:00:00,17.88
Gorge,2024-07-10,23:10:00,17.73
Gorge,2024-07-10,23:20:00,17.58
Gorge,2024-07-10,23:30:00,17.47
Gorge,2024-07-10,23:40:00,17.47
Gorge,2024-07-10,23:50:00,17.87
Gorge,2024-07-11,0:00:00,18.02
Gorge,2024-07-11,0:10:00,18.83
Gorge,2024-07-11,0:20:00,18.87
Gorge,2024-07-11,0:30:00,18.97
Gorge,2024-07-11,0:40:00,18.84
Gorge,2024-07-11,0:50:00,18.66
Gorge,2024-07-11,1:00:00,18.79
Gorge,2024-07-11,1:10:00,18.69
Gorge,2024-07-11,1:20:00,18.61
Gorge,2024-07-11,1:30:00,18.38
Gorge,2024-07-11,1:40:00,18.37
Gorge,2024-07-11,1:50:00,18.18
Gorge,2024-07-11,2:00:00,18.14
Gorge,2024-07-11,2:10:00,18.13
Gorge,2024-07-11,2:20:00,17.98
Gorge,2024-07-11,2:30:00,17.66
Gorge,2024-07-11,2:40:00,17.65
Gorge,2024-07-11,2:50:00,17.53
Gorge,2024-07-11,3:00:00,17.47
Gorge,2024-07-11,3:10:00,17.44
Gorge,2024-07-11,3:20:00,17.38
Gorge,2024-07-11,3:30:00,17.38
Gorge,2024-07-11,3:40:00,17.41
Gorge,2024-07-11,3:50:00,17.46
Gorge,2024-07-11,4:00:00,17.5
Gorge,2024-07-11,4:10:00,17.49
Gorge,2024-07-11,4:20:00,17.5
Gorge,2024-07-11,4:30:00,17.5
Gorge,2024-07-11,4:40:00,17.49
Gorge,2024-07-11,4:50:00,17.5
Gorge,2024-07-11,5:00:00,17.49
Gorge,2024-07-11,5:10:00,17.47
Gorge,2024-07-11,5:20:00,17.46
Gorge,2024-07-11,5:30:00,17.46
Gorge,2024-07-11,5:40:00,17.47
Gorge,2024-07-11,5:50:00,17.43
Gorge,2024-07-11,6:00:00,17.45
Gorge,2024-07-11,6:10:00,17.46
Gorge,2024-07-11,6:20:00,17.48
Gorge,2024-07-11,6:30:00,17.45
Gorge,2024-07-11,6:40:00,17.44
Gorge,2024-07-11,6:50:00,17.43
Gorge,2024-07-11,7:00:00,17.43
Gorge,2024-07-11,7:10:00,17.43
Gorge,2024-07-11,7:20:00,17.4
Gorge,2024-07-11,7:30:00,17.4
Gorge,2024-07-11,7:40:00,17.46
Gorge,2024-07-11,7:50:00,17.49
Gorge,2024-07-11,8:00:00,17.54
Gorge,2024-07-11,8:10:00,17.63
Gorge,2024-07-11,8:20:00,17.67
Gorge,2024-07-11,8:30:00,17.83
Gorge,2024-07-11,8:40:00,18.03
Gorge,2024-07-11,8:50:00,18.05
Gorge,2024-07-11,9:00:00,18.07
Gorge,2024-07-11,9:10:00,18.06
Gorge,2024-07-11,9:20:00,18.12
Gorge,2024-07-11,9:30:00,18.23
Gorge,2024-07-11,9:40:00,18.33
Gorge,2024-07-11,9:50:00,18.34
Gorge,2024-07-11,10:00:00,18.49
Gorge,2024-07-11,10:10:00,18.57
Gorge,2024-07-11,10:20:00,18.68
Gorge,2024-07-11,10:30:00,18.87
Gorge,2024-07-11,10:40:00,19
Gorge,2024-07-11,10:50:00,19.08
Gorge,2024-07-11,11:00:00,19.22
Gorge,2024-07-11,11:10:00,19.35
Gorge,2024-07-11,11:20:00,19.54
Gorge,2024-07-11,11:30:00,19.7
Gorge,2024-07-11,11:40:00,19.79
Gorge,2024-07-11,11:50:00,19.95
Gorge,2024-07-11,12:00:00,20.05
Gorge,2024-07-11,12:10:00,20.25
Gorge,2024-07-11,12:20:00,20.51
Gorge,2024-07-11,12:30:00,20.58
Gorge,2024-07-11,12:40:00,20.77
Gorge,2024-07-11,12:50:00,20.89
Gorge,2024-07-11,13:00:00,21.06
Gorge,2024-07-11,13:10:00,21.32
Gorge,2024-07-11,13:20:00,21.47
Gorge,2024-07-11,13:30:00,21.68
Gorge,2024-07-11,13:40:00,21.82
Gorge,2024-07-11,13:50:00,22.06
Gorge,2024-07-11,14:00:00,22.23
Gorge,2024-07-11,14:10:00,22.38
Gorge,2024-07-11,14:20:00,22.47
Gorge,2024-07-11,14:30:00,22.54
Gorge,2024-07-11,14:40:00,22.63
Gorge,2024-07-11,14:50:00,22.73
Gorge,2024-07-11,15:00:00,22.81
Gorge,2024-07-11,15:10:00,22.8
Gorge,2024-07-11,15:20:00,22.82
Gorge,2024-07-11,15:30:00,22.8
Gorge,2024-07-11,15:40:00,22.86
Gorge,2024-07-11,15:50:00,22.94
Gorge,2024-07-11,16:00:00,22.96
Gorge,2024-07-11,16:10:00,22.97
Gorge,2024-07-11,16:20:00,23.01
Gorge,2024-07-11,16:30:00,23.06
Gorge,2024-07-11,16:40:00,23.11
Gorge,2024-07-11,16:50:00,22.87
Gorge,2024-07-11,17:00:00,21.42
Gorge,2024-07-11,17:10:00,20.43
Gorge,2024-07-11,17:20:00,20.07
Gorge,2024-07-11,17:30:00,20.13
Gorge,2024-07-11,17:40:00,20.4
Gorge,2024-07-11,17:50:00,20.32
Gorge,2024-07-11,18:00:00,20.16
Gorge,2024-07-11,18:10:00,20.24
Gorge,2024-07-11,18:20:00,20.16
Gorge,2024-07-11,18:30:00,19.98
Gorge,2024-07-11,18:40:00,19.87
Gorge,2024-07-11,18:50:00,19.94
Gorge,2024-07-11,19:00:00,19.5
Gorge,2024-07-11,19:10:00,19.09
Gorge,2024-07-11,19:20:00,18.8
Gorge,2024-07-11,19:30:00,18.39
Gorge,2024-07-11,19:40:00,18.27
Gorge,2024-07-11,19:50:00,18.4
Gorge,2024-07-11,20:00:00,18.79
Gorge,2024-07-11,20:10:00,18.46
Gorge,2024-07-11,20:20:00,18.04
Gorge,2024-07-11,20:30:00,18.14
Gorge,2024-07-11,20:40:00,18.03
Gorge,2024-07-11,20:50:00,18.22
Gorge,2024-07-11,21:00:00,18.13
Gorge,2024-07-11,21:10:00,18.08
Gorge,2024-07-11,21:20:00,17.9
Gorge,2024-07-11,21:30:00,17.59
Gorge,2024-07-11,21:40:00,17.38
Gorge,2024-07-11,21:50:00,17.13
Gorge,2024-07-11,22:00:00,16.72
Gorge,2024-07-11,22:10:00,16.41
Gorge,2024-07-11,22:20:00,16.26
Gorge,2024-07-11,22:30:00,16.13
Gorge,2024-07-11,22:40:00,16.07
Gorge,2024-07-11,22:50:00,16.28
Gorge,2024-07-11,23:00:00,16.43
Gorge,2024-07-11,23:10:00,16.55
Gorge,2024-07-11,23:20:00,16.95
Gorge,2024-07-11,23:30:00,17.21
Gorge,2024-07-11,23:40:00,17.43
Gorge,2024-07-11,23:50:00,17.65
Gorge,2024-07-12,0:00:00,17.36
Gorge,2024-07-12,0:10:00,17.15
Gorge,2024-07-12,0:20:00,17.24
Gorge,2024-07-12,0:30:00,17.32
Gorge,2024-07-12,0:40:00,17.45
Gorge,2024-07-12,0:50:00,17.84
Gorge,2024-07-12,1:00:00,18.1
Gorge,2024-07-12,1:10:00,18.55
Gorge,2024-07-12,1:20:00,19.02
Gorge,2024-07-12,1:30:00,18.86
Gorge,2024-07-12,1:40:00,18.92
Gorge,2024-07-12,1:50:00,18.43
Gorge,2024-07-12,2:00:00,17.75
Gorge,2024-07-12,2:10:00,17.43
Gorge,2024-07-12,2:20:00,17.28
Gorge,2024-07-12,2:30:00,17.23
Gorge,2024-07-12,2:40:00,17.26
Gorge,2024-07-12,2:50:00,17.31
Gorge,2024-07-12,3:00:00,17.37
Gorge,2024-07-12,3:10:00,17.37
Gorge,2024-07-12,3:20:00,17.47
Gorge,2024-07-12,3:30:00,17.51
Gorge,2024-07-12,3:40:00,17.51
Gorge,2024-07-12,3:50:00,17.51
Gorge,2024-07-12,4:00:00,17.49
Gorge,2024-07-12,4:10:00,17.5
Gorge,2024-07-12,4:20:00,17.51
Gorge,2024-07-12,4:30:00,17.51
Gorge,2024-07-12,4:40:00,17.51
Gorge,2024-07-12,4:50:00,17.58
Gorge,2024-07-12,5:00:00,17.62
Gorge,2024-07-12,5:10:00,17.64
Gorge,2024-07-12,5:20:00,17.79
Gorge,2024-07-12,5:30:00,17.82
Gorge,2024-07-12,5:40:00,17.77
Gorge,2024-07-12,5:50:00,17.9
Gorge,2024-07-12,6:00:00,17.99
Gorge,2024-07-12,6:10:00,18.02
Gorge,2024-07-12,6:20:00,18.05
Gorge,2024-07-12,6:30:00,18.09
Gorge,2024-07-12,6:40:00,18.11
Gorge,2024-07-12,6:50:00,18.15
Gorge,2024-07-12,7:00:00,18.29
Gorge,2024-07-12,7:10:00,18.35
Gorge,2024-07-12,7:20:00,18.42
Gorge,2024-07-12,7:30:00,18.55
Gorge,2024-07-12,7:40:00,18.68
Gorge,2024-07-12,7:50:00,18.7
Gorge,2024-07-12,8:00:00,18.74
Gorge,2024-07-12,8:10:00,18.87
Gorge,2024-07-12,8:20:00,19.01
Gorge,2024-07-12,8:30:00,19.02
Gorge,2024-07-12,8:40:00,19.04
Gorge,2024-07-12,8:50:00,19.06
Gorge,2024-07-12,9:00:00,19.18
Gorge,2024-07-12,9:10:00,19.29
Gorge,2024-07-12,9:20:00,19.35
Gorge,2024-07-12,9:30:00,19.47
Gorge,2024-07-12,9:40:00,19.6
Gorge,2024-07-12,9:50:00,19.65
Gorge,2024-07-12,10:00:00,19.67
Gorge,2024-07-12,10:10:00,19.65
Gorge,2024-07-12,10:20:00,19.61
Gorge,2024-07-12,10:30:00,19.66
Gorge,2024-07-12,10:40:00,19.71
Gorge,2024-07-12,10:50:00,19.77
Gorge,2024-07-12,11:00:00,19.86
Gorge,2024-07-12,11:10:00,20.11
Gorge,2024-07-12,11:20:00,20.21
Gorge,2024-07-12,11:30:00,20.31
Gorge,2024-07-12,11:40:00,20.36
Gorge,2024-07-12,11:50:00,20.45
Gorge,2024-07-12,12:00:00,20.62
Gorge,2024-07-12,12:10:00,20.77
Gorge,2024-07-12,12:20:00,20.91
Gorge,2024-07-12,12:30:00,20.96
Gorge,2024-07-12,12:40:00,21.09
Gorge,2024-07-12,12:50:00,21.3
Gorge,2024-07-12,13:00:00,21.43
Gorge,2024-07-12,13:10:00,21.53
Gorge,2024-07-12,13:20:00,21.62
Gorge,2024-07-12,13:30:00,21.69
Gorge,2024-07-12,13:40:00,21.9
Gorge,2024-07-12,13:50:00,22.04
Gorge,2024-07-12,14:00:00,22.12
Gorge,2024-07-12,14:10:00,22.19
Gorge,2024-07-12,14:20:00,22.28
Gorge,2024-07-12,14:30:00,22.38
Gorge,2024-07-12,14:40:00,22.41
Gorge,2024-07-12,14:50:00,22.52
Gorge,2024-07-12,15:00:00,22.58
Gorge,2024-07-12,15:10:00,22.6
Gorge,2024-07-12,15:20:00,22.68
Gorge,2024-07-12,15:30:00,22.61
Gorge,2024-07-12,15:40:00,22.66
Gorge,2024-07-12,15:50:00,22.68
Gorge,2024-07-12,16:00:00,22.76
Gorge,2024-07-12,16:10:00,22.82
Gorge,2024-07-12,16:20:00,22.9
Gorge,2024-07-12,16:30:00,22.9
Gorge,2024-07-12,16:40:00,22.75
Gorge,2024-07-12,16:50:00,22.52
Gorge,2024-07-12,17:00:00,22.5
Gorge,2024-07-12,17:10:00,21.94
Gorge,2024-07-12,17:20:00,21.36
Gorge,2024-07-12,17:30:00,21.13
Gorge,2024-07-12,17:40:00,20.66
Gorge,2024-07-12,17:50:00,20.39
Gorge,2024-07-12,18:00:00,20.65
Gorge,2024-07-12,18:10:00,20.25
Gorge,2024-07-12,18:20:00,20.32
Gorge,2024-07-12,18:30:00,20.17
Gorge,2024-07-12,18:40:00,19.7
Gorge,2024-07-12,18:50:00,19.33
Gorge,2024-07-12,19:00:00,18.64
Gorge,2024-07-12,19:10:00,18.59
Gorge,2024-07-12,19:20:00,18.67
Gorge,2024-07-12,19:30:00,18.29
Gorge,2024-07-12,19:40:00,18
Gorge,2024-07-12,19:50:00,18.32
Gorge,2024-07-12,20:00:00,18.35
Gorge,2024-07-12,20:10:00,18.37
Gorge,2024-07-12,20:20:00,18.66
Gorge,2024-07-12,20:30:00,18.86
Gorge,2024-07-12,20:40:00,18.78
Gorge,2024-07-12,20:50:00,18.58
Gorge,2024-07-12,21:00:00,18.36
Gorge,2024-07-12,21:10:00,18.41
Gorge,2024-07-12,21:20:00,18.19
Gorge,2024-07-12,21:30:00,17.83
Gorge,2024-07-12,21:40:00,17.58
Gorge,2024-07-12,21:50:00,17.43
Gorge,2024-07-12,22:00:00,17.32
Gorge,2024-07-12,22:10:00,17.14
Gorge,2024-07-12,22:20:00,17.06
Gorge,2024-07-12,22:30:00,17.04
Gorge,2024-07-12,22:40:00,17.2
Gorge,2024-07-12,22:50:00,17.37
Gorge,2024-07-12,23:00:00,17.54
Gorge,2024-07-12,23:10:00,17.56
Gorge,2024-07-12,23:20:00,17.53
Gorge,2024-07-12,23:30:00,17.44
Gorge,2024-07-12,23:40:00,17.47
Gorge,2024-07-12,23:50:00,17.29
Gorge,2024-07-13,0:00:00,17.33
Gorge,2024-07-13,0:10:00,17.63
Gorge,2024-07-13,0:20:00,17.84
Gorge,2024-07-13,0:30:00,17.79
Gorge,2024-07-13,0:40:00,17.92
Gorge,2024-07-13,0:50:00,18.23
Gorge,2024-07-13,1:00:00,18.44
Gorge,2024-07-13,1:10:00,18.72
Gorge,2024-07-13,1:20:00,18.66
Gorge,2024-07-13,1:30:00,18.51
Gorge,2024-07-13,1:40:00,18.38
Gorge,2024-07-13,1:50:00,18.17
Gorge,2024-07-13,2:00:00,17.66
Gorge,2024-07-13,2:10:00,17.34
Gorge,2024-07-13,2:20:00,17.13
Gorge,2024-07-13,2:30:00,17.05
Gorge,2024-07-13,2:40:00,17.08
Gorge,2024-07-13,2:50:00,17.22
Gorge,2024-07-13,3:00:00,17.34
Gorge,2024-07-13,3:10:00,17.25
Gorge,2024-07-13,3:20:00,17.25
Gorge,2024-07-13,3:30:00,17.29
Gorge,2024-07-13,3:40:00,17.31
Gorge,2024-07-13,3:50:00,17.35
Gorge,2024-07-13,4:00:00,17.36
Gorge,2024-07-13,4:10:00,17.39
Gorge,2024-07-13,4:20:00,17.43
Gorge,2024-07-13,4:30:00,17.49
Gorge,2024-07-13,4:40:00,17.61
Gorge,2024-07-13,4:50:00,17.7
Gorge,2024-07-13,5:00:00,17.74
Gorge,2024-07-13,5:10:00,17.74
Gorge,2024-07-13,5:20:00,17.78
Gorge,2024-07-13,5:30:00,17.92
Gorge,2024-07-13,5:40:00,18.02
Gorge,2024-07-13,5:50:00,18.07
Gorge,2024-07-13,6:00:00,18.12
Gorge,2024-07-13,6:10:00,18.15
Gorge,2024-07-13,6:20:00,18.25
Gorge,2024-07-13,6:30:00,18.29
Gorge,2024-07-13,6:40:00,18.46
Gorge,2024-07-13,6:50:00,18.5
Gorge,2024-07-13,7:00:00,18.51
Gorge,2024-07-13,7:10:00,18.63
Gorge,2024-07-13,7:20:00,18.68
Gorge,2024-07-13,7:30:00,18.79
Gorge,2024-07-13,7:40:00,18.83
Gorge,2024-07-13,7:50:00,18.84
Gorge,2024-07-13,8:00:00,18.92
Gorge,2024-07-13,8:10:00,18.95
Gorge,2024-07-13,8:20:00,19.15
Gorge,2024-07-13,8:30:00,19.23
Gorge,2024-07-13,8:40:00,19.23
Gorge,2024-07-13,8:50:00,19.18
Gorge,2024-07-13,9:00:00,19.28
Gorge,2024-07-13,9:10:00,19.36
Gorge,2024-07-13,9:20:00,19.43
Gorge,2024-07-13,9:30:00,19.47
Gorge,2024-07-13,9:40:00,19.57
Gorge,2024-07-13,9:50:00,19.56
Gorge,2024-07-13,10:00:00,19.77
Gorge,2024-07-13,10:10:00,19.97
Gorge,2024-07-13,10:20:00,20.14
Gorge,2024-07-13,10:30:00,20.19
Gorge,2024-07-13,10:40:00,20.25
Gorge,2024-07-13,10:50:00,20.29
Gorge,2024-07-13,11:00:00,20.37
Gorge,2024-07-13,11:10:00,20.42
Gorge,2024-07-13,11:20:00,20.43
Gorge,2024-07-13,11:30:00,20.47
Gorge,2024-07-13,11:40:00,20.58
Gorge,2024-07-13,11:50:00,20.69
Gorge,2024-07-13,12:00:00,20.87
Gorge,2024-07-13,12:10:00,20.95
Gorge,2024-07-13,12:20:00,21.04
Gorge,2024-07-13,12:30:00,21.14
Gorge,2024-07-13,12:40:00,21.25
Gorge,2024-07-13,12:50:00,21.32
Gorge,2024-07-13,13:00:00,21.34
Gorge,2024-07-13,13:10:00,21.38
Gorge,2024-07-13,13:20:00,21.47
Gorge,2024-07-13,13:30:00,21.57
Gorge,2024-07-13,13:40:00,21.7
Gorge,2024-07-13,13:50:00,21.63
Gorge,2024-07-13,14:00:00,21.82
Gorge,2024-07-13,14:10:00,21.93
Gorge,2024-07-13,14:20:00,22.07
Gorge,2024-07-13,14:30:00,22.07
Gorge,2024-07-13,14:40:00,22.13
Gorge,2024-07-13,14:50:00,22.21
Gorge,2024-07-13,15:00:00,22.24
Gorge,2024-07-13,15:10:00,22.31
Gorge,2024-07-13,15:20:00,22.33
Gorge,2024-07-13,15:30:00,22.36
Gorge,2024-07-13,15:40:00,22.35
Gorge,2024-07-13,15:50:00,22.36
Gorge,2024-07-13,16:00:00,22.37
Gorge,2024-07-13,16:10:00,22.41
Gorge,2024-07-13,16:20:00,22.42
Gorge,2024-07-13,16:30:00,22.44
Gorge,2024-07-13,16:40:00,22.46
Gorge,2024-07-13,16:50:00,22.11
Gorge,2024-07-13,17:00:00,22.34
Gorge,2024-07-13,17:10:00,22.1
Gorge,2024-07-13,17:20:00,21.76
Gorge,2024-07-13,17:30:00,21.69
Gorge,2024-07-13,17:40:00,21.75
Gorge,2024-07-13,17:50:00,21.66
Gorge,2024-07-13,18:00:00,21.22
Gorge,2024-07-13,18:10:00,20.59
Gorge,2024-07-13,18:20:00,20.31
Gorge,2024-07-13,18:30:00,20.18
Gorge,2024-07-13,18:40:00,19.87
Gorge,2024-07-13,18:50:00,19.29
Gorge,2024-07-13,19:00:00,19.17
Gorge,2024-07-13,19:10:00,18.78
Gorge,2024-07-13,19:20:00,18.92
Gorge,2024-07-13,19:30:00,19.1
Gorge,2024-07-13,19:40:00,19.22
Gorge,2024-07-13,19:50:00,19.21
Gorge,2024-07-13,20:00:00,19.28
Gorge,2024-07-13,20:10:00,19.25
Gorge,2024-07-13,20:20:00,19.14
Gorge,2024-07-13,20:30:00,19.5
Gorge,2024-07-13,20:40:00,19.67
Gorge,2024-07-13,20:50:00,19.39
Gorge,2024-07-13,21:00:00,19.21
Gorge,2024-07-13,21:10:00,18.84
Gorge,2024-07-13,21:20:00,18.68
Gorge,2024-07-13,21:30:00,18.38
Gorge,2024-07-13,21:40:00,18.12
Gorge,2024-07-13,21:50:00,17.67
Gorge,2024-07-13,22:00:00,17.03
Gorge,2024-07-13,22:10:00,16.89
Gorge,2024-07-13,22:20:00,16.9
Gorge,2024-07-13,22:30:00,17.13
Gorge,2024-07-13,22:40:00,17.34
Gorge,2024-07-13,22:50:00,17.63
Gorge,2024-07-13,23:00:00,17.78
Gorge,2024-07-13,23:10:00,17.59
Gorge,2024-07-13,23:20:00,17.48
Gorge,2024-07-13,23:30:00,17.66
Gorge,2024-07-13,23:40:00,18.15
Gorge,2024-07-13,23:50:00,18.3
Gorge,2024-07-14,0:00:00,18.38
Gorge,2024-07-14,0:10:00,18.39
Gorge,2024-07-14,0:20:00,18.27
Gorge,2024-07-14,0:30:00,18.41
Gorge,2024-07-14,0:40:00,18.42
Gorge,2024-07-14,0:50:00,18.52
Gorge,2024-07-14,1:00:00,18.63
Gorge,2024-07-14,1:10:00,18.68
Gorge,2024-07-14,1:20:00,18.73
Gorge,2024-07-14,1:30:00,18.59
Gorge,2024-07-14,1:40:00,18.26
Gorge,2024-07-14,1:50:00,17.61
Gorge,2024-07-14,2:00:00,17.03
Gorge,2024-07-14,2:10:00,16.73
Gorge,2024-07-14,2:20:00,16.74
Gorge,2024-07-14,2:30:00,16.86
Gorge,2024-07-14,2:40:00,16.86
Gorge,2024-07-14,2:50:00,16.91
Gorge,2024-07-14,3:00:00,16.96
Gorge,2024-07-14,3:10:00,17.07
Gorge,2024-07-14,3:20:00,17.13
Gorge,2024-07-14,3:30:00,17.14
Gorge,2024-07-14,3:40:00,17.22
Gorge,2024-07-14,3:50:00,17.28
Gorge,2024-07-14,4:00:00,17.35
Gorge,2024-07-14,4:10:00,17.46
Gorge,2024-07-14,4:20:00,17.59
Gorge,2024-07-14,4:30:00,17.7
Gorge,2024-07-14,4:40:00,17.79
Gorge,2024-07-14,4:50:00,17.84
Gorge,2024-07-14,5:00:00,17.96
Gorge,2024-07-14,5:10:00,18.07
Gorge,2024-07-14,5:20:00,18.12
Gorge,2024-07-14,5:30:00,18.18
Gorge,2024-07-14,5:40:00,18.2
Gorge,2024-07-14,5:50:00,18.28
Gorge,2024-07-14,6:00:00,18.33
Gorge,2024-07-14,6:10:00,18.43
Gorge,2024-07-14,6:20:00,18.49
Gorge,2024-07-14,6:30:00,18.54
Gorge,2024-07-14,6:40:00,18.59
Gorge,2024-07-14,6:50:00,18.63
Gorge,2024-07-14,7:00:00,18.66
Gorge,2024-07-14,7:10:00,18.77
Gorge,2024-07-14,7:20:00,18.92
Gorge,2024-07-14,7:30:00,18.98
Gorge,2024-07-14,7:40:00,19.08
Gorge,2024-07-14,7:50:00,19.21
Gorge,2024-07-14,8:00:00,19.25
Gorge,2024-07-14,8:10:00,19.48
Gorge,2024-07-14,8:20:00,19.61
Gorge,2024-07-14,8:30:00,19.69
Gorge,2024-07-14,8:40:00,19.67
Gorge,2024-07-14,8:50:00,19.61
Gorge,2024-07-14,9:00:00,19.71
Gorge,2024-07-14,9:10:00,19.7
Gorge,2024-07-14,9:20:00,19.7
Gorge,2024-07-14,9:30:00,19.82
Gorge,2024-07-14,9:40:00,19.8
Gorge,2024-07-14,9:50:00,19.86
Gorge,2024-07-14,10:00:00,19.89
Gorge,2024-07-14,10:10:00,19.99
Gorge,2024-07-14,10:20:00,20.03
Gorge,2024-07-14,10:30:00,20.03
Gorge,2024-07-14,10:40:00,20.25
Gorge,2024-07-14,10:50:00,20.25
Gorge,2024-07-14,11:00:00,20.3
Gorge,2024-07-14,11:10:00,20.4
Gorge,2024-07-14,11:20:00,20.41
Gorge,2024-07-14,11:30:00,20.51
Gorge,2024-07-14,11:40:00,20.74
Gorge,2024-07-14,11:50:00,20.91
Gorge,2024-07-14,12:00:00,21.18
Gorge,2024-07-14,12:10:00,21.2
Gorge,2024-07-14,12:20:00,21.34
Gorge,2024-07-14,12:30:00,21.37
Gorge,2024-07-14,12:40:00,21.44
Gorge,2024-07-14,12:50:00,21.63
Gorge,2024-07-14,13:00:00,21.66
Gorge,2024-07-14,13:10:00,21.66
Gorge,2024-07-14,13:20:00,21.57
Gorge,2024-07-14,13:30:00,21.64
Gorge,2024-07-14,13:40:00,21.68
Gorge,2024-07-14,13:50:00,21.74
Gorge,2024-07-14,14:00:00,21.87
Gorge,2024-07-14,14:10:00,21.9
Gorge,2024-07-14,14:20:00,21.95
Gorge,2024-07-14,14:30:00,22.03
Gorge,2024-07-14,14:40:00,22.01
Gorge,2024-07-14,14:50:00,22.11
Gorge,2024-07-14,15:00:00,22.1
Gorge,2024-07-14,15:10:00,22.18
Gorge,2024-07-14,15:20:00,22.14
Gorge,2024-07-14,15:30:00,22.11
Gorge,2024-07-14,15:40:00,22.05
Gorge,2024-07-14,15:50:00,21.82
Gorge,2024-07-14,16:00:00,21.92
Gorge,2024-07-14,16:10:00,21.87
Gorge,2024-07-14,16:20:00,21.72
Gorge,2024-07-14,16:30:00,21.73
Gorge,2024-07-14,16:40:00,21.67
Gorge,2024-07-14,16:50:00,21.73
Gorge,2024-07-14,17:00:00,21.76
Gorge,2024-07-14,17:10:00,21.89
Gorge,2024-07-14,17:20:00,21.92
Gorge,2024-07-14,17:30:00,21.91
Gorge,2024-07-14,17:40:00,21.49
Gorge,2024-07-14,17:50:00,21.08
Gorge,2024-07-14,18:00:00,20.79
Gorge,2024-07-14,18:10:00,20.74
Gorge,2024-07-14,18:20:00,20.66
Gorge,2024-07-14,18:30:00,20.54
Gorge,2024-07-14,18:40:00,20.26
Gorge,2024-07-14,18:50:00,20.19
Gorge,2024-07-14,19:00:00,20.54
Gorge,2024-07-14,19:10:00,20.43
Gorge,2024-07-14,19:20:00,20.05
Gorge,2024-07-14,19:30:00,19.61
Gorge,2024-07-14,19:40:00,19.67
Gorge,2024-07-14,19:50:00,20
Gorge,2024-07-14,20:00:00,20.56
Gorge,2024-07-14,20:10:00,19.48
Gorge,2024-07-14,20:20:00,18.55
Gorge,2024-07-14,20:30:00,18.54
Gorge,2024-07-14,20:40:00,18.68
Gorge,2024-07-14,20:50:00,18.61
Gorge,2024-07-14,21:00:00,18.28
Gorge,2024-07-14,21:10:00,17.96
Gorge,2024-07-14,21:20:00,18.03
Gorge,2024-07-14,21:30:00,17.93
Gorge,2024-07-14,21:40:00,17.9
Gorge,2024-07-14,21:50:00,17.89
Gorge,2024-07-14,22:00:00,17.96
Gorge,2024-07-14,22:10:00,17.92
Gorge,2024-07-14,22:20:00,17.9
Gorge,2024-07-14,22:30:00,17.89
Gorge,2024-07-14,22:40:00,17.93
Gorge,2024-07-14,22:50:00,18.06
Gorge,2024-07-14,23:00:00,17.83
Gorge,2024-07-14,23:10:00,17.65
Gorge,2024-07-14,23:20:00,17.7
Gorge,2024-07-14,23:30:00,17.77
Gorge,2024-07-14,23:40:00,17.84
Gorge,2024-07-14,23:50:00,17.92
Gorge,2024-07-15,0:00:00,18.03
Gorge,2024-07-15,0:10:00,18.03
Gorge,2024-07-15,0:20:00,18.07
Gorge,2024-07-15,0:30:00,18
Gorge,2024-07-15,0:40:00,18.06
Gorge,2024-07-15,0:50:00,18.11
Gorge,2024-07-15,1:00:00,18.11
Gorge,2024-07-15,1:10:00,18.1
Gorge,2024-07-15,1:20:00,18.43
Gorge,2024-07-15,1:30:00,18.47
Gorge,2024-07-15,1:40:00,17.64
Gorge,2024-07-15,1:50:00,17.34
Gorge,2024-07-15,2:00:00,17.02
Gorge,2024-07-15,2:10:00,16.88
Gorge,2024-07-15,2:20:00,16.89
Gorge,2024-07-15,2:30:00,16.88
Gorge,2024-07-15,2:40:00,16.89
Gorge,2024-07-15,2:50:00,16.98
Gorge,2024-07-15,3:00:00,17.05
Gorge,2024-07-15,3:10:00,17.17
Gorge,2024-07-15,3:20:00,17.24
Gorge,2024-07-15,3:30:00,17.43
Gorge,2024-07-15,3:40:00,17.46
Gorge,2024-07-15,3:50:00,17.6
Gorge,2024-07-15,4:00:00,17.72
Gorge,2024-07-15,4:10:00,17.79
Gorge,2024-07-15,4:20:00,17.9
Gorge,2024-07-15,4:30:00,17.94
Gorge,2024-07-15,4:40:00,17.99
Gorge,2024-07-15,4:50:00,18.08
Gorge,2024-07-15,5:00:00,18.17
Gorge,2024-07-15,5:10:00,18.24
Gorge,2024-07-15,5:20:00,18.28
Gorge,2024-07-15,5:30:00,18.3
Gorge,2024-07-15,5:40:00,18.35
Gorge,2024-07-15,5:50:00,18.41
Gorge,2024-07-15,6:00:00,18.47
Gorge,2024-07-15,6:10:00,18.54
Gorge,2024-07-15,6:20:00,18.64
Gorge,2024-07-15,6:30:00,18.69
Gorge,2024-07-15,6:40:00,18.82
Gorge,2024-07-15,6:50:00,18.98
Gorge,2024-07-15,7:00:00,19.13
Gorge,2024-07-15,7:10:00,19.17
Gorge,2024-07-15,7:20:00,19.25
Gorge,2024-07-15,7:30:00,19.36
Gorge,2024-07-15,7:40:00,19.53
Gorge,2024-07-15,7:50:00,19.62
Gorge,2024-07-15,8:00:00,19.72
Gorge,2024-07-15,8:10:00,19.85
Gorge,2024-07-15,8:20:00,19.9
Gorge,2024-07-15,8:30:00,20.02
Gorge,2024-07-15,8:40:00,20.13
Gorge,2024-07-15,8:50:00,20.25
Gorge,2024-07-15,9:00:00,20.3
Gorge,2024-07-15,9:10:00,20.47
Gorge,2024-07-15,9:20:00,20.58
Gorge,2024-07-15,9:30:00,20.51
Gorge,2024-07-15,9:40:00,20.42
Gorge,2024-07-15,9:50:00,20.46
Gorge,2024-07-15,10:00:00,20.51
Gorge,2024-07-15,10:10:00,20.54
Gorge,2024-07-15,10:20:00,20.51
Gorge,2024-07-15,10:30:00,20.54
Gorge,2024-07-15,10:40:00,20.56
Gorge,2024-07-15,10:50:00,20.56
Gorge,2024-07-15,11:00:00,20.58
Gorge,2024-07-15,11:10:00,20.62
Gorge,2024-07-15,11:20:00,20.65
Gorge,2024-07-15,11:30:00,20.65
Gorge,2024-07-15,11:40:00,20.6
Gorge,2024-07-15,11:50:00,20.76
Gorge,2024-07-15,12:00:00,20.86
Gorge,2024-07-15,12:10:00,20.94
Gorge,2024-07-15,12:20:00,21.02
Gorge,2024-07-15,12:30:00,21.08
Gorge,2024-07-15,12:40:00,21.11
Gorge,2024-07-15,12:50:00,21.17
Gorge,2024-07-15,13:00:00,21.21
Gorge,2024-07-15,13:10:00,21.13
Gorge,2024-07-15,13:20:00,21.07
Gorge,2024-07-15,13:30:00,21.04
Gorge,2024-07-15,13:40:00,21.07
Gorge,2024-07-15,13:50:00,21.23
Gorge,2024-07-15,14:00:00,21.36
Gorge,2024-07-15,14:10:00,21.36
Gorge,2024-07-15,14:20:00,21.43
Gorge,2024-07-15,14:30:00,21.37
Gorge,2024-07-15,14:40:00,21.2
Gorge,2024-07-15,14:50:00,20.85
Gorge,2024-07-15,15:00:00,20.61
Gorge,2024-07-15,15:10:00,20.59
Gorge,2024-07-15,15:20:00,20.6
Gorge,2024-07-15,15:30:00,20.69
Gorge,2024-07-15,15:40:00,20.65
Gorge,2024-07-15,15:50:00,20.69
Gorge,2024-07-15,16:00:00,20.68
Gorge,2024-07-15,16:10:00,20.55
Gorge,2024-07-15,16:20:00,20.18
Gorge,2024-07-15,16:30:00,20.18
Gorge,2024-07-15,16:40:00,20.35
Gorge,2024-07-15,16:50:00,20.25
Gorge,2024-07-15,17:00:00,20.24
Gorge,2024-07-15,17:10:00,20.22
Gorge,2024-07-15,17:20:00,20.32
Gorge,2024-07-15,17:30:00,20.33
Gorge,2024-07-15,17:40:00,20.22
Gorge,2024-07-15,17:50:00,20.01
Gorge,2024-07-15,18:00:00,19.92
Gorge,2024-07-15,18:10:00,19.96
Gorge,2024-07-15,18:20:00,19.99
Gorge,2024-07-15,18:30:00,19.99
Gorge,2024-07-15,18:40:00,19.75
Gorge,2024-07-15,18:50:00,19.48
Gorge,2024-07-15,19:00:00,19.33
Gorge,2024-07-15,19:10:00,19.28
Gorge,2024-07-15,19:20:00,19.16
Gorge,2024-07-15,19:30:00,19.17
Gorge,2024-07-15,19:40:00,18.66
Gorge,2024-07-15,19:50:00,18.58
Gorge,2024-07-15,20:00:00,18.47
Gorge,2024-07-15,20:10:00,18.18
Gorge,2024-07-15,20:20:00,18.06
Gorge,2024-07-15,20:30:00,17.97
Gorge,2024-07-15,20:40:00,17.95
Gorge,2024-07-15,20:50:00,17.91
Gorge,2024-07-15,21:00:00,17.9
Gorge,2024-07-15,21:10:00,17.79
Gorge,2024-07-15,21:20:00,17.77
Gorge,2024-07-15,21:30:00,17.81
Gorge,2024-07-15,21:40:00,17.63
Gorge,2024-07-15,21:50:00,17.47
Gorge,2024-07-15,22:00:00,17.38
Gorge,2024-07-15,22:10:00,17.37
Gorge,2024-07-15,22:20:00,16.93
Gorge,2024-07-15,22:30:00,16.75
Gorge,2024-07-15,22:40:00,16.74
Gorge,2024-07-15,22:50:00,16.8
Gorge,2024-07-15,23:00:00,16.65
Gorge,2024-07-15,23:10:00,16.45
Gorge,2024-07-15,23:20:00,16.43
Gorge,2024-07-15,23:30:00,16.8
Gorge,2024-07-15,23:40:00,17.33
Gorge,2024-07-15,23:50:00,17.38
Gorge,2024-07-16,0:00:00,17.41
Gorge,2024-07-16,0:10:00,17.63
Gorge,2024-07-16,0:20:00,17.6
Gorge,2024-07-16,0:30:00,17.39
Gorge,2024-07-16,0:40:00,17.36
Gorge,2024-07-16,0:50:00,17.2
Gorge,2024-07-16,1:00:00,17.35
Gorge,2024-07-16,1:10:00,17.26
Gorge,2024-07-16,1:20:00,17.41
Gorge,2024-07-16,1:30:00,17.23
Gorge,2024-07-16,1:40:00,17.09
Gorge,2024-07-16,1:50:00,17.21
Gorge,2024-07-16,2:00:00,17.11
Gorge,2024-07-16,2:10:00,17
Gorge,2024-07-16,2:20:00,16.58
Gorge,2024-07-16,2:30:00,16.45
Gorge,2024-07-16,2:40:00,16.54
Gorge,2024-07-16,2:50:00,16.5
Gorge,2024-07-16,3:00:00,16.58
Gorge,2024-07-16,3:10:00,16.72
Gorge,2024-07-16,3:20:00,17.07
Gorge,2024-07-16,3:30:00,17.46
Gorge,2024-07-16,3:40:00,17.67
Gorge,2024-07-16,3:50:00,17.82
Gorge,2024-07-16,4:00:00,17.9
Gorge,2024-07-16,4:10:00,17.94
Gorge,2024-07-16,4:20:00,18.07
Gorge,2024-07-16,4:30:00,18.18
Gorge,2024-07-16,4:40:00,18.19
Gorge,2024-07-16,4:50:00,18.23
Gorge,2024-07-16,5:00:00,18.32
Gorge,2024-07-16,5:10:00,18.38
Gorge,2024-07-16,5:20:00,18.42
Gorge,2024-07-16,5:30:00,18.46
Gorge,2024-07-16,5:40:00,18.5
Gorge,2024-07-16,5:50:00,18.56
Gorge,2024-07-16,6:00:00,18.57
Gorge,2024-07-16,6:10:00,18.62
Gorge,2024-07-16,6:20:00,18.72
Gorge,2024-07-16,6:30:00,18.84
Gorge,2024-07-16,6:40:00,18.94
Gorge,2024-07-16,6:50:00,19.25
Gorge,2024-07-16,7:00:00,19.45
Gorge,2024-07-16,7:10:00,19.5
Gorge,2024-07-16,7:20:00,19.65
Gorge,2024-07-16,7:30:00,19.98
Gorge,2024-07-16,7:40:00,20.34
Gorge,2024-07-16,7:50:00,20.49
Gorge,2024-07-16,8:00:00,20.51
Gorge,2024-07-16,8:10:00,20.59
Gorge,2024-07-16,8:20:00,20.76
Gorge,2024-07-16,8:30:00,21.01
Gorge,2024-07-16,8:40:00,21.18
Gorge,2024-07-16,8:50:00,21.38
Gorge,2024-07-16,9:00:00,21.46
Gorge,2024-07-16,9:10:00,21.49
Gorge,2024-07-16,9:20:00,21.57
Gorge,2024-07-16,9:30:00,21.59
Gorge,2024-07-16,9:40:00,21.49
Gorge,2024-07-16,9:50:00,21.47
Gorge,2024-07-16,10:00:00,21.47
Gorge,2024-07-16,10:10:00,21.49
Gorge,2024-07-16,10:20:00,21.49
Gorge,2024-07-16,10:30:00,21.45
Gorge,2024-07-16,10:40:00,21.5
Gorge,2024-07-16,10:50:00,21.45
Gorge,2024-07-16,11:00:00,21.23
Gorge,2024-07-16,11:10:00,20.69
Gorge,2024-07-16,11:20:00,21.23
Gorge,2024-07-16,11:30:00,21.55
Gorge,2024-07-16,11:40:00,21.53
Gorge,2024-07-16,11:50:00,20.36
Gorge,2024-07-16,12:00:00,19.73
Gorge,2024-07-16,12:10:00,19.37
Gorge,2024-07-16,12:20:00,19.2
Gorge,2024-07-16,12:30:00,19.12
Gorge,2024-07-16,12:40:00,19.25
Gorge,2024-07-16,12:50:00,19.87
Gorge,2024-07-16,13:00:00,19.45
Gorge,2024-07-16,13:10:00,19.56
Gorge,2024-07-16,13:20:00,20.83
Gorge,2024-07-16,13:30:00,21.34
Gorge,2024-07-16,13:40:00,21.43
Gorge,2024-07-16,13:50:00,20.76
Gorge,2024-07-16,14:00:00,20.57
Gorge,2024-07-16,14:10:00,20.45
Gorge,2024-07-16,14:20:00,20.33
Gorge,2024-07-16,14:30:00,19.6
Gorge,2024-07-16,14:40:00,19.12
Gorge,2024-07-16,14:50:00,18.99
Gorge,2024-07-16,15:00:00,19.25
Gorge,2024-07-16,15:10:00,19.25
Gorge,2024-07-16,15:20:00,19.11
Gorge,2024-07-16,15:30:00,19.52
Gorge,2024-07-16,15:40:00,19.42
Gorge,2024-07-16,15:50:00,19.16
Gorge,2024-07-16,16:00:00,19.02
Gorge,2024-07-16,16:10:00,19.47
Gorge,2024-07-16,16:20:00,19.23
Gorge,2024-07-16,16:30:00,18.89
Gorge,2024-07-16,16:40:00,19.12
Gorge,2024-07-16,16:50:00,19.22
Gorge,2024-07-16,17:00:00,19.42
Gorge,2024-07-16,17:10:00,19.25
Gorge,2024-07-16,17:20:00,19.04
Gorge,2024-07-16,17:30:00,19.27
Gorge,2024-07-16,17:40:00,19.2
Gorge,2024-07-16,17:50:00,18.8
Gorge,2024-07-16,18:00:00,18.69
Gorge,2024-07-16,18:10:00,18.8
Gorge,2024-07-16,18:20:00,18.78
Gorge,2024-07-16,18:30:00,18.68
Gorge,2024-07-16,18:40:00,18.61
Gorge,2024-07-16,18:50:00,18.7
Gorge,2024-07-16,19:00:00,18.65
Gorge,2024-07-16,19:10:00,18.63
Gorge,2024-07-16,19:20:00,18.58
Gorge,2024-07-16,19:30:00,18.42
Gorge,2024-07-16,19:40:00,18.42
Gorge,2024-07-16,19:50:00,18.4
Gorge,2024-07-16,20:00:00,18.42
Gorge,2024-07-16,20:10:00,18.51
Gorge,2024-07-16,20:20:00,18.39
Gorge,2024-07-16,20:30:00,18.27
Gorge,2024-07-16,20:40:00,18.36
Gorge,2024-07-16,20:50:00,18.27
Gorge,2024-07-16,21:00:00,18.22
Gorge,2024-07-16,21:10:00,18.33
Gorge,2024-07-16,21:20:00,18.43
Gorge,2024-07-16,21:30:00,18.32
Gorge,2024-07-16,21:40:00,18.3
Gorge,2024-07-16,21:50:00,18.05
Gorge,2024-07-16,22:00:00,17.92
Gorge,2024-07-16,22:10:00,17.88
Gorge,2024-07-16,22:20:00,17.84
Gorge,2024-07-16,22:30:00,17.98
Gorge,2024-07-16,22:40:00,17.93
Gorge,2024-07-16,22:50:00,18.06
Gorge,2024-07-16,23:00:00,18.15
Gorge,2024-07-16,23:10:00,17.99
Gorge,2024-07-16,23:20:00,17.95
Gorge,2024-07-16,23:30:00,17.99
Gorge,2024-07-16,23:40:00,18.06
Gorge,2024-07-16,23:50:00,18.11
Gorge,2024-07-17,0:00:00,18.02
Gorge,2024-07-17,0:10:00,17.83
Gorge,2024-07-17,0:20:00,17.88
Gorge,2024-07-17,0:30:00,18.07
Gorge,2024-07-17,0:40:00,18.05
Gorge,2024-07-17,0:50:00,17.82
Gorge,2024-07-17,1:00:00,17.94
Gorge,2024-07-17,1:10:00,17.96
Gorge,2024-07-17,1:20:00,17.76
Gorge,2024-07-17,1:30:00,17.56
Gorge,2024-07-17,1:40:00,17.56
Gorge,2024-07-17,1:50:00,17.8
Gorge,2024-07-17,2:00:00,17.41
Gorge,2024-07-17,2:10:00,17.51
Gorge,2024-07-17,2:20:00,17.3
Gorge,2024-07-17,2:30:00,17.07
Gorge,2024-07-17,2:40:00,16.91
Gorge,2024-07-17,2:50:00,16.87
Gorge,2024-07-17,3:00:00,16.82
Gorge,2024-07-17,3:10:00,16.81
Gorge,2024-07-17,3:20:00,16.84
Gorge,2024-07-17,3:30:00,16.99
Gorge,2024-07-17,3:40:00,17.08
Gorge,2024-07-17,3:50:00,17.05
Gorge,2024-07-17,4:00:00,17.07
Gorge,2024-07-17,4:10:00,17.33
Gorge,2024-07-17,4:20:00,17.46
Gorge,2024-07-17,4:30:00,17.38
Gorge,2024-07-17,4:40:00,17.51
Gorge,2024-07-17,4:50:00,17.74
Gorge,2024-07-17,5:00:00,17.88
Gorge,2024-07-17,5:10:00,17.95
Gorge,2024-07-17,5:20:00,18.05
Gorge,2024-07-17,5:30:00,18.18
Gorge,2024-07-17,5:40:00,18.25
Gorge,2024-07-17,5:50:00,18.32
Gorge,2024-07-17,6:00:00,18.41
Gorge,2024-07-17,6:10:00,18.52
Gorge,2024-07-17,6:20:00,18.76
Gorge,2024-07-17,6:30:00,18.93
Gorge,2024-07-17,6:40:00,18.99
Gorge,2024-07-17,6:50:00,19.15
Gorge,2024-07-17,7:00:00,19.41
Gorge,2024-07-17,7:10:00,19.7
Gorge,2024-07-17,7:20:00,19.9
Gorge,2024-07-17,7:30:00,19.96
Gorge,2024-07-17,7:40:00,20.4
Gorge,2024-07-17,7:50:00,20.89
Gorge,2024-07-17,8:00:00,21.05
Gorge,2024-07-17,8:10:00,21.09
Gorge,2024-07-17,8:20:00,21.21
Gorge,2024-07-17,8:30:00,21.37
Gorge,2024-07-17,8:40:00,21.6
Gorge,2024-07-17,8:50:00,21.82
Gorge,2024-07-17,9:00:00,22.02
Gorge,2024-07-17,9:10:00,22.12
Gorge,2024-07-17,9:20:00,22.1
Gorge,2024-07-17,9:30:00,22.17
Gorge,2024-07-17,9:40:00,22.26
Gorge,2024-07-17,9:50:00,22.49
Gorge,2024-07-17,10:00:00,22.69
Gorge,2024-07-17,10:10:00,22.7
Gorge,2024-07-17,10:20:00,22.58
Gorge,2024-07-17,10:30:00,22.63
Gorge,2024-07-17,10:40:00,22.61
Gorge,2024-07-17,10:50:00,22.41
Gorge,2024-07-17,11:00:00,22.36
Gorge,2024-07-17,11:10:00,22.03
Gorge,2024-07-17,11:20:00,21.58
Gorge,2024-07-17,11:30:00,21.47
Gorge,2024-07-17,11:40:00,21.19
Gorge,2024-07-17,11:50:00,20.88
Gorge,2024-07-17,12:00:00,20.98
Gorge,2024-07-17,12:10:00,20.14
Gorge,2024-07-17,12:20:00,19.54
Gorge,2024-07-17,12:30:00,19.45
Gorge,2024-07-17,12:40:00,19.41
Gorge,2024-07-17,12:50:00,18.97
Gorge,2024-07-17,13:00:00,18.71
Gorge,2024-07-17,13:10:00,18.58
Gorge,2024-07-17,13:20:00,18.53
Gorge,2024-07-17,13:30:00,18.46
Gorge,2024-07-17,13:40:00,18.54
Gorge,2024-07-17,13:50:00,18.88
Gorge,2024-07-17,14:00:00,19.32
Gorge,2024-07-17,14:10:00,19.57
Gorge,2024-07-17,14:20:00,19.67
Gorge,2024-07-17,14:30:00,19.32
Gorge,2024-07-17,14:40:00,19.07
Gorge,2024-07-17,14:50:00,18.5
Gorge,2024-07-17,15:00:00,18.3
Gorge,2024-07-17,15:10:00,18.26
Gorge,2024-07-17,15:20:00,18.23
Gorge,2024-07-17,15:30:00,18.47
Gorge,2024-07-17,15:40:00,18.47
Gorge,2024-07-17,15:50:00,18.28
Gorge,2024-07-17,16:00:00,18.44
Gorge,2024-07-17,16:10:00,18.94
Gorge,2024-07-17,16:20:00,19.48
Gorge,2024-07-17,16:30:00,19.56
Gorge,2024-07-17,16:40:00,19.44
Gorge,2024-07-17,16:50:00,19.18
Gorge,2024-07-17,17:00:00,19.01
Gorge,2024-07-17,17:10:00,18.77
Gorge,2024-07-17,17:20:00,18.59
Gorge,2024-07-17,17:30:00,18.72
Gorge,2024-07-17,17:40:00,18.86
Gorge,2024-07-17,17:50:00,18.96
Gorge,2024-07-17,18:00:00,19.03
Gorge,2024-07-17,18:10:00,19.06
Gorge,2024-07-17,18:20:00,18.77
Gorge,2024-07-17,18:30:00,18.54
Gorge,2024-07-17,18:40:00,18.4
Gorge,2024-07-17,18:50:00,18.39
Gorge,2024-07-17,19:00:00,18.17
Gorge,2024-07-17,19:10:00,18.2
Gorge,2024-07-17,19:20:00,18.47
Gorge,2024-07-17,19:30:00,18.42
Gorge,2024-07-17,19:40:00,18.44
Gorge,2024-07-17,19:50:00,18.54
Gorge,2024-07-17,20:00:00,18.54
Gorge,2024-07-17,20:10:00,18.3
Gorge,2024-07-17,20:20:00,18.18
Gorge,2024-07-17,20:30:00,18.18
Gorge,2024-07-17,20:40:00,18.29
Gorge,2024-07-17,20:50:00,18.12
Gorge,2024-07-17,21:00:00,18.15
Gorge,2024-07-17,21:10:00,18.07
Gorge,2024-07-17,21:20:00,17.96
Gorge,2024-07-17,21:30:00,17.9
Gorge,2024-07-17,21:40:00,17.83
Gorge,2024-07-17,21:50:00,17.84
Gorge,2024-07-17,22:00:00,17.92
Gorge,2024-07-17,22:10:00,17.92
Gorge,2024-07-17,22:20:00,17.82
Gorge,2024-07-17,22:30:00,17.69
Gorge,2024-07-17,22:40:00,17.56
Gorge,2024-07-17,22:50:00,17.68
Gorge,2024-07-17,23:00:00,17.78
Gorge,2024-07-17,23:10:00,17.58
Gorge,2024-07-17,23:20:00,17.49
Gorge,2024-07-17,23:30:00,17.48
Gorge,2024-07-17,23:40:00,17.35
Gorge,2024-07-17,23:50:00,17.43
Gorge,2024-07-18,0:00:00,17.58
Gorge,2024-07-18,0:10:00,17.44
Gorge,2024-07-18,0:20:00,17.21
Gorge,2024-07-18,0:30:00,17.18
Gorge,2024-07-18,0:40:00,17.24
Gorge,2024-07-18,0:50:00,17.24
Gorge,2024-07-18,1:00:00,17.3
Gorge,2024-07-18,1:10:00,17.3
Gorge,2024-07-18,1:20:00,17.3
Gorge,2024-07-18,1:30:00,17.3
Gorge,2024-07-18,1:40:00,17.3
Gorge,2024-07-18,1:50:00,17.24
Gorge,2024-07-18,2:00:00,17.11
Gorge,2024-07-18,2:10:00,17.07
Gorge,2024-07-18,2:20:00,16.98
Gorge,2024-07-18,2:30:00,16.9
Gorge,2024-07-18,2:40:00,16.87
Gorge,2024-07-18,2:50:00,16.84
Gorge,2024-07-18,3:00:00,16.74
Gorge,2024-07-18,3:10:00,16.65
Gorge,2024-07-18,3:20:00,16.6
Gorge,2024-07-18,3:30:00,16.67
Gorge,2024-07-18,3:40:00,16.75
Gorge,2024-07-18,3:50:00,16.8
Gorge,2024-07-18,4:00:00,16.85
Gorge,2024-07-18,4:10:00,16.89
Gorge,2024-07-18,4:20:00,16.92
Gorge,2024-07-18,4:30:00,16.99
Gorge,2024-07-18,4:40:00,17.06
Gorge,2024-07-18,4:50:00,17.1
Gorge,2024-07-18,5:00:00,17.33
Gorge,2024-07-18,5:10:00,17.29
Gorge,2024-07-18,5:20:00,17.36
Gorge,2024-07-18,5:30:00,17.5
Gorge,2024-07-18,5:40:00,17.54
Gorge,2024-07-18,5:50:00,17.75
Gorge,2024-07-18,6:00:00,17.8
Gorge,2024-07-18,6:10:00,17.76
Gorge,2024-07-18,6:20:00,17.75
Gorge,2024-07-18,6:30:00,18.08
Gorge,2024-07-18,6:40:00,18.46
Gorge,2024-07-18,6:50:00,18.76
Gorge,2024-07-18,7:00:00,18.91
Gorge,2024-07-18,7:10:00,19.03
Gorge,2024-07-18,7:20:00,19.33
Gorge,2024-07-18,7:30:00,19.5
Gorge,2024-07-18,7:40:00,19.58
Gorge,2024-07-18,7:50:00,19.7
Gorge,2024-07-18,8:00:00,20.29
Gorge,2024-07-18,8:10:00,20.4
Gorge,2024-07-18,8:20:00,20.55
Gorge,2024-07-18,8:30:00,20.56
Gorge,2024-07-18,8:40:00,20.56
Gorge,2024-07-18,8:50:00,20.54
Gorge,2024-07-18,9:00:00,21.03
Gorge,2024-07-18,9:10:00,21.44
Gorge,2024-07-18,9:20:00,21.46
Gorge,2024-07-18,9:30:00,21.47
Gorge,2024-07-18,9:40:00,21.45
Gorge,2024-07-18,9:50:00,21.44
Gorge,2024-07-18,10:00:00,21.47
Gorge,2024-07-18,10:10:00,21.54
Gorge,2024-07-18,10:20:00,21.57
Gorge,2024-07-18,10:30:00,21.6
Gorge,2024-07-18,10:40:00,21.72
Gorge,2024-07-18,10:50:00,21.83
Gorge,2024-07-18,11:00:00,21.88
Gorge,2024-07-18,11:10:00,21.93
Gorge,2024-07-18,11:20:00,21.93
Gorge,2024-07-18,11:30:00,22.02
Gorge,2024-07-18,11:40:00,22.18
Gorge,2024-07-18,11:50:00,22.25
Gorge,2024-07-18,12:00:00,22.22
Gorge,2024-07-18,12:10:00,22.21
Gorge,2024-07-18,12:20:00,22.24
Gorge,2024-07-18,12:30:00,22.37
Gorge,2024-07-18,12:40:00,22.34
Gorge,2024-07-18,12:50:00,22.33
Gorge,2024-07-18,13:00:00,20.99
Gorge,2024-07-18,13:10:00,20.61
Gorge,2024-07-18,13:20:00,21.3
Gorge,2024-07-18,13:30:00,21.23
Gorge,2024-07-18,13:40:00,21.52
Gorge,2024-07-18,13:50:00,21.51
Gorge,2024-07-18,14:00:00,21.18
Gorge,2024-07-18,14:10:00,20.88
Gorge,2024-07-18,14:20:00,20.74
Gorge,2024-07-18,14:30:00,20.76
Gorge,2024-07-18,14:40:00,19.97
Gorge,2024-07-18,14:50:00,19.66
Gorge,2024-07-18,15:00:00,19.6
Gorge,2024-07-18,15:10:00,19.7
Gorge,2024-07-18,15:20:00,19.84
Gorge,2024-07-18,15:30:00,20.29
Gorge,2024-07-18,15:40:00,20.19
Gorge,2024-07-18,15:50:00,20.33
Gorge,2024-07-18,16:00:00,20.35
Gorge,2024-07-18,16:10:00,20.17
Gorge,2024-07-18,16:20:00,20.24
Gorge,2024-07-18,16:30:00,20.1
Gorge,2024-07-18,16:40:00,20.25
Gorge,2024-07-18,16:50:00,20
Gorge,2024-07-18,17:00:00,19.55
Gorge,2024-07-18,17:10:00,19.52
Gorge,2024-07-18,17:20:00,19.33
Gorge,2024-07-18,17:30:00,19.02
Gorge,2024-07-18,17:40:00,18.78
Gorge,2024-07-18,17:50:00,18.62
Gorge,2024-07-18,18:00:00,18.76
Gorge,2024-07-18,18:10:00,19.29
Gorge,2024-07-18,18:20:00,19.39
Gorge,2024-07-18,18:30:00,19.5
Gorge,2024-07-18,18:40:00,19.71
Gorge,2024-07-18,18:50:00,19.87
Gorge,2024-07-18,19:00:00,19.72
Gorge,2024-07-18,19:10:00,19.45
Gorge,2024-07-18,19:20:00,19.09
Gorge,2024-07-18,19:30:00,18.82
Gorge,2024-07-18,19:40:00,18.74
Gorge,2024-07-18,19:50:00,18.49
Gorge,2024-07-18,20:00:00,18.57
Gorge,2024-07-18,20:10:00,18.72
Gorge,2024-07-18,20:20:00,18.86
Gorge,2024-07-18,20:30:00,18.91
Gorge,2024-07-18,20:40:00,18.39
Gorge,2024-07-18,20:50:00,18.19
Gorge,2024-07-18,21:00:00,18.04
Gorge,2024-07-18,21:10:00,18.14
Gorge,2024-07-18,21:20:00,18.25
Gorge,2024-07-18,21:30:00,18.19
Gorge,2024-07-18,21:40:00,17.98
Gorge,2024-07-18,21:50:00,17.82
Gorge,2024-07-18,22:00:00,17.72
Gorge,2024-07-18,22:10:00,17.65
Gorge,2024-07-18,22:20:00,17.69
Gorge,2024-07-18,22:30:00,17.65
Gorge,2024-07-18,22:40:00,17.66
Gorge,2024-07-18,22:50:00,17.55
Gorge,2024-07-18,23:00:00,17.53
Gorge,2024-07-18,23:10:00,17.45
Gorge,2024-07-18,23:20:00,17.44
Gorge,2024-07-18,23:30:00,17.44
Gorge,2024-07-18,23:40:00,17.44
Gorge,2024-07-18,23:50:00,17.53
Gorge,2024-07-19,0:00:00,17.6
Gorge,2024-07-19,0:10:00,17.72
Gorge,2024-07-19,0:20:00,17.94
Gorge,2024-07-19,0:30:00,17.72
Gorge,2024-07-19,0:40:00,17.67
Gorge,2024-07-19,0:50:00,17.68
Gorge,2024-07-19,1:00:00,17.76
Gorge,2024-07-19,1:10:00,17.61
Gorge,2024-07-19,1:20:00,17.69
Gorge,2024-07-19,1:30:00,17.78
Gorge,2024-07-19,1:40:00,17.72
Gorge,2024-07-19,1:50:00,17.67
Gorge,2024-07-19,2:00:00,17.77
Gorge,2024-07-19,2:10:00,17.87
Gorge,2024-07-19,2:20:00,17.84
Gorge,2024-07-19,2:30:00,17.75
Gorge,2024-07-19,2:40:00,17.7
Gorge,2024-07-19,2:50:00,17.6
Gorge,2024-07-19,3:00:00,17.56
Gorge,2024-07-19,3:10:00,17.5
Gorge,2024-07-19,3:20:00,17.35
Gorge,2024-07-19,3:30:00,17.25
Gorge,2024-07-19,3:40:00,17.19
Gorge,2024-07-19,3:50:00,17.11
Gorge,2024-07-19,4:00:00,17.1
Gorge,2024-07-19,4:10:00,17.11
Gorge,2024-07-19,4:20:00,17.15
Gorge,2024-07-19,4:30:00,17.2
Gorge,2024-07-19,4:40:00,17.25
Gorge,2024-07-19,4:50:00,17.25
Gorge,2024-07-19,5:00:00,17.37
Gorge,2024-07-19,5:10:00,17.52
Gorge,2024-07-19,5:20:00,17.58
Gorge,2024-07-19,5:30:00,17.49
Gorge,2024-07-19,5:40:00,17.54
Gorge,2024-07-19,5:50:00,17.69
Gorge,2024-07-19,6:00:00,17.77
Gorge,2024-07-19,6:10:00,17.66
Gorge,2024-07-19,6:20:00,17.69
Gorge,2024-07-19,6:30:00,17.72
Gorge,2024-07-19,6:40:00,17.81
Gorge,2024-07-19,6:50:00,18.26
Gorge,2024-07-19,7:00:00,18.79
Gorge,2024-07-19,7:10:00,18.88
Gorge,2024-07-19,7:20:00,19.18
Gorge,2024-07-19,7:30:00,19.26
Gorge,2024-07-19,7:40:00,19.5
Gorge,2024-07-19,7:50:00,19.46
Gorge,2024-07-19,8:00:00,19.75
Gorge,2024-07-19,8:10:00,19.87
Gorge,2024-07-19,8:20:00,19.94
Gorge,2024-07-19,8:30:00,20.17
Gorge,2024-07-19,8:40:00,20.29
Gorge,2024-07-19,8:50:00,20.48
Gorge,2024-07-19,9:00:00,20.7
Gorge,2024-07-19,9:10:00,20.79
Gorge,2024-07-19,9:20:00,20.89
Gorge,2024-07-19,9:30:00,20.94
Gorge,2024-07-19,9:40:00,21
Gorge,2024-07-19,9:50:00,21.11
Gorge,2024-07-19,10:00:00,21.2
Gorge,2024-07-19,10:10:00,21.37
Gorge,2024-07-19,10:20:00,21.54
Gorge,2024-07-19,10:30:00,21.68
Gorge,2024-07-19,10:40:00,21.79
Gorge,2024-07-19,10:50:00,21.98
Gorge,2024-07-19,11:00:00,22.17
Gorge,2024-07-19,11:10:00,22.2
Gorge,2024-07-19,11:20:00,22.16
Gorge,2024-07-19,11:30:00,22.19
Gorge,2024-07-19,11:40:00,22.29
Gorge,2024-07-19,11:50:00,22.46
Gorge,2024-07-19,12:00:00,22.38
Gorge,2024-07-19,12:10:00,22.41
Gorge,2024-07-19,12:20:00,22.42
Gorge,2024-07-19,12:30:00,22.42
Gorge,2024-07-19,12:40:00,22.44
Gorge,2024-07-19,12:50:00,22.49
Gorge,2024-07-19,13:00:00,22.53
Gorge,2024-07-19,13:10:00,22.56
Gorge,2024-07-19,13:20:00,22.53
Gorge,2024-07-19,13:30:00,22.66
Gorge,2024-07-19,13:40:00,22.61
Gorge,2024-07-19,13:50:00,22.4
Gorge,2024-07-19,14:00:00,22.32
Gorge,2024-07-19,14:10:00,22.24
Gorge,2024-07-19,14:20:00,22.18
Gorge,2024-07-19,14:30:00,21.63
Gorge,2024-07-19,14:40:00,20.14
Gorge,2024-07-19,14:50:00,19.25
Gorge,2024-07-19,15:00:00,19.01
Gorge,2024-07-19,15:10:00,19.24
Gorge,2024-07-19,15:20:00,19.38
Gorge,2024-07-19,15:30:00,19.38
Gorge,2024-07-19,15:40:00,19.55
Gorge,2024-07-19,15:50:00,19.57
Gorge,2024-07-19,16:00:00,20.12
Gorge,2024-07-19,16:10:00,20.09
Gorge,2024-07-19,16:20:00,20.17
Gorge,2024-07-19,16:30:00,19.87
Gorge,2024-07-19,16:40:00,19.67
Gorge,2024-07-19,16:50:00,19.53
Gorge,2024-07-19,17:00:00,19.84
Gorge,2024-07-19,17:10:00,20
Gorge,2024-07-19,17:20:00,20.14
Gorge,2024-07-19,17:30:00,19.96
Gorge,2024-07-19,17:40:00,19.82
Gorge,2024-07-19,17:50:00,19.55
Gorge,2024-07-19,18:00:00,19.38
Gorge,2024-07-19,18:10:00,19.28
Gorge,2024-07-19,18:20:00,19.37
Gorge,2024-07-19,18:30:00,19.38
Gorge,2024-07-19,18:40:00,19.15
Gorge,2024-07-19,18:50:00,19.02
Gorge,2024-07-19,19:00:00,18.8
Gorge,2024-07-19,19:10:00,18.63
Gorge,2024-07-19,19:20:00,18.63
Gorge,2024-07-19,19:30:00,18.58
Gorge,2024-07-19,19:40:00,18.54
Gorge,2024-07-19,19:50:00,18.61
Gorge,2024-07-19,20:00:00,18.87
Gorge,2024-07-19,20:10:00,18.88
Gorge,2024-07-19,20:20:00,18.59
Gorge,2024-07-19,20:30:00,18.38
Gorge,2024-07-19,20:40:00,18.1
Gorge,2024-07-19,20:50:00,18.25
Gorge,2024-07-19,21:00:00,18.23
Gorge,2024-07-19,21:10:00,18.17
Gorge,2024-07-19,21:20:00,18.02
Gorge,2024-07-19,21:30:00,18.06
Gorge,2024-07-19,21:40:00,18.2
Gorge,2024-07-19,21:50:00,18.22
Gorge,2024-07-19,22:00:00,18.21
Gorge,2024-07-19,22:10:00,18.04
Gorge,2024-07-19,22:20:00,17.96
Gorge,2024-07-19,22:30:00,17.99
Gorge,2024-07-19,22:40:00,17.98
Gorge,2024-07-19,22:50:00,17.99
Gorge,2024-07-19,23:00:00,17.83
Gorge,2024-07-19,23:10:00,17.62
Gorge,2024-07-19,23:20:00,17.61
Gorge,2024-07-19,23:30:00,17.7
Gorge,2024-07-19,23:40:00,17.77
Gorge,2024-07-19,23:50:00,17.66
Gorge,2024-07-20,0:00:00,17.62
Gorge,2024-07-20,0:10:00,17.06
Gorge,2024-07-20,0:20:00,16.82
Gorge,2024-07-20,0:30:00,16.99
Gorge,2024-07-20,0:40:00,17.14
Gorge,2024-07-20,0:50:00,17.18
Gorge,2024-07-20,1:00:00,17.25
Gorge,2024-07-20,1:10:00,17.29
Gorge,2024-07-20,1:20:00,17.28
Gorge,2024-07-20,1:30:00,17.32
Gorge,2024-07-20,1:40:00,17.38
Gorge,2024-07-20,1:50:00,17.39
Gorge,2024-07-20,2:00:00,17.39
Gorge,2024-07-20,2:10:00,17.46
Gorge,2024-07-20,2:20:00,17.48
Gorge,2024-07-20,2:30:00,17.54
Gorge,2024-07-20,2:40:00,17.53
Gorge,2024-07-20,2:50:00,17.38
Gorge,2024-07-20,3:00:00,17.37
Gorge,2024-07-20,3:10:00,17.37
Gorge,2024-07-20,3:20:00,17.35
Gorge,2024-07-20,3:30:00,17.32
Gorge,2024-07-20,3:40:00,17.21
Gorge,2024-07-20,3:50:00,17.11
Gorge,2024-07-20,4:00:00,17.07
Gorge,2024-07-20,4:10:00,17.01
Gorge,2024-07-20,4:20:00,16.96
Gorge,2024-07-20,4:30:00,17.03
Gorge,2024-07-20,4:40:00,17.06
Gorge,2024-07-20,4:50:00,17.11
Gorge,2024-07-20,5:00:00,17.29
Gorge,2024-07-20,5:10:00,17.5
Gorge,2024-07-20,5:20:00,17.59
Gorge,2024-07-20,5:30:00,17.66
Gorge,2024-07-20,5:40:00,17.76
Gorge,2024-07-20,5:50:00,17.84
Gorge,2024-07-20,6:00:00,17.9
Gorge,2024-07-20,6:10:00,17.92
Gorge,2024-07-20,6:20:00,17.95
Gorge,2024-07-20,6:30:00,17.96
Gorge,2024-07-20,6:40:00,18.08
Gorge,2024-07-20,6:50:00,18.09
Gorge,2024-07-20,7:00:00,18.24
Gorge,2024-07-20,7:10:00,18.25
Gorge,2024-07-20,7:20:00,18.42
Gorge,2024-07-20,7:30:00,18.78
Gorge,2024-07-20,7:40:00,18.82
Gorge,2024-07-20,7:50:00,18.95
Gorge,2024-07-20,8:00:00,19.17
Gorge,2024-07-20,8:10:00,19.32
Gorge,2024-07-20,8:20:00,19.62
Gorge,2024-07-20,8:30:00,19.45
Gorge,2024-07-20,8:40:00,19.98
Gorge,2024-07-20,8:50:00,20.05
Gorge,2024-07-20,9:00:00,20.37
Gorge,2024-07-20,9:10:00,20.56
Gorge,2024-07-20,9:20:00,20.58
Gorge,2024-07-20,9:30:00,20.63
Gorge,2024-07-20,9:40:00,20.81
Gorge,2024-07-20,9:50:00,21.1
Gorge,2024-07-20,10:00:00,21.3
Gorge,2024-07-20,10:10:00,21.4
Gorge,2024-07-20,10:20:00,21.49
Gorge,2024-07-20,10:30:00,21.6
Gorge,2024-07-20,10:40:00,21.9
Gorge,2024-07-20,10:50:00,22.12
Gorge,2024-07-20,11:00:00,22.29
Gorge,2024-07-20,11:10:00,22.36
Gorge,2024-07-20,11:20:00,22.44
Gorge,2024-07-20,11:30:00,22.5
Gorge,2024-07-20,11:40:00,22.58
Gorge,2024-07-20,11:50:00,22.65
Gorge,2024-07-20,12:00:00,22.81
Gorge,2024-07-20,12:10:00,22.82
Gorge,2024-07-20,12:20:00,22.85
Gorge,2024-07-20,12:30:00,22.96
Gorge,2024-07-20,12:40:00,23.1
Gorge,2024-07-20,12:50:00,23.23
Gorge,2024-07-20,13:00:00,23.4
Gorge,2024-07-20,13:10:00,23.34
Gorge,2024-07-20,13:20:00,23.3
Gorge,2024-07-20,13:30:00,23.13
Gorge,2024-07-20,13:40:00,23.27
Gorge,2024-07-20,13:50:00,23.02
Gorge,2024-07-20,14:00:00,22.16
Gorge,2024-07-20,14:10:00,20.58
Gorge,2024-07-20,14:20:00,19.97
Gorge,2024-07-20,14:30:00,20.3
Gorge,2024-07-20,14:40:00,20.56
Gorge,2024-07-20,14:50:00,19.92
Gorge,2024-07-20,15:00:00,19.41
Gorge,2024-07-20,15:10:00,19.3
Gorge,2024-07-20,15:20:00,19.8
Gorge,2024-07-20,15:30:00,20.31
Gorge,2024-07-20,15:40:00,20.05
Gorge,2024-07-20,15:50:00,19.39
Gorge,2024-07-20,16:00:00,19.87
Gorge,2024-07-20,16:10:00,20.32
Gorge,2024-07-20,16:20:00,20.51
Gorge,2024-07-20,16:30:00,20.47
Gorge,2024-07-20,16:40:00,19.5
Gorge,2024-07-20,16:50:00,18.89
Gorge,2024-07-20,17:00:00,18.67
Gorge,2024-07-20,17:10:00,19.46
Gorge,2024-07-20,17:20:00,19.79
Gorge,2024-07-20,17:30:00,19.55
Gorge,2024-07-20,17:40:00,18.76
Gorge,2024-07-20,17:50:00,18.78
Gorge,2024-07-20,18:00:00,18.79
Gorge,2024-07-20,18:10:00,19.15
Gorge,2024-07-20,18:20:00,19.6
Gorge,2024-07-20,18:30:00,19.24
Gorge,2024-07-20,18:40:00,18.68
Gorge,2024-07-20,18:50:00,18.81
Gorge,2024-07-20,19:00:00,18.8
Gorge,2024-07-20,19:10:00,19.01
Gorge,2024-07-20,19:20:00,18.84
Gorge,2024-07-20,19:30:00,18.54
Gorge,2024-07-20,19:40:00,18.66
Gorge,2024-07-20,19:50:00,18.59
Gorge,2024-07-20,20:00:00,18.59
Gorge,2024-07-20,20:10:00,18.42
Gorge,2024-07-20,20:20:00,18.29
Gorge,2024-07-20,20:30:00,18.19
Gorge,2024-07-20,20:40:00,18.14
Gorge,2024-07-20,20:50:00,18.15
Gorge,2024-07-20,21:00:00,18.18
Gorge,2024-07-20,21:10:00,18.22
Gorge,2024-07-20,21:20:00,18.12
Gorge,2024-07-20,21:30:00,18.06
Gorge,2024-07-20,21:40:00,17.84
Gorge,2024-07-20,21:50:00,17.7
Gorge,2024-07-20,22:00:00,17.78
Gorge,2024-07-20,22:10:00,17.8
Gorge,2024-07-20,22:20:00,17.83
Gorge,2024-07-20,22:30:00,17.72
Gorge,2024-07-20,22:40:00,17.62
Gorge,2024-07-20,22:50:00,17.48
Gorge,2024-07-20,23:00:00,17.48
Gorge,2024-07-20,23:10:00,17.37
Gorge,2024-07-20,23:20:00,17.19
Gorge,2024-07-20,23:30:00,17.11
Gorge,2024-07-20,23:40:00,17.13
Gorge,2024-07-20,23:50:00,17.11
Gorge,2024-07-21,0:00:00,17.08
Gorge,2024-07-21,0:10:00,17.08
Gorge,2024-07-21,0:20:00,16.96
Gorge,2024-07-21,0:30:00,16.86
Gorge,2024-07-21,0:40:00,16.87
Gorge,2024-07-21,0:50:00,16.91
Gorge,2024-07-21,1:00:00,16.95
Gorge,2024-07-21,1:10:00,16.99
Gorge,2024-07-21,1:20:00,16.73
Gorge,2024-07-21,1:30:00,16.78
Gorge,2024-07-21,1:40:00,16.89
Gorge,2024-07-21,1:50:00,16.96
Gorge,2024-07-21,2:00:00,17.1
Gorge,2024-07-21,2:10:00,17.2
Gorge,2024-07-21,2:20:00,17.25
Gorge,2024-07-21,2:30:00,17.18
Gorge,2024-07-21,2:40:00,17.11
Gorge,2024-07-21,2:50:00,16.94
Gorge,2024-07-21,3:00:00,16.92
Gorge,2024-07-21,3:10:00,16.9
Gorge,2024-07-21,3:20:00,16.9
Gorge,2024-07-21,3:30:00,17.14
Gorge,2024-07-21,3:40:00,17.15
Gorge,2024-07-21,3:50:00,17.13
Gorge,2024-07-21,4:00:00,17.09
Gorge,2024-07-21,4:10:00,17.03
Gorge,2024-07-21,4:20:00,16.99
Gorge,2024-07-21,4:30:00,17.02
Gorge,2024-07-21,4:40:00,16.94
Gorge,2024-07-21,4:50:00,16.54
Gorge,2024-07-21,5:00:00,16.31
Gorge,2024-07-21,5:10:00,16.34
Gorge,2024-07-21,5:20:00,16.45
Gorge,2024-07-21,5:30:00,16.5
Gorge,2024-07-21,5:40:00,16.57
Gorge,2024-07-21,5:50:00,16.72
Gorge,2024-07-21,6:00:00,16.85
Gorge,2024-07-21,6:10:00,16.96
Gorge,2024-07-21,6:20:00,17.22
Gorge,2024-07-21,6:30:00,17.41
Gorge,2024-07-21,6:40:00,17.47
Gorge,2024-07-21,6:50:00,17.48
Gorge,2024-07-21,7:00:00,17.5
Gorge,2024-07-21,7:10:00,17.46
Gorge,2024-07-21,7:20:00,17.64
Gorge,2024-07-21,7:30:00,17.78
Gorge,2024-07-21,7:40:00,17.98
Gorge,2024-07-21,7:50:00,18.12
Gorge,2024-07-21,8:00:00,18.18
Gorge,2024-07-21,8:10:00,18.55
Gorge,2024-07-21,8:20:00,18.63
Gorge,2024-07-21,8:30:00,18.94
Gorge,2024-07-21,8:40:00,19
Gorge,2024-07-21,8:50:00,19.15
Gorge,2024-07-21,9:00:00,19.3
Gorge,2024-07-21,9:10:00,19.31
Gorge,2024-07-21,9:20:00,19.33
Gorge,2024-07-21,9:30:00,19.84
Gorge,2024-07-21,9:40:00,20.32
Gorge,2024-07-21,9:50:00,20.21
Gorge,2024-07-21,10:00:00,20.16
Gorge,2024-07-21,10:10:00,20.65
Gorge,2024-07-21,10:20:00,20.85
Gorge,2024-07-21,10:30:00,20.91
Gorge,2024-07-21,10:40:00,21.35
Gorge,2024-07-21,10:50:00,21.52
Gorge,2024-07-21,11:00:00,21.45
Gorge,2024-07-21,11:10:00,21.75
Gorge,2024-07-21,11:20:00,21.84
Gorge,2024-07-21,11:30:00,22.04
Gorge,2024-07-21,11:40:00,22.05
Gorge,2024-07-21,11:50:00,21.84
Gorge,2024-07-21,12:00:00,21.74
Gorge,2024-07-21,12:10:00,21.84
Gorge,2024-07-21,12:20:00,22.02
Gorge,2024-07-21,12:30:00,21.97
Gorge,2024-07-21,12:40:00,21.92
Gorge,2024-07-21,12:50:00,21.99
Gorge,2024-07-21,13:00:00,21.93
Gorge,2024-07-21,13:10:00,21.66
Gorge,2024-07-21,13:20:00,21.6
Gorge,2024-07-21,13:30:00,21.68
Gorge,2024-07-21,13:40:00,21.69
Gorge,2024-07-21,13:50:00,21.67
Gorge,2024-07-21,14:00:00,21.65
Gorge,2024-07-21,14:10:00,21.67
Gorge,2024-07-21,14:20:00,21.68
Gorge,2024-07-21,14:30:00,21.66
Gorge,2024-07-21,14:40:00,21.69
Gorge,2024-07-21,14:50:00,21.54
Gorge,2024-07-21,15:00:00,21.46
Gorge,2024-07-21,15:10:00,20.51
Gorge,2024-07-21,15:20:00,19.61
Gorge,2024-07-21,15:30:00,19.36
Gorge,2024-07-21,15:40:00,18.93
Gorge,2024-07-21,15:50:00,18.73
Gorge,2024-07-21,16:00:00,18.19
Gorge,2024-07-21,16:10:00,17.93
Gorge,2024-07-21,16:20:00,17.79
Gorge,2024-07-21,16:30:00,17.82
Gorge,2024-07-21,16:40:00,18.17
Gorge,2024-07-21,16:50:00,18.41
Gorge,2024-07-21,17:00:00,18.62
Gorge,2024-07-21,17:10:00,18.09
Gorge,2024-07-21,17:20:00,18.13
Gorge,2024-07-21,17:30:00,18
Gorge,2024-07-21,17:40:00,18.13
Gorge,2024-07-21,17:50:00,18.48
Gorge,2024-07-21,18:00:00,18.69
Gorge,2024-07-21,18:10:00,18.7
Gorge,2024-07-21,18:20:00,19.07
Gorge,2024-07-21,18:30:00,18.48
Gorge,2024-07-21,18:40:00,17.97
Gorge,2024-07-21,18:50:00,17.82
Gorge,2024-07-21,19:00:00,17.7
Gorge,2024-07-21,19:10:00,17.94
Gorge,2024-07-21,19:20:00,18.1
Gorge,2024-07-21,19:30:00,17.6
Gorge,2024-07-21,19:40:00,17.64
Gorge,2024-07-21,19:50:00,17.22
Gorge,2024-07-21,20:00:00,17.32
Gorge,2024-07-21,20:10:00,17.41
Gorge,2024-07-21,20:20:00,17.54
Gorge,2024-07-21,20:30:00,17.58
Gorge,2024-07-21,20:40:00,17.55
Gorge,2024-07-21,20:50:00,17.56
Gorge,2024-07-21,21:00:00,17.63
Gorge,2024-07-21,21:10:00,17.77
Gorge,2024-07-21,21:20:00,17.74
Gorge,2024-07-21,21:30:00,17.65
Gorge,2024-07-21,21:40:00,17.47
Gorge,2024-07-21,21:50:00,17.32
Gorge,2024-07-21,22:00:00,17.24
Gorge,2024-07-21,22:10:00,17.08
Gorge,2024-07-21,22:20:00,17.13
Gorge,2024-07-21,22:30:00,17.06
Gorge,2024-07-21,22:40:00,17.04
Gorge,2024-07-21,22:50:00,17.02
Gorge,2024-07-21,23:00:00,17.18
Gorge,2024-07-21,23:10:00,17.29
Gorge,2024-07-21,23:20:00,17.28
Gorge,2024-07-21,23:30:00,17.2
Gorge,2024-07-21,23:40:00,17.18
Gorge,2024-07-21,23:50:00,17.07
Gorge,2024-07-22,0:00:00,16.94
Gorge,2024-07-22,0:10:00,16.91
Gorge,2024-07-22,0:20:00,16.92
Gorge,2024-07-22,0:30:00,16.82
Gorge,2024-07-22,0:40:00,16.73
Gorge,2024-07-22,0:50:00,16.72
Gorge,2024-07-22,1:00:00,16.7
Gorge,2024-07-22,1:10:00,16.57
Gorge,2024-07-22,1:20:00,16.47
Gorge,2024-07-22,1:30:00,16.45
Gorge,2024-07-22,1:40:00,16.36
Gorge,2024-07-22,1:50:00,16.33
Gorge,2024-07-22,2:00:00,16.41
Gorge,2024-07-22,2:10:00,16.47
Gorge,2024-07-22,2:20:00,16.49
Gorge,2024-07-22,2:30:00,16.61
Gorge,2024-07-22,2:40:00,16.64
Gorge,2024-07-22,2:50:00,16.65
Gorge,2024-07-22,3:00:00,16.79
Gorge,2024-07-22,3:10:00,16.81
Gorge,2024-07-22,3:20:00,16.79
Gorge,2024-07-22,3:30:00,16.77
Gorge,2024-07-22,3:40:00,16.8
Gorge,2024-07-22,3:50:00,16.76
Gorge,2024-07-22,4:00:00,16.76
Gorge,2024-07-22,4:10:00,16.72
Gorge,2024-07-22,4:20:00,16.78
Gorge,2024-07-22,4:30:00,16.8
Gorge,2024-07-22,4:40:00,16.8
Gorge,2024-07-22,4:50:00,16.73
Gorge,2024-07-22,5:00:00,16.64
Gorge,2024-07-22,5:10:00,16.56
Gorge,2024-07-22,5:20:00,16.55
Gorge,2024-07-22,5:30:00,16.2
Gorge,2024-07-22,5:40:00,15.97
Gorge,2024-07-22,5:50:00,15.93
Gorge,2024-07-22,6:00:00,15.88
Gorge,2024-07-22,6:10:00,15.86
Gorge,2024-07-22,6:20:00,15.9
Gorge,2024-07-22,6:30:00,15.99
Gorge,2024-07-22,6:40:00,16.05
Gorge,2024-07-22,6:50:00,16.26
Gorge,2024-07-22,7:00:00,16.42
Gorge,2024-07-22,7:10:00,16.49
Gorge,2024-07-22,7:20:00,16.56
Gorge,2024-07-22,7:30:00,16.56
Gorge,2024-07-22,7:40:00,16.6
Gorge,2024-07-22,7:50:00,16.62
Gorge,2024-07-22,8:00:00,16.67
Gorge,2024-07-22,8:10:00,16.76
Gorge,2024-07-22,8:20:00,16.85
Gorge,2024-07-22,8:30:00,16.98
Gorge,2024-07-22,8:40:00,17.03
Gorge,2024-07-22,8:50:00,17.33
Gorge,2024-07-22,9:00:00,17.61
Gorge,2024-07-22,9:10:00,17.74
Gorge,2024-07-22,9:20:00,17.85
Gorge,2024-07-22,9:30:00,18.06
Gorge,2024-07-22,9:40:00,18.17
Gorge,2024-07-22,9:50:00,18.5
Gorge,2024-07-22,10:00:00,18.51
Gorge,2024-07-22,10:10:00,18.82
Gorge,2024-07-22,10:20:00,18.77
Gorge,2024-07-22,10:30:00,18.86
Gorge,2024-07-22,10:40:00,19.13
Gorge,2024-07-22,10:50:00,19.47
Gorge,2024-07-22,11:00:00,19.79
Gorge,2024-07-22,11:10:00,20.09
Gorge,2024-07-22,11:20:00,20.25
Gorge,2024-07-22,11:30:00,20.4
Gorge,2024-07-22,11:40:00,20.54
Gorge,2024-07-22,11:50:00,20.74
Gorge,2024-07-22,12:00:00,20.9
Gorge,2024-07-22,12:10:00,21.09
Gorge,2024-07-22,12:20:00,21.2
Gorge,2024-07-22,12:30:00,21.29
Gorge,2024-07-22,12:40:00,21.34
Gorge,2024-07-22,12:50:00,21.39
Gorge,2024-07-22,13:00:00,21.49
Gorge,2024-07-22,13:10:00,21.54
Gorge,2024-07-22,13:20:00,21.62
Gorge,2024-07-22,13:30:00,21.69
Gorge,2024-07-22,13:40:00,21.7
Gorge,2024-07-22,13:50:00,21.75
Gorge,2024-07-22,14:00:00,21.82
Gorge,2024-07-22,14:10:00,21.87
Gorge,2024-07-22,14:20:00,21.85
Gorge,2024-07-22,14:30:00,21.97
Gorge,2024-07-22,14:40:00,22.09
Gorge,2024-07-22,14:50:00,22.11
Gorge,2024-07-22,15:00:00,22.07
Gorge,2024-07-22,15:10:00,22.11
Gorge,2024-07-22,15:20:00,22.09
Gorge,2024-07-22,15:30:00,22.02
Gorge,2024-07-22,15:40:00,21.92
Gorge,2024-07-22,15:50:00,21.83
Gorge,2024-07-22,16:00:00,21.79
Gorge,2024-07-22,16:10:00,21.74
Gorge,2024-07-22,16:20:00,21.78
Gorge,2024-07-22,16:30:00,21.82
Gorge,2024-07-22,16:40:00,21.82
Gorge,2024-07-22,16:50:00,21.72
Gorge,2024-07-22,17:00:00,21.68
Gorge,2024-07-22,17:10:00,21.44
Gorge,2024-07-22,17:20:00,20.75
Gorge,2024-07-22,17:30:00,19.67
Gorge,2024-07-22,17:40:00,19.96
Gorge,2024-07-22,17:50:00,20.53
Gorge,2024-07-22,18:00:00,20.94
Gorge,2024-07-22,18:10:00,21.01
Gorge,2024-07-22,18:20:00,21.19
Gorge,2024-07-22,18:30:00,20.45
Gorge,2024-07-22,18:40:00,19.1
Gorge,2024-07-22,18:50:00,19.2
Gorge,2024-07-22,19:00:00,19.57
Gorge,2024-07-22,19:10:00,19.87
Gorge,2024-07-22,19:20:00,19.16
Gorge,2024-07-22,19:30:00,18.57
Gorge,2024-07-22,19:40:00,18.24
Gorge,2024-07-22,19:50:00,18.67
Gorge,2024-07-22,20:00:00,19.46
Gorge,2024-07-22,20:10:00,19.69
Gorge,2024-07-22,20:20:00,20.18
Gorge,2024-07-22,20:30:00,20.34
Gorge,2024-07-22,20:40:00,20.1
Gorge,2024-07-22,20:50:00,20.05
Gorge,2024-07-22,21:00:00,19.85
Gorge,2024-07-22,21:10:00,19.73
Gorge,2024-07-22,21:20:00,19.81
Gorge,2024-07-22,21:30:00,19.7
Gorge,2024-07-22,21:40:00,19.61
Gorge,2024-07-22,21:50:00,19.57
Gorge,2024-07-22,22:00:00,19.41
Gorge,2024-07-22,22:10:00,18.97
Gorge,2024-07-22,22:20:00,19.07
Gorge,2024-07-22,22:30:00,19.03
Gorge,2024-07-22,22:40:00,19.22
Gorge,2024-07-22,22:50:00,19.13
Gorge,2024-07-22,23:00:00,18.59
Gorge,2024-07-22,23:10:00,17.76
Gorge,2024-07-22,23:20:00,18.05
Gorge,2024-07-22,23:30:00,18.41
Gorge,2024-07-22,23:40:00,18.8
Gorge,2024-07-22,23:50:00,18.82
Gorge,2024-07-23,0:00:00,18.79
Gorge,2024-07-23,0:10:00,17.56
Gorge,2024-07-23,0:20:00,17.17
Gorge,2024-07-23,0:30:00,17.54
Gorge,2024-07-23,0:40:00,18.14
Gorge,2024-07-23,0:50:00,17.58
Gorge,2024-07-23,1:00:00,17.02
Gorge,2024-07-23,1:10:00,17.01
Gorge,2024-07-23,1:20:00,17.41
Gorge,2024-07-23,1:30:00,17.62
Gorge,2024-07-23,1:40:00,17.74
Gorge,2024-07-23,1:50:00,17.98
Gorge,2024-07-23,2:00:00,17.79
Gorge,2024-07-23,2:10:00,17.53
Gorge,2024-07-23,2:20:00,17.68
Gorge,2024-07-23,2:30:00,18.05
Gorge,2024-07-23,2:40:00,17.82
Gorge,2024-07-23,2:50:00,17.63
Gorge,2024-07-23,3:00:00,17.9
Gorge,2024-07-23,3:10:00,17.78
Gorge,2024-07-23,3:20:00,17.89
Gorge,2024-07-23,3:30:00,17.69
Gorge,2024-07-23,3:40:00,17.58
Gorge,2024-07-23,3:50:00,17.38
Gorge,2024-07-23,4:00:00,17.35
Gorge,2024-07-23,4:10:00,17.34
Gorge,2024-07-23,4:20:00,17.38
Gorge,2024-07-23,4:30:00,17.41
Gorge,2024-07-23,4:40:00,17.5
Gorge,2024-07-23,4:50:00,17.21
Gorge,2024-07-23,5:00:00,16.73
Gorge,2024-07-23,5:10:00,16.48
Gorge,2024-07-23,5:20:00,16.39
Gorge,2024-07-23,5:30:00,16.44
Gorge,2024-07-23,5:40:00,16.48
Gorge,2024-07-23,5:50:00,16.47
Gorge,2024-07-23,6:00:00,16.55
Gorge,2024-07-23,6:10:00,16.45
Gorge,2024-07-23,6:20:00,16.28
Gorge,2024-07-23,6:30:00,16
Gorge,2024-07-23,6:40:00,15.97
Gorge,2024-07-23,6:50:00,15.9
Gorge,2024-07-23,7:00:00,15.9
Gorge,2024-07-23,7:10:00,15.95
Gorge,2024-07-23,7:20:00,15.99
Gorge,2024-07-23,7:30:00,15.9
Gorge,2024-07-23,7:40:00,15.87
Gorge,2024-07-23,7:50:00,15.86
Gorge,2024-07-23,8:00:00,15.89
Gorge,2024-07-23,8:10:00,15.9
Gorge,2024-07-23,8:20:00,15.99
Gorge,2024-07-23,8:30:00,16.1
Gorge,2024-07-23,8:40:00,16.15
Gorge,2024-07-23,8:50:00,16.22
Gorge,2024-07-23,9:00:00,16.26
Gorge,2024-07-23,9:10:00,16.34
Gorge,2024-07-23,9:20:00,16.54
Gorge,2024-07-23,9:30:00,16.61
Gorge,2024-07-23,9:40:00,16.89
Gorge,2024-07-23,9:50:00,17.11
Gorge,2024-07-23,10:00:00,17.19
Gorge,2024-07-23,10:10:00,17.43
Gorge,2024-07-23,10:20:00,17.6
Gorge,2024-07-23,10:30:00,17.73
Gorge,2024-07-23,10:40:00,17.89
Gorge,2024-07-23,10:50:00,18.07
Gorge,2024-07-23,11:00:00,18.35
Gorge,2024-07-23,11:10:00,18.48
Gorge,2024-07-23,11:20:00,18.55
Gorge,2024-07-23,11:30:00,18.71
Gorge,2024-07-23,11:40:00,19.01
Gorge,2024-07-23,11:50:00,19.22
Gorge,2024-07-23,12:00:00,19.45
Gorge,2024-07-23,12:10:00,19.57
Gorge,2024-07-23,12:20:00,19.76
Gorge,2024-07-23,12:30:00,19.99
Gorge,2024-07-23,12:40:00,20.13
Gorge,2024-07-23,12:50:00,20.22
Gorge,2024-07-23,13:00:00,20.43
Gorge,2024-07-23,13:10:00,20.51
Gorge,2024-07-23,13:20:00,20.56
Gorge,2024-07-23,13:30:00,20.64
Gorge,2024-07-23,13:40:00,20.7
Gorge,2024-07-23,13:50:00,20.8
Gorge,2024-07-23,14:00:00,20.89
Gorge,2024-07-23,14:10:00,20.96
Gorge,2024-07-23,14:20:00,20.96
Gorge,2024-07-23,14:30:00,21.05
Gorge,2024-07-23,14:40:00,21.14
Gorge,2024-07-23,14:50:00,21.16
Gorge,2024-07-23,15:00:00,21.19
Gorge,2024-07-23,15:10:00,21.22
Gorge,2024-07-23,15:20:00,21.24
Gorge,2024-07-23,15:30:00,21.25
Gorge,2024-07-23,15:40:00,20.14
Gorge,2024-07-23,15:50:00,18.97
Gorge,2024-07-23,16:00:00,18.52
Gorge,2024-07-23,16:10:00,18.23
Gorge,2024-07-23,16:20:00,18.3
Gorge,2024-07-23,16:30:00,18.08
Gorge,2024-07-23,16:40:00,17.73
Gorge,2024-07-23,16:50:00,17.49
Gorge,2024-07-23,17:00:00,17.44
Gorge,2024-07-23,17:10:00,17.54
Gorge,2024-07-23,17:20:00,17.53
Gorge,2024-07-23,17:30:00,17.77
Gorge,2024-07-23,17:40:00,17.84
Gorge,2024-07-23,17:50:00,17.91
Gorge,2024-07-23,18:00:00,17.84
Gorge,2024-07-23,18:10:00,17.82
Gorge,2024-07-23,18:20:00,18.15
Gorge,2024-07-23,18:30:00,18.33
Gorge,2024-07-23,18:40:00,18.21
Gorge,2024-07-23,18:50:00,17.9
Gorge,2024-07-23,19:00:00,17.69
Gorge,2024-07-23,19:10:00,17.74
Gorge,2024-07-23,19:20:00,17.88
Gorge,2024-07-23,19:30:00,17.63
Gorge,2024-07-23,19:40:00,17.07
Gorge,2024-07-23,19:50:00,16.99
Gorge,2024-07-23,20:00:00,16.99
Gorge,2024-07-23,20:10:00,16.93
Gorge,2024-07-23,20:20:00,16.86
Gorge,2024-07-23,20:30:00,16.69
Gorge,2024-07-23,20:40:00,16.71
Gorge,2024-07-23,20:50:00,16.69
Gorge,2024-07-23,21:00:00,17.08
Gorge,2024-07-23,21:10:00,17.38
Gorge,2024-07-23,21:20:00,17.25
Gorge,2024-07-23,21:30:00,16.94
Gorge,2024-07-23,21:40:00,16.86
Gorge,2024-07-23,21:50:00,16.81
Gorge,2024-07-23,22:00:00,16.88
Gorge,2024-07-23,22:10:00,16.79
Gorge,2024-07-23,22:20:00,16.62
Gorge,2024-07-23,22:30:00,16.67
Gorge,2024-07-23,22:40:00,16.94
Gorge,2024-07-23,22:50:00,17.07
Gorge,2024-07-23,23:00:00,16.96
Gorge,2024-07-23,23:10:00,16.95
Gorge,2024-07-23,23:20:00,16.95
Gorge,2024-07-23,23:30:00,16.89
Gorge,2024-07-23,23:40:00,16.89
Gorge,2024-07-23,23:50:00,17
Gorge,2024-07-24,0:00:00,16.95
Gorge,2024-07-24,0:10:00,16.9
Gorge,2024-07-24,0:20:00,17
Gorge,2024-07-24,0:30:00,16.77
Gorge,2024-07-24,0:40:00,16.86
Gorge,2024-07-24,0:50:00,16.64
Gorge,2024-07-24,1:00:00,16.52
Gorge,2024-07-24,1:10:00,16.4
Gorge,2024-07-24,1:20:00,16.32
Gorge,2024-07-24,1:30:00,16.33
Gorge,2024-07-24,1:40:00,16.25
Gorge,2024-07-24,1:50:00,16.1
Gorge,2024-07-24,2:00:00,16.06
Gorge,2024-07-24,2:10:00,16.05
Gorge,2024-07-24,2:20:00,16.06
Gorge,2024-07-24,2:30:00,16.07
Gorge,2024-07-24,2:40:00,16.08
Gorge,2024-07-24,2:50:00,16.14
Gorge,2024-07-24,3:00:00,16.1
Gorge,2024-07-24,3:10:00,16.05
Gorge,2024-07-24,3:20:00,16.1
Gorge,2024-07-24,3:30:00,16
Gorge,2024-07-24,3:40:00,16
Gorge,2024-07-24,3:50:00,15.97
Gorge,2024-07-24,4:00:00,15.95
Gorge,2024-07-24,4:10:00,15.95
Gorge,2024-07-24,4:20:00,15.88
Gorge,2024-07-24,4:30:00,15.92
Gorge,2024-07-24,4:40:00,15.87
Gorge,2024-07-24,4:50:00,15.91
Gorge,2024-07-24,5:00:00,15.95
Gorge,2024-07-24,5:10:00,15.98
Gorge,2024-07-24,5:20:00,16
Gorge,2024-07-24,5:30:00,16.02
Gorge,2024-07-24,5:40:00,15.99
Gorge,2024-07-24,5:50:00,16.04
Gorge,2024-07-24,6:00:00,16.01
Gorge,2024-07-24,6:10:00,15.99
Gorge,2024-07-24,6:20:00,15.97
Gorge,2024-07-24,6:30:00,15.99
Gorge,2024-07-24,6:40:00,15.97
Gorge,2024-07-24,6:50:00,15.93
Gorge,2024-07-24,7:00:00,15.88
Gorge,2024-07-24,7:10:00,15.86
Gorge,2024-07-24,7:20:00,15.84
Gorge,2024-07-24,7:30:00,15.75
Gorge,2024-07-24,7:40:00,15.71
Gorge,2024-07-24,7:50:00,15.66
Gorge,2024-07-24,8:00:00,15.65
Gorge,2024-07-24,8:10:00,15.62
Gorge,2024-07-24,8:20:00,15.71
Gorge,2024-07-24,8:30:00,15.81
Gorge,2024-07-24,8:40:00,16
Gorge,2024-07-24,8:50:00,16.19
Gorge,2024-07-24,9:00:00,16.3
Gorge,2024-07-24,9:10:00,16.46
Gorge,2024-07-24,9:20:00,16.56
Gorge,2024-07-24,9:30:00,16.62
Gorge,2024-07-24,9:40:00,16.73
Gorge,2024-07-24,9:50:00,16.79
Gorge,2024-07-24,10:00:00,16.87
Gorge,2024-07-24,10:10:00,16.94
Gorge,2024-07-24,10:20:00,17.06
Gorge,2024-07-24,10:30:00,17.2
Gorge,2024-07-24,10:40:00,17.34
Gorge,2024-07-24,10:50:00,17.58
Gorge,2024-07-24,11:00:00,17.72
Gorge,2024-07-24,11:10:00,17.82
Gorge,2024-07-24,11:20:00,17.97
Gorge,2024-07-24,11:30:00,18.13
Gorge,2024-07-24,11:40:00,18.26
Gorge,2024-07-24,11:50:00,18.35
Gorge,2024-07-24,12:00:00,18.58
Gorge,2024-07-24,12:10:00,18.7
Gorge,2024-07-24,12:20:00,18.81
Gorge,2024-07-24,12:30:00,18.83
Gorge,2024-07-24,12:40:00,18.88
Gorge,2024-07-24,12:50:00,18.96
Gorge,2024-07-24,13:00:00,19.07
Gorge,2024-07-24,13:10:00,19.13
Gorge,2024-07-24,13:20:00,19.24
Gorge,2024-07-24,13:30:00,19.52
Gorge,2024-07-24,13:40:00,19.75
Gorge,2024-07-24,13:50:00,19.85
Gorge,2024-07-24,14:00:00,19.95
Gorge,2024-07-24,14:10:00,20
Gorge,2024-07-24,14:20:00,20.02
Gorge,2024-07-24,14:30:00,20.04
Gorge,2024-07-24,14:40:00,20.14
Gorge,2024-07-24,14:50:00,20.2
Gorge,2024-07-24,15:00:00,20.25
Gorge,2024-07-24,15:10:00,20.28
Gorge,2024-07-24,15:20:00,20.29
Gorge,2024-07-24,15:30:00,20.32
Gorge,2024-07-24,15:40:00,20.31
Gorge,2024-07-24,15:50:00,20.25
Gorge,2024-07-24,16:00:00,20.15
Gorge,2024-07-24,16:10:00,19.97
Gorge,2024-07-24,16:20:00,18.93
Gorge,2024-07-24,16:30:00,18.51
Gorge,2024-07-24,16:40:00,18.24
Gorge,2024-07-24,16:50:00,18.43
Gorge,2024-07-24,17:00:00,18.28
Gorge,2024-07-24,17:10:00,18.04
Gorge,2024-07-24,17:20:00,18.04
Gorge,2024-07-24,17:30:00,17.73
Gorge,2024-07-24,17:40:00,17.55
Gorge,2024-07-24,17:50:00,17.26
Gorge,2024-07-24,18:00:00,17.19
Gorge,2024-07-24,18:10:00,17.24
Gorge,2024-07-24,18:20:00,17.39
Gorge,2024-07-24,18:30:00,17.46
Gorge,2024-07-24,18:40:00,17.28
Gorge,2024-07-24,18:50:00,17.09
Gorge,2024-07-24,19:00:00,17.02
Gorge,2024-07-24,19:10:00,17.07
Gorge,2024-07-24,19:20:00,17.19
Gorge,2024-07-24,19:30:00,17.47
Gorge,2024-07-24,19:40:00,17.54
Gorge,2024-07-24,19:50:00,17.65
Gorge,2024-07-24,20:00:00,17.43
Gorge,2024-07-24,20:10:00,17.25
Gorge,2024-07-24,20:20:00,17.36
Gorge,2024-07-24,20:30:00,17.3
Gorge,2024-07-24,20:40:00,17.06
Gorge,2024-07-24,20:50:00,17.01
Gorge,2024-07-24,21:00:00,17.03
Gorge,2024-07-24,21:10:00,17.41
Gorge,2024-07-24,21:20:00,17.34
Gorge,2024-07-24,21:30:00,17.33
Gorge,2024-07-24,21:40:00,17.17
Gorge,2024-07-24,21:50:00,17.32
Gorge,2024-07-24,22:00:00,17.22
Gorge,2024-07-24,22:10:00,17.31
Gorge,2024-07-24,22:20:00,17.38
Gorge,2024-07-24,22:30:00,17.51
Gorge,2024-07-24,22:40:00,17.46
Gorge,2024-07-24,22:50:00,17.49
Gorge,2024-07-24,23:00:00,17.5
Gorge,2024-07-24,23:10:00,17.49
Gorge,2024-07-24,23:20:00,17.4
Gorge,2024-07-24,23:30:00,17.43
Gorge,2024-07-24,23:40:00,16.9
Gorge,2024-07-24,23:50:00,16.57
Gorge,2024-07-25,0:00:00,16.46
Gorge,2024-07-25,0:10:00,16.3
Gorge,2024-07-25,0:20:00,16.24
Gorge,2024-07-25,0:30:00,16.15
Gorge,2024-07-25,0:40:00,16.04
Gorge,2024-07-25,0:50:00,15.88
Gorge,2024-07-25,1:00:00,15.85
Gorge,2024-07-25,1:10:00,15.76
Gorge,2024-07-25,1:20:00,15.72
Gorge,2024-07-25,1:30:00,15.77
Gorge,2024-07-25,1:40:00,15.75
Gorge,2024-07-25,1:50:00,15.85
Gorge,2024-07-25,2:00:00,15.89
Gorge,2024-07-25,2:10:00,15.95
Gorge,2024-07-25,2:20:00,16
Gorge,2024-07-25,2:30:00,16.01
Gorge,2024-07-25,2:40:00,15.97
Gorge,2024-07-25,2:50:00,15.95
Gorge,2024-07-25,3:00:00,15.93
Gorge,2024-07-25,3:10:00,15.95
Gorge,2024-07-25,3:20:00,15.98
Gorge,2024-07-25,3:30:00,15.95
Gorge,2024-07-25,3:40:00,15.91
Gorge,2024-07-25,3:50:00,15.88
Gorge,2024-07-25,4:00:00,15.87
Gorge,2024-07-25,4:10:00,15.89
Gorge,2024-07-25,4:20:00,15.9
Gorge,2024-07-25,4:30:00,15.88
Gorge,2024-07-25,4:40:00,15.89
Gorge,2024-07-25,4:50:00,15.92
Gorge,2024-07-25,5:00:00,15.89
Gorge,2024-07-25,5:10:00,15.9
Gorge,2024-07-25,5:20:00,15.87
Gorge,2024-07-25,5:30:00,15.87
Gorge,2024-07-25,5:40:00,15.88
Gorge,2024-07-25,5:50:00,15.89
Gorge,2024-07-25,6:00:00,15.86
Gorge,2024-07-25,6:10:00,15.83
Gorge,2024-07-25,6:20:00,15.82
Gorge,2024-07-25,6:30:00,15.81
Gorge,2024-07-25,6:40:00,15.74
Gorge,2024-07-25,6:50:00,15.72
Gorge,2024-07-25,7:00:00,15.68
Gorge,2024-07-25,7:10:00,15.68
Gorge,2024-07-25,7:20:00,15.66
Gorge,2024-07-25,7:30:00,15.66
Gorge,2024-07-25,7:40:00,15.61
Gorge,2024-07-25,7:50:00,15.62
Gorge,2024-07-25,8:00:00,15.59
Gorge,2024-07-25,8:10:00,15.53
Gorge,2024-07-25,8:20:00,15.49
Gorge,2024-07-25,8:30:00,15.46
Gorge,2024-07-25,8:40:00,15.44
Gorge,2024-07-25,8:50:00,15.45
Gorge,2024-07-25,9:00:00,15.49
Gorge,2024-07-25,9:10:00,15.57
Gorge,2024-07-25,9:20:00,15.73
Gorge,2024-07-25,9:30:00,15.84
Gorge,2024-07-25,9:40:00,15.89
Gorge,2024-07-25,9:50:00,15.97
Gorge,2024-07-25,10:00:00,16.08
Gorge,2024-07-25,10:10:00,16.16
Gorge,2024-07-25,10:20:00,16.24
Gorge,2024-07-25,10:30:00,16.3
Gorge,2024-07-25,10:40:00,16.4
Gorge,2024-07-25,10:50:00,16.61
Gorge,2024-07-25,11:00:00,16.69
Gorge,2024-07-25,11:10:00,16.78
Gorge,2024-07-25,11:20:00,17.02
Gorge,2024-07-25,11:30:00,17.21
Gorge,2024-07-25,11:40:00,17.38
Gorge,2024-07-25,11:50:00,17.63
Gorge,2024-07-25,12:00:00,17.88
Gorge,2024-07-25,12:10:00,18.13
Gorge,2024-07-25,12:20:00,18.27
Gorge,2024-07-25,12:30:00,18.39
Gorge,2024-07-25,12:40:00,18.34
Gorge,2024-07-25,12:50:00,18.38
Gorge,2024-07-25,13:00:00,18.66
Gorge,2024-07-25,13:10:00,18.91
Gorge,2024-07-25,13:20:00,19.15
Gorge,2024-07-25,13:30:00,19.27
Gorge,2024-07-25,13:40:00,19.31
Gorge,2024-07-25,13:50:00,19.36
Gorge,2024-07-25,14:00:00,19.43
Gorge,2024-07-25,14:10:00,19.54
Gorge,2024-07-25,14:20:00,19.62
Gorge,2024-07-25,14:30:00,19.69
Gorge,2024-07-25,14:40:00,19.75
Gorge,2024-07-25,14:50:00,19.83
Gorge,2024-07-25,15:00:00,19.79
Gorge,2024-07-25,15:10:00,19.75
Gorge,2024-07-25,15:20:00,19.8
Gorge,2024-07-25,15:30:00,19.83
Gorge,2024-07-25,15:40:00,19.8
Gorge,2024-07-25,15:50:00,19.89
Gorge,2024-07-25,16:00:00,19.97
Gorge,2024-07-25,16:10:00,19.9
Gorge,2024-07-25,16:20:00,19.01
Gorge,2024-07-25,16:30:00,18.94
Gorge,2024-07-25,16:40:00,19.07
Gorge,2024-07-25,16:50:00,18.92
Gorge,2024-07-25,17:00:00,18.39
Gorge,2024-07-25,17:10:00,17.59
Gorge,2024-07-25,17:20:00,17.41
Gorge,2024-07-25,17:30:00,18.02
Gorge,2024-07-25,17:40:00,17.47
Gorge,2024-07-25,17:50:00,17.18
Gorge,2024-07-25,18:00:00,17.02
Gorge,2024-07-25,18:10:00,16.64
Gorge,2024-07-25,18:20:00,16.49
Gorge,2024-07-25,18:30:00,16.31
Gorge,2024-07-25,18:40:00,16.01
Gorge,2024-07-25,18:50:00,15.97
Gorge,2024-07-25,19:00:00,16.04
Gorge,2024-07-25,19:10:00,15.9
Gorge,2024-07-25,19:20:00,15.69
Gorge,2024-07-25,19:30:00,15.54
Gorge,2024-07-25,19:40:00,15.41
Gorge,2024-07-25,19:50:00,15.57
Gorge,2024-07-25,20:00:00,15.67
Gorge,2024-07-25,20:10:00,15.73
Gorge,2024-07-25,20:20:00,15.65
Gorge,2024-07-25,20:30:00,15.61
Gorge,2024-07-25,20:40:00,15.55
Gorge,2024-07-25,20:50:00,15.6
Gorge,2024-07-25,21:00:00,15.88
Gorge,2024-07-25,21:10:00,15.95
Gorge,2024-07-25,21:20:00,15.97
Gorge,2024-07-25,21:30:00,15.92
Gorge,2024-07-25,21:40:00,16.01
Gorge,2024-07-25,21:50:00,15.96
Gorge,2024-07-25,22:00:00,16.14
Gorge,2024-07-25,22:10:00,16.18
Gorge,2024-07-25,22:20:00,16.24
Gorge,2024-07-25,22:30:00,16.15
Gorge,2024-07-25,22:40:00,16.13
Gorge,2024-07-25,22:50:00,16.29
Gorge,2024-07-25,23:00:00,16.49
Gorge,2024-07-25,23:10:00,16.6
Gorge,2024-07-25,23:20:00,16.61
Gorge,2024-07-25,23:30:00,16.82
Gorge,2024-07-25,23:40:00,17.02
Gorge,2024-07-25,23:50:00,17.07
Gorge,2024-07-26,0:00:00,17.02
Gorge,2024-07-26,0:10:00,17.05
Gorge,2024-07-26,0:20:00,17.1
Gorge,2024-07-26,0:30:00,16.78
Gorge,2024-07-26,0:40:00,16.34
Gorge,2024-07-26,0:50:00,15.91
Gorge,2024-07-26,1:00:00,15.72
Gorge,2024-07-26,1:10:00,15.66
Gorge,2024-07-26,1:20:00,15.6
Gorge,2024-07-26,1:30:00,15.68
Gorge,2024-07-26,1:40:00,15.67
Gorge,2024-07-26,1:50:00,15.74
Gorge,2024-07-26,2:00:00,15.76
Gorge,2024-07-26,2:10:00,15.77
Gorge,2024-07-26,2:20:00,15.83
Gorge,2024-07-26,2:30:00,15.86
Gorge,2024-07-26,2:40:00,15.82
Gorge,2024-07-26,2:50:00,15.86
Gorge,2024-07-26,3:00:00,15.89
Gorge,2024-07-26,3:10:00,15.9
Gorge,2024-07-26,3:20:00,15.92
Gorge,2024-07-26,3:30:00,15.98
Gorge,2024-07-26,3:40:00,15.98
Gorge,2024-07-26,3:50:00,15.98
Gorge,2024-07-26,4:00:00,16
Gorge,2024-07-26,4:10:00,16.03
Gorge,2024-07-26,4:20:00,16.06
Gorge,2024-07-26,4:30:00,16.01
Gorge,2024-07-26,4:40:00,15.99
Gorge,2024-07-26,4:50:00,16.02
Gorge,2024-07-26,5:00:00,15.99
Gorge,2024-07-26,5:10:00,15.92
Gorge,2024-07-26,5:20:00,15.96
Gorge,2024-07-26,5:30:00,15.95
Gorge,2024-07-26,5:40:00,15.95
Gorge,2024-07-26,5:50:00,15.95
Gorge,2024-07-26,6:00:00,15.93
Gorge,2024-07-26,6:10:00,15.91
Gorge,2024-07-26,6:20:00,15.88
Gorge,2024-07-26,6:30:00,15.84
Gorge,2024-07-26,6:40:00,15.84
Gorge,2024-07-26,6:50:00,15.82
Gorge,2024-07-26,7:00:00,15.82
Gorge,2024-07-26,7:10:00,15.78
Gorge,2024-07-26,7:20:00,15.76
Gorge,2024-07-26,7:30:00,15.81
Gorge,2024-07-26,7:40:00,15.77
Gorge,2024-07-26,7:50:00,15.8
Gorge,2024-07-26,8:00:00,15.8
Gorge,2024-07-26,8:10:00,15.87
Gorge,2024-07-26,8:20:00,15.89
Gorge,2024-07-26,8:30:00,15.93
Gorge,2024-07-26,8:40:00,15.96
Gorge,2024-07-26,8:50:00,16.1
Gorge,2024-07-26,9:00:00,16.28
Gorge,2024-07-26,9:10:00,16.34
Gorge,2024-07-26,9:20:00,16.61
Gorge,2024-07-26,9:30:00,16.75
Gorge,2024-07-26,9:40:00,16.74
Gorge,2024-07-26,9:50:00,16.74
Gorge,2024-07-26,10:00:00,16.72
Gorge,2024-07-26,10:10:00,16.73
Gorge,2024-07-26,10:20:00,16.74
Gorge,2024-07-26,10:30:00,16.76
Gorge,2024-07-26,10:40:00,16.94
Gorge,2024-07-26,10:50:00,17.11
Gorge,2024-07-26,11:00:00,17.25
Gorge,2024-07-26,11:10:00,17.38
Gorge,2024-07-26,11:20:00,17.51
Gorge,2024-07-26,11:30:00,17.58
Gorge,2024-07-26,11:40:00,17.73
Gorge,2024-07-26,11:50:00,17.82
Gorge,2024-07-26,12:00:00,17.91
Gorge,2024-07-26,12:10:00,18.09
Gorge,2024-07-26,12:20:00,18.15
Gorge,2024-07-26,12:30:00,18.22
Gorge,2024-07-26,12:40:00,18.3
Gorge,2024-07-26,12:50:00,18.41
Gorge,2024-07-26,13:00:00,18.53
Gorge,2024-07-26,13:10:00,18.59
Gorge,2024-07-26,13:20:00,18.62
Gorge,2024-07-26,13:30:00,18.68
Gorge,2024-07-26,13:40:00,18.78
Gorge,2024-07-26,13:50:00,18.85
Gorge,2024-07-26,14:00:00,18.98
Gorge,2024-07-26,14:10:00,19.1
Gorge,2024-07-26,14:20:00,19.12
Gorge,2024-07-26,14:30:00,19.13
Gorge,2024-07-26,14:40:00,19.2
Gorge,2024-07-26,14:50:00,19.29
Gorge,2024-07-26,15:00:00,19.29
Gorge,2024-07-26,15:10:00,19.32
Gorge,2024-07-26,15:20:00,19.41
Gorge,2024-07-26,15:30:00,19.51
Gorge,2024-07-26,15:40:00,19.48
Gorge,2024-07-26,15:50:00,19.5
Gorge,2024-07-26,16:00:00,19.53
Gorge,2024-07-26,16:10:00,19.53
Gorge,2024-07-26,16:20:00,19.53
Gorge,2024-07-26,16:30:00,19.59
Gorge,2024-07-26,16:40:00,19.25
Gorge,2024-07-26,16:50:00,18.8
Gorge,2024-07-26,17:00:00,18.53
Gorge,2024-07-26,17:10:00,18.36
Gorge,2024-07-26,17:20:00,18.33
Gorge,2024-07-26,17:30:00,18.29
Gorge,2024-07-26,17:40:00,18.56
Gorge,2024-07-26,17:50:00,18.86
Gorge,2024-07-26,18:00:00,18.61
Gorge,2024-07-26,18:10:00,17.76
Gorge,2024-07-26,18:20:00,17.54
Gorge,2024-07-26,18:30:00,17.46
Gorge,2024-07-26,18:40:00,17.1
Gorge,2024-07-26,18:50:00,16.95
Gorge,2024-07-26,19:00:00,16.86
Gorge,2024-07-26,19:10:00,16.76
Gorge,2024-07-26,19:20:00,16.49
Gorge,2024-07-26,19:30:00,16.4
Gorge,2024-07-26,19:40:00,16.29
Gorge,2024-07-26,19:50:00,16.13
Gorge,2024-07-26,20:00:00,15.76
Gorge,2024-07-26,20:10:00,15.69
Gorge,2024-07-26,20:20:00,15.73
Gorge,2024-07-26,20:30:00,15.78
Gorge,2024-07-26,20:40:00,15.99
Gorge,2024-07-26,20:50:00,16.24
Gorge,2024-07-26,21:00:00,16.17
Gorge,2024-07-26,21:10:00,16.02
Gorge,2024-07-26,21:20:00,15.76
Gorge,2024-07-26,21:30:00,15.63
Gorge,2024-07-26,21:40:00,15.71
Gorge,2024-07-26,21:50:00,15.8
Gorge,2024-07-26,22:00:00,15.78
Gorge,2024-07-26,22:10:00,15.88
Gorge,2024-07-26,22:20:00,15.98
Gorge,2024-07-26,22:30:00,15.93
Gorge,2024-07-26,22:40:00,15.81
Gorge,2024-07-26,22:50:00,15.62
Gorge,2024-07-26,23:00:00,15.78
Gorge,2024-07-26,23:10:00,15.75
Gorge,2024-07-26,23:20:00,15.74
Gorge,2024-07-26,23:30:00,15.74
Gorge,2024-07-26,23:40:00,15.62
Gorge,2024-07-26,23:50:00,15.59
Gorge,2024-07-27,0:00:00,15.6
Gorge,2024-07-27,0:10:00,16.07
Gorge,2024-07-27,0:20:00,16.01
Gorge,2024-07-27,0:30:00,16.03
Gorge,2024-07-27,0:40:00,16.12
Gorge,2024-07-27,0:50:00,16.08
Gorge,2024-07-27,1:00:00,15.67
Gorge,2024-07-27,1:10:00,15.45
Gorge,2024-07-27,1:20:00,15.3
Gorge,2024-07-27,1:30:00,15.19
Gorge,2024-07-27,1:40:00,15.23
Gorge,2024-07-27,1:50:00,15.27
Gorge,2024-07-27,2:00:00,15.36
Gorge,2024-07-27,2:10:00,15.43
Gorge,2024-07-27,2:20:00,15.48
Gorge,2024-07-27,2:30:00,15.56
Gorge,2024-07-27,2:40:00,15.68
Gorge,2024-07-27,2:50:00,15.75
Gorge,2024-07-27,3:00:00,15.84
Gorge,2024-07-27,3:10:00,15.92
Gorge,2024-07-27,3:20:00,15.99
Gorge,2024-07-27,3:30:00,16.08
Gorge,2024-07-27,3:40:00,16.17
Gorge,2024-07-27,3:50:00,16.25
Gorge,2024-07-27,4:00:00,16.34
Gorge,2024-07-27,4:10:00,16.36
Gorge,2024-07-27,4:20:00,16.41
Gorge,2024-07-27,4:30:00,16.42
Gorge,2024-07-27,4:40:00,16.48
Gorge,2024-07-27,4:50:00,16.58
Gorge,2024-07-27,5:00:00,16.59
Gorge,2024-07-27,5:10:00,16.63
Gorge,2024-07-27,5:20:00,16.73
Gorge,2024-07-27,5:30:00,16.77
Gorge,2024-07-27,5:40:00,16.77
Gorge,2024-07-27,5:50:00,16.8
Gorge,2024-07-27,6:00:00,16.8
Gorge,2024-07-27,6:10:00,16.8
Gorge,2024-07-27,6:20:00,16.8
Gorge,2024-07-27,6:30:00,16.8
Gorge,2024-07-27,6:40:00,16.78
Gorge,2024-07-27,6:50:00,16.79
Gorge,2024-07-27,7:00:00,16.78
Gorge,2024-07-27,7:10:00,16.77
Gorge,2024-07-27,7:20:00,16.78
Gorge,2024-07-27,7:30:00,16.8
Gorge,2024-07-27,7:40:00,16.78
Gorge,2024-07-27,7:50:00,16.8
Gorge,2024-07-27,8:00:00,16.8
Gorge,2024-07-27,8:10:00,16.8
Gorge,2024-07-27,8:20:00,16.8
Gorge,2024-07-27,8:30:00,16.75
Gorge,2024-07-27,8:40:00,16.69
Gorge,2024-07-27,8:50:00,16.72
Gorge,2024-07-27,9:00:00,16.86
Gorge,2024-07-27,9:10:00,16.9
Gorge,2024-07-27,9:20:00,17.06
Gorge,2024-07-27,9:30:00,17.07
Gorge,2024-07-27,9:40:00,17.28
Gorge,2024-07-27,9:50:00,17.52
Gorge,2024-07-27,10:00:00,17.67
Gorge,2024-07-27,10:10:00,17.85
Gorge,2024-07-27,10:20:00,17.91
Gorge,2024-07-27,10:30:00,18
Gorge,2024-07-27,10:40:00,18.07
Gorge,2024-07-27,10:50:00,18.2
Gorge,2024-07-27,11:00:00,18.25
Gorge,2024-07-27,11:10:00,18.4
Gorge,2024-07-27,11:20:00,18.46
Gorge,2024-07-27,11:30:00,18.49
Gorge,2024-07-27,11:40:00,18.53
Gorge,2024-07-27,11:50:00,18.53
Gorge,2024-07-27,12:00:00,18.56
Gorge,2024-07-27,12:10:00,18.56
Gorge,2024-07-27,12:20:00,18.57
Gorge,2024-07-27,12:30:00,18.62
Gorge,2024-07-27,12:40:00,18.64
Gorge,2024-07-27,12:50:00,18.71
Gorge,2024-07-27,13:00:00,18.79
Gorge,2024-07-27,13:10:00,18.86
Gorge,2024-07-27,13:20:00,18.85
Gorge,2024-07-27,13:30:00,18.92
Gorge,2024-07-27,13:40:00,19.06
Gorge,2024-07-27,13:50:00,19.13
Gorge,2024-07-27,14:00:00,19.17
Gorge,2024-07-27,14:10:00,19.2
Gorge,2024-07-27,14:20:00,19.2
Gorge,2024-07-27,14:30:00,19.27
Gorge,2024-07-27,14:40:00,19.38
Gorge,2024-07-27,14:50:00,19.42
Gorge,2024-07-27,15:00:00,19.4
Gorge,2024-07-27,15:10:00,19.42
Gorge,2024-07-27,15:20:00,19.42
Gorge,2024-07-27,15:30:00,19.46
Gorge,2024-07-27,15:40:00,19.43
Gorge,2024-07-27,15:50:00,19.47
Gorge,2024-07-27,16:00:00,19.48
Gorge,2024-07-27,16:10:00,19.42
Gorge,2024-07-27,16:20:00,19.36
Gorge,2024-07-27,16:30:00,19.41
Gorge,2024-07-27,16:40:00,19.37
Gorge,2024-07-27,16:50:00,18.67
Gorge,2024-07-27,17:00:00,18.95
Gorge,2024-07-27,17:10:00,19.24
Gorge,2024-07-27,17:20:00,19.4
Gorge,2024-07-27,17:30:00,19.43
Gorge,2024-07-27,17:40:00,19.3
Gorge,2024-07-27,17:50:00,19.36
Gorge,2024-07-27,18:00:00,19.11
Gorge,2024-07-27,18:10:00,18.62
Gorge,2024-07-27,18:20:00,18.11
Gorge,2024-07-27,18:30:00,17.89
Gorge,2024-07-27,18:40:00,17.23
Gorge,2024-07-27,18:50:00,16.96
Gorge,2024-07-27,19:00:00,16.89
Gorge,2024-07-27,19:10:00,16.54
Gorge,2024-07-27,19:20:00,16.14
Gorge,2024-07-27,19:30:00,16.05
Gorge,2024-07-27,19:40:00,16.1
Gorge,2024-07-27,19:50:00,16.12
Gorge,2024-07-27,20:00:00,16.19
Gorge,2024-07-27,20:10:00,16.15
Gorge,2024-07-27,20:20:00,16.18
Gorge,2024-07-27,20:30:00,16.14
Gorge,2024-07-27,20:40:00,16.07
Gorge,2024-07-27,20:50:00,15.85
Gorge,2024-07-27,21:00:00,15.82
Gorge,2024-07-27,21:10:00,15.63
Gorge,2024-07-27,21:20:00,15.55
Gorge,2024-07-27,21:30:00,15.53
Gorge,2024-07-27,21:40:00,15.21
Gorge,2024-07-27,21:50:00,14.93
Gorge,2024-07-27,22:00:00,14.77
Gorge,2024-07-27,22:10:00,14.78
Gorge,2024-07-27,22:20:00,14.87
Gorge,2024-07-27,22:30:00,14.88
Gorge,2024-07-27,22:40:00,15.06
Gorge,2024-07-27,22:50:00,15.17
Gorge,2024-07-27,23:00:00,15.31
Gorge,2024-07-27,23:10:00,15.49
Gorge,2024-07-27,23:20:00,15.48
Gorge,2024-07-27,23:30:00,15.32
Gorge,2024-07-27,23:40:00,15.26
Gorge,2024-07-27,23:50:00,15.37
Gorge,2024-07-28,0:00:00,15.75
Gorge,2024-07-28,0:10:00,15.93
Gorge,2024-07-28,0:20:00,16.03
Gorge,2024-07-28,0:30:00,15.86
Gorge,2024-07-28,0:40:00,15.37
Gorge,2024-07-28,0:50:00,14.84
Gorge,2024-07-28,1:00:00,14.74
Gorge,2024-07-28,1:10:00,14.72
Gorge,2024-07-28,1:20:00,14.81
Gorge,2024-07-28,1:30:00,14.95
Gorge,2024-07-28,1:40:00,15
Gorge,2024-07-28,1:50:00,15.02
Gorge,2024-07-28,2:00:00,15.02
Gorge,2024-07-28,2:10:00,15.14
Gorge,2024-07-28,2:20:00,15.24
Gorge,2024-07-28,2:30:00,15.36
Gorge,2024-07-28,2:40:00,15.47
Gorge,2024-07-28,2:50:00,15.62
Gorge,2024-07-28,3:00:00,15.66
Gorge,2024-07-28,3:10:00,15.76
Gorge,2024-07-28,3:20:00,15.82
Gorge,2024-07-28,3:30:00,15.88
Gorge,2024-07-28,3:40:00,15.92
Gorge,2024-07-28,3:50:00,15.95
Gorge,2024-07-28,4:00:00,16
Gorge,2024-07-28,4:10:00,16.1
Gorge,2024-07-28,4:20:00,16.12
Gorge,2024-07-28,4:30:00,16.25
Gorge,2024-07-28,4:40:00,16.29
Gorge,2024-07-28,4:50:00,16.46
Gorge,2024-07-28,5:00:00,16.58
Gorge,2024-07-28,5:10:00,16.66
Gorge,2024-07-28,5:20:00,16.71
Gorge,2024-07-28,5:30:00,16.76
Gorge,2024-07-28,5:40:00,16.92
Gorge,2024-07-28,5:50:00,17.04
Gorge,2024-07-28,6:00:00,17.08
Gorge,2024-07-28,6:10:00,17.15
Gorge,2024-07-28,6:20:00,17.2
Gorge,2024-07-28,6:30:00,17.28
Gorge,2024-07-28,6:40:00,17.32
Gorge,2024-07-28,6:50:00,17.41
Gorge,2024-07-28,7:00:00,17.5
Gorge,2024-07-28,7:10:00,17.5
Gorge,2024-07-28,7:20:00,17.49
Gorge,2024-07-28,7:30:00,17.72
Gorge,2024-07-28,7:40:00,17.83
Gorge,2024-07-28,7:50:00,17.93
Gorge,2024-07-28,8:00:00,17.97
Gorge,2024-07-28,8:10:00,17.97
Gorge,2024-07-28,8:20:00,17.97
Gorge,2024-07-28,8:30:00,17.98
Gorge,2024-07-28,8:40:00,17.97
Gorge,2024-07-28,8:50:00,17.97
Gorge,2024-07-28,9:00:00,17.99
Gorge,2024-07-28,9:10:00,17.94
Gorge,2024-07-28,9:20:00,17.95
Gorge,2024-07-28,9:30:00,17.97
Gorge,2024-07-28,9:40:00,17.97
Gorge,2024-07-28,9:50:00,17.97
Gorge,2024-07-28,10:00:00,17.96
Gorge,2024-07-28,10:10:00,17.97
Gorge,2024-07-28,10:20:00,17.97
Gorge,2024-07-28,10:30:00,18.03
Gorge,2024-07-28,10:40:00,18.06
Gorge,2024-07-28,10:50:00,18.02
Gorge,2024-07-28,11:00:00,17.95
Gorge,2024-07-28,11:10:00,17.9
Gorge,2024-07-28,11:20:00,17.87
Gorge,2024-07-28,11:30:00,17.9
Gorge,2024-07-28,11:40:00,17.93
Gorge,2024-07-28,11:50:00,17.88
Gorge,2024-07-28,12:00:00,17.89
Gorge,2024-07-28,12:10:00,17.79
Gorge,2024-07-28,12:20:00,17.63
Gorge,2024-07-28,12:30:00,17.49
Gorge,2024-07-28,12:40:00,17.36
Gorge,2024-07-28,12:50:00,17.28
Gorge,2024-07-28,13:00:00,17.29
Gorge,2024-07-28,13:10:00,17.3
Gorge,2024-07-28,13:20:00,17.31
Gorge,2024-07-28,13:30:00,17.25
Gorge,2024-07-28,13:40:00,17.19
Gorge,2024-07-28,13:50:00,17.15
Gorge,2024-07-28,14:00:00,17.13
Gorge,2024-07-28,14:10:00,17.07
Gorge,2024-07-28,14:20:00,17.03
Gorge,2024-07-28,14:30:00,17.04
Gorge,2024-07-28,14:40:00,16.98
Gorge,2024-07-28,14:50:00,16.95
Gorge,2024-07-28,15:00:00,16.86
Gorge,2024-07-28,15:10:00,16.85
Gorge,2024-07-28,15:20:00,16.88
Gorge,2024-07-28,15:30:00,17.01
Gorge,2024-07-28,15:40:00,17.08
Gorge,2024-07-28,15:50:00,17.18
Gorge,2024-07-28,16:00:00,17.22
Gorge,2024-07-28,16:10:00,17.23
Gorge,2024-07-28,16:20:00,17.15
Gorge,2024-07-28,16:30:00,17.08
Gorge,2024-07-28,16:40:00,17.03
Gorge,2024-07-28,16:50:00,17.05
Gorge,2024-07-28,17:00:00,17.09
Gorge,2024-07-28,17:10:00,17.09
Gorge,2024-07-28,17:20:00,17.04
Gorge,2024-07-28,17:30:00,16.98
Gorge,2024-07-28,17:40:00,16.93
Gorge,2024-07-28,17:50:00,16.87
Gorge,2024-07-28,18:00:00,16.72
Gorge,2024-07-28,18:10:00,16.45
Gorge,2024-07-28,18:20:00,16.34
Gorge,2024-07-28,18:30:00,16.36
Gorge,2024-07-28,18:40:00,16.45
Gorge,2024-07-28,18:50:00,16.56
Gorge,2024-07-28,19:00:00,16.57
Gorge,2024-07-28,19:10:00,16.36
Gorge,2024-07-28,19:20:00,16.28
Gorge,2024-07-28,19:30:00,16.24
Gorge,2024-07-28,19:40:00,16.36
Gorge,2024-07-28,19:50:00,16.15
Gorge,2024-07-28,20:00:00,15.55
Gorge,2024-07-28,20:10:00,14.65
Gorge,2024-07-28,20:20:00,14.2
Gorge,2024-07-28,20:30:00,14.05
Gorge,2024-07-28,20:40:00,14.18
Gorge,2024-07-28,20:50:00,14.53
Gorge,2024-07-28,21:00:00,14.78
Gorge,2024-07-28,21:10:00,15.16
Gorge,2024-07-28,21:20:00,15.61
Gorge,2024-07-28,21:30:00,16.04
Gorge,2024-07-28,21:40:00,16.16
Gorge,2024-07-28,21:50:00,16.08
Gorge,2024-07-28,22:00:00,16
Gorge,2024-07-28,22:10:00,15.95
Gorge,2024-07-28,22:20:00,15.8
Gorge,2024-07-28,22:30:00,15.46
Gorge,2024-07-28,22:40:00,15.28
Gorge,2024-07-28,22:50:00,15.19
Gorge,2024-07-28,23:00:00,15.09
Gorge,2024-07-28,23:10:00,15.01
Gorge,2024-07-28,23:20:00,14.93
Gorge,2024-07-28,23:30:00,14.84
Gorge,2024-07-28,23:40:00,14.93
Gorge,2024-07-28,23:50:00,15.3
Gorge,2024-07-29,0:00:00,15.48
Gorge,2024-07-29,0:10:00,15.62
Gorge,2024-07-29,0:20:00,15.69
Gorge,2024-07-29,0:30:00,15.9
Gorge,2024-07-29,0:40:00,15.93
Gorge,2024-07-29,0:50:00,15.75
Gorge,2024-07-29,1:00:00,15.19
Gorge,2024-07-29,1:10:00,14.96
Gorge,2024-07-29,1:20:00,15.01
Gorge,2024-07-29,1:30:00,15.13
Gorge,2024-07-29,1:40:00,15.15
Gorge,2024-07-29,1:50:00,15.21
Gorge,2024-07-29,2:00:00,15.26
Gorge,2024-07-29,2:10:00,15.34
Gorge,2024-07-29,2:20:00,15.41
Gorge,2024-07-29,2:30:00,15.52
Gorge,2024-07-29,2:40:00,15.68
Gorge,2024-07-29,2:50:00,15.77
Gorge,2024-07-29,3:00:00,15.82
Gorge,2024-07-29,3:10:00,15.88
Gorge,2024-07-29,3:20:00,16.01
Gorge,2024-07-29,3:30:00,16.18
Gorge,2024-07-29,3:40:00,16.26
Gorge,2024-07-29,3:50:00,16.28
Gorge,2024-07-29,4:00:00,16.41
Gorge,2024-07-29,4:10:00,16.54
Gorge,2024-07-29,4:20:00,16.61
Gorge,2024-07-29,4:30:00,16.72
Gorge,2024-07-29,4:40:00,16.82
Gorge,2024-07-29,4:50:00,16.94
Gorge,2024-07-29,5:00:00,17.03
Gorge,2024-07-29,5:10:00,17.07
Gorge,2024-07-29,5:20:00,17.24
Gorge,2024-07-29,5:30:00,17.37
Gorge,2024-07-29,5:40:00,17.49
Gorge,2024-07-29,5:50:00,17.62
Gorge,2024-07-29,6:00:00,17.8
Gorge,2024-07-29,6:10:00,17.97
Gorge,2024-07-29,6:20:00,18.2
Gorge,2024-07-29,6:30:00,18.28
Gorge,2024-07-29,6:40:00,18.38
Gorge,2024-07-29,6:50:00,18.56
Gorge,2024-07-29,7:00:00,18.7
Gorge,2024-07-29,7:10:00,18.91
Gorge,2024-07-29,7:20:00,18.99
Gorge,2024-07-29,7:30:00,19.09
Gorge,2024-07-29,7:40:00,19.21
Gorge,2024-07-29,7:50:00,19.3
Gorge,2024-07-29,8:00:00,19.35
Gorge,2024-07-29,8:10:00,19.36
Gorge,2024-07-29,8:20:00,19.35
Gorge,2024-07-29,8:30:00,19.33
Gorge,2024-07-29,8:40:00,19.33
Gorge,2024-07-29,8:50:00,19.32
Gorge,2024-07-29,9:00:00,19.32
Gorge,2024-07-29,9:10:00,19.31
Gorge,2024-07-29,9:20:00,19.3
Gorge,2024-07-29,9:30:00,19.17
Gorge,2024-07-29,9:40:00,18.63
Gorge,2024-07-29,9:50:00,18.19
Gorge,2024-07-29,10:00:00,17.96
Gorge,2024-07-29,10:10:00,17.84
Gorge,2024-07-29,10:20:00,17.59
Gorge,2024-07-29,10:30:00,17.25
Gorge,2024-07-29,10:40:00,17.25
Gorge,2024-07-29,10:50:00,17.3
Gorge,2024-07-29,11:00:00,17.19
Gorge,2024-07-29,11:10:00,17.11
Gorge,2024-07-29,11:20:00,17
Gorge,2024-07-29,11:30:00,16.89
Gorge,2024-07-29,11:40:00,17.02
Gorge,2024-07-29,11:50:00,17.2
Gorge,2024-07-29,12:00:00,17.33
Gorge,2024-07-29,12:10:00,16.99
Gorge,2024-07-29,12:20:00,16.89
Gorge,2024-07-29,12:30:00,16.94
Gorge,2024-07-29,12:40:00,17.11
Gorge,2024-07-29,12:50:00,17.3
Gorge,2024-07-29,13:00:00,17.25
Gorge,2024-07-29,13:10:00,17.16
Gorge,2024-07-29,13:20:00,17.21
Gorge,2024-07-29,13:30:00,17.16
Gorge,2024-07-29,13:40:00,17.07
Gorge,2024-07-29,13:50:00,17.36
Gorge,2024-07-29,14:00:00,16.93
Gorge,2024-07-29,14:10:00,16.36
Gorge,2024-07-29,14:20:00,16.17
Gorge,2024-07-29,14:30:00,16.47
Gorge,2024-07-29,14:40:00,16.76
Gorge,2024-07-29,14:50:00,17.47
Gorge,2024-07-29,15:00:00,17.65
Gorge,2024-07-29,15:10:00,17.33
Gorge,2024-07-29,15:20:00,17.09
Gorge,2024-07-29,15:30:00,16.99
Gorge,2024-07-29,15:40:00,17.02
Gorge,2024-07-29,15:50:00,17.13
Gorge,2024-07-29,16:00:00,16.98
Gorge,2024-07-29,16:10:00,17.11
Gorge,2024-07-29,16:20:00,16.63
Gorge,2024-07-29,16:30:00,16.37
Gorge,2024-07-29,16:40:00,16.51
Gorge,2024-07-29,16:50:00,16.64
Gorge,2024-07-29,17:00:00,16.58
Gorge,2024-07-29,17:10:00,16.44
Gorge,2024-07-29,17:20:00,16.39
Gorge,2024-07-29,17:30:00,16.42
Gorge,2024-07-29,17:40:00,16.63
Gorge,2024-07-29,17:50:00,16.55
Gorge,2024-07-29,18:00:00,16.36
Gorge,2024-07-29,18:10:00,16.26
Gorge,2024-07-29,18:20:00,16.21
Gorge,2024-07-29,18:30:00,16.12
Gorge,2024-07-29,18:40:00,15.96
Gorge,2024-07-29,18:50:00,15.86
Gorge,2024-07-29,19:00:00,15.86
Gorge,2024-07-29,19:10:00,15.9
Gorge,2024-07-29,19:20:00,15.62
Gorge,2024-07-29,19:30:00,15.4
Gorge,2024-07-29,19:40:00,15.41
Gorge,2024-07-29,19:50:00,15.47
Gorge,2024-07-29,20:00:00,15.46
Gorge,2024-07-29,20:10:00,15.41
Gorge,2024-07-29,20:20:00,15.24
Gorge,2024-07-29,20:30:00,14.93
Gorge,2024-07-29,20:40:00,14.82
Gorge,2024-07-29,20:50:00,14.81
Gorge,2024-07-29,21:00:00,14.91
Gorge,2024-07-29,21:10:00,14.91
Gorge,2024-07-29,21:20:00,14.96
Gorge,2024-07-29,21:30:00,14.81
Gorge,2024-07-29,21:40:00,14.7
Gorge,2024-07-29,21:50:00,14.74
Gorge,2024-07-29,22:00:00,14.74
Gorge,2024-07-29,22:10:00,14.86
Gorge,2024-07-29,22:20:00,14.96
Gorge,2024-07-29,22:30:00,15.06
Gorge,2024-07-29,22:40:00,15.31
Gorge,2024-07-29,22:50:00,15.56
Gorge,2024-07-29,23:00:00,15.53
Gorge,2024-07-29,23:10:00,15.34
Gorge,2024-07-29,23:20:00,15.06
Gorge,2024-07-29,23:30:00,14.96
Gorge,2024-07-29,23:40:00,14.96
Gorge,2024-07-29,23:50:00,14.98
Gorge,2024-07-30,0:00:00,15.1
Gorge,2024-07-30,0:10:00,15.15
Gorge,2024-07-30,0:20:00,15.18
Gorge,2024-07-30,0:30:00,15.38
Gorge,2024-07-30,0:40:00,15.37
Gorge,2024-07-30,0:50:00,15.26
Gorge,2024-07-30,1:00:00,14.95
Gorge,2024-07-30,1:10:00,14.69
Gorge,2024-07-30,1:20:00,14.63
Gorge,2024-07-30,1:30:00,14.66
Gorge,2024-07-30,1:40:00,14.66
Gorge,2024-07-30,1:50:00,14.72
Gorge,2024-07-30,2:00:00,14.78
Gorge,2024-07-30,2:10:00,14.83
Gorge,2024-07-30,2:20:00,14.88
Gorge,2024-07-30,2:30:00,15
Gorge,2024-07-30,2:40:00,15.04
Gorge,2024-07-30,2:50:00,15.06
Gorge,2024-07-30,3:00:00,15.1
Gorge,2024-07-30,3:10:00,15.13
Gorge,2024-07-30,3:20:00,15.25
Gorge,2024-07-30,3:30:00,15.31
Gorge,2024-07-30,3:40:00,15.47
Gorge,2024-07-30,3:50:00,15.56
Gorge,2024-07-30,4:00:00,15.63
Gorge,2024-07-30,4:10:00,15.72
Gorge,2024-07-30,4:20:00,15.8
Gorge,2024-07-30,4:30:00,15.87
Gorge,2024-07-30,4:40:00,15.86
Gorge,2024-07-30,4:50:00,16.08
Gorge,2024-07-30,5:00:00,16.39
Gorge,2024-07-30,5:10:00,16.56
Gorge,2024-07-30,5:20:00,16.72
Gorge,2024-07-30,5:30:00,16.85
Gorge,2024-07-30,5:40:00,16.95
Gorge,2024-07-30,5:50:00,17.17
Gorge,2024-07-30,6:00:00,17.33
Gorge,2024-07-30,6:10:00,17.47
Gorge,2024-07-30,6:20:00,17.63
Gorge,2024-07-30,6:30:00,17.91
Gorge,2024-07-30,6:40:00,17.92
Gorge,2024-07-30,6:50:00,17.97
Gorge,2024-07-30,7:00:00,18.21
Gorge,2024-07-30,7:10:00,18.47
Gorge,2024-07-30,7:20:00,18.62
Gorge,2024-07-30,7:30:00,18.7
Gorge,2024-07-30,7:40:00,18.8
Gorge,2024-07-30,7:50:00,18.95
Gorge,2024-07-30,8:00:00,18.97
Gorge,2024-07-30,8:10:00,19.08
Gorge,2024-07-30,8:20:00,19.15
Gorge,2024-07-30,8:30:00,19.25
Gorge,2024-07-30,8:40:00,19.33
Gorge,2024-07-30,8:50:00,19.44
Gorge,2024-07-30,9:00:00,19.52
Gorge,2024-07-30,9:10:00,19.58
Gorge,2024-07-30,9:20:00,19.61
Gorge,2024-07-30,9:30:00,19.58
Gorge,2024-07-30,9:40:00,19.58
Gorge,2024-07-30,9:50:00,19.55
Gorge,2024-07-30,10:00:00,19.53
Gorge,2024-07-30,10:10:00,19.51
Gorge,2024-07-30,10:20:00,19.25
Gorge,2024-07-30,10:30:00,18.69
Gorge,2024-07-30,10:40:00,18.51
Gorge,2024-07-30,10:50:00,18.2
Gorge,2024-07-30,11:00:00,17.47
Gorge,2024-07-30,11:10:00,17.03
Gorge,2024-07-30,11:20:00,16.86
Gorge,2024-07-30,11:30:00,16.64
Gorge,2024-07-30,11:40:00,16.33
Gorge,2024-07-30,11:50:00,16.32
Gorge,2024-07-30,12:00:00,16.13
Gorge,2024-07-30,12:10:00,16.03
Gorge,2024-07-30,12:20:00,16.05
Gorge,2024-07-30,12:30:00,16.12
Gorge,2024-07-30,12:40:00,16.18
Gorge,2024-07-30,12:50:00,16.33
Gorge,2024-07-30,13:00:00,16.48
Gorge,2024-07-30,13:10:00,16.27
Gorge,2024-07-30,13:20:00,16.16
Gorge,2024-07-30,13:30:00,16.36
Gorge,2024-07-30,13:40:00,16.27
Gorge,2024-07-30,13:50:00,16.21
Gorge,2024-07-30,14:00:00,16.13
Gorge,2024-07-30,14:10:00,16.02
Gorge,2024-07-30,14:20:00,15.89
Gorge,2024-07-30,14:30:00,15.88
Gorge,2024-07-30,14:40:00,15.75
Gorge,2024-07-30,14:50:00,15.68
Gorge,2024-07-30,15:00:00,15.58
Gorge,2024-07-30,15:10:00,15.69
Gorge,2024-07-30,15:20:00,15.72
Gorge,2024-07-30,15:30:00,15.66
Gorge,2024-07-30,15:40:00,15.42
Gorge,2024-07-30,15:50:00,15.12
Gorge,2024-07-30,16:00:00,15.03
Gorge,2024-07-30,16:10:00,15.08
Gorge,2024-07-30,16:20:00,15.19
Gorge,2024-07-30,16:30:00,15.13
Gorge,2024-07-30,16:40:00,15.07
Gorge,2024-07-30,16:50:00,15.01
Gorge,2024-07-30,17:00:00,15
Gorge,2024-07-30,17:10:00,15.06
Gorge,2024-07-30,17:20:00,15.13
Gorge,2024-07-30,17:30:00,15.23
Gorge,2024-07-30,17:40:00,15.31
Gorge,2024-07-30,17:50:00,15.36
Gorge,2024-07-30,18:00:00,15.31
Gorge,2024-07-30,18:10:00,15.31
Gorge,2024-07-30,18:20:00,15.43
Gorge,2024-07-30,18:30:00,15.53
Gorge,2024-07-30,18:40:00,15.52
Gorge,2024-07-30,18:50:00,15.47
Gorge,2024-07-30,19:00:00,15.46
Gorge,2024-07-30,19:10:00,15.69
Gorge,2024-07-30,19:20:00,15.83
Gorge,2024-07-30,19:30:00,15.91
Gorge,2024-07-30,19:40:00,15.83
Gorge,2024-07-30,19:50:00,15.68
Gorge,2024-07-30,20:00:00,15.53
Gorge,2024-07-30,20:10:00,15.43
Gorge,2024-07-30,20:20:00,15.26
Gorge,2024-07-30,20:30:00,15.15
Gorge,2024-07-30,20:40:00,15.09
Gorge,2024-07-30,20:50:00,15.19
Gorge,2024-07-30,21:00:00,15.16
Gorge,2024-07-30,21:10:00,15.03
Gorge,2024-07-30,21:20:00,14.98
Gorge,2024-07-30,21:30:00,14.98
Gorge,2024-07-30,21:40:00,14.96
Gorge,2024-07-30,21:50:00,14.96
Gorge,2024-07-30,22:00:00,14.98
Gorge,2024-07-30,22:10:00,15.03
Gorge,2024-07-30,22:20:00,14.96
Gorge,2024-07-30,22:30:00,14.82
Gorge,2024-07-30,22:40:00,14.71
Gorge,2024-07-30,22:50:00,14.72
Gorge,2024-07-30,23:00:00,14.72
Gorge,2024-07-30,23:10:00,14.68
Gorge,2024-07-30,23:20:00,14.73
Gorge,2024-07-30,23:30:00,14.85
Gorge,2024-07-30,23:40:00,15.07
Gorge,2024-07-30,23:50:00,15.14
Gorge,2024-07-31,0:00:00,15.15
Gorge,2024-07-31,0:10:00,15.13
Gorge,2024-07-31,0:20:00,15.14
Gorge,2024-07-31,0:30:00,15.19
Gorge,2024-07-31,0:40:00,15.14
Gorge,2024-07-31,0:50:00,15.08
Gorge,2024-07-31,1:00:00,15.14
Gorge,2024-07-31,1:10:00,15.4
Gorge,2024-07-31,1:20:00,15.53
Gorge,2024-07-31,1:30:00,15.55
Gorge,2024-07-31,1:40:00,15.54
Gorge,2024-07-31,1:50:00,15.31
Gorge,2024-07-31,2:00:00,15.09
Gorge,2024-07-31,2:10:00,14.97
Gorge,2024-07-31,2:20:00,14.97
Gorge,2024-07-31,2:30:00,14.98
Gorge,2024-07-31,2:40:00,15
Gorge,2024-07-31,2:50:00,15
Gorge,2024-07-31,3:00:00,15.04
Gorge,2024-07-31,3:10:00,15.06
Gorge,2024-07-31,3:20:00,15.09
Gorge,2024-07-31,3:30:00,15.16
Gorge,2024-07-31,3:40:00,15.24
Gorge,2024-07-31,3:50:00,15.32
Gorge,2024-07-31,4:00:00,15.39
Gorge,2024-07-31,4:10:00,15.47
Gorge,2024-07-31,4:20:00,15.54
Gorge,2024-07-31,4:30:00,15.57
Gorge,2024-07-31,4:40:00,15.65
Gorge,2024-07-31,4:50:00,15.8
Gorge,2024-07-31,5:00:00,16.03
Gorge,2024-07-31,5:10:00,16.17
Gorge,2024-07-31,5:20:00,16.41
Gorge,2024-07-31,5:30:00,16.63
Gorge,2024-07-31,5:40:00,16.79
Gorge,2024-07-31,5:50:00,16.93
Gorge,2024-07-31,6:00:00,17.05
Gorge,2024-07-31,6:10:00,17.23
Gorge,2024-07-31,6:20:00,17.51
Gorge,2024-07-31,6:30:00,17.72
Gorge,2024-07-31,6:40:00,17.84
Gorge,2024-07-31,6:50:00,17.91
Gorge,2024-07-31,7:00:00,18.12
Gorge,2024-07-31,7:10:00,18.24
Gorge,2024-07-31,7:20:00,18.28
Gorge,2024-07-31,7:30:00,18.37
Gorge,2024-07-31,7:40:00,18.57
Gorge,2024-07-31,7:50:00,18.79
Gorge,2024-07-31,8:00:00,18.92
Gorge,2024-07-31,8:10:00,19.07
Gorge,2024-07-31,8:20:00,19.12
Gorge,2024-07-31,8:30:00,19.18
Gorge,2024-07-31,8:40:00,19.22
Gorge,2024-07-31,8:50:00,19.28
Gorge,2024-07-31,9:00:00,19.31
Gorge,2024-07-31,9:10:00,19.38
Gorge,2024-07-31,9:20:00,19.42
Gorge,2024-07-31,9:30:00,19.46
Gorge,2024-07-31,9:40:00,19.52
Gorge,2024-07-31,9:50:00,19.53
Gorge,2024-07-31,10:00:00,19.59
Gorge,2024-07-31,10:10:00,19.67
Gorge,2024-07-31,10:20:00,19.72
Gorge,2024-07-31,10:30:00,19.75
Gorge,2024-07-31,10:40:00,19.83
Gorge,2024-07-31,10:50:00,19.86
Gorge,2024-07-31,11:00:00,19.88
Gorge,2024-07-31,11:10:00,19.9
Gorge,2024-07-31,11:20:00,19.89
Gorge,2024-07-31,11:30:00,18.77
Gorge,2024-07-31,11:40:00,17.85
Gorge,2024-07-31,11:50:00,17.8
Gorge,2024-07-31,12:00:00,18.14
Gorge,2024-07-31,12:10:00,17.97
Gorge,2024-07-31,12:20:00,17.58
Gorge,2024-07-31,12:30:00,17.4
Gorge,2024-07-31,12:40:00,17.85
Gorge,2024-07-31,12:50:00,18.65
Gorge,2024-07-31,13:00:00,18.24
Gorge,2024-07-31,13:10:00,18.36
Gorge,2024-07-31,13:20:00,18.1
Gorge,2024-07-31,13:30:00,17.34
Gorge,2024-07-31,13:40:00,17.13
Gorge,2024-07-31,13:50:00,17.24
Gorge,2024-07-31,14:00:00,17.24
Gorge,2024-07-31,14:10:00,17.03
Gorge,2024-07-31,14:20:00,16.87
Gorge,2024-07-31,14:30:00,16.84
Gorge,2024-07-31,14:40:00,17.02
Gorge,2024-07-31,14:50:00,17.07
Gorge,2024-07-31,15:00:00,16.98
Gorge,2024-07-31,15:10:00,16.91
Gorge,2024-07-31,15:20:00,17.04
Gorge,2024-07-31,15:30:00,17.07
Gorge,2024-07-31,15:40:00,17.06
Gorge,2024-07-31,15:50:00,17.04
Gorge,2024-07-31,16:00:00,17.04
Gorge,2024-07-31,16:10:00,16.67
Gorge,2024-07-31,16:20:00,16.56
Gorge,2024-07-31,16:30:00,16.45
Gorge,2024-07-31,16:40:00,16.49
Gorge,2024-07-31,16:50:00,16.63
Gorge,2024-07-31,17:00:00,16.75
Gorge,2024-07-31,17:10:00,16.77
Gorge,2024-07-31,17:20:00,16.82
Gorge,2024-07-31,17:30:00,16.81
Gorge,2024-07-31,17:40:00,16.7
Gorge,2024-07-31,17:50:00,16.52
Gorge,2024-07-31,18:00:00,16.45
Gorge,2024-07-31,18:10:00,16.41
Gorge,2024-07-31,18:20:00,16.39
Gorge,2024-07-31,18:30:00,16.35
Gorge,2024-07-31,18:40:00,16.19
Gorge,2024-07-31,18:50:00,16
Gorge,2024-07-31,19:00:00,15.99
Gorge,2024-07-31,19:10:00,16.19
Gorge,2024-07-31,19:20:00,16.31
Gorge,2024-07-31,19:30:00,16.34
Gorge,2024-07-31,19:40:00,16.28
Gorge,2024-07-31,19:50:00,16.28
Gorge,2024-07-31,20:00:00,16.25
Gorge,2024-07-31,20:10:00,16.19
Gorge,2024-07-31,20:20:00,16.28
Gorge,2024-07-31,20:30:00,16.26
Gorge,2024-07-31,20:40:00,16.06
Gorge,2024-07-31,20:50:00,15.83
Gorge,2024-07-31,21:00:00,15.76
Gorge,2024-07-31,21:10:00,15.75
Gorge,2024-07-31,21:20:00,15.73
Gorge,2024-07-31,21:30:00,15.67
Gorge,2024-07-31,21:40:00,15.62
Gorge,2024-07-31,21:50:00,15.6
Gorge,2024-07-31,22:00:00,15.59
Gorge,2024-07-31,22:10:00,15.62
Gorge,2024-07-31,22:20:00,15.58
Gorge,2024-07-31,22:30:00,15.57
Gorge,2024-07-31,22:40:00,15.56
Gorge,2024-07-31,22:50:00,15.61
Gorge,2024-07-31,23:00:00,15.55
Gorge,2024-07-31,23:10:00,15.52
Gorge,2024-07-31,23:20:00,15.53
Gorge,2024-07-31,23:30:00,15.56
Gorge,2024-07-31,23:40:00,15.66
Gorge,2024-07-31,23:50:00,15.65
Gorge,2024-08-01,0:00:00,15.74
Gorge,2024-08-01,0:10:00,15.92
Gorge,2024-08-01,0:20:00,15.92
Gorge,2024-08-01,0:30:00,15.86
Gorge,2024-08-01,0:40:00,15.91
Gorge,2024-08-01,0:50:00,15.91
Gorge,2024-08-01,1:00:00,15.98
Gorge,2024-08-01,1:10:00,16.13
Gorge,2024-08-01,1:20:00,16.28
Gorge,2024-08-01,1:30:00,16.49
Gorge,2024-08-01,1:40:00,16.58
Gorge,2024-08-01,1:50:00,16.51
Gorge,2024-08-01,2:00:00,16.46
Gorge,2024-08-01,2:10:00,15.92
Gorge,2024-08-01,2:20:00,15.59
Gorge,2024-08-01,2:30:00,15.3
Gorge,2024-08-01,2:40:00,15.19
Gorge,2024-08-01,2:50:00,15.26
Gorge,2024-08-01,3:00:00,15.39
Gorge,2024-08-01,3:10:00,15.45
Gorge,2024-08-01,3:20:00,15.48
Gorge,2024-08-01,3:30:00,15.56
Gorge,2024-08-01,3:40:00,15.6
Gorge,2024-08-01,3:50:00,15.6
Gorge,2024-08-01,4:00:00,15.58
Gorge,2024-08-01,4:10:00,15.6
Gorge,2024-08-01,4:20:00,15.74
Gorge,2024-08-01,4:30:00,15.92
Gorge,2024-08-01,4:40:00,16.03
Gorge,2024-08-01,4:50:00,16.13
Gorge,2024-08-01,5:00:00,16.2
Gorge,2024-08-01,5:10:00,16.26
Gorge,2024-08-01,5:20:00,16.31
Gorge,2024-08-01,5:30:00,16.34
Gorge,2024-08-01,5:40:00,16.45
Gorge,2024-08-01,5:50:00,16.6
Gorge,2024-08-01,6:00:00,16.76
Gorge,2024-08-01,6:10:00,17
Gorge,2024-08-01,6:20:00,17.3
Gorge,2024-08-01,6:30:00,17.45
Gorge,2024-08-01,6:40:00,17.6
Gorge,2024-08-01,6:50:00,17.84
Gorge,2024-08-01,7:00:00,18.11
Gorge,2024-08-01,7:10:00,18.24
Gorge,2024-08-01,7:20:00,18.47
Gorge,2024-08-01,7:30:00,18.52
Gorge,2024-08-01,7:40:00,18.53
Gorge,2024-08-01,7:50:00,18.72
Gorge,2024-08-01,8:00:00,18.83
Gorge,2024-08-01,8:10:00,19.02
Gorge,2024-08-01,8:20:00,19.33
Gorge,2024-08-01,8:30:00,19.45
Gorge,2024-08-01,8:40:00,19.52
Gorge,2024-08-01,8:50:00,19.66
Gorge,2024-08-01,9:00:00,19.91
Gorge,2024-08-01,9:10:00,19.98
Gorge,2024-08-01,9:20:00,19.96
Gorge,2024-08-01,9:30:00,20
Gorge,2024-08-01,9:40:00,20.05
Gorge,2024-08-01,9:50:00,20.07
Gorge,2024-08-01,10:00:00,20.16
Gorge,2024-08-01,10:10:00,20.21
Gorge,2024-08-01,10:20:00,20.32
Gorge,2024-08-01,10:30:00,20.35
Gorge,2024-08-01,10:40:00,20.42
Gorge,2024-08-01,10:50:00,20.44
Gorge,2024-08-01,11:00:00,20.43
Gorge,2024-08-01,11:10:00,20.42
Gorge,2024-08-01,11:20:00,20.36
Gorge,2024-08-01,11:30:00,20.11
Gorge,2024-08-01,11:40:00,19.76
Gorge,2024-08-01,11:50:00,19.46
Gorge,2024-08-01,12:00:00,18.81
Gorge,2024-08-01,12:10:00,18.17
Gorge,2024-08-01,12:20:00,18.07
Gorge,2024-08-01,12:30:00,18.38
Gorge,2024-08-01,12:40:00,18.07
Gorge,2024-08-01,12:50:00,18
Gorge,2024-08-01,13:00:00,18.12
Gorge,2024-08-01,13:10:00,18.14
Gorge,2024-08-01,13:20:00,18.17
Gorge,2024-08-01,13:30:00,17.84
Gorge,2024-08-01,13:40:00,17.66
Gorge,2024-08-01,13:50:00,17.36
Gorge,2024-08-01,14:00:00,16.79
Gorge,2024-08-01,14:10:00,16.5
Gorge,2024-08-01,14:20:00,16.54
Gorge,2024-08-01,14:30:00,16.7
Gorge,2024-08-01,14:40:00,16.46
Gorge,2024-08-01,14:50:00,16.12
Gorge,2024-08-01,15:00:00,16.2
Gorge,2024-08-01,15:10:00,16.29
Gorge,2024-08-01,15:20:00,16.74
Gorge,2024-08-01,15:30:00,16.4
Gorge,2024-08-01,15:40:00,15.91
Gorge,2024-08-01,15:50:00,15.83
Gorge,2024-08-01,16:00:00,15.9
Gorge,2024-08-01,16:10:00,16.29
Gorge,2024-08-01,16:20:00,16.17
Gorge,2024-08-01,16:30:00,16.01
Gorge,2024-08-01,16:40:00,16.14
Gorge,2024-08-01,16:50:00,16.35
Gorge,2024-08-01,17:00:00,16.73
Gorge,2024-08-01,17:10:00,16.49
Gorge,2024-08-01,17:20:00,16.46
Gorge,2024-08-01,17:30:00,16.56
Gorge,2024-08-01,17:40:00,16.82
Gorge,2024-08-01,17:50:00,17.07
Gorge,2024-08-01,18:00:00,17.75
Gorge,2024-08-01,18:10:00,18.08
Gorge,2024-08-01,18:20:00,18.08
Gorge,2024-08-01,18:30:00,17.98
Gorge,2024-08-01,18:40:00,17.66
Gorge,2024-08-01,18:50:00,17.79
Gorge,2024-08-01,19:00:00,17.84
Gorge,2024-08-01,19:10:00,17.41
Gorge,2024-08-01,19:20:00,17.06
Gorge,2024-08-01,19:30:00,17
Gorge,2024-08-01,19:40:00,16.44
Gorge,2024-08-01,19:50:00,16.32
Gorge,2024-08-01,20:00:00,17.05
Gorge,2024-08-01,20:10:00,18.04
Gorge,2024-08-01,20:20:00,17.41
Gorge,2024-08-01,20:30:00,16.63
Gorge,2024-08-01,20:40:00,16.46
Gorge,2024-08-01,20:50:00,16.25
Gorge,2024-08-01,21:00:00,16.15
Gorge,2024-08-01,21:10:00,16.05
Gorge,2024-08-01,21:20:00,15.98
Gorge,2024-08-01,21:30:00,16.08
Gorge,2024-08-01,21:40:00,16.24
Gorge,2024-08-01,21:50:00,16.1
Gorge,2024-08-01,22:00:00,16.03
Gorge,2024-08-01,22:10:00,16.04
Gorge,2024-08-01,22:20:00,16.08
Gorge,2024-08-01,22:30:00,16.06
Gorge,2024-08-01,22:40:00,16.01
Gorge,2024-08-01,22:50:00,16.01
Gorge,2024-08-01,23:00:00,16.01
Gorge,2024-08-01,23:10:00,16.08
Gorge,2024-08-01,23:20:00,16.01
Gorge,2024-08-01,23:30:00,15.97
Gorge,2024-08-01,23:40:00,15.85
Gorge,2024-08-01,23:50:00,15.86
Gorge,2024-08-02,0:00:00,16.04
Gorge,2024-08-02,0:10:00,16.08
Gorge,2024-08-02,0:20:00,15.97
Gorge,2024-08-02,0:30:00,15.77
Gorge,2024-08-02,0:40:00,15.95
Gorge,2024-08-02,0:50:00,16.36
Gorge,2024-08-02,1:00:00,16.42
Gorge,2024-08-02,1:10:00,16.36
Gorge,2024-08-02,1:20:00,16.34
Gorge,2024-08-02,1:30:00,16.36
Gorge,2024-08-02,1:40:00,16.42
Gorge,2024-08-02,1:50:00,16.52
Gorge,2024-08-02,2:00:00,16.84
Gorge,2024-08-02,2:10:00,16.87
Gorge,2024-08-02,2:20:00,16.86
Gorge,2024-08-02,2:30:00,16.86
Gorge,2024-08-02,2:40:00,16.86
Gorge,2024-08-02,2:50:00,16.87
Gorge,2024-08-02,3:00:00,16.76
Gorge,2024-08-02,3:10:00,15.95
Gorge,2024-08-02,3:20:00,15.51
Gorge,2024-08-02,3:30:00,15.39
Gorge,2024-08-02,3:40:00,15.4
Gorge,2024-08-02,3:50:00,15.41
Gorge,2024-08-02,4:00:00,15.4
Gorge,2024-08-02,4:10:00,15.51
Gorge,2024-08-02,4:20:00,15.55
Gorge,2024-08-02,4:30:00,15.65
Gorge,2024-08-02,4:40:00,15.65
Gorge,2024-08-02,4:50:00,15.69
Gorge,2024-08-02,5:00:00,15.77
Gorge,2024-08-02,5:10:00,15.96
Gorge,2024-08-02,5:20:00,16.15
Gorge,2024-08-02,5:30:00,16.25
Gorge,2024-08-02,5:40:00,16.3
Gorge,2024-08-02,5:50:00,16.4
Gorge,2024-08-02,6:00:00,16.44
Gorge,2024-08-02,6:10:00,16.47
Gorge,2024-08-02,6:20:00,16.59
Gorge,2024-08-02,6:30:00,16.8
Gorge,2024-08-02,6:40:00,16.88
Gorge,2024-08-02,6:50:00,17.26
Gorge,2024-08-02,7:00:00,17.46
Gorge,2024-08-02,7:10:00,17.61
Gorge,2024-08-02,7:20:00,17.92
Gorge,2024-08-02,7:30:00,18.2
Gorge,2024-08-02,7:40:00,18.27
Gorge,2024-08-02,7:50:00,18.67
Gorge,2024-08-02,8:00:00,18.79
Gorge,2024-08-02,8:10:00,18.95
Gorge,2024-08-02,8:20:00,19.08
Gorge,2024-08-02,8:30:00,19.31
Gorge,2024-08-02,8:40:00,19.37
Gorge,2024-08-02,8:50:00,19.48
Gorge,2024-08-02,9:00:00,19.86
Gorge,2024-08-02,9:10:00,19.92
Gorge,2024-08-02,9:20:00,19.92
Gorge,2024-08-02,9:30:00,19.94
Gorge,2024-08-02,9:40:00,19.98
Gorge,2024-08-02,9:50:00,20.02
Gorge,2024-08-02,10:00:00,20.09
Gorge,2024-08-02,10:10:00,20.18
Gorge,2024-08-02,10:20:00,20.29
Gorge,2024-08-02,10:30:00,20.48
Gorge,2024-08-02,10:40:00,20.64
Gorge,2024-08-02,10:50:00,20.73
Gorge,2024-08-02,11:00:00,20.86
Gorge,2024-08-02,11:10:00,20.94
Gorge,2024-08-02,11:20:00,21.06
Gorge,2024-08-02,11:30:00,21.16
Gorge,2024-08-02,11:40:00,21.17
Gorge,2024-08-02,11:50:00,21.28
Gorge,2024-08-02,12:00:00,21.42
Gorge,2024-08-02,12:10:00,21.49
Gorge,2024-08-02,12:20:00,21.52
Gorge,2024-08-02,12:30:00,21.52
Gorge,2024-08-02,12:40:00,20.56
Gorge,2024-08-02,12:50:00,19.85
Gorge,2024-08-02,13:00:00,19.2
Gorge,2024-08-02,13:10:00,18.98
Gorge,2024-08-02,13:20:00,18.78
Gorge,2024-08-02,13:30:00,18.36
Gorge,2024-08-02,13:40:00,18.14
Gorge,2024-08-02,13:50:00,18.1
Gorge,2024-08-02,14:00:00,18.38
Gorge,2024-08-02,14:10:00,18.81
Gorge,2024-08-02,14:20:00,18.63
Gorge,2024-08-02,14:30:00,18.24
Gorge,2024-08-02,14:40:00,18.27
Gorge,2024-08-02,14:50:00,18.1
Gorge,2024-08-02,15:00:00,17.76
Gorge,2024-08-02,15:10:00,18
Gorge,2024-08-02,15:20:00,17.97
Gorge,2024-08-02,15:30:00,17.98
Gorge,2024-08-02,15:40:00,17.88
Gorge,2024-08-02,15:50:00,17.65
Gorge,2024-08-02,16:00:00,17.25
Gorge,2024-08-02,16:10:00,16.76
Gorge,2024-08-02,16:20:00,16.87
Gorge,2024-08-02,16:30:00,17.01
Gorge,2024-08-02,16:40:00,16.87
Gorge,2024-08-02,16:50:00,16.9
Gorge,2024-08-02,17:00:00,17.06
Gorge,2024-08-02,17:10:00,17.53
Gorge,2024-08-02,17:20:00,18.15
Gorge,2024-08-02,17:30:00,18.34
Gorge,2024-08-02,17:40:00,17.97
Gorge,2024-08-02,17:50:00,17.56
Gorge,2024-08-02,18:00:00,17.35
Gorge,2024-08-02,18:10:00,17.07
Gorge,2024-08-02,18:20:00,17.03
Gorge,2024-08-02,18:30:00,16.98
Gorge,2024-08-02,18:40:00,17.11
Gorge,2024-08-02,18:50:00,17.17
Gorge,2024-08-02,19:00:00,17.18
Gorge,2024-08-02,19:10:00,17.09
Gorge,2024-08-02,19:20:00,16.96
Gorge,2024-08-02,19:30:00,16.87
Gorge,2024-08-02,19:40:00,16.76
Gorge,2024-08-02,19:50:00,16.64
Gorge,2024-08-02,20:00:00,16.55
Gorge,2024-08-02,20:10:00,16.57
Gorge,2024-08-02,20:20:00,16.63
Gorge,2024-08-02,20:30:00,16.58
Gorge,2024-08-02,20:40:00,16.67
Gorge,2024-08-02,20:50:00,16.67
Gorge,2024-08-02,21:00:00,16.61
Gorge,2024-08-02,21:10:00,16.73
Gorge,2024-08-02,21:20:00,16.88
Gorge,2024-08-02,21:30:00,16.81
Gorge,2024-08-02,21:40:00,16.71
Gorge,2024-08-02,21:50:00,16.61
Gorge,2024-08-02,22:00:00,16.41
Gorge,2024-08-02,22:10:00,16.36
Gorge,2024-08-02,22:20:00,16.32
Gorge,2024-08-02,22:30:00,16.25
Gorge,2024-08-02,22:40:00,16.08
Gorge,2024-08-02,22:50:00,15.98
Gorge,2024-08-02,23:00:00,15.98
Gorge,2024-08-02,23:10:00,15.96
Gorge,2024-08-02,23:20:00,15.85
Gorge,2024-08-02,23:30:00,15.76
Gorge,2024-08-02,23:40:00,15.8
Gorge,2024-08-02,23:50:00,15.8
Gorge,2024-08-03,0:00:00,15.81
Gorge,2024-08-03,0:10:00,15.76
Gorge,2024-08-03,0:20:00,15.72
Gorge,2024-08-03,0:30:00,15.68
Gorge,2024-08-03,0:40:00,15.56
Gorge,2024-08-03,0:50:00,15.58
Gorge,2024-08-03,1:00:00,15.71
Gorge,2024-08-03,1:10:00,15.77
Gorge,2024-08-03,1:20:00,15.9
Gorge,2024-08-03,1:30:00,15.91
Gorge,2024-08-03,1:40:00,15.99
Gorge,2024-08-03,1:50:00,16
Gorge,2024-08-03,2:00:00,15.93
Gorge,2024-08-03,2:10:00,15.85
Gorge,2024-08-03,2:20:00,15.78
Gorge,2024-08-03,2:30:00,15.61
Gorge,2024-08-03,2:40:00,15.58
Gorge,2024-08-03,2:50:00,15.51
Gorge,2024-08-03,3:00:00,15.51
Gorge,2024-08-03,3:10:00,15.59
Gorge,2024-08-03,3:20:00,15.91
Gorge,2024-08-03,3:30:00,15.95
Gorge,2024-08-03,3:40:00,15.93
Gorge,2024-08-03,3:50:00,15.85
Gorge,2024-08-03,4:00:00,15.8
Gorge,2024-08-03,4:10:00,15.8
Gorge,2024-08-03,4:20:00,15.62
Gorge,2024-08-03,4:30:00,15.42
Gorge,2024-08-03,4:40:00,15.39
Gorge,2024-08-03,4:50:00,15.37
Gorge,2024-08-03,5:00:00,15.42
Gorge,2024-08-03,5:10:00,15.43
Gorge,2024-08-03,5:20:00,15.45
Gorge,2024-08-03,5:30:00,15.58
Gorge,2024-08-03,5:40:00,15.85
Gorge,2024-08-03,5:50:00,16
Gorge,2024-08-03,6:00:00,16.08
Gorge,2024-08-03,6:10:00,16.18
Gorge,2024-08-03,6:20:00,16.21
Gorge,2024-08-03,6:30:00,16.31
Gorge,2024-08-03,6:40:00,16.32
Gorge,2024-08-03,6:50:00,16.41
Gorge,2024-08-03,7:00:00,16.51
Gorge,2024-08-03,7:10:00,16.64
Gorge,2024-08-03,7:20:00,16.78
Gorge,2024-08-03,7:30:00,16.9
Gorge,2024-08-03,7:40:00,17.07
Gorge,2024-08-03,7:50:00,17.26
Gorge,2024-08-03,8:00:00,17.53
Gorge,2024-08-03,8:10:00,17.84
Gorge,2024-08-03,8:20:00,17.88
Gorge,2024-08-03,8:30:00,18.06
Gorge,2024-08-03,8:40:00,18.54
Gorge,2024-08-03,8:50:00,18.66
Gorge,2024-08-03,9:00:00,18.95
Gorge,2024-08-03,9:10:00,19.07
Gorge,2024-08-03,9:20:00,19.08
Gorge,2024-08-03,9:30:00,19.29
Gorge,2024-08-03,9:40:00,19.55
Gorge,2024-08-03,9:50:00,19.66
Gorge,2024-08-03,10:00:00,19.66
Gorge,2024-08-03,10:10:00,19.75
Gorge,2024-08-03,10:20:00,19.8
Gorge,2024-08-03,10:30:00,19.92
Gorge,2024-08-03,10:40:00,20.05
Gorge,2024-08-03,10:50:00,20.29
Gorge,2024-08-03,11:00:00,20.44
Gorge,2024-08-03,11:10:00,20.6
Gorge,2024-08-03,11:20:00,20.7
Gorge,2024-08-03,11:30:00,20.78
Gorge,2024-08-03,11:40:00,20.88
Gorge,2024-08-03,11:50:00,21.01
Gorge,2024-08-03,12:00:00,21.09
Gorge,2024-08-03,12:10:00,21.22
Gorge,2024-08-03,12:20:00,21.33
Gorge,2024-08-03,12:30:00,21.45
Gorge,2024-08-03,12:40:00,21.54
Gorge,2024-08-03,12:50:00,21.66
Gorge,2024-08-03,13:00:00,21.64
Gorge,2024-08-03,13:10:00,21.67
Gorge,2024-08-03,13:20:00,21.73
Gorge,2024-08-03,13:30:00,21.62
Gorge,2024-08-03,13:40:00,19.79
Gorge,2024-08-03,13:50:00,18.64
Gorge,2024-08-03,14:00:00,18.3
Gorge,2024-08-03,14:10:00,18.44
Gorge,2024-08-03,14:20:00,18.5
Gorge,2024-08-03,14:30:00,18.5
Gorge,2024-08-03,14:40:00,19.27
Gorge,2024-08-03,14:50:00,20.9
Gorge,2024-08-03,15:00:00,21.07
Gorge,2024-08-03,15:10:00,19.15
Gorge,2024-08-03,15:20:00,17.8
Gorge,2024-08-03,15:30:00,17.8
Gorge,2024-08-03,15:40:00,17.83
Gorge,2024-08-03,15:50:00,18.07
Gorge,2024-08-03,16:00:00,18.63
Gorge,2024-08-03,16:10:00,18.19
Gorge,2024-08-03,16:20:00,17.91
Gorge,2024-08-03,16:30:00,17.93
Gorge,2024-08-03,16:40:00,17.63
Gorge,2024-08-03,16:50:00,17.33
Gorge,2024-08-03,17:00:00,17.25
Gorge,2024-08-03,17:10:00,17.31
Gorge,2024-08-03,17:20:00,17.73
Gorge,2024-08-03,17:30:00,18.1
Gorge,2024-08-03,17:40:00,18.37
Gorge,2024-08-03,17:50:00,18.2
Gorge,2024-08-03,18:00:00,18
Gorge,2024-08-03,18:10:00,17.69
Gorge,2024-08-03,18:20:00,17.46
Gorge,2024-08-03,18:30:00,17.36
Gorge,2024-08-03,18:40:00,17.29
Gorge,2024-08-03,18:50:00,17.16
Gorge,2024-08-03,19:00:00,17.07
Gorge,2024-08-03,19:10:00,17.01
Gorge,2024-08-03,19:20:00,17.01
Gorge,2024-08-03,19:30:00,17.29
Gorge,2024-08-03,19:40:00,17.41
Gorge,2024-08-03,19:50:00,17.4
Gorge,2024-08-03,20:00:00,17.3
Gorge,2024-08-03,20:10:00,17.1
Gorge,2024-08-03,20:20:00,17.03
Gorge,2024-08-03,20:30:00,17
Gorge,2024-08-03,20:40:00,17.02
Gorge,2024-08-03,20:50:00,16.95
Gorge,2024-08-03,21:00:00,17.04
Gorge,2024-08-03,21:10:00,17.2
Gorge,2024-08-03,21:20:00,17.26
Gorge,2024-08-03,21:30:00,17.17
Gorge,2024-08-03,21:40:00,17.08
Gorge,2024-08-03,21:50:00,16.98
Gorge,2024-08-03,22:00:00,16.9
Gorge,2024-08-03,22:10:00,16.89
Gorge,2024-08-03,22:20:00,16.82
Gorge,2024-08-03,22:30:00,16.77
Gorge,2024-08-03,22:40:00,16.71
Gorge,2024-08-03,22:50:00,16.63
Gorge,2024-08-03,23:00:00,16.62
Gorge,2024-08-03,23:10:00,16.52
Gorge,2024-08-03,23:20:00,16.47
Gorge,2024-08-03,23:30:00,16.35
Gorge,2024-08-03,23:40:00,16.27
Gorge,2024-08-03,23:50:00,16.21
Gorge,2024-08-04,0:00:00,16.07
Gorge,2024-08-04,0:10:00,15.99
Gorge,2024-08-04,0:20:00,16.02
Gorge,2024-08-04,0:30:00,16.08
Gorge,2024-08-04,0:40:00,16.2
Gorge,2024-08-04,0:50:00,16.02
Gorge,2024-08-04,1:00:00,15.81
Gorge,2024-08-04,1:10:00,15.66
Gorge,2024-08-04,1:20:00,15.59
Gorge,2024-08-04,1:30:00,15.47
Gorge,2024-08-04,1:40:00,15.41
Gorge,2024-08-04,1:50:00,15.6
Gorge,2024-08-04,2:00:00,15.88
Gorge,2024-08-04,2:10:00,16.08
Gorge,2024-08-04,2:20:00,16.26
Gorge,2024-08-04,2:30:00,16.41
Gorge,2024-08-04,2:40:00,16.42
Gorge,2024-08-04,2:50:00,16.35
Gorge,2024-08-04,3:00:00,16.29
Gorge,2024-08-04,3:10:00,16.17
Gorge,2024-08-04,3:20:00,16.18
Gorge,2024-08-04,3:30:00,16.28
Gorge,2024-08-04,3:40:00,16.32
Gorge,2024-08-04,3:50:00,16.41
Gorge,2024-08-04,4:00:00,16.43
Gorge,2024-08-04,4:10:00,16.44
Gorge,2024-08-04,4:20:00,16.41
Gorge,2024-08-04,4:30:00,16.44
Gorge,2024-08-04,4:40:00,16.43
Gorge,2024-08-04,4:50:00,16.42
Gorge,2024-08-04,5:00:00,16.2
Gorge,2024-08-04,5:10:00,15.75
Gorge,2024-08-04,5:20:00,15.65
Gorge,2024-08-04,5:30:00,15.66
Gorge,2024-08-04,5:40:00,15.62
Gorge,2024-08-04,5:50:00,15.6
Gorge,2024-08-04,6:00:00,15.65
Gorge,2024-08-04,6:10:00,15.7
Gorge,2024-08-04,6:20:00,15.73
Gorge,2024-08-04,6:30:00,15.76
Gorge,2024-08-04,6:40:00,15.95
Gorge,2024-08-04,6:50:00,16.12
Gorge,2024-08-04,7:00:00,16.26
Gorge,2024-08-04,7:10:00,16.33
Gorge,2024-08-04,7:20:00,16.41
Gorge,2024-08-04,7:30:00,16.58
Gorge,2024-08-04,7:40:00,16.66
Gorge,2024-08-04,7:50:00,16.72
Gorge,2024-08-04,8:00:00,16.79
Gorge,2024-08-04,8:10:00,16.92
Gorge,2024-08-04,8:20:00,17.07
Gorge,2024-08-04,8:30:00,17.33
Gorge,2024-08-04,8:40:00,17.52
Gorge,2024-08-04,8:50:00,17.67
Gorge,2024-08-04,9:00:00,17.91
Gorge,2024-08-04,9:10:00,18.26
Gorge,2024-08-04,9:20:00,18.41
Gorge,2024-08-04,9:30:00,18.56
Gorge,2024-08-04,9:40:00,18.7
Gorge,2024-08-04,9:50:00,19.02
Gorge,2024-08-04,10:00:00,19.26
Gorge,2024-08-04,10:10:00,19.4
Gorge,2024-08-04,10:20:00,19.5
Gorge,2024-08-04,10:30:00,19.59
Gorge,2024-08-04,10:40:00,19.8
Gorge,2024-08-04,10:50:00,19.94
Gorge,2024-08-04,11:00:00,20.01
Gorge,2024-08-04,11:10:00,20.09
Gorge,2024-08-04,11:20:00,20.29
Gorge,2024-08-04,11:30:00,20.5
Gorge,2024-08-04,11:40:00,20.64
Gorge,2024-08-04,11:50:00,20.74
Gorge,2024-08-04,12:00:00,20.83
Gorge,2024-08-04,12:10:00,21.01
Gorge,2024-08-04,12:20:00,21.16
Gorge,2024-08-04,12:30:00,21.31
Gorge,2024-08-04,12:40:00,21.39
Gorge,2024-08-04,12:50:00,21.45
Gorge,2024-08-04,13:00:00,21.55
Gorge,2024-08-04,13:10:00,21.62
Gorge,2024-08-04,13:20:00,21.68
Gorge,2024-08-04,13:30:00,21.7
Gorge,2024-08-04,13:40:00,21.76
Gorge,2024-08-04,13:50:00,21.65
Gorge,2024-08-04,14:00:00,20.63
Gorge,2024-08-04,14:10:00,19.52
Gorge,2024-08-04,14:20:00,19.56
Gorge,2024-08-04,14:30:00,19.23
Gorge,2024-08-04,14:40:00,18.81
Gorge,2024-08-04,14:50:00,18.99
Gorge,2024-08-04,15:00:00,19.18
Gorge,2024-08-04,15:10:00,19.59
Gorge,2024-08-04,15:20:00,19.09
Gorge,2024-08-04,15:30:00,18.83
Gorge,2024-08-04,15:40:00,18.55
Gorge,2024-08-04,15:50:00,18.64
Gorge,2024-08-04,16:00:00,18.54
Gorge,2024-08-04,16:10:00,18.27
Gorge,2024-08-04,16:20:00,17.69
Gorge,2024-08-04,16:30:00,17.49
Gorge,2024-08-04,16:40:00,17.95
Gorge,2024-08-04,16:50:00,18.15
Gorge,2024-08-04,17:00:00,17.89
Gorge,2024-08-04,17:10:00,17.25
Gorge,2024-08-04,17:20:00,17.05
Gorge,2024-08-04,17:30:00,17.11
Gorge,2024-08-04,17:40:00,17.32
Gorge,2024-08-04,17:50:00,17.31
Gorge,2024-08-04,18:00:00,17.08
Gorge,2024-08-04,18:10:00,17.46
Gorge,2024-08-04,18:20:00,17.23
Gorge,2024-08-04,18:30:00,16.86
Gorge,2024-08-04,18:40:00,16.76
Gorge,2024-08-04,18:50:00,16.8
Gorge,2024-08-04,19:00:00,16.92
Gorge,2024-08-04,19:10:00,16.94
Gorge,2024-08-04,19:20:00,16.61
Gorge,2024-08-04,19:30:00,16.43
Gorge,2024-08-04,19:40:00,16.48
Gorge,2024-08-04,19:50:00,16.48
Gorge,2024-08-04,20:00:00,16.44
Gorge,2024-08-04,20:10:00,16.66
Gorge,2024-08-04,20:20:00,16.8
Gorge,2024-08-04,20:30:00,16.9
Gorge,2024-08-04,20:40:00,16.91
Gorge,2024-08-04,20:50:00,16.86
Gorge,2024-08-04,21:00:00,17.01
Gorge,2024-08-04,21:10:00,16.77
Gorge,2024-08-04,21:20:00,16.51
Gorge,2024-08-04,21:30:00,16.63
Gorge,2024-08-04,21:40:00,16.67
Gorge,2024-08-04,21:50:00,16.9
Gorge,2024-08-04,22:00:00,17.07
Gorge,2024-08-04,22:10:00,17.07
Gorge,2024-08-04,22:20:00,17.05
Gorge,2024-08-04,22:30:00,17.06
Gorge,2024-08-04,22:40:00,17.04
Gorge,2024-08-04,22:50:00,17.03
Gorge,2024-08-04,23:00:00,17.01
Gorge,2024-08-04,23:10:00,16.91
Gorge,2024-08-04,23:20:00,16.82
Gorge,2024-08-04,23:30:00,16.67
Gorge,2024-08-04,23:40:00,16.6
Gorge,2024-08-04,23:50:00,16.57
Gorge,2024-08-05,0:00:00,16.44
Gorge,2024-08-05,0:10:00,16.4
Gorge,2024-08-05,0:20:00,16.46
Gorge,2024-08-05,0:30:00,16.56
Gorge,2024-08-05,0:40:00,16.59
Gorge,2024-08-05,0:50:00,16.67
Gorge,2024-08-05,1:00:00,16.73
Gorge,2024-08-05,1:10:00,16.71
Gorge,2024-08-05,1:20:00,16.71
Gorge,2024-08-05,1:30:00,16.62
Gorge,2024-08-05,1:40:00,16.49
Gorge,2024-08-05,1:50:00,16.19
Gorge,2024-08-05,2:00:00,16.04
Gorge,2024-08-05,2:10:00,16.08
Gorge,2024-08-05,2:20:00,16.15
Gorge,2024-08-05,2:30:00,16.16
Gorge,2024-08-05,2:40:00,16.11
Gorge,2024-08-05,2:50:00,16.2
Gorge,2024-08-05,3:00:00,16.45
Gorge,2024-08-05,3:10:00,16.64
Gorge,2024-08-05,3:20:00,16.58
Gorge,2024-08-05,3:30:00,16.57
Gorge,2024-08-05,3:40:00,16.71
Gorge,2024-08-05,3:50:00,16.67
Gorge,2024-08-05,4:00:00,16.7
Gorge,2024-08-05,4:10:00,16.71
Gorge,2024-08-05,4:20:00,16.72
Gorge,2024-08-05,4:30:00,16.74
Gorge,2024-08-05,4:40:00,16.72
Gorge,2024-08-05,4:50:00,16.67
Gorge,2024-08-05,5:00:00,16.7
Gorge,2024-08-05,5:10:00,16.67
Gorge,2024-08-05,5:20:00,16.66
Gorge,2024-08-05,5:30:00,16.41
Gorge,2024-08-05,5:40:00,15.97
Gorge,2024-08-05,5:50:00,15.69
Gorge,2024-08-05,6:00:00,15.68
Gorge,2024-08-05,6:10:00,15.7
Gorge,2024-08-05,6:20:00,15.68
Gorge,2024-08-05,6:30:00,15.66
Gorge,2024-08-05,6:40:00,15.59
Gorge,2024-08-05,6:50:00,15.61
Gorge,2024-08-05,7:00:00,15.67
Gorge,2024-08-05,7:10:00,15.75
Gorge,2024-08-05,7:20:00,15.88
Gorge,2024-08-05,7:30:00,16.06
Gorge,2024-08-05,7:40:00,16.2
Gorge,2024-08-05,7:50:00,16.47
Gorge,2024-08-05,8:00:00,16.61
Gorge,2024-08-05,8:10:00,16.78
Gorge,2024-08-05,8:20:00,16.91
Gorge,2024-08-05,8:30:00,17.04
Gorge,2024-08-05,8:40:00,17.18
Gorge,2024-08-05,8:50:00,17.33
Gorge,2024-08-05,9:00:00,17.45
Gorge,2024-08-05,9:10:00,17.58
Gorge,2024-08-05,9:20:00,17.72
Gorge,2024-08-05,9:30:00,17.83
Gorge,2024-08-05,9:40:00,18.05
Gorge,2024-08-05,9:50:00,18.29
Gorge,2024-08-05,10:00:00,18.49
Gorge,2024-08-05,10:10:00,18.74
Gorge,2024-08-05,10:20:00,18.84
Gorge,2024-08-05,10:30:00,18.98
Gorge,2024-08-05,10:40:00,19.41
Gorge,2024-08-05,10:50:00,19.58
Gorge,2024-08-05,11:00:00,19.66
Gorge,2024-08-05,11:10:00,19.7
Gorge,2024-08-05,11:20:00,19.95
Gorge,2024-08-05,11:30:00,20.22
Gorge,2024-08-05,11:40:00,20.46
Gorge,2024-08-05,11:50:00,20.54
Gorge,2024-08-05,12:00:00,20.6
Gorge,2024-08-05,12:10:00,20.71
Gorge,2024-08-05,12:20:00,20.8
Gorge,2024-08-05,12:30:00,20.95
Gorge,2024-08-05,12:40:00,21.05
Gorge,2024-08-05,12:50:00,21.15
Gorge,2024-08-05,13:00:00,21.25
Gorge,2024-08-05,13:10:00,21.32
Gorge,2024-08-05,13:20:00,21.5
Gorge,2024-08-05,13:30:00,21.62
Gorge,2024-08-05,13:40:00,21.73
Gorge,2024-08-05,13:50:00,21.8
Gorge,2024-08-05,14:00:00,21.82
Gorge,2024-08-05,14:10:00,21.85
Gorge,2024-08-05,14:20:00,21.78
Gorge,2024-08-05,14:30:00,21.65
Gorge,2024-08-05,14:40:00,21.55
Gorge,2024-08-05,14:50:00,21.14
Gorge,2024-08-05,15:00:00,21.32
Gorge,2024-08-05,15:10:00,20.12
Gorge,2024-08-05,15:20:00,19.41
Gorge,2024-08-05,15:30:00,19.55
Gorge,2024-08-05,15:40:00,19.06
Gorge,2024-08-05,15:50:00,18.64
Gorge,2024-08-05,16:00:00,18.42
Gorge,2024-08-05,16:10:00,19.09
Gorge,2024-08-05,16:20:00,19.84
Gorge,2024-08-05,16:30:00,19.76
Gorge,2024-08-05,16:40:00,19.27
Gorge,2024-08-05,16:50:00,18.78
Gorge,2024-08-05,17:00:00,18.63
Gorge,2024-08-05,17:10:00,18.54
Gorge,2024-08-05,17:20:00,18.51
Gorge,2024-08-05,17:30:00,18.34
Gorge,2024-08-05,17:40:00,17.72
Gorge,2024-08-05,17:50:00,17.23
Gorge,2024-08-05,18:00:00,17.17
Gorge,2024-08-05,18:10:00,17.21
Gorge,2024-08-05,18:20:00,17.21
Gorge,2024-08-05,18:30:00,17.22
Gorge,2024-08-05,18:40:00,17.34
Gorge,2024-08-05,18:50:00,17.5
Gorge,2024-08-05,19:00:00,17.45
Gorge,2024-08-05,19:10:00,17.21
Gorge,2024-08-05,19:20:00,17.17
Gorge,2024-08-05,19:30:00,17.01
Gorge,2024-08-05,19:40:00,16.94
Gorge,2024-08-05,19:50:00,16.93
Gorge,2024-08-05,20:00:00,16.9
Gorge,2024-08-05,20:10:00,16.87
Gorge,2024-08-05,20:20:00,16.78
Gorge,2024-08-05,20:30:00,16.77
Gorge,2024-08-05,20:40:00,16.65
Gorge,2024-08-05,20:50:00,16.52
Gorge,2024-08-05,21:00:00,16.46
Gorge,2024-08-05,21:10:00,16.45
Gorge,2024-08-05,21:20:00,16.45
Gorge,2024-08-05,21:30:00,16.45
Gorge,2024-08-05,21:40:00,16.4
Gorge,2024-08-05,21:50:00,16.32
Gorge,2024-08-05,22:00:00,16.25
Gorge,2024-08-05,22:10:00,16.24
Gorge,2024-08-05,22:20:00,16.3
Gorge,2024-08-05,22:30:00,16.43
Gorge,2024-08-05,22:40:00,16.47
Gorge,2024-08-05,22:50:00,16.5
Gorge,2024-08-05,23:00:00,16.51
Gorge,2024-08-05,23:10:00,16.54
Gorge,2024-08-05,23:20:00,16.49
Gorge,2024-08-05,23:30:00,16.54
Gorge,2024-08-05,23:40:00,16.57
Gorge,2024-08-05,23:50:00,16.65
Gorge,2024-08-06,0:00:00,16.65
Gorge,2024-08-06,0:10:00,16.64
Gorge,2024-08-06,0:20:00,16.67
Gorge,2024-08-06,0:30:00,16.63
Gorge,2024-08-06,0:40:00,16.52
Gorge,2024-08-06,0:50:00,16.41
Gorge,2024-08-06,1:00:00,16.47
Gorge,2024-08-06,1:10:00,16.41
Gorge,2024-08-06,1:20:00,16.25
Gorge,2024-08-06,1:30:00,16.12
Gorge,2024-08-06,1:40:00,16.02
Gorge,2024-08-06,1:50:00,16
Gorge,2024-08-06,2:00:00,16.02
Gorge,2024-08-06,2:10:00,16.03
Gorge,2024-08-06,2:20:00,16.03
Gorge,2024-08-06,2:30:00,15.98
Gorge,2024-08-06,2:40:00,15.95
Gorge,2024-08-06,2:50:00,15.9
Gorge,2024-08-06,3:00:00,15.78
Gorge,2024-08-06,3:10:00,15.76
Gorge,2024-08-06,3:20:00,15.82
Gorge,2024-08-06,3:30:00,15.76
Gorge,2024-08-06,3:40:00,15.72
Gorge,2024-08-06,3:50:00,15.7
Gorge,2024-08-06,4:00:00,15.72
Gorge,2024-08-06,4:10:00,15.71
Gorge,2024-08-06,4:20:00,15.74
Gorge,2024-08-06,4:30:00,15.91
Gorge,2024-08-06,4:40:00,16
Gorge,2024-08-06,4:50:00,16.11
Gorge,2024-08-06,5:00:00,16.2
Gorge,2024-08-06,5:10:00,16.28
Gorge,2024-08-06,5:20:00,16.55
Gorge,2024-08-06,5:30:00,16.57
Gorge,2024-08-06,5:40:00,16.62
Gorge,2024-08-06,5:50:00,16.73
Gorge,2024-08-06,6:00:00,16.69
Gorge,2024-08-06,6:10:00,16.6
Gorge,2024-08-06,6:20:00,16.57
Gorge,2024-08-06,6:30:00,16.21
Gorge,2024-08-06,6:40:00,16.03
Gorge,2024-08-06,6:50:00,15.86
Gorge,2024-08-06,7:00:00,15.81
Gorge,2024-08-06,7:10:00,15.81
Gorge,2024-08-06,7:20:00,15.77
Gorge,2024-08-06,7:30:00,15.78
Gorge,2024-08-06,7:40:00,15.81
Gorge,2024-08-06,7:50:00,15.82
Gorge,2024-08-06,8:00:00,15.95
Gorge,2024-08-06,8:10:00,16.13
Gorge,2024-08-06,8:20:00,16.29
Gorge,2024-08-06,8:30:00,16.39
Gorge,2024-08-06,8:40:00,16.59
Gorge,2024-08-06,8:50:00,16.73
Gorge,2024-08-06,9:00:00,16.85
Gorge,2024-08-06,9:10:00,17.09
Gorge,2024-08-06,9:20:00,17.25
Gorge,2024-08-06,9:30:00,17.43
Gorge,2024-08-06,9:40:00,17.62
Gorge,2024-08-06,9:50:00,17.73
Gorge,2024-08-06,10:00:00,17.89
Gorge,2024-08-06,10:10:00,18
Gorge,2024-08-06,10:20:00,18.13
Gorge,2024-08-06,10:30:00,18.33
Gorge,2024-08-06,10:40:00,18.44
Gorge,2024-08-06,10:50:00,18.65
Gorge,2024-08-06,11:00:00,18.82
Gorge,2024-08-06,11:10:00,18.98
Gorge,2024-08-06,11:20:00,19.11
Gorge,2024-08-06,11:30:00,19.16
Gorge,2024-08-06,11:40:00,19.24
Gorge,2024-08-06,11:50:00,19.4
Gorge,2024-08-06,12:00:00,19.7
Gorge,2024-08-06,12:10:00,19.83
Gorge,2024-08-06,12:20:00,19.92
Gorge,2024-08-06,12:30:00,19.98
Gorge,2024-08-06,12:40:00,20.04
Gorge,2024-08-06,12:50:00,20.1
Gorge,2024-08-06,13:00:00,20.21
Gorge,2024-08-06,13:10:00,20.32
Gorge,2024-08-06,13:20:00,20.45
Gorge,2024-08-06,13:30:00,20.57
Gorge,2024-08-06,13:40:00,20.64
Gorge,2024-08-06,13:50:00,20.74
Gorge,2024-08-06,14:00:00,20.8
Gorge,2024-08-06,14:10:00,20.86
Gorge,2024-08-06,14:20:00,20.92
Gorge,2024-08-06,14:30:00,20.96
Gorge,2024-08-06,14:40:00,21.01
Gorge,2024-08-06,14:50:00,21.01
Gorge,2024-08-06,15:00:00,21.02
Gorge,2024-08-06,15:10:00,21.01
Gorge,2024-08-06,15:20:00,20.91
Gorge,2024-08-06,15:30:00,20.54
Gorge,2024-08-06,15:40:00,20.4
Gorge,2024-08-06,15:50:00,20.22
Gorge,2024-08-06,16:00:00,19.69
Gorge,2024-08-06,16:10:00,19.22
Gorge,2024-08-06,16:20:00,19.01
Gorge,2024-08-06,16:30:00,18.99
Gorge,2024-08-06,16:40:00,18.55
Gorge,2024-08-06,16:50:00,18.41
Gorge,2024-08-06,17:00:00,18.52
Gorge,2024-08-06,17:10:00,18.41
Gorge,2024-08-06,17:20:00,18.08
Gorge,2024-08-06,17:30:00,18.1
Gorge,2024-08-06,17:40:00,18.42
Gorge,2024-08-06,17:50:00,17.93
Gorge,2024-08-06,18:00:00,17.66
Gorge,2024-08-06,18:10:00,17.72
Gorge,2024-08-06,18:20:00,17.66
Gorge,2024-08-06,18:30:00,17.52
Gorge,2024-08-06,18:40:00,17.4
Gorge,2024-08-06,18:50:00,17.46
Gorge,2024-08-06,19:00:00,17.5
Gorge,2024-08-06,19:10:00,17.59
Gorge,2024-08-06,19:20:00,17.59
Gorge,2024-08-06,19:30:00,17.54
Gorge,2024-08-06,19:40:00,17.52
Gorge,2024-08-06,19:50:00,17.3
Gorge,2024-08-06,20:00:00,17.22
Gorge,2024-08-06,20:10:00,16.84
Gorge,2024-08-06,20:20:00,16.62
Gorge,2024-08-06,20:30:00,16.51
Gorge,2024-08-06,20:40:00,16.45
Gorge,2024-08-06,20:50:00,16.47
Gorge,2024-08-06,21:00:00,16.16
Gorge,2024-08-06,21:10:00,16.12
Gorge,2024-08-06,21:20:00,16.21
Gorge,2024-08-06,21:30:00,16.57
Gorge,2024-08-06,21:40:00,16.52
Gorge,2024-08-06,21:50:00,16.66
Gorge,2024-08-06,22:00:00,16.81
Gorge,2024-08-06,22:10:00,16.86
Gorge,2024-08-06,22:20:00,16.89
Gorge,2024-08-06,22:30:00,16.82
Gorge,2024-08-06,22:40:00,16.8
Gorge,2024-08-06,22:50:00,16.79
Gorge,2024-08-06,23:00:00,17.07
Gorge,2024-08-06,23:10:00,17.05
Gorge,2024-08-06,23:20:00,17.06
Gorge,2024-08-06,23:30:00,17.41
Gorge,2024-08-06,23:40:00,17.59
Gorge,2024-08-06,23:50:00,17.6
Gorge,2024-08-07,0:00:00,17.45
Gorge,2024-08-07,0:10:00,17.31
Gorge,2024-08-07,0:20:00,17.31
Gorge,2024-08-07,0:30:00,17.18
Gorge,2024-08-07,0:40:00,17.03
Gorge,2024-08-07,0:50:00,16.94
Gorge,2024-08-07,1:00:00,16.9
Gorge,2024-08-07,1:10:00,16.9
Gorge,2024-08-07,1:20:00,16.88
Gorge,2024-08-07,1:30:00,16.89
Gorge,2024-08-07,1:40:00,16.86
Gorge,2024-08-07,1:50:00,16.86
Gorge,2024-08-07,2:00:00,16.86
Gorge,2024-08-07,2:10:00,16.86
Gorge,2024-08-07,2:20:00,16.85
Gorge,2024-08-07,2:30:00,16.86
Gorge,2024-08-07,2:40:00,16.84
Gorge,2024-08-07,2:50:00,16.81
Gorge,2024-08-07,3:00:00,16.82
Gorge,2024-08-07,3:10:00,16.82
Gorge,2024-08-07,3:20:00,16.78
Gorge,2024-08-07,3:30:00,16.73
Gorge,2024-08-07,3:40:00,16.57
Gorge,2024-08-07,3:50:00,16.59
Gorge,2024-08-07,4:00:00,16.59
Gorge,2024-08-07,4:10:00,16.61
Gorge,2024-08-07,4:20:00,16.67
Gorge,2024-08-07,4:30:00,16.63
Gorge,2024-08-07,4:40:00,16.73
Gorge,2024-08-07,4:50:00,16.72
Gorge,2024-08-07,5:00:00,16.66
Gorge,2024-08-07,5:10:00,16.74
Gorge,2024-08-07,5:20:00,16.76
Gorge,2024-08-07,5:30:00,16.79
Gorge,2024-08-07,5:40:00,16.81
Gorge,2024-08-07,5:50:00,16.88
Gorge,2024-08-07,6:00:00,16.9
Gorge,2024-08-07,6:10:00,16.91
Gorge,2024-08-07,6:20:00,16.94
Gorge,2024-08-07,6:30:00,16.99
Gorge,2024-08-07,6:40:00,16.94
Gorge,2024-08-07,6:50:00,16.88
Gorge,2024-08-07,7:00:00,16.9
Gorge,2024-08-07,7:10:00,16.81
Gorge,2024-08-07,7:20:00,16.79
Gorge,2024-08-07,7:30:00,16.62
Gorge,2024-08-07,7:40:00,16.4
Gorge,2024-08-07,7:50:00,16.29
Gorge,2024-08-07,8:00:00,16.31
Gorge,2024-08-07,8:10:00,16.35
Gorge,2024-08-07,8:20:00,16.4
Gorge,2024-08-07,8:30:00,16.43
Gorge,2024-08-07,8:40:00,16.45
Gorge,2024-08-07,8:50:00,16.56
Gorge,2024-08-07,9:00:00,16.63
Gorge,2024-08-07,9:10:00,16.72
Gorge,2024-08-07,9:20:00,16.75
Gorge,2024-08-07,9:30:00,16.81
Gorge,2024-08-07,9:40:00,17.06
Gorge,2024-08-07,9:50:00,17.3
Gorge,2024-08-07,10:00:00,17.51
Gorge,2024-08-07,10:10:00,17.69
Gorge,2024-08-07,10:20:00,17.82
Gorge,2024-08-07,10:30:00,17.95
Gorge,2024-08-07,10:40:00,18.05
Gorge,2024-08-07,10:50:00,18.28
Gorge,2024-08-07,11:00:00,18.51
Gorge,2024-08-07,11:10:00,18.72
Gorge,2024-08-07,11:20:00,18.79
Gorge,2024-08-07,11:30:00,19.03
Gorge,2024-08-07,11:40:00,19.29
Gorge,2024-08-07,11:50:00,19.45
Gorge,2024-08-07,12:00:00,19.69
Gorge,2024-08-07,12:10:00,19.83
Gorge,2024-08-07,12:20:00,19.92
Gorge,2024-08-07,12:30:00,20
Gorge,2024-08-07,12:40:00,20.1
Gorge,2024-08-07,12:50:00,20.24
Gorge,2024-08-07,13:00:00,20.43
Gorge,2024-08-07,13:10:00,20.56
Gorge,2024-08-07,13:20:00,20.72
Gorge,2024-08-07,13:30:00,20.88
Gorge,2024-08-07,13:40:00,20.94
Gorge,2024-08-07,13:50:00,20.93
Gorge,2024-08-07,14:00:00,20.96
Gorge,2024-08-07,14:10:00,21.02
Gorge,2024-08-07,14:20:00,21.03
Gorge,2024-08-07,14:30:00,21.04
Gorge,2024-08-07,14:40:00,21.05
Gorge,2024-08-07,14:50:00,21.05
Gorge,2024-08-07,15:00:00,21.13
Gorge,2024-08-07,15:10:00,21.16
Gorge,2024-08-07,15:20:00,21.05
Gorge,2024-08-07,15:30:00,19.57
Gorge,2024-08-07,15:40:00,18.73
Gorge,2024-08-07,15:50:00,18.26
Gorge,2024-08-07,16:00:00,18.26
Gorge,2024-08-07,16:10:00,18.06
Gorge,2024-08-07,16:20:00,17.9
Gorge,2024-08-07,16:30:00,17.5
Gorge,2024-08-07,16:40:00,17.29
Gorge,2024-08-07,16:50:00,18.13
Gorge,2024-08-07,17:00:00,18.42
Gorge,2024-08-07,17:10:00,17.82
Gorge,2024-08-07,17:20:00,17.66
Gorge,2024-08-07,17:30:00,17.5
Gorge,2024-08-07,17:40:00,17.21
Gorge,2024-08-07,17:50:00,17.04
Gorge,2024-08-07,18:00:00,16.89
Gorge,2024-08-07,18:10:00,16.71
Gorge,2024-08-07,18:20:00,16.55
Gorge,2024-08-07,18:30:00,16.48
Gorge,2024-08-07,18:40:00,16.44
Gorge,2024-08-07,18:50:00,16.49
Gorge,2024-08-07,19:00:00,16.55
Gorge,2024-08-07,19:10:00,16.51
Gorge,2024-08-07,19:20:00,16.44
Gorge,2024-08-07,19:30:00,16.33
Gorge,2024-08-07,19:40:00,16.33
Gorge,2024-08-07,19:50:00,16.44
Gorge,2024-08-07,20:00:00,16.57
Gorge,2024-08-07,20:10:00,16.44
Gorge,2024-08-07,20:20:00,16.24
Gorge,2024-08-07,20:30:00,16.01
Gorge,2024-08-07,20:40:00,15.89
Gorge,2024-08-07,20:50:00,15.96
Gorge,2024-08-07,21:00:00,15.9
Gorge,2024-08-07,21:10:00,15.75
Gorge,2024-08-07,21:20:00,15.67
Gorge,2024-08-07,21:30:00,15.66
Gorge,2024-08-07,21:40:00,15.75
Gorge,2024-08-07,21:50:00,15.9
Gorge,2024-08-07,22:00:00,16.1
Gorge,2024-08-07,22:10:00,16.19
Gorge,2024-08-07,22:20:00,16.41
Gorge,2024-08-07,22:30:00,16.73
Gorge,2024-08-07,22:40:00,16.82
Gorge,2024-08-07,22:50:00,16.7
Gorge,2024-08-07,23:00:00,17.1
Gorge,2024-08-07,23:10:00,17.34
Gorge,2024-08-07,23:20:00,17.3
Gorge,2024-08-07,23:30:00,17.45
Gorge,2024-08-07,23:40:00,17.67
Gorge,2024-08-07,23:50:00,17.6
Gorge,2024-08-08,0:00:00,17.43
Gorge,2024-08-08,0:10:00,17.38
Gorge,2024-08-08,0:20:00,17.11
Gorge,2024-08-08,0:30:00,16.96
Gorge,2024-08-08,0:40:00,16.86
Gorge,2024-08-08,0:50:00,16.78
Gorge,2024-08-08,1:00:00,16.73
Gorge,2024-08-08,1:10:00,16.67
Gorge,2024-08-08,1:20:00,16.67
Gorge,2024-08-08,1:30:00,16.67
Gorge,2024-08-08,1:40:00,16.69
Gorge,2024-08-08,1:50:00,16.7
Gorge,2024-08-08,2:00:00,16.66
Gorge,2024-08-08,2:10:00,16.65
Gorge,2024-08-08,2:20:00,16.67
Gorge,2024-08-08,2:30:00,16.66
Gorge,2024-08-08,2:40:00,16.69
Gorge,2024-08-08,2:50:00,16.69
Gorge,2024-08-08,3:00:00,16.7
Gorge,2024-08-08,3:10:00,16.67
Gorge,2024-08-08,3:20:00,16.71
Gorge,2024-08-08,3:30:00,16.69
Gorge,2024-08-08,3:40:00,16.71
Gorge,2024-08-08,3:50:00,16.69
Gorge,2024-08-08,4:00:00,16.67
Gorge,2024-08-08,4:10:00,16.72
Gorge,2024-08-08,4:20:00,16.73
Gorge,2024-08-08,4:30:00,16.73
Gorge,2024-08-08,4:40:00,16.72
Gorge,2024-08-08,4:50:00,16.7
Gorge,2024-08-08,5:00:00,16.64
Gorge,2024-08-08,5:10:00,16.59
Gorge,2024-08-08,5:20:00,16.57
Gorge,2024-08-08,5:30:00,16.52
Gorge,2024-08-08,5:40:00,16.52
Gorge,2024-08-08,5:50:00,16.52
Gorge,2024-08-08,6:00:00,16.5
Gorge,2024-08-08,6:10:00,16.5
Gorge,2024-08-08,6:20:00,16.52
Gorge,2024-08-08,6:30:00,16.52
Gorge,2024-08-08,6:40:00,16.54
Gorge,2024-08-08,6:50:00,16.51
Gorge,2024-08-08,7:00:00,16.51
Gorge,2024-08-08,7:10:00,16.54
Gorge,2024-08-08,7:20:00,16.49
Gorge,2024-08-08,7:30:00,16.49
Gorge,2024-08-08,7:40:00,16.49
Gorge,2024-08-08,7:50:00,16.48
Gorge,2024-08-08,8:00:00,16.49
Gorge,2024-08-08,8:10:00,16.49
Gorge,2024-08-08,8:20:00,16.47
Gorge,2024-08-08,8:30:00,16.48
Gorge,2024-08-08,8:40:00,16.48
Gorge,2024-08-08,8:50:00,16.46
Gorge,2024-08-08,9:00:00,16.45
Gorge,2024-08-08,9:10:00,16.45
Gorge,2024-08-08,9:20:00,16.57
Gorge,2024-08-08,9:30:00,16.69
Gorge,2024-08-08,9:40:00,16.8
Gorge,2024-08-08,9:50:00,16.92
Gorge,2024-08-08,10:00:00,17.04
Gorge,2024-08-08,10:10:00,17.14
Gorge,2024-08-08,10:20:00,17.18
Gorge,2024-08-08,10:30:00,17.29
Gorge,2024-08-08,10:40:00,17.46
Gorge,2024-08-08,10:50:00,17.59
Gorge,2024-08-08,11:00:00,17.79
Gorge,2024-08-08,11:10:00,17.94
Gorge,2024-08-08,11:20:00,18.05
Gorge,2024-08-08,11:30:00,18.2
Gorge,2024-08-08,11:40:00,18.32
Gorge,2024-08-08,11:50:00,18.47
Gorge,2024-08-08,12:00:00,18.7
Gorge,2024-08-08,12:10:00,18.83
Gorge,2024-08-08,12:20:00,18.97
Gorge,2024-08-08,12:30:00,19.13
Gorge,2024-08-08,12:40:00,19.28
Gorge,2024-08-08,12:50:00,19.44
Gorge,2024-08-08,13:00:00,19.57
Gorge,2024-08-08,13:10:00,19.73
Gorge,2024-08-08,13:20:00,19.84
Gorge,2024-08-08,13:30:00,19.92
Gorge,2024-08-08,13:40:00,20.04
Gorge,2024-08-08,13:50:00,20.15
Gorge,2024-08-08,14:00:00,20.16
Gorge,2024-08-08,14:10:00,20.19
Gorge,2024-08-08,14:20:00,20.28
Gorge,2024-08-08,14:30:00,20.36
Gorge,2024-08-08,14:40:00,20.41
Gorge,2024-08-08,14:50:00,20.42
Gorge,2024-08-08,15:00:00,20.47
Gorge,2024-08-08,15:10:00,20.56
Gorge,2024-08-08,15:20:00,20.6
Gorge,2024-08-08,15:30:00,20.69
Gorge,2024-08-08,15:40:00,20.69
Gorge,2024-08-08,15:50:00,20.56
Gorge,2024-08-08,16:00:00,19.01
Gorge,2024-08-08,16:10:00,17.99
Gorge,2024-08-08,16:20:00,17.78
Gorge,2024-08-08,16:30:00,17.98
Gorge,2024-08-08,16:40:00,17.94
Gorge,2024-08-08,16:50:00,17.97
Gorge,2024-08-08,17:00:00,17.8
Gorge,2024-08-08,17:10:00,17.79
Gorge,2024-08-08,17:20:00,18.03
Gorge,2024-08-08,17:30:00,17.93
Gorge,2024-08-08,17:40:00,17.74
Gorge,2024-08-08,17:50:00,17.61
Gorge,2024-08-08,18:00:00,17.49
Gorge,2024-08-08,18:10:00,17.5
Gorge,2024-08-08,18:20:00,17.4
Gorge,2024-08-08,18:30:00,16.88
Gorge,2024-08-08,18:40:00,16.71
Gorge,2024-08-08,18:50:00,16.7
Gorge,2024-08-08,19:00:00,16.99
Gorge,2024-08-08,19:10:00,17.39
Gorge,2024-08-08,19:20:00,17.37
Gorge,2024-08-08,19:30:00,17.39
Gorge,2024-08-08,19:40:00,17.38
Gorge,2024-08-08,19:50:00,17.32
Gorge,2024-08-08,20:00:00,17.15
Gorge,2024-08-08,20:10:00,16.95
Gorge,2024-08-08,20:20:00,16.8
Gorge,2024-08-08,20:30:00,16.51
Gorge,2024-08-08,20:40:00,16.47
Gorge,2024-08-08,20:50:00,16.48
Gorge,2024-08-08,21:00:00,16.49
Gorge,2024-08-08,21:10:00,16.43
Gorge,2024-08-08,21:20:00,16.48
Gorge,2024-08-08,21:30:00,16.63
Gorge,2024-08-08,21:40:00,16.73
Gorge,2024-08-08,21:50:00,16.8
Gorge,2024-08-08,22:00:00,16.84
Gorge,2024-08-08,22:10:00,16.8
Gorge,2024-08-08,22:20:00,16.93
Gorge,2024-08-08,22:30:00,17.07
Gorge,2024-08-08,22:40:00,17.09
Gorge,2024-08-08,22:50:00,17.21
Gorge,2024-08-08,23:00:00,17.24
Gorge,2024-08-08,23:10:00,17.32
Gorge,2024-08-08,23:20:00,17.46
Gorge,2024-08-08,23:30:00,17.63
Gorge,2024-08-08,23:40:00,17.62
Gorge,2024-08-08,23:50:00,17.54
Gorge,2024-08-09,0:00:00,17.61
Gorge,2024-08-09,0:10:00,17.55
Gorge,2024-08-09,0:20:00,17.37
Gorge,2024-08-09,0:30:00,16.95
Gorge,2024-08-09,0:40:00,16.73
Gorge,2024-08-09,0:50:00,16.58
Gorge,2024-08-09,1:00:00,16.56
Gorge,2024-08-09,1:10:00,16.58
Gorge,2024-08-09,1:20:00,16.51
Gorge,2024-08-09,1:30:00,16.52
Gorge,2024-08-09,1:40:00,16.55
Gorge,2024-08-09,1:50:00,16.58
Gorge,2024-08-09,2:00:00,16.66
Gorge,2024-08-09,2:10:00,16.76
Gorge,2024-08-09,2:20:00,16.82
Gorge,2024-08-09,2:30:00,16.87
Gorge,2024-08-09,2:40:00,16.9
Gorge,2024-08-09,2:50:00,16.96
Gorge,2024-08-09,3:00:00,17.03
Gorge,2024-08-09,3:10:00,17.03
Gorge,2024-08-09,3:20:00,17.02
Gorge,2024-08-09,3:30:00,17.07
Gorge,2024-08-09,3:40:00,17.14
Gorge,2024-08-09,3:50:00,17.18
Gorge,2024-08-09,4:00:00,17.2
Gorge,2024-08-09,4:10:00,17.18
Gorge,2024-08-09,4:20:00,17.18
Gorge,2024-08-09,4:30:00,17.19
Gorge,2024-08-09,4:40:00,17.14
Gorge,2024-08-09,4:50:00,17.14
Gorge,2024-08-09,5:00:00,17.07
Gorge,2024-08-09,5:10:00,17.1
Gorge,2024-08-09,5:20:00,17.04
Gorge,2024-08-09,5:30:00,16.96
Gorge,2024-08-09,5:40:00,16.99
Gorge,2024-08-09,5:50:00,17.01
Gorge,2024-08-09,6:00:00,16.94
Gorge,2024-08-09,6:10:00,16.89
Gorge,2024-08-09,6:20:00,16.88
Gorge,2024-08-09,6:30:00,16.73
Gorge,2024-08-09,6:40:00,16.76
Gorge,2024-08-09,6:50:00,16.81
Gorge,2024-08-09,7:00:00,16.88
Gorge,2024-08-09,7:10:00,16.94
Gorge,2024-08-09,7:20:00,17.01
Gorge,2024-08-09,7:30:00,17.04
Gorge,2024-08-09,7:40:00,17.02
Gorge,2024-08-09,7:50:00,17.06
Gorge,2024-08-09,8:00:00,17.07
Gorge,2024-08-09,8:10:00,17.1
Gorge,2024-08-09,8:20:00,17.14
Gorge,2024-08-09,8:30:00,17.32
Gorge,2024-08-09,8:40:00,17.58
Gorge,2024-08-09,8:50:00,17.68
Gorge,2024-08-09,9:00:00,17.69
Gorge,2024-08-09,9:10:00,17.68
Gorge,2024-08-09,9:20:00,17.72
Gorge,2024-08-09,9:30:00,17.7
Gorge,2024-08-09,9:40:00,17.7
Gorge,2024-08-09,9:50:00,17.77
Gorge,2024-08-09,10:00:00,17.79
Gorge,2024-08-09,10:10:00,17.8
Gorge,2024-08-09,10:20:00,17.92
Gorge,2024-08-09,10:30:00,17.99
Gorge,2024-08-09,10:40:00,18.12
Gorge,2024-08-09,10:50:00,18.27
Gorge,2024-08-09,11:00:00,18.35
Gorge,2024-08-09,11:10:00,18.38
Gorge,2024-08-09,11:20:00,18.56
Gorge,2024-08-09,11:30:00,18.65
Gorge,2024-08-09,11:40:00,18.8
Gorge,2024-08-09,11:50:00,18.89
Gorge,2024-08-09,12:00:00,19.02
Gorge,2024-08-09,12:10:00,19.11
Gorge,2024-08-09,12:20:00,19.22
Gorge,2024-08-09,12:30:00,19.25
Gorge,2024-08-09,12:40:00,19.36
Gorge,2024-08-09,12:50:00,19.53
Gorge,2024-08-09,13:00:00,19.6
Gorge,2024-08-09,13:10:00,19.66
Gorge,2024-08-09,13:20:00,19.73
Gorge,2024-08-09,13:30:00,19.72
Gorge,2024-08-09,13:40:00,19.77
Gorge,2024-08-09,13:50:00,19.83
Gorge,2024-08-09,14:00:00,19.83
Gorge,2024-08-09,14:10:00,19.91
Gorge,2024-08-09,14:20:00,19.94
Gorge,2024-08-09,14:30:00,19.98
Gorge,2024-08-09,14:40:00,20.01
Gorge,2024-08-09,14:50:00,20.1
Gorge,2024-08-09,15:00:00,20.19
Gorge,2024-08-09,15:10:00,20.26
Gorge,2024-08-09,15:20:00,20.34
Gorge,2024-08-09,15:30:00,20.46
Gorge,2024-08-09,15:40:00,20.5
Gorge,2024-08-09,15:50:00,20.35
Gorge,2024-08-09,16:00:00,19.38
Gorge,2024-08-09,16:10:00,18.5
Gorge,2024-08-09,16:20:00,18.28
Gorge,2024-08-09,16:30:00,18.53
Gorge,2024-08-09,16:40:00,18.47
Gorge,2024-08-09,16:50:00,18.54
Gorge,2024-08-09,17:00:00,18.63
Gorge,2024-08-09,17:10:00,18.46
Gorge,2024-08-09,17:20:00,18.62
Gorge,2024-08-09,17:30:00,18.7
Gorge,2024-08-09,17:40:00,18.42
Gorge,2024-08-09,17:50:00,18.07
Gorge,2024-08-09,18:00:00,17.61
Gorge,2024-08-09,18:10:00,17.34
Gorge,2024-08-09,18:20:00,16.94
Gorge,2024-08-09,18:30:00,16.7
Gorge,2024-08-09,18:40:00,16.59
Gorge,2024-08-09,18:50:00,16.57
Gorge,2024-08-09,19:00:00,16.54
Gorge,2024-08-09,19:10:00,16.55
Gorge,2024-08-09,19:20:00,16.5
Gorge,2024-08-09,19:30:00,16.17
Gorge,2024-08-09,19:40:00,16.12
Gorge,2024-08-09,19:50:00,16.19
Gorge,2024-08-09,20:00:00,16.13
Gorge,2024-08-09,20:10:00,16
Gorge,2024-08-09,20:20:00,15.82
Gorge,2024-08-09,20:30:00,15.96
Gorge,2024-08-09,20:40:00,16.13
Gorge,2024-08-09,20:50:00,16.24
Gorge,2024-08-09,21:00:00,16.22
Gorge,2024-08-09,21:10:00,16.26
Gorge,2024-08-09,21:20:00,16.21
Gorge,2024-08-09,21:30:00,16.19
Gorge,2024-08-09,21:40:00,16.35
Gorge,2024-08-09,21:50:00,16.18
Gorge,2024-08-09,22:00:00,16.17
Gorge,2024-08-09,22:10:00,16.31
Gorge,2024-08-09,22:20:00,16.74
Gorge,2024-08-09,22:30:00,16.9
Gorge,2024-08-09,22:40:00,16.99
Gorge,2024-08-09,22:50:00,17.01
Gorge,2024-08-09,23:00:00,17.18
Gorge,2024-08-09,23:10:00,17.51
Gorge,2024-08-09,23:20:00,17.58
Gorge,2024-08-09,23:30:00,17.64
Gorge,2024-08-09,23:40:00,17.79
Gorge,2024-08-09,23:50:00,17.8
Gorge,2024-08-10,0:00:00,16.95
Gorge,2024-08-10,0:10:00,16.43
Gorge,2024-08-10,0:20:00,16.13
Gorge,2024-08-10,0:30:00,16.08
Gorge,2024-08-10,0:40:00,16.08
Gorge,2024-08-10,0:50:00,16.11
Gorge,2024-08-10,1:00:00,16.13
Gorge,2024-08-10,1:10:00,16.15
Gorge,2024-08-10,1:20:00,16.28
Gorge,2024-08-10,1:30:00,16.37
Gorge,2024-08-10,1:40:00,16.46
Gorge,2024-08-10,1:50:00,16.5
Gorge,2024-08-10,2:00:00,16.57
Gorge,2024-08-10,2:10:00,16.67
Gorge,2024-08-10,2:20:00,16.71
Gorge,2024-08-10,2:30:00,16.77
Gorge,2024-08-10,2:40:00,16.78
Gorge,2024-08-10,2:50:00,16.82
Gorge,2024-08-10,3:00:00,16.86
Gorge,2024-08-10,3:10:00,16.99
Gorge,2024-08-10,3:20:00,17.08
Gorge,2024-08-10,3:30:00,17.15
Gorge,2024-08-10,3:40:00,17.28
Gorge,2024-08-10,3:50:00,17.31
Gorge,2024-08-10,4:00:00,17.35
Gorge,2024-08-10,4:10:00,17.46
Gorge,2024-08-10,4:20:00,17.53
Gorge,2024-08-10,4:30:00,17.59
Gorge,2024-08-10,4:40:00,17.63
Gorge,2024-08-10,4:50:00,17.65
Gorge,2024-08-10,5:00:00,17.63
Gorge,2024-08-10,5:10:00,17.62
Gorge,2024-08-10,5:20:00,17.58
Gorge,2024-08-10,5:30:00,17.59
Gorge,2024-08-10,5:40:00,17.58
Gorge,2024-08-10,5:50:00,17.56
Gorge,2024-08-10,6:00:00,17.52
Gorge,2024-08-10,6:10:00,17.48
Gorge,2024-08-10,6:20:00,17.41
Gorge,2024-08-10,6:30:00,17.34
Gorge,2024-08-10,6:40:00,17.28
Gorge,2024-08-10,6:50:00,16.94
Gorge,2024-08-10,7:00:00,16.91
Gorge,2024-08-10,7:10:00,16.81
Gorge,2024-08-10,7:20:00,16.82
Gorge,2024-08-10,7:30:00,16.86
Gorge,2024-08-10,7:40:00,16.8
Gorge,2024-08-10,7:50:00,16.96
Gorge,2024-08-10,8:00:00,17.16
Gorge,2024-08-10,8:10:00,17.16
Gorge,2024-08-10,8:20:00,17.25
Gorge,2024-08-10,8:30:00,17.37
Gorge,2024-08-10,8:40:00,17.39
Gorge,2024-08-10,8:50:00,17.46
Gorge,2024-08-10,9:00:00,17.46
Gorge,2024-08-10,9:10:00,17.53
Gorge,2024-08-10,9:20:00,17.61
Gorge,2024-08-10,9:30:00,17.99
Gorge,2024-08-10,9:40:00,18.12
Gorge,2024-08-10,9:50:00,18.38
Gorge,2024-08-10,10:00:00,18.5
Gorge,2024-08-10,10:10:00,18.43
Gorge,2024-08-10,10:20:00,18.8
Gorge,2024-08-10,10:30:00,19.06
Gorge,2024-08-10,10:40:00,19.2
Gorge,2024-08-10,10:50:00,19.24
Gorge,2024-08-10,11:00:00,19.22
Gorge,2024-08-10,11:10:00,19.26
Gorge,2024-08-10,11:20:00,19.28
Gorge,2024-08-10,11:30:00,19.3
Gorge,2024-08-10,11:40:00,19.32
Gorge,2024-08-10,11:50:00,19.38
Gorge,2024-08-10,12:00:00,19.37
Gorge,2024-08-10,12:10:00,19.4
Gorge,2024-08-10,12:20:00,19.41
Gorge,2024-08-10,12:30:00,19.44
Gorge,2024-08-10,12:40:00,19.44
Gorge,2024-08-10,12:50:00,19.45
Gorge,2024-08-10,13:00:00,19.52
Gorge,2024-08-10,13:10:00,19.53
Gorge,2024-08-10,13:20:00,19.53
Gorge,2024-08-10,13:30:00,19.66
Gorge,2024-08-10,13:40:00,19.72
Gorge,2024-08-10,13:50:00,19.81
Gorge,2024-08-10,14:00:00,19.94
Gorge,2024-08-10,14:10:00,20.02
Gorge,2024-08-10,14:20:00,20.03
Gorge,2024-08-10,14:30:00,20.06
Gorge,2024-08-10,14:40:00,19.95
Gorge,2024-08-10,14:50:00,19.92
Gorge,2024-08-10,15:00:00,19.88
Gorge,2024-08-10,15:10:00,19.88
Gorge,2024-08-10,15:20:00,20
Gorge,2024-08-10,15:30:00,20.15
Gorge,2024-08-10,15:40:00,20.17
Gorge,2024-08-10,15:50:00,20.24
Gorge,2024-08-10,16:00:00,20.22
Gorge,2024-08-10,16:10:00,20.14
Gorge,2024-08-10,16:20:00,20.12
Gorge,2024-08-10,16:30:00,20.05
Gorge,2024-08-10,16:40:00,19.8
Gorge,2024-08-10,16:50:00,19.75
Gorge,2024-08-10,17:00:00,19.86
Gorge,2024-08-10,17:10:00,19.89
Gorge,2024-08-10,17:20:00,19.74
Gorge,2024-08-10,17:30:00,19.45
Gorge,2024-08-10,17:40:00,19.75
Gorge,2024-08-10,17:50:00,19.99
Gorge,2024-08-10,18:00:00,19.75
Gorge,2024-08-10,18:10:00,19.57
Gorge,2024-08-10,18:20:00,19.25
Gorge,2024-08-10,18:30:00,19
Gorge,2024-08-10,18:40:00,18.63
Gorge,2024-08-10,18:50:00,18.25
Gorge,2024-08-10,19:00:00,18.12
Gorge,2024-08-10,19:10:00,18.64
Gorge,2024-08-10,19:20:00,18.15
Gorge,2024-08-10,19:30:00,17.73
Gorge,2024-08-10,19:40:00,17.63
Gorge,2024-08-10,19:50:00,17.29
Gorge,2024-08-10,20:00:00,16.81
Gorge,2024-08-10,20:10:00,16.7
Gorge,2024-08-10,20:20:00,16.51
Gorge,2024-08-10,20:30:00,16.25
Gorge,2024-08-10,20:40:00,16.01
Gorge,2024-08-10,20:50:00,16.13
Gorge,2024-08-10,21:00:00,16.42
Gorge,2024-08-10,21:10:00,16.63
Gorge,2024-08-10,21:20:00,16.89
Gorge,2024-08-10,21:30:00,17.19
Gorge,2024-08-10,21:40:00,17.34
Gorge,2024-08-10,21:50:00,17.28
Gorge,2024-08-10,22:00:00,17.15
Gorge,2024-08-10,22:10:00,16.84
Gorge,2024-08-10,22:20:00,16.54
Gorge,2024-08-10,22:30:00,16.49
Gorge,2024-08-10,22:40:00,16.5
Gorge,2024-08-10,22:50:00,16.73
Gorge,2024-08-10,23:00:00,16.93
Gorge,2024-08-10,23:10:00,17.15
Gorge,2024-08-10,23:20:00,17.43
Gorge,2024-08-10,23:30:00,17.46
Gorge,2024-08-10,23:40:00,17.45
Gorge,2024-08-10,23:50:00,17.24
Gorge,2024-08-11,0:00:00,16.9
Gorge,2024-08-11,0:10:00,16.32
Gorge,2024-08-11,0:20:00,16.05
Gorge,2024-08-11,0:30:00,16
Gorge,2024-08-11,0:40:00,16.42
Gorge,2024-08-11,0:50:00,16.67
Gorge,2024-08-11,1:00:00,16.65
Gorge,2024-08-11,1:10:00,16.63
Gorge,2024-08-11,1:20:00,16.57
Gorge,2024-08-11,1:30:00,16.52
Gorge,2024-08-11,1:40:00,16.56
Gorge,2024-08-11,1:50:00,16.56
Gorge,2024-08-11,2:00:00,16.59
Gorge,2024-08-11,2:10:00,16.67
Gorge,2024-08-11,2:20:00,16.73
Gorge,2024-08-11,2:30:00,16.8
Gorge,2024-08-11,2:40:00,16.94
Gorge,2024-08-11,2:50:00,17.02
Gorge,2024-08-11,3:00:00,17.15
Gorge,2024-08-11,3:10:00,17.23
Gorge,2024-08-11,3:20:00,17.26
Gorge,2024-08-11,3:30:00,17.4
Gorge,2024-08-11,3:40:00,17.5
Gorge,2024-08-11,3:50:00,17.55
Gorge,2024-08-11,4:00:00,17.67
Gorge,2024-08-11,4:10:00,17.76
Gorge,2024-08-11,4:20:00,17.76
Gorge,2024-08-11,4:30:00,17.78
Gorge,2024-08-11,4:40:00,17.84
Gorge,2024-08-11,4:50:00,17.85
Gorge,2024-08-11,5:00:00,17.91
Gorge,2024-08-11,5:10:00,17.93
Gorge,2024-08-11,5:20:00,18.02
Gorge,2024-08-11,5:30:00,18.13
Gorge,2024-08-11,5:40:00,18.25
Gorge,2024-08-11,5:50:00,18.35
Gorge,2024-08-11,6:00:00,18.36
Gorge,2024-08-11,6:10:00,18.44
Gorge,2024-08-11,6:20:00,18.5
Gorge,2024-08-11,6:30:00,18.42
Gorge,2024-08-11,6:40:00,18.38
Gorge,2024-08-11,6:50:00,18.4
Gorge,2024-08-11,7:00:00,18.39
Gorge,2024-08-11,7:10:00,18.35
Gorge,2024-08-11,7:20:00,18.41
Gorge,2024-08-11,7:30:00,18.4
Gorge,2024-08-11,7:40:00,18.49
Gorge,2024-08-11,7:50:00,18.56
Gorge,2024-08-11,8:00:00,18.4
Gorge,2024-08-11,8:10:00,18.04
Gorge,2024-08-11,8:20:00,17.8
Gorge,2024-08-11,8:30:00,17.9
Gorge,2024-08-11,8:40:00,17.93
Gorge,2024-08-11,8:50:00,17.92
Gorge,2024-08-11,9:00:00,17.87
Gorge,2024-08-11,9:10:00,18.03
Gorge,2024-08-11,9:20:00,18.38
Gorge,2024-08-11,9:30:00,18.57
Gorge,2024-08-11,9:40:00,18.64
Gorge,2024-08-11,9:50:00,18.78
Gorge,2024-08-11,10:00:00,18.84
Gorge,2024-08-11,10:10:00,18.91
Gorge,2024-08-11,10:20:00,18.93
Gorge,2024-08-11,10:30:00,18.88
Gorge,2024-08-11,10:40:00,18.89
Gorge,2024-08-11,10:50:00,18.89
Gorge,2024-08-11,11:00:00,18.83
Gorge,2024-08-11,11:10:00,18.7
Gorge,2024-08-11,11:20:00,18.64
Gorge,2024-08-11,11:30:00,18.79
Gorge,2024-08-11,11:40:00,18.8
Gorge,2024-08-11,11:50:00,18.68
Gorge,2024-08-11,12:00:00,18.78
Gorge,2024-08-11,12:10:00,18.73
Gorge,2024-08-11,12:20:00,18.82
Gorge,2024-08-11,12:30:00,18.91
Gorge,2024-08-11,12:40:00,18.83
Gorge,2024-08-11,12:50:00,18.81
Gorge,2024-08-11,13:00:00,18.91
Gorge,2024-08-11,13:10:00,18.97
Gorge,2024-08-11,13:20:00,18.97
Gorge,2024-08-11,13:30:00,18.94
Gorge,2024-08-11,13:40:00,19.01
Gorge,2024-08-11,13:50:00,19.03
Gorge,2024-08-11,14:00:00,19.1
Gorge,2024-08-11,14:10:00,19.13
Gorge,2024-08-11,14:20:00,19.02
Gorge,2024-08-11,14:30:00,18.98
Gorge,2024-08-11,14:40:00,18.81
Gorge,2024-08-11,14:50:00,18.77
Gorge,2024-08-11,15:00:00,18.81
Gorge,2024-08-11,15:10:00,18.68
Gorge,2024-08-11,15:20:00,18.7
Gorge,2024-08-11,15:30:00,18.72
Gorge,2024-08-11,15:40:00,18.7
Gorge,2024-08-11,15:50:00,18.65
Gorge,2024-08-11,16:00:00,18.51
Gorge,2024-08-11,16:10:00,18.39
Gorge,2024-08-11,16:20:00,18.21
Gorge,2024-08-11,16:30:00,18.19
Gorge,2024-08-11,16:40:00,18.13
Gorge,2024-08-11,16:50:00,18.17
Gorge,2024-08-11,17:00:00,18.13
Gorge,2024-08-11,17:10:00,18.09
Gorge,2024-08-11,17:20:00,17.98
Gorge,2024-08-11,17:30:00,17.76
Gorge,2024-08-11,17:40:00,17.52
Gorge,2024-08-11,17:50:00,17.36
Gorge,2024-08-11,18:00:00,17.25
Gorge,2024-08-11,18:10:00,17.21
Gorge,2024-08-11,18:20:00,17.19
Gorge,2024-08-11,18:30:00,17.03
Gorge,2024-08-11,18:40:00,17.01
Gorge,2024-08-11,18:50:00,17.03
Gorge,2024-08-11,19:00:00,17.03
Gorge,2024-08-11,19:10:00,16.99
Gorge,2024-08-11,19:20:00,16.81
Gorge,2024-08-11,19:30:00,16.65
Gorge,2024-08-11,19:40:00,16.56
Gorge,2024-08-11,19:50:00,16.28
Gorge,2024-08-11,20:00:00,16.2
Gorge,2024-08-11,20:10:00,16.28
Gorge,2024-08-11,20:20:00,16.2
Gorge,2024-08-11,20:30:00,16.54
Gorge,2024-08-11,20:40:00,16.72
Gorge,2024-08-11,20:50:00,16.79
Gorge,2024-08-11,21:00:00,16.85
Gorge,2024-08-11,21:10:00,16.88
Gorge,2024-08-11,21:20:00,16.76
Gorge,2024-08-11,21:30:00,16.66
Gorge,2024-08-11,21:40:00,16.72
Gorge,2024-08-11,21:50:00,16.7
Gorge,2024-08-11,22:00:00,16.55
Gorge,2024-08-11,22:10:00,16.49
Gorge,2024-08-11,22:20:00,16.6
Gorge,2024-08-11,22:30:00,16.74
Gorge,2024-08-11,22:40:00,17.24
Gorge,2024-08-11,22:50:00,17.3
Gorge,2024-08-11,23:00:00,17.33
Gorge,2024-08-11,23:10:00,17.31
Gorge,2024-08-11,23:20:00,17.32
Gorge,2024-08-11,23:30:00,17.47
Gorge,2024-08-11,23:40:00,17.37
Gorge,2024-08-11,23:50:00,16.74
Gorge,2024-08-12,0:00:00,16.26
Gorge,2024-08-12,0:10:00,15.98
Gorge,2024-08-12,0:20:00,15.86
Gorge,2024-08-12,0:30:00,15.83
Gorge,2024-08-12,0:40:00,15.99
Gorge,2024-08-12,0:50:00,16.14
Gorge,2024-08-12,1:00:00,16.17
Gorge,2024-08-12,1:10:00,16.18
Gorge,2024-08-12,1:20:00,16.24
Gorge,2024-08-12,1:30:00,16.32
Gorge,2024-08-12,1:40:00,16.39
Gorge,2024-08-12,1:50:00,16.44
Gorge,2024-08-12,2:00:00,16.52
Gorge,2024-08-12,2:10:00,16.59
Gorge,2024-08-12,2:20:00,16.65
Gorge,2024-08-12,2:30:00,16.72
Gorge,2024-08-12,2:40:00,16.8
Gorge,2024-08-12,2:50:00,16.85
Gorge,2024-08-12,3:00:00,16.94
Gorge,2024-08-12,3:10:00,17.03
Gorge,2024-08-12,3:20:00,17.13
Gorge,2024-08-12,3:30:00,17.19
Gorge,2024-08-12,3:40:00,17.28
Gorge,2024-08-12,3:50:00,17.38
Gorge,2024-08-12,4:00:00,17.46
Gorge,2024-08-12,4:10:00,17.51
Gorge,2024-08-12,4:20:00,17.59
Gorge,2024-08-12,4:30:00,17.68
Gorge,2024-08-12,4:40:00,17.76
Gorge,2024-08-12,4:50:00,17.92
Gorge,2024-08-12,5:00:00,18.05
Gorge,2024-08-12,5:10:00,18.13
Gorge,2024-08-12,5:20:00,18.24
Gorge,2024-08-12,5:30:00,18.37
Gorge,2024-08-12,5:40:00,18.57
Gorge,2024-08-12,5:50:00,18.8
Gorge,2024-08-12,6:00:00,18.84
Gorge,2024-08-12,6:10:00,18.88
Gorge,2024-08-12,6:20:00,18.96
Gorge,2024-08-12,6:30:00,19.07
Gorge,2024-08-12,6:40:00,19.21
Gorge,2024-08-12,6:50:00,19.23
Gorge,2024-08-12,7:00:00,19.23
Gorge,2024-08-12,7:10:00,19.23
Gorge,2024-08-12,7:20:00,19.22
Gorge,2024-08-12,7:30:00,19.21
Gorge,2024-08-12,7:40:00,19.2
Gorge,2024-08-12,7:50:00,19.18
Gorge,2024-08-12,8:00:00,19.21
Gorge,2024-08-12,8:10:00,19.2
Gorge,2024-08-12,8:20:00,19.22
Gorge,2024-08-12,8:30:00,19.22
Gorge,2024-08-12,8:40:00,19.22
Gorge,2024-08-12,8:50:00,19.07
Gorge,2024-08-12,9:00:00,18.83
Gorge,2024-08-12,9:10:00,18.3
Gorge,2024-08-12,9:20:00,17.92
Gorge,2024-08-12,9:30:00,18.13
Gorge,2024-08-12,9:40:00,18.55
Gorge,2024-08-12,9:50:00,18.87
Gorge,2024-08-12,10:00:00,18.89
Gorge,2024-08-12,10:10:00,18.73
Gorge,2024-08-12,10:20:00,18.7
Gorge,2024-08-12,10:30:00,18.98
Gorge,2024-08-12,10:40:00,18.86
Gorge,2024-08-12,10:50:00,18.7
Gorge,2024-08-12,11:00:00,18.42
Gorge,2024-08-12,11:10:00,18.23
Gorge,2024-08-12,11:20:00,18.27
Gorge,2024-08-12,11:30:00,18.06
Gorge,2024-08-12,11:40:00,17.89
Gorge,2024-08-12,11:50:00,17.68
Gorge,2024-08-12,12:00:00,17.55
Gorge,2024-08-12,12:10:00,17.59
Gorge,2024-08-12,12:20:00,17.63
Gorge,2024-08-12,12:30:00,17.62
Gorge,2024-08-12,12:40:00,17.61
Gorge,2024-08-12,12:50:00,17.63
Gorge,2024-08-12,13:00:00,17.65
Gorge,2024-08-12,13:10:00,17.62
Gorge,2024-08-12,13:20:00,17.68
Gorge,2024-08-12,13:30:00,17.67
Gorge,2024-08-12,13:40:00,17.55
Gorge,2024-08-12,13:50:00,17.31
Gorge,2024-08-12,14:00:00,17.2
Gorge,2024-08-12,14:10:00,17.1
Gorge,2024-08-12,14:20:00,17
Gorge,2024-08-12,14:30:00,16.94
Gorge,2024-08-12,14:40:00,16.89
Gorge,2024-08-12,14:50:00,16.82
Gorge,2024-08-12,15:00:00,16.86
Gorge,2024-08-12,15:10:00,16.87
Gorge,2024-08-12,15:20:00,16.94
Gorge,2024-08-12,15:30:00,17.06
Gorge,2024-08-12,15:40:00,17.02
Gorge,2024-08-12,15:50:00,16.98
Gorge,2024-08-12,16:00:00,16.8
Gorge,2024-08-12,16:10:00,16.84
Gorge,2024-08-12,16:20:00,16.65
Gorge,2024-08-12,16:30:00,16.62
Gorge,2024-08-12,16:40:00,16.7
Gorge,2024-08-12,16:50:00,17
Gorge,2024-08-12,17:00:00,17.21
Gorge,2024-08-12,17:10:00,16.99
Gorge,2024-08-12,17:20:00,16.7
Gorge,2024-08-12,17:30:00,16.51
Gorge,2024-08-12,17:40:00,16.41
Gorge,2024-08-12,17:50:00,16.29
Gorge,2024-08-12,18:00:00,16.26
Gorge,2024-08-12,18:10:00,16.16
Gorge,2024-08-12,18:20:00,16.11
Gorge,2024-08-12,18:30:00,15.84
Gorge,2024-08-12,18:40:00,15.71
Gorge,2024-08-12,18:50:00,15.78
Gorge,2024-08-12,19:00:00,15.85
Gorge,2024-08-12,19:10:00,15.8
Gorge,2024-08-12,19:20:00,15.86
Gorge,2024-08-12,19:30:00,15.86
Gorge,2024-08-12,19:40:00,15.87
Gorge,2024-08-12,19:50:00,15.67
Gorge,2024-08-12,20:00:00,15.6
Gorge,2024-08-12,20:10:00,15.47
Gorge,2024-08-12,20:20:00,15.56
Gorge,2024-08-12,20:30:00,15.71
Gorge,2024-08-12,20:40:00,15.72
Gorge,2024-08-12,20:50:00,15.53
Gorge,2024-08-12,21:00:00,15.62
Gorge,2024-08-12,21:10:00,15.47
Gorge,2024-08-12,21:20:00,15.33
Gorge,2024-08-12,21:30:00,15.55
Gorge,2024-08-12,21:40:00,15.72
Gorge,2024-08-12,21:50:00,16.19
Gorge,2024-08-12,22:00:00,16.28
Gorge,2024-08-12,22:10:00,16.27
Gorge,2024-08-12,22:20:00,16.34
Gorge,2024-08-12,22:30:00,16.55
Gorge,2024-08-12,22:40:00,16.45
Gorge,2024-08-12,22:50:00,16.4
Gorge,2024-08-12,23:00:00,16.36
Gorge,2024-08-12,23:10:00,16.16
Gorge,2024-08-12,23:20:00,16.17
Gorge,2024-08-12,23:30:00,16.1
Gorge,2024-08-12,23:40:00,15.89
Gorge,2024-08-12,23:50:00,15.76
Gorge,2024-08-13,0:00:00,15.48
Gorge,2024-08-13,0:10:00,15.43
Gorge,2024-08-13,0:20:00,15.38
Gorge,2024-08-13,0:30:00,15.39
Gorge,2024-08-13,0:40:00,15.37
Gorge,2024-08-13,0:50:00,15.42
Gorge,2024-08-13,1:00:00,15.47
Gorge,2024-08-13,1:10:00,15.54
Gorge,2024-08-13,1:20:00,15.58
Gorge,2024-08-13,1:30:00,15.65
Gorge,2024-08-13,1:40:00,15.71
Gorge,2024-08-13,1:50:00,15.81
Gorge,2024-08-13,2:00:00,15.85
Gorge,2024-08-13,2:10:00,16.02
Gorge,2024-08-13,2:20:00,16.17
Gorge,2024-08-13,2:30:00,16.26
Gorge,2024-08-13,2:40:00,16.34
Gorge,2024-08-13,2:50:00,16.44
Gorge,2024-08-13,3:00:00,16.5
Gorge,2024-08-13,3:10:00,16.59
Gorge,2024-08-13,3:20:00,16.67
Gorge,2024-08-13,3:30:00,16.72
Gorge,2024-08-13,3:40:00,16.82
Gorge,2024-08-13,3:50:00,16.91
Gorge,2024-08-13,4:00:00,17.03
Gorge,2024-08-13,4:10:00,17.11
Gorge,2024-08-13,4:20:00,17.2
Gorge,2024-08-13,4:30:00,17.32
Gorge,2024-08-13,4:40:00,17.45
Gorge,2024-08-13,4:50:00,17.54
Gorge,2024-08-13,5:00:00,17.73
Gorge,2024-08-13,5:10:00,17.92
Gorge,2024-08-13,5:20:00,18.03
Gorge,2024-08-13,5:30:00,18.13
Gorge,2024-08-13,5:40:00,18.38
Gorge,2024-08-13,5:50:00,18.52
Gorge,2024-08-13,6:00:00,18.65
Gorge,2024-08-13,6:10:00,18.76
Gorge,2024-08-13,6:20:00,18.79
Gorge,2024-08-13,6:30:00,18.87
Gorge,2024-08-13,6:40:00,18.94
Gorge,2024-08-13,6:50:00,19.01
Gorge,2024-08-13,7:00:00,19.15
Gorge,2024-08-13,7:10:00,19.21
Gorge,2024-08-13,7:20:00,19.18
Gorge,2024-08-13,7:30:00,19.21
Gorge,2024-08-13,7:40:00,19.18
Gorge,2024-08-13,7:50:00,19.22
Gorge,2024-08-13,8:00:00,19.18
Gorge,2024-08-13,8:10:00,19.2
Gorge,2024-08-13,8:20:00,19.2
Gorge,2024-08-13,8:30:00,19.17
Gorge,2024-08-13,8:40:00,19.16
Gorge,2024-08-13,8:50:00,19.17
Gorge,2024-08-13,9:00:00,19.07
Gorge,2024-08-13,9:10:00,18.83
Gorge,2024-08-13,9:20:00,18.4
Gorge,2024-08-13,9:30:00,18.22
Gorge,2024-08-13,9:40:00,18.11
Gorge,2024-08-13,9:50:00,17.53
Gorge,2024-08-13,10:00:00,17.11
Gorge,2024-08-13,10:10:00,17.02
Gorge,2024-08-13,10:20:00,17.14
Gorge,2024-08-13,10:30:00,17.2
Gorge,2024-08-13,10:40:00,17.25
Gorge,2024-08-13,10:50:00,17.2
Gorge,2024-08-13,11:00:00,17.05
Gorge,2024-08-13,11:10:00,17.14
Gorge,2024-08-13,11:20:00,17.11
Gorge,2024-08-13,11:30:00,16.88
Gorge,2024-08-13,11:40:00,16.49
Gorge,2024-08-13,11:50:00,16.51
Gorge,2024-08-13,12:00:00,16.65
Gorge,2024-08-13,12:10:00,16.86
Gorge,2024-08-13,12:20:00,16.76
Gorge,2024-08-13,12:30:00,16.65
Gorge,2024-08-13,12:40:00,16.62
Gorge,2024-08-13,12:50:00,16.73
Gorge,2024-08-13,13:00:00,16.6
Gorge,2024-08-13,13:10:00,16.35
Gorge,2024-08-13,13:20:00,16.29
Gorge,2024-08-13,13:30:00,16.37
Gorge,2024-08-13,13:40:00,16.48
Gorge,2024-08-13,13:50:00,16.5
Gorge,2024-08-13,14:00:00,16.36
Gorge,2024-08-13,14:10:00,16.14
Gorge,2024-08-13,14:20:00,16.46
Gorge,2024-08-13,14:30:00,16.63
Gorge,2024-08-13,14:40:00,16.55
Gorge,2024-08-13,14:50:00,16.21
Gorge,2024-08-13,15:00:00,15.99
Gorge,2024-08-13,15:10:00,16
Gorge,2024-08-13,15:20:00,15.9
Gorge,2024-08-13,15:30:00,15.83
Gorge,2024-08-13,15:40:00,15.7
Gorge,2024-08-13,15:50:00,15.63
Gorge,2024-08-13,16:00:00,15.58
Gorge,2024-08-13,16:10:00,15.54
Gorge,2024-08-13,16:20:00,15.59
Gorge,2024-08-13,16:30:00,15.57
Gorge,2024-08-13,16:40:00,15.6
Gorge,2024-08-13,16:50:00,15.63
Gorge,2024-08-13,17:00:00,15.62
Gorge,2024-08-13,17:10:00,15.63
Gorge,2024-08-13,17:20:00,15.59
Gorge,2024-08-13,17:30:00,15.6
Gorge,2024-08-13,17:40:00,15.59
Gorge,2024-08-13,17:50:00,15.57
Gorge,2024-08-13,18:00:00,15.58
Gorge,2024-08-13,18:10:00,15.61
Gorge,2024-08-13,18:20:00,15.69
Gorge,2024-08-13,18:30:00,15.7
Gorge,2024-08-13,18:40:00,15.67
Gorge,2024-08-13,18:50:00,15.61
Gorge,2024-08-13,19:00:00,15.56
Gorge,2024-08-13,19:10:00,15.52
Gorge,2024-08-13,19:20:00,15.47
Gorge,2024-08-13,19:30:00,15.44
Gorge,2024-08-13,19:40:00,15.36
Gorge,2024-08-13,19:50:00,15.31
Gorge,2024-08-13,20:00:00,15.25
Gorge,2024-08-13,20:10:00,15.26
Gorge,2024-08-13,20:20:00,15.21
Gorge,2024-08-13,20:30:00,15.24
Gorge,2024-08-13,20:40:00,15.34
Gorge,2024-08-13,20:50:00,15.37
Gorge,2024-08-13,21:00:00,15.31
Gorge,2024-08-13,21:10:00,15.25
Gorge,2024-08-13,21:20:00,15.24
Gorge,2024-08-13,21:30:00,15.29
Gorge,2024-08-13,21:40:00,15.32
Gorge,2024-08-13,21:50:00,15.31
Gorge,2024-08-13,22:00:00,15.28
Gorge,2024-08-13,22:10:00,15.32
Gorge,2024-08-13,22:20:00,15.28
Gorge,2024-08-13,22:30:00,15.32
Gorge,2024-08-13,22:40:00,15.29
Gorge,2024-08-13,22:50:00,15.24
Gorge,2024-08-13,23:00:00,15.25
Gorge,2024-08-13,23:10:00,15.27
Gorge,2024-08-13,23:20:00,15.39
Gorge,2024-08-13,23:30:00,15.47
Gorge,2024-08-13,23:40:00,15.56
Gorge,2024-08-13,23:50:00,15.61
Gorge,2024-08-14,0:00:00,15.7
Gorge,2024-08-14,0:10:00,15.61
Gorge,2024-08-14,0:20:00,15.22
Gorge,2024-08-14,0:30:00,15.04
Gorge,2024-08-14,0:40:00,14.95
Gorge,2024-08-14,0:50:00,14.99
Gorge,2024-08-14,1:00:00,15.02
Gorge,2024-08-14,1:10:00,15.06
Gorge,2024-08-14,1:20:00,15.12
Gorge,2024-08-14,1:30:00,15.15
Gorge,2024-08-14,1:40:00,15.19
Gorge,2024-08-14,1:50:00,15.16
Gorge,2024-08-14,2:00:00,15.23
Gorge,2024-08-14,2:10:00,15.28
Gorge,2024-08-14,2:20:00,15.34
Gorge,2024-08-14,2:30:00,15.45
Gorge,2024-08-14,2:40:00,15.56
Gorge,2024-08-14,2:50:00,15.67
Gorge,2024-08-14,3:00:00,15.75
Gorge,2024-08-14,3:10:00,15.95
Gorge,2024-08-14,3:20:00,16.06
Gorge,2024-08-14,3:30:00,16.13
Gorge,2024-08-14,3:40:00,16.2
Gorge,2024-08-14,3:50:00,16.29
Gorge,2024-08-14,4:00:00,16.37
Gorge,2024-08-14,4:10:00,16.43
Gorge,2024-08-14,4:20:00,16.52
Gorge,2024-08-14,4:30:00,16.66
Gorge,2024-08-14,4:40:00,16.79
Gorge,2024-08-14,4:50:00,16.92
Gorge,2024-08-14,5:00:00,17.16
Gorge,2024-08-14,5:10:00,17.32
Gorge,2024-08-14,5:20:00,17.43
Gorge,2024-08-14,5:30:00,17.66
Gorge,2024-08-14,5:40:00,17.84
Gorge,2024-08-14,5:50:00,18.03
Gorge,2024-08-14,6:00:00,18.18
Gorge,2024-08-14,6:10:00,18.27
Gorge,2024-08-14,6:20:00,18.36
Gorge,2024-08-14,6:30:00,18.42
Gorge,2024-08-14,6:40:00,18.55
Gorge,2024-08-14,6:50:00,18.69
Gorge,2024-08-14,7:00:00,18.76
Gorge,2024-08-14,7:10:00,18.87
Gorge,2024-08-14,7:20:00,18.96
Gorge,2024-08-14,7:30:00,19.03
Gorge,2024-08-14,7:40:00,19.1
Gorge,2024-08-14,7:50:00,19.16
Gorge,2024-08-14,8:00:00,19.21
Gorge,2024-08-14,8:10:00,19.32
Gorge,2024-08-14,8:20:00,19.35
Gorge,2024-08-14,8:30:00,19.3
Gorge,2024-08-14,8:40:00,19.21
Gorge,2024-08-14,8:50:00,19.21
Gorge,2024-08-14,9:00:00,19.24
Gorge,2024-08-14,9:10:00,19.24
Gorge,2024-08-14,9:20:00,19.18
Gorge,2024-08-14,9:30:00,19.18
Gorge,2024-08-14,9:40:00,19
Gorge,2024-08-14,9:50:00,18.76
Gorge,2024-08-14,10:00:00,18.71
Gorge,2024-08-14,10:10:00,18.58
Gorge,2024-08-14,10:20:00,17.92
Gorge,2024-08-14,10:30:00,17.36
Gorge,2024-08-14,10:40:00,17.06
Gorge,2024-08-14,10:50:00,17.5
Gorge,2024-08-14,11:00:00,17.63
Gorge,2024-08-14,11:10:00,17.66
Gorge,2024-08-14,11:20:00,17.92
Gorge,2024-08-14,11:30:00,17.68
Gorge,2024-08-14,11:40:00,17.79
Gorge,2024-08-14,11:50:00,17.73
Gorge,2024-08-14,12:00:00,17.38
Gorge,2024-08-14,12:10:00,17.26
Gorge,2024-08-14,12:20:00,17.25
Gorge,2024-08-14,12:30:00,17.19
Gorge,2024-08-14,12:40:00,17.03
Gorge,2024-08-14,12:50:00,16.75
Gorge,2024-08-14,13:00:00,16.46
Gorge,2024-08-14,13:10:00,16.58
Gorge,2024-08-14,13:20:00,16.86
Gorge,2024-08-14,13:30:00,17.61
Gorge,2024-08-14,13:40:00,17.06
Gorge,2024-08-14,13:50:00,16.87
Gorge,2024-08-14,14:00:00,17.06
Gorge,2024-08-14,14:10:00,17.11
Gorge,2024-08-14,14:20:00,17.05
Gorge,2024-08-14,14:30:00,17.05
Gorge,2024-08-14,14:40:00,16.76
Gorge,2024-08-14,14:50:00,16.37
Gorge,2024-08-14,15:00:00,16.37
Gorge,2024-08-14,15:10:00,16.48
Gorge,2024-08-14,15:20:00,16.55
Gorge,2024-08-14,15:30:00,16.58
Gorge,2024-08-14,15:40:00,16.58
Gorge,2024-08-14,15:50:00,16.55
Gorge,2024-08-14,16:00:00,16.35
Gorge,2024-08-14,16:10:00,16.29
Gorge,2024-08-14,16:20:00,16.4
Gorge,2024-08-14,16:30:00,16.52
Gorge,2024-08-14,16:40:00,16.75
Gorge,2024-08-14,16:50:00,16.55
Gorge,2024-08-14,17:00:00,16.32
Gorge,2024-08-14,17:10:00,16.1
Gorge,2024-08-14,17:20:00,15.87
Gorge,2024-08-14,17:30:00,15.76
Gorge,2024-08-14,17:40:00,15.74
Gorge,2024-08-14,17:50:00,15.84
Gorge,2024-08-14,18:00:00,15.93
Gorge,2024-08-14,18:10:00,15.95
Gorge,2024-08-14,18:20:00,16
Gorge,2024-08-14,18:30:00,15.95
Gorge,2024-08-14,18:40:00,15.99
Gorge,2024-08-14,18:50:00,15.99
Gorge,2024-08-14,19:00:00,16.01
Gorge,2024-08-14,19:10:00,15.97
Gorge,2024-08-14,19:20:00,15.92
Gorge,2024-08-14,19:30:00,16.02
Gorge,2024-08-14,19:40:00,16.16
Gorge,2024-08-14,19:50:00,16.18
Gorge,2024-08-14,20:00:00,16.07
Gorge,2024-08-14,20:10:00,16.02
Gorge,2024-08-14,20:20:00,16.04
Gorge,2024-08-14,20:30:00,15.91
Gorge,2024-08-14,20:40:00,15.85
Gorge,2024-08-14,20:50:00,16.02
Gorge,2024-08-14,21:00:00,16.1
Gorge,2024-08-14,21:10:00,16.04
Gorge,2024-08-14,21:20:00,16.03
Gorge,2024-08-14,21:30:00,16.03
Gorge,2024-08-14,21:40:00,16.03
Gorge,2024-08-14,21:50:00,16.07
Gorge,2024-08-14,22:00:00,15.99
Gorge,2024-08-14,22:10:00,16.07
Gorge,2024-08-14,22:20:00,16.08
Gorge,2024-08-14,22:30:00,15.89
Gorge,2024-08-14,22:40:00,15.77
Gorge,2024-08-14,22:50:00,15.57
Gorge,2024-08-14,23:00:00,15.63
Gorge,2024-08-14,23:10:00,15.59
Gorge,2024-08-14,23:20:00,15.45
Gorge,2024-08-14,23:30:00,15.49
Gorge,2024-08-14,23:40:00,15.63
Gorge,2024-08-14,23:50:00,15.86
Gorge,2024-08-15,0:00:00,16.12
Gorge,2024-08-15,0:10:00,16.17
Gorge,2024-08-15,0:20:00,16.26
Gorge,2024-08-15,0:30:00,16.26
Gorge,2024-08-15,0:40:00,16.24
Gorge,2024-08-15,0:50:00,16.24
Gorge,2024-08-15,1:00:00,16.17
Gorge,2024-08-15,1:10:00,15.97
Gorge,2024-08-15,1:20:00,15.72
Gorge,2024-08-15,1:30:00,15.61
Gorge,2024-08-15,1:40:00,15.57
Gorge,2024-08-15,1:50:00,15.61
Gorge,2024-08-15,2:00:00,15.63
Gorge,2024-08-15,2:10:00,15.65
Gorge,2024-08-15,2:20:00,15.68
Gorge,2024-08-15,2:30:00,15.66
Gorge,2024-08-15,2:40:00,15.73
Gorge,2024-08-15,2:50:00,15.77
Gorge,2024-08-15,3:00:00,15.87
Gorge,2024-08-15,3:10:00,15.95
Gorge,2024-08-15,3:20:00,16.02
Gorge,2024-08-15,3:30:00,16.08
Gorge,2024-08-15,3:40:00,16.14
Gorge,2024-08-15,3:50:00,16.2
Gorge,2024-08-15,4:00:00,16.24
Gorge,2024-08-15,4:10:00,16.36
Gorge,2024-08-15,4:20:00,16.47
Gorge,2024-08-15,4:30:00,16.57
Gorge,2024-08-15,4:40:00,16.69
Gorge,2024-08-15,4:50:00,16.82
Gorge,2024-08-15,5:00:00,16.94
Gorge,2024-08-15,5:10:00,17.06
Gorge,2024-08-15,5:20:00,17.16
Gorge,2024-08-15,5:30:00,17.3
Gorge,2024-08-15,5:40:00,17.48
Gorge,2024-08-15,5:50:00,17.55
Gorge,2024-08-15,6:00:00,17.8
Gorge,2024-08-15,6:10:00,17.91
Gorge,2024-08-15,6:20:00,18.18
Gorge,2024-08-15,6:30:00,18.32
Gorge,2024-08-15,6:40:00,18.41
Gorge,2024-08-15,6:50:00,18.5
Gorge,2024-08-15,7:00:00,18.67
Gorge,2024-08-15,7:10:00,18.91
Gorge,2024-08-15,7:20:00,19.01
Gorge,2024-08-15,7:30:00,19.07
Gorge,2024-08-15,7:40:00,19.15
Gorge,2024-08-15,7:50:00,19.26
Gorge,2024-08-15,8:00:00,19.35
Gorge,2024-08-15,8:10:00,19.42
Gorge,2024-08-15,8:20:00,19.43
Gorge,2024-08-15,8:30:00,19.54
Gorge,2024-08-15,8:40:00,19.65
Gorge,2024-08-15,8:50:00,19.72
Gorge,2024-08-15,9:00:00,19.7
Gorge,2024-08-15,9:10:00,19.8
Gorge,2024-08-15,9:20:00,19.77
Gorge,2024-08-15,9:30:00,19.76
Gorge,2024-08-15,9:40:00,19.77
Gorge,2024-08-15,9:50:00,19.8
Gorge,2024-08-15,10:00:00,19.8
Gorge,2024-08-15,10:10:00,19.79
Gorge,2024-08-15,10:20:00,19.54
Gorge,2024-08-15,10:30:00,19.36
Gorge,2024-08-15,10:40:00,19.3
Gorge,2024-08-15,10:50:00,19.08
Gorge,2024-08-15,11:00:00,18.76
Gorge,2024-08-15,11:10:00,18.17
Gorge,2024-08-15,11:20:00,17.8
Gorge,2024-08-15,11:30:00,17.46
Gorge,2024-08-15,11:40:00,17.21
Gorge,2024-08-15,11:50:00,17.2
Gorge,2024-08-15,12:00:00,17.17
Gorge,2024-08-15,12:10:00,17.17
Gorge,2024-08-15,12:20:00,17.15
Gorge,2024-08-15,12:30:00,17.1
Gorge,2024-08-15,12:40:00,16.96
Gorge,2024-08-15,12:50:00,16.87
Gorge,2024-08-15,13:00:00,16.86
Gorge,2024-08-15,13:10:00,16.85
Gorge,2024-08-15,13:20:00,16.71
Gorge,2024-08-15,13:30:00,16.63
Gorge,2024-08-15,13:40:00,16.56
Gorge,2024-08-15,13:50:00,16.45
Gorge,2024-08-15,14:00:00,16.46
Gorge,2024-08-15,14:10:00,16.54
Gorge,2024-08-15,14:20:00,16.59
Gorge,2024-08-15,14:30:00,16.7
Gorge,2024-08-15,14:40:00,17.06
Gorge,2024-08-15,14:50:00,17.31
Gorge,2024-08-15,15:00:00,17.31
Gorge,2024-08-15,15:10:00,17.43
Gorge,2024-08-15,15:20:00,17.47
Gorge,2024-08-15,15:30:00,17.52
Gorge,2024-08-15,15:40:00,17.52
Gorge,2024-08-15,15:50:00,17.13
Gorge,2024-08-15,16:00:00,16.48
Gorge,2024-08-15,16:10:00,16.3
Gorge,2024-08-15,16:20:00,16.03
Gorge,2024-08-15,16:30:00,15.95
Gorge,2024-08-15,16:40:00,15.92
Gorge,2024-08-15,16:50:00,16.07
Gorge,2024-08-15,17:00:00,16.24
Gorge,2024-08-15,17:10:00,16.54
Gorge,2024-08-15,17:20:00,16.85
Gorge,2024-08-15,17:30:00,17.55
Gorge,2024-08-15,17:40:00,17.43
Gorge,2024-08-15,17:50:00,17.34
Gorge,2024-08-15,18:00:00,17.06
Gorge,2024-08-15,18:10:00,16.81
Gorge,2024-08-15,18:20:00,16.71
Gorge,2024-08-15,18:30:00,16.61
Gorge,2024-08-15,18:40:00,16.55
Gorge,2024-08-15,18:50:00,16.5
Gorge,2024-08-15,19:00:00,16.48
Gorge,2024-08-15,19:10:00,16.48
Gorge,2024-08-15,19:20:00,16.51
Gorge,2024-08-15,19:30:00,16.59
Gorge,2024-08-15,19:40:00,16.71
Gorge,2024-08-15,19:50:00,16.74
Gorge,2024-08-15,20:00:00,16.72
Gorge,2024-08-15,20:10:00,16.7
Gorge,2024-08-15,20:20:00,16.76
Gorge,2024-08-15,20:30:00,16.63
Gorge,2024-08-15,20:40:00,16.44
Gorge,2024-08-15,20:50:00,16.17
Gorge,2024-08-15,21:00:00,16.1
Gorge,2024-08-15,21:10:00,16.07
Gorge,2024-08-15,21:20:00,16.17
Gorge,2024-08-15,21:30:00,16.28
Gorge,2024-08-15,21:40:00,16.27
Gorge,2024-08-15,21:50:00,16.33
Gorge,2024-08-15,22:00:00,16.36
Gorge,2024-08-15,22:10:00,16.44
Gorge,2024-08-15,22:20:00,16.47
Gorge,2024-08-15,22:30:00,16.63
Gorge,2024-08-15,22:40:00,16.62
Gorge,2024-08-15,22:50:00,17.02
Gorge,2024-08-15,23:00:00,17.21
Gorge,2024-08-15,23:10:00,17.05
Gorge,2024-08-15,23:20:00,16.96
Gorge,2024-08-15,23:30:00,16.91
Gorge,2024-08-15,23:40:00,16.76
Gorge,2024-08-15,23:50:00,16.57
Gorge,2024-08-16,0:00:00,16.49
Gorge,2024-08-16,0:10:00,16.4
Gorge,2024-08-16,0:20:00,16.29
Gorge,2024-08-16,0:30:00,16.24
Gorge,2024-08-16,0:40:00,16.15
Gorge,2024-08-16,0:50:00,16.13
Gorge,2024-08-16,1:00:00,16.04
Gorge,2024-08-16,1:10:00,16.04
Gorge,2024-08-16,1:20:00,15.99
Gorge,2024-08-16,1:30:00,15.95
Gorge,2024-08-16,1:40:00,15.86
Gorge,2024-08-16,1:50:00,15.89
Gorge,2024-08-16,2:00:00,15.84
Gorge,2024-08-16,2:10:00,15.8
Gorge,2024-08-16,2:20:00,15.84
Gorge,2024-08-16,2:30:00,15.86
Gorge,2024-08-16,2:40:00,15.88
Gorge,2024-08-16,2:50:00,15.86
Gorge,2024-08-16,3:00:00,15.92
Gorge,2024-08-16,3:10:00,15.97
Gorge,2024-08-16,3:20:00,16
Gorge,2024-08-16,3:30:00,16.08
Gorge,2024-08-16,3:40:00,16.18
Gorge,2024-08-16,3:50:00,16.22
Gorge,2024-08-16,4:00:00,16.28
Gorge,2024-08-16,4:10:00,16.3
Gorge,2024-08-16,4:20:00,16.37
Gorge,2024-08-16,4:30:00,16.42
Gorge,2024-08-16,4:40:00,16.39
Gorge,2024-08-16,4:50:00,16.46
Gorge,2024-08-16,5:00:00,16.55
Gorge,2024-08-16,5:10:00,16.56
Gorge,2024-08-16,5:20:00,16.64
Gorge,2024-08-16,5:30:00,16.76
Gorge,2024-08-16,5:40:00,16.94
Gorge,2024-08-16,5:50:00,17.1
Gorge,2024-08-16,6:00:00,17.14
Gorge,2024-08-16,6:10:00,17.35
Gorge,2024-08-16,6:20:00,17.47
Gorge,2024-08-16,6:30:00,17.66
Gorge,2024-08-16,6:40:00,17.8
Gorge,2024-08-16,6:50:00,17.97
Gorge,2024-08-16,7:00:00,18.19
Gorge,2024-08-16,7:10:00,18.19
Gorge,2024-08-16,7:20:00,18.21
Gorge,2024-08-16,7:30:00,18.25
Gorge,2024-08-16,7:40:00,18.57
Gorge,2024-08-16,7:50:00,18.74
Gorge,2024-08-16,8:00:00,18.95
Gorge,2024-08-16,8:10:00,19.03
Gorge,2024-08-16,8:20:00,19.07
Gorge,2024-08-16,8:30:00,19.24
Gorge,2024-08-16,8:40:00,19.45
Gorge,2024-08-16,8:50:00,19.55
Gorge,2024-08-16,9:00:00,19.52
Gorge,2024-08-16,9:10:00,19.52
Gorge,2024-08-16,9:20:00,19.48
Gorge,2024-08-16,9:30:00,19.48
Gorge,2024-08-16,9:40:00,19.53
Gorge,2024-08-16,9:50:00,19.55
Gorge,2024-08-16,10:00:00,19.6
Gorge,2024-08-16,10:10:00,19.71
Gorge,2024-08-16,10:20:00,19.75
Gorge,2024-08-16,10:30:00,19.71
Gorge,2024-08-16,10:40:00,19.72
Gorge,2024-08-16,10:50:00,19.73
Gorge,2024-08-16,11:00:00,19.77
Gorge,2024-08-16,11:10:00,19.79
Gorge,2024-08-16,11:20:00,19.63
Gorge,2024-08-16,11:30:00,19.41
Gorge,2024-08-16,11:40:00,18.82
Gorge,2024-08-16,11:50:00,18.09
Gorge,2024-08-16,12:00:00,17.67
Gorge,2024-08-16,12:10:00,17.52
Gorge,2024-08-16,12:20:00,17.41
Gorge,2024-08-16,12:30:00,17.28
Gorge,2024-08-16,12:40:00,17.23
Gorge,2024-08-16,12:50:00,17.32
Gorge,2024-08-16,13:00:00,17.07
Gorge,2024-08-16,13:10:00,16.86
Gorge,2024-08-16,13:20:00,16.78
Gorge,2024-08-16,13:30:00,16.76
Gorge,2024-08-16,13:40:00,16.67
Gorge,2024-08-16,13:50:00,16.54
Gorge,2024-08-16,14:00:00,16.45
Gorge,2024-08-16,14:10:00,16.39
Gorge,2024-08-16,14:20:00,16.33
Gorge,2024-08-16,14:30:00,16.42
Gorge,2024-08-16,14:40:00,16.55
Gorge,2024-08-16,14:50:00,16.49
Gorge,2024-08-16,15:00:00,16.45
Gorge,2024-08-16,15:10:00,16.6
Gorge,2024-08-16,15:20:00,16.65
Gorge,2024-08-16,15:30:00,16.63
Gorge,2024-08-16,15:40:00,16.8
Gorge,2024-08-16,15:50:00,16.86
Gorge,2024-08-16,16:00:00,16.67
Gorge,2024-08-16,16:10:00,16.44
Gorge,2024-08-16,16:20:00,16.48
Gorge,2024-08-16,16:30:00,16.61
Gorge,2024-08-16,16:40:00,16.65
Gorge,2024-08-16,16:50:00,16.62
Gorge,2024-08-16,17:00:00,16.51
Gorge,2024-08-16,17:10:00,16.41
Gorge,2024-08-16,17:20:00,16.41
Gorge,2024-08-16,17:30:00,16.45
Gorge,2024-08-16,17:40:00,16.7
Gorge,2024-08-16,17:50:00,16.89
Gorge,2024-08-16,18:00:00,16.99
Gorge,2024-08-16,18:10:00,16.94
Gorge,2024-08-16,18:20:00,16.98
Gorge,2024-08-16,18:30:00,16.82
Gorge,2024-08-16,18:40:00,16.56
Gorge,2024-08-16,18:50:00,16.49
Gorge,2024-08-16,19:00:00,16.74
Gorge,2024-08-16,19:10:00,16.67
Gorge,2024-08-16,19:20:00,16.61
Gorge,2024-08-16,19:30:00,16.5
Gorge,2024-08-16,19:40:00,16.39
Gorge,2024-08-16,19:50:00,16.31
Gorge,2024-08-16,20:00:00,16.29
Gorge,2024-08-16,20:10:00,16.25
Gorge,2024-08-16,20:20:00,16.21
Gorge,2024-08-16,20:30:00,16.22
Gorge,2024-08-16,20:40:00,16.21
Gorge,2024-08-16,20:50:00,16.22
Gorge,2024-08-16,21:00:00,16.21
Gorge,2024-08-16,21:10:00,16.15
Gorge,2024-08-16,21:20:00,16.02
Gorge,2024-08-16,21:30:00,15.99
Gorge,2024-08-16,21:40:00,16.1
Gorge,2024-08-16,21:50:00,16.14
Gorge,2024-08-16,22:00:00,16.13
Gorge,2024-08-16,22:10:00,16.11
Gorge,2024-08-16,22:20:00,16.05
Gorge,2024-08-16,22:30:00,16.07
Gorge,2024-08-16,22:40:00,16.06
Gorge,2024-08-16,22:50:00,16.1
Gorge,2024-08-16,23:00:00,16.12
Gorge,2024-08-16,23:10:00,16.08
Gorge,2024-08-16,23:20:00,16.05
Gorge,2024-08-16,23:30:00,16
Gorge,2024-08-16,23:40:00,15.96
Gorge,2024-08-16,23:50:00,15.98
Gorge,2024-08-17,0:00:00,15.99
Gorge,2024-08-17,0:10:00,15.99
Gorge,2024-08-17,0:20:00,16.04
Gorge,2024-08-17,0:30:00,16.02
Gorge,2024-08-17,0:40:00,16.01
Gorge,2024-08-17,0:50:00,16
Gorge,2024-08-17,1:00:00,15.97
Gorge,2024-08-17,1:10:00,15.93
Gorge,2024-08-17,1:20:00,15.81
Gorge,2024-08-17,1:30:00,15.68
Gorge,2024-08-17,1:40:00,15.63
Gorge,2024-08-17,1:50:00,15.72
Gorge,2024-08-17,2:00:00,15.69
Gorge,2024-08-17,2:10:00,15.72
Gorge,2024-08-17,2:20:00,15.71
Gorge,2024-08-17,2:30:00,15.69
Gorge,2024-08-17,2:40:00,15.68
Gorge,2024-08-17,2:50:00,15.65
Gorge,2024-08-17,3:00:00,15.57
Gorge,2024-08-17,3:10:00,15.52
Gorge,2024-08-17,3:20:00,15.49
Gorge,2024-08-17,3:30:00,15.47
Gorge,2024-08-17,3:40:00,15.51
Gorge,2024-08-17,3:50:00,15.54
Gorge,2024-08-17,4:00:00,15.7
Gorge,2024-08-17,4:10:00,15.83
Gorge,2024-08-17,4:20:00,15.88
Gorge,2024-08-17,4:30:00,15.89
Gorge,2024-08-17,4:40:00,15.96
Gorge,2024-08-17,4:50:00,15.98
Gorge,2024-08-17,5:00:00,16.03
Gorge,2024-08-17,5:10:00,16.06
Gorge,2024-08-17,5:20:00,16.08
Gorge,2024-08-17,5:30:00,16.11
Gorge,2024-08-17,5:40:00,16.17
Gorge,2024-08-17,5:50:00,16.21
Gorge,2024-08-17,6:00:00,16.21
Gorge,2024-08-17,6:10:00,16.44
Gorge,2024-08-17,6:20:00,16.67
Gorge,2024-08-17,6:30:00,16.77
Gorge,2024-08-17,6:40:00,16.96
Gorge,2024-08-17,6:50:00,17.15
Gorge,2024-08-17,7:00:00,17.18
Gorge,2024-08-17,7:10:00,17.25
Gorge,2024-08-17,7:20:00,17.44
Gorge,2024-08-17,7:30:00,17.69
Gorge,2024-08-17,7:40:00,17.87
Gorge,2024-08-17,7:50:00,17.94
Gorge,2024-08-17,8:00:00,17.98
Gorge,2024-08-17,8:10:00,18.11
Gorge,2024-08-17,8:20:00,18.3
Gorge,2024-08-17,8:30:00,18.35
Gorge,2024-08-17,8:40:00,18.4
Gorge,2024-08-17,8:50:00,18.52
Gorge,2024-08-17,9:00:00,18.52
Gorge,2024-08-17,9:10:00,18.58
Gorge,2024-08-17,9:20:00,18.63
Gorge,2024-08-17,9:30:00,18.71
Gorge,2024-08-17,9:40:00,18.81
Gorge,2024-08-17,9:50:00,18.91
Gorge,2024-08-17,10:00:00,18.99
Gorge,2024-08-17,10:10:00,19.08
Gorge,2024-08-17,10:20:00,19.16
Gorge,2024-08-17,10:30:00,19.17
Gorge,2024-08-17,10:40:00,19.17
Gorge,2024-08-17,10:50:00,19.18
Gorge,2024-08-17,11:00:00,19.11
Gorge,2024-08-17,11:10:00,19.17
Gorge,2024-08-17,11:20:00,19.35
Gorge,2024-08-17,11:30:00,19.29
Gorge,2024-08-17,11:40:00,19.26
Gorge,2024-08-17,11:50:00,19.22
Gorge,2024-08-17,12:00:00,18.68
Gorge,2024-08-17,12:10:00,18.05
Gorge,2024-08-17,12:20:00,17.66
Gorge,2024-08-17,12:30:00,17.52
Gorge,2024-08-17,12:40:00,17.49
Gorge,2024-08-17,12:50:00,17.68
Gorge,2024-08-17,13:00:00,17.43
Gorge,2024-08-17,13:10:00,17.1
Gorge,2024-08-17,13:20:00,17.23
Gorge,2024-08-17,13:30:00,17.19
Gorge,2024-08-17,13:40:00,17.15
Gorge,2024-08-17,13:50:00,17.11
Gorge,2024-08-17,14:00:00,16.84
Gorge,2024-08-17,14:10:00,16.51
Gorge,2024-08-17,14:20:00,16.4
Gorge,2024-08-17,14:30:00,16.35
Gorge,2024-08-17,14:40:00,16.25
Gorge,2024-08-17,14:50:00,16.21
Gorge,2024-08-17,15:00:00,16.21
Gorge,2024-08-17,15:10:00,16.33
Gorge,2024-08-17,15:20:00,16.6
Gorge,2024-08-17,15:30:00,16.71
Gorge,2024-08-17,15:40:00,16.78
Gorge,2024-08-17,15:50:00,16.91
Gorge,2024-08-17,16:00:00,16.93
Gorge,2024-08-17,16:10:00,17.25
Gorge,2024-08-17,16:20:00,17.47
Gorge,2024-08-17,16:30:00,17.64
Gorge,2024-08-17,16:40:00,17.47
Gorge,2024-08-17,16:50:00,17.11
Gorge,2024-08-17,17:00:00,16.74
Gorge,2024-08-17,17:10:00,16.91
Gorge,2024-08-17,17:20:00,16.95
Gorge,2024-08-17,17:30:00,16.84
Gorge,2024-08-17,17:40:00,17.5
Gorge,2024-08-17,17:50:00,17.34
Gorge,2024-08-17,18:00:00,17.45
Gorge,2024-08-17,18:10:00,16.96
Gorge,2024-08-17,18:20:00,17.19
Gorge,2024-08-17,18:30:00,17.64
Gorge,2024-08-17,18:40:00,17.66
Gorge,2024-08-17,18:50:00,16.74
Gorge,2024-08-17,19:00:00,16.41
Gorge,2024-08-17,19:10:00,16.41
Gorge,2024-08-17,19:20:00,16.34
Gorge,2024-08-17,19:30:00,16.2
Gorge,2024-08-17,19:40:00,16.18
Gorge,2024-08-17,19:50:00,16.06
Gorge,2024-08-17,20:00:00,16.08
Gorge,2024-08-17,20:10:00,16.24
Gorge,2024-08-17,20:20:00,16.08
Gorge,2024-08-17,20:30:00,16.08
Gorge,2024-08-17,20:40:00,16
Gorge,2024-08-17,20:50:00,15.9
Gorge,2024-08-17,21:00:00,15.85
Gorge,2024-08-17,21:10:00,15.97
Gorge,2024-08-17,21:20:00,15.96
Gorge,2024-08-17,21:30:00,16.01
Gorge,2024-08-17,21:40:00,16.03
Gorge,2024-08-17,21:50:00,16
Gorge,2024-08-17,22:00:00,16.01
Gorge,2024-08-17,22:10:00,16.25
Gorge,2024-08-17,22:20:00,16.13
Gorge,2024-08-17,22:30:00,16.08
Gorge,2024-08-17,22:40:00,16.16
Gorge,2024-08-17,22:50:00,16.1
Gorge,2024-08-17,23:00:00,15.88
Gorge,2024-08-17,23:10:00,15.97
Gorge,2024-08-17,23:20:00,15.97
Gorge,2024-08-17,23:30:00,15.99
Gorge,2024-08-17,23:40:00,16.1
Gorge,2024-08-17,23:50:00,16.05
Gorge,2024-08-18,0:00:00,16.03
Gorge,2024-08-18,0:10:00,16.06
Gorge,2024-08-18,0:20:00,16.08
Gorge,2024-08-18,0:30:00,16.01
Gorge,2024-08-18,0:40:00,15.92
Gorge,2024-08-18,0:50:00,15.92
Gorge,2024-08-18,1:00:00,15.89
Gorge,2024-08-18,1:10:00,15.82
Gorge,2024-08-18,1:20:00,15.78
Gorge,2024-08-18,1:30:00,15.72
Gorge,2024-08-18,1:40:00,15.74
Gorge,2024-08-18,1:50:00,15.76
Gorge,2024-08-18,2:00:00,15.8
Gorge,2024-08-18,2:10:00,15.67
Gorge,2024-08-18,2:20:00,15.68
Gorge,2024-08-18,2:30:00,15.62
Gorge,2024-08-18,2:40:00,15.53
Gorge,2024-08-18,2:50:00,15.52
Gorge,2024-08-18,3:00:00,15.56
Gorge,2024-08-18,3:10:00,15.56
Gorge,2024-08-18,3:20:00,15.61
Gorge,2024-08-18,3:30:00,15.66
Gorge,2024-08-18,3:40:00,15.66
Gorge,2024-08-18,3:50:00,15.62
Gorge,2024-08-18,4:00:00,15.6
Gorge,2024-08-18,4:10:00,15.62
Gorge,2024-08-18,4:20:00,15.58
Gorge,2024-08-18,4:30:00,15.6
Gorge,2024-08-18,4:40:00,15.57
Gorge,2024-08-18,4:50:00,15.66
Gorge,2024-08-18,5:00:00,15.71
Gorge,2024-08-18,5:10:00,15.84
Gorge,2024-08-18,5:20:00,15.87
Gorge,2024-08-18,5:30:00,15.95
Gorge,2024-08-18,5:40:00,16.04
Gorge,2024-08-18,5:50:00,16.06
Gorge,2024-08-18,6:00:00,16.15
Gorge,2024-08-18,6:10:00,16.17
Gorge,2024-08-18,6:20:00,16.18
Gorge,2024-08-18,6:30:00,16.19
Gorge,2024-08-18,6:40:00,16.2
Gorge,2024-08-18,6:50:00,16.37
Gorge,2024-08-18,7:00:00,16.45
Gorge,2024-08-18,7:10:00,16.56
Gorge,2024-08-18,7:20:00,17.05
Gorge,2024-08-18,7:30:00,17.3
Gorge,2024-08-18,7:40:00,17.44
Gorge,2024-08-18,7:50:00,17.7
Gorge,2024-08-18,8:00:00,17.84
Gorge,2024-08-18,8:10:00,18.06
Gorge,2024-08-18,8:20:00,17.98
Gorge,2024-08-18,8:30:00,18.1
Gorge,2024-08-18,8:40:00,18.3
Gorge,2024-08-18,8:50:00,18.51
Gorge,2024-08-18,9:00:00,18.71
Gorge,2024-08-18,9:10:00,18.79
Gorge,2024-08-18,9:20:00,18.85
Gorge,2024-08-18,9:30:00,19.01
Gorge,2024-08-18,9:40:00,19.21
Gorge,2024-08-18,9:50:00,19.32
Gorge,2024-08-18,10:00:00,19.31
Gorge,2024-08-18,10:10:00,19.3
Gorge,2024-08-18,10:20:00,19.3
Gorge,2024-08-18,10:30:00,19.38
Gorge,2024-08-18,10:40:00,19.43
Gorge,2024-08-18,10:50:00,19.54
Gorge,2024-08-18,11:00:00,19.58
Gorge,2024-08-18,11:10:00,19.66
Gorge,2024-08-18,11:20:00,19.71
Gorge,2024-08-18,11:30:00,19.72
Gorge,2024-08-18,11:40:00,19.8
Gorge,2024-08-18,11:50:00,19.84
Gorge,2024-08-18,12:00:00,19.89
Gorge,2024-08-18,12:10:00,19.89
Gorge,2024-08-18,12:20:00,19.91
Gorge,2024-08-18,12:30:00,19.94
Gorge,2024-08-18,12:40:00,19.92
Gorge,2024-08-18,12:50:00,19.75
Gorge,2024-08-18,13:00:00,19.47
Gorge,2024-08-18,13:10:00,18.79
Gorge,2024-08-18,13:20:00,18.26
Gorge,2024-08-18,13:30:00,17.78
Gorge,2024-08-18,13:40:00,17.48
Gorge,2024-08-18,13:50:00,17.26
Gorge,2024-08-18,14:00:00,17.17
Gorge,2024-08-18,14:10:00,17.32
Gorge,2024-08-18,14:20:00,17.43
Gorge,2024-08-18,14:30:00,17.52
Gorge,2024-08-18,14:40:00,17.25
Gorge,2024-08-18,14:50:00,17.15
Gorge,2024-08-18,15:00:00,17.22
Gorge,2024-08-18,15:10:00,17.09
Gorge,2024-08-18,15:20:00,17.03
Gorge,2024-08-18,15:30:00,16.8
Gorge,2024-08-18,15:40:00,17.38
Gorge,2024-08-18,15:50:00,17.49
Gorge,2024-08-18,16:00:00,17.46
Gorge,2024-08-18,16:10:00,17.14
Gorge,2024-08-18,16:20:00,16.74
Gorge,2024-08-18,16:30:00,16.75
Gorge,2024-08-18,16:40:00,16.87
Gorge,2024-08-18,16:50:00,16.78
Gorge,2024-08-18,17:00:00,17.03
Gorge,2024-08-18,17:10:00,17.17
Gorge,2024-08-18,17:20:00,17
Gorge,2024-08-18,17:30:00,16.51
Gorge,2024-08-18,17:40:00,16.32
Gorge,2024-08-18,17:50:00,16.71
Gorge,2024-08-18,18:00:00,17.06
Gorge,2024-08-18,18:10:00,17.1
Gorge,2024-08-18,18:20:00,16.85
Gorge,2024-08-18,18:30:00,16.79
Gorge,2024-08-18,18:40:00,16.58
Gorge,2024-08-18,18:50:00,16.33
Gorge,2024-08-18,19:00:00,16.26
Gorge,2024-08-18,19:10:00,16.15
Gorge,2024-08-18,19:20:00,16.15
Gorge,2024-08-18,19:30:00,16.15
Gorge,2024-08-18,19:40:00,16.12
Gorge,2024-08-18,19:50:00,16.14
Gorge,2024-08-18,20:00:00,16.19
Gorge,2024-08-18,20:10:00,16.33
Gorge,2024-08-18,20:20:00,16.43
Gorge,2024-08-18,20:30:00,16.58
Gorge,2024-08-18,20:40:00,16.6
Gorge,2024-08-18,20:50:00,16.52
Gorge,2024-08-18,21:00:00,16.73
Gorge,2024-08-18,21:10:00,16.78
Gorge,2024-08-18,21:20:00,16.65
Gorge,2024-08-18,21:30:00,16.59
Gorge,2024-08-18,21:40:00,16.35
Gorge,2024-08-18,21:50:00,16.15
Gorge,2024-08-18,22:00:00,16.11
Gorge,2024-08-18,22:10:00,16.08
Gorge,2024-08-18,22:20:00,16.1
Gorge,2024-08-18,22:30:00,16.28
Gorge,2024-08-18,22:40:00,16.32
Gorge,2024-08-18,22:50:00,16.24
Gorge,2024-08-18,23:00:00,16.2
Gorge,2024-08-18,23:10:00,16.01
Gorge,2024-08-18,23:20:00,15.96
Gorge,2024-08-18,23:30:00,15.98
Gorge,2024-08-18,23:40:00,15.78
Gorge,2024-08-18,23:50:00,15.72
Gorge,2024-08-19,0:00:00,15.7
Gorge,2024-08-19,0:10:00,15.42
Gorge,2024-08-19,0:20:00,15.22
Gorge,2024-08-19,0:30:00,15.4
Gorge,2024-08-19,0:40:00,15.54
Gorge,2024-08-19,0:50:00,15.74
Gorge,2024-08-19,1:00:00,15.63
Gorge,2024-08-19,1:10:00,15.42
Gorge,2024-08-19,1:20:00,15.33
Gorge,2024-08-19,1:30:00,15.67
Gorge,2024-08-19,1:40:00,16.02
Gorge,2024-08-19,1:50:00,16.17
Gorge,2024-08-19,2:00:00,16.2
Gorge,2024-08-19,2:10:00,16.04
Gorge,2024-08-19,2:20:00,16.08
Gorge,2024-08-19,2:30:00,15.93
Gorge,2024-08-19,2:40:00,15.9
Gorge,2024-08-19,2:50:00,15.89
Gorge,2024-08-19,3:00:00,15.77
Gorge,2024-08-19,3:10:00,15.49
Gorge,2024-08-19,3:20:00,15.57
Gorge,2024-08-19,3:30:00,15.6
Gorge,2024-08-19,3:40:00,15.76
Gorge,2024-08-19,3:50:00,15.9
Gorge,2024-08-19,4:00:00,15.9
Gorge,2024-08-19,4:10:00,15.86
Gorge,2024-08-19,4:20:00,15.85
Gorge,2024-08-19,4:30:00,15.86
Gorge,2024-08-19,4:40:00,15.53
Gorge,2024-08-19,4:50:00,15.28
Gorge,2024-08-19,5:00:00,15.3
Gorge,2024-08-19,5:10:00,15.3
Gorge,2024-08-19,5:20:00,15.25
Gorge,2024-08-19,5:30:00,15.24
Gorge,2024-08-19,5:40:00,15.32
Gorge,2024-08-19,5:50:00,15.4
Gorge,2024-08-19,6:00:00,15.46
Gorge,2024-08-19,6:10:00,15.65
Gorge,2024-08-19,6:20:00,15.74
Gorge,2024-08-19,6:30:00,15.83
Gorge,2024-08-19,6:40:00,15.82
Gorge,2024-08-19,6:50:00,15.84
Gorge,2024-08-19,7:00:00,15.86
Gorge,2024-08-19,7:10:00,15.89
Gorge,2024-08-19,7:20:00,15.95
Gorge,2024-08-19,7:30:00,16.01
Gorge,2024-08-19,7:40:00,16.33
Gorge,2024-08-19,7:50:00,16.51
Gorge,2024-08-19,8:00:00,16.72
Gorge,2024-08-19,8:10:00,16.82
Gorge,2024-08-19,8:20:00,17.02
Gorge,2024-08-19,8:30:00,17.06
Gorge,2024-08-19,8:40:00,17.19
Gorge,2024-08-19,8:50:00,17.44
Gorge,2024-08-19,9:00:00,17.5
Gorge,2024-08-19,9:10:00,17.52
Gorge,2024-08-19,9:20:00,17.76
Gorge,2024-08-19,9:30:00,17.9
Gorge,2024-08-19,9:40:00,18.09
Gorge,2024-08-19,9:50:00,18.22
Gorge,2024-08-19,10:00:00,18.33
Gorge,2024-08-19,10:10:00,18.34
Gorge,2024-08-19,10:20:00,18.37
Gorge,2024-08-19,10:30:00,18.39
Gorge,2024-08-19,10:40:00,18.44
Gorge,2024-08-19,10:50:00,18.59
Gorge,2024-08-19,11:00:00,18.72
Gorge,2024-08-19,11:10:00,18.82
Gorge,2024-08-19,11:20:00,18.85
Gorge,2024-08-19,11:30:00,18.86
Gorge,2024-08-19,11:40:00,18.95
Gorge,2024-08-19,11:50:00,18.99
Gorge,2024-08-19,12:00:00,19.11
Gorge,2024-08-19,12:10:00,19.2
Gorge,2024-08-19,12:20:00,19.28
Gorge,2024-08-19,12:30:00,19.35
Gorge,2024-08-19,12:40:00,19.38
Gorge,2024-08-19,12:50:00,19.38
Gorge,2024-08-19,13:00:00,19.15
Gorge,2024-08-19,13:10:00,18.71
Gorge,2024-08-19,13:20:00,17.87
Gorge,2024-08-19,13:30:00,17.29
Gorge,2024-08-19,13:40:00,16.9
Gorge,2024-08-19,13:50:00,16.86
Gorge,2024-08-19,14:00:00,16.5
Gorge,2024-08-19,14:10:00,16.57
Gorge,2024-08-19,14:20:00,16.76
Gorge,2024-08-19,14:30:00,16.51
Gorge,2024-08-19,14:40:00,16.4
Gorge,2024-08-19,14:50:00,16.3
Gorge,2024-08-19,15:00:00,16
Gorge,2024-08-19,15:10:00,15.69
Gorge,2024-08-19,15:20:00,15.58
Gorge,2024-08-19,15:30:00,15.53
Gorge,2024-08-19,15:40:00,15.37
Gorge,2024-08-19,15:50:00,15.36
Gorge,2024-08-19,16:00:00,15.33
Gorge,2024-08-19,16:10:00,15.27
Gorge,2024-08-19,16:20:00,15.08
Gorge,2024-08-19,16:30:00,15.06
Gorge,2024-08-19,16:40:00,15.12
Gorge,2024-08-19,16:50:00,15.24
Gorge,2024-08-19,17:00:00,15.15
Gorge,2024-08-19,17:10:00,15.13
Gorge,2024-08-19,17:20:00,15.12
Gorge,2024-08-19,17:30:00,15.15
Gorge,2024-08-19,17:40:00,15.26
Gorge,2024-08-19,17:50:00,15.43
Gorge,2024-08-19,18:00:00,15.47
Gorge,2024-08-19,18:10:00,15.53
Gorge,2024-08-19,18:20:00,15.75
Gorge,2024-08-19,18:30:00,15.84
Gorge,2024-08-19,18:40:00,15.76
Gorge,2024-08-19,18:50:00,15.45
Gorge,2024-08-19,19:00:00,15.06
Gorge,2024-08-19,19:10:00,14.92
Gorge,2024-08-19,19:20:00,14.94
Gorge,2024-08-19,19:30:00,15.04
Gorge,2024-08-19,19:40:00,15.12
Gorge,2024-08-19,19:50:00,15.24
Gorge,2024-08-19,20:00:00,15.34
Gorge,2024-08-19,20:10:00,15.43
Gorge,2024-08-19,20:20:00,15.43
Gorge,2024-08-19,20:30:00,15.66
Gorge,2024-08-19,20:40:00,15.82
Gorge,2024-08-19,20:50:00,15.84
Gorge,2024-08-19,21:00:00,15.85
Gorge,2024-08-19,21:10:00,15.83
Gorge,2024-08-19,21:20:00,15.74
Gorge,2024-08-19,21:30:00,15.84
Gorge,2024-08-19,21:40:00,15.82
Gorge,2024-08-19,21:50:00,15.66
Gorge,2024-08-19,22:00:00,15.54
Gorge,2024-08-19,22:10:00,15.47
Gorge,2024-08-19,22:20:00,15.54
Gorge,2024-08-19,22:30:00,15.71
Gorge,2024-08-19,22:40:00,15.95
Gorge,2024-08-19,22:50:00,15.89
Gorge,2024-08-19,23:00:00,15.76
Gorge,2024-08-19,23:10:00,15.6
Gorge,2024-08-19,23:20:00,15.47
Gorge,2024-08-19,23:30:00,15.45
Gorge,2024-08-19,23:40:00,15.52
Gorge,2024-08-19,23:50:00,15.52
Gorge,2024-08-20,0:00:00,15.4
Gorge,2024-08-20,0:10:00,15.15
Gorge,2024-08-20,0:20:00,14.82
Gorge,2024-08-20,0:30:00,14.71
Gorge,2024-08-20,0:40:00,14.63
Gorge,2024-08-20,0:50:00,14.56
Gorge,2024-08-20,1:00:00,14.49
Gorge,2024-08-20,1:10:00,14.39
Gorge,2024-08-20,1:20:00,14.4
Gorge,2024-08-20,1:30:00,14.45
Gorge,2024-08-20,1:40:00,14.56
Gorge,2024-08-20,1:50:00,14.64
Gorge,2024-08-20,2:00:00,14.73
Gorge,2024-08-20,2:10:00,14.78
Gorge,2024-08-20,2:20:00,14.88
Gorge,2024-08-20,2:30:00,15
Gorge,2024-08-20,2:40:00,14.98
Gorge,2024-08-20,2:50:00,14.97
Gorge,2024-08-20,3:00:00,15.19
Gorge,2024-08-20,3:10:00,15.31
Gorge,2024-08-20,3:20:00,15.31
Gorge,2024-08-20,3:30:00,15.28
Gorge,2024-08-20,3:40:00,15.36
Gorge,2024-08-20,3:50:00,15.46
Gorge,2024-08-20,4:00:00,15.43
Gorge,2024-08-20,4:10:00,15.27
Gorge,2024-08-20,4:20:00,15.13
Gorge,2024-08-20,4:30:00,14.99
Gorge,2024-08-20,4:40:00,15.13
Gorge,2024-08-20,4:50:00,15.45
Gorge,2024-08-20,5:00:00,15.66
Gorge,2024-08-20,5:10:00,15.76
Gorge,2024-08-20,5:20:00,15.8
Gorge,2024-08-20,5:30:00,15.42
Gorge,2024-08-20,5:40:00,14.74
Gorge,2024-08-20,5:50:00,14.54
Gorge,2024-08-20,6:00:00,14.53
Gorge,2024-08-20,6:10:00,14.54
Gorge,2024-08-20,6:20:00,14.59
Gorge,2024-08-20,6:30:00,14.64
Gorge,2024-08-20,6:40:00,14.71
Gorge,2024-08-20,6:50:00,14.77
Gorge,2024-08-20,7:00:00,14.82
Gorge,2024-08-20,7:10:00,14.87
Gorge,2024-08-20,7:20:00,14.97
Gorge,2024-08-20,7:30:00,15
Gorge,2024-08-20,7:40:00,15.02
Gorge,2024-08-20,7:50:00,15.09
Gorge,2024-08-20,8:00:00,15.16
Gorge,2024-08-20,8:10:00,15.22
Gorge,2024-08-20,8:20:00,15.28
Gorge,2024-08-20,8:30:00,15.37
Gorge,2024-08-20,8:40:00,15.59
Gorge,2024-08-20,8:50:00,15.83
Gorge,2024-08-20,9:00:00,15.89
Gorge,2024-08-20,9:10:00,16.05
Gorge,2024-08-20,9:20:00,16.29
Gorge,2024-08-20,9:30:00,16.31
Gorge,2024-08-20,9:40:00,16.59
Gorge,2024-08-20,9:50:00,16.65
Gorge,2024-08-20,10:00:00,16.65
Gorge,2024-08-20,10:10:00,16.84
Gorge,2024-08-20,10:20:00,17.09
Gorge,2024-08-20,10:30:00,17.21
Gorge,2024-08-20,10:40:00,17.4
Gorge,2024-08-20,10:50:00,17.52
Gorge,2024-08-20,11:00:00,17.56
Gorge,2024-08-20,11:10:00,17.56
Gorge,2024-08-20,11:20:00,17.75
Gorge,2024-08-20,11:30:00,17.93
Gorge,2024-08-20,11:40:00,17.98
Gorge,2024-08-20,11:50:00,18.17
Gorge,2024-08-20,12:00:00,18.24
Gorge,2024-08-20,12:10:00,18.3
Gorge,2024-08-20,12:20:00,18.33
Gorge,2024-08-20,12:30:00,18.38
Gorge,2024-08-20,12:40:00,18.42
Gorge,2024-08-20,12:50:00,18.49
Gorge,2024-08-20,13:00:00,18.51
Gorge,2024-08-20,13:10:00,18.39
Gorge,2024-08-20,13:20:00,18.1
Gorge,2024-08-20,13:30:00,17.9
Gorge,2024-08-20,13:40:00,17.7
Gorge,2024-08-20,13:50:00,17.39
Gorge,2024-08-20,14:00:00,16.86
Gorge,2024-08-20,14:10:00,16.54
Gorge,2024-08-20,14:20:00,16.24
Gorge,2024-08-20,14:30:00,16.26
Gorge,2024-08-20,14:40:00,16.31
Gorge,2024-08-20,14:50:00,16.3
Gorge,2024-08-20,15:00:00,16.13
Gorge,2024-08-20,15:10:00,16.17
Gorge,2024-08-20,15:20:00,16.64
Gorge,2024-08-20,15:30:00,16.79
Gorge,2024-08-20,15:40:00,16.05
Gorge,2024-08-20,15:50:00,15.71
Gorge,2024-08-20,16:00:00,15.24
Gorge,2024-08-20,16:10:00,15.09
Gorge,2024-08-20,16:20:00,14.95
Gorge,2024-08-20,16:30:00,14.92
Gorge,2024-08-20,16:40:00,15.17
Gorge,2024-08-20,16:50:00,15.75
Gorge,2024-08-20,17:00:00,15.61
Gorge,2024-08-20,17:10:00,15.6
Gorge,2024-08-20,17:20:00,15.56
Gorge,2024-08-20,17:30:00,15.37
Gorge,2024-08-20,17:40:00,15.51
Gorge,2024-08-20,17:50:00,15.54
Gorge,2024-08-20,18:00:00,15.49
Gorge,2024-08-20,18:10:00,15.42
Gorge,2024-08-20,18:20:00,15.48
Gorge,2024-08-20,18:30:00,15.46
Gorge,2024-08-20,18:40:00,15.41
Gorge,2024-08-20,18:50:00,15.22
Gorge,2024-08-20,19:00:00,15.15
Gorge,2024-08-20,19:10:00,15.31
Gorge,2024-08-20,19:20:00,15.42
Gorge,2024-08-20,19:30:00,15.58
Gorge,2024-08-20,19:40:00,15.83
Gorge,2024-08-20,19:50:00,15.73
Gorge,2024-08-20,20:00:00,15.65
Gorge,2024-08-20,20:10:00,15.74
Gorge,2024-08-20,20:20:00,15.91
Gorge,2024-08-20,20:30:00,15.93
Gorge,2024-08-20,20:40:00,15.95
Gorge,2024-08-20,20:50:00,16.11
Gorge,2024-08-20,21:00:00,15.9
Gorge,2024-08-20,21:10:00,15.73
Gorge,2024-08-20,21:20:00,15.53
Gorge,2024-08-20,21:30:00,15.62
Gorge,2024-08-20,21:40:00,15.9
Gorge,2024-08-20,21:50:00,16.42
Gorge,2024-08-20,22:00:00,16.62
Gorge,2024-08-20,22:10:00,16.61
Gorge,2024-08-20,22:20:00,16.31
Gorge,2024-08-20,22:30:00,15.9
Gorge,2024-08-20,22:40:00,15.73
Gorge,2024-08-20,22:50:00,15.63
Gorge,2024-08-20,23:00:00,15.54
Gorge,2024-08-20,23:10:00,15.45
Gorge,2024-08-20,23:20:00,15.34
Gorge,2024-08-20,23:30:00,15.33
Gorge,2024-08-20,23:40:00,15.39
Gorge,2024-08-20,23:50:00,15.39
Gorge,2024-08-21,0:00:00,15.42
Gorge,2024-08-21,0:10:00,15.4
Gorge,2024-08-21,0:20:00,15.37
Gorge,2024-08-21,0:30:00,15.36
Gorge,2024-08-21,0:40:00,15.33
Gorge,2024-08-21,0:50:00,15.37
Gorge,2024-08-21,1:00:00,15.34
Gorge,2024-08-21,1:10:00,15.32
Gorge,2024-08-21,1:20:00,14.83
Gorge,2024-08-21,1:30:00,14.59
Gorge,2024-08-21,1:40:00,14.64
Gorge,2024-08-21,1:50:00,14.81
Gorge,2024-08-21,2:00:00,14.89
Gorge,2024-08-21,2:10:00,14.81
Gorge,2024-08-21,2:20:00,14.65
Gorge,2024-08-21,2:30:00,14.5
Gorge,2024-08-21,2:40:00,14.56
Gorge,2024-08-21,2:50:00,14.73
Gorge,2024-08-21,3:00:00,14.77
Gorge,2024-08-21,3:10:00,14.74
Gorge,2024-08-21,3:20:00,14.63
Gorge,2024-08-21,3:30:00,14.43
Gorge,2024-08-21,3:40:00,14.41
Gorge,2024-08-21,3:50:00,14.44
Gorge,2024-08-21,4:00:00,14.54
Gorge,2024-08-21,4:10:00,14.56
Gorge,2024-08-21,4:20:00,14.55
Gorge,2024-08-21,4:30:00,14.56
Gorge,2024-08-21,4:40:00,14.74
Gorge,2024-08-21,4:50:00,14.8
Gorge,2024-08-21,5:00:00,14.86
Gorge,2024-08-21,5:10:00,14.89
Gorge,2024-08-21,5:20:00,14.96
Gorge,2024-08-21,5:30:00,14.94
Gorge,2024-08-21,5:40:00,14.93
Gorge,2024-08-21,5:50:00,14.91
Gorge,2024-08-21,6:00:00,14.91
Gorge,2024-08-21,6:10:00,14.97
Gorge,2024-08-21,6:20:00,15.07
Gorge,2024-08-21,6:30:00,14.99
Gorge,2024-08-21,6:40:00,14.99
Gorge,2024-08-21,6:50:00,14.54
Gorge,2024-08-21,7:00:00,14.34
Gorge,2024-08-21,7:10:00,14.27
Gorge,2024-08-21,7:20:00,14.29
Gorge,2024-08-21,7:30:00,14.34
Gorge,2024-08-21,7:40:00,14.34
Gorge,2024-08-21,7:50:00,14.42
Gorge,2024-08-21,8:00:00,14.5
Gorge,2024-08-21,8:10:00,14.6
Gorge,2024-08-21,8:20:00,14.75
Gorge,2024-08-21,8:30:00,14.92
Gorge,2024-08-21,8:40:00,15.02
Gorge,2024-08-21,8:50:00,15.06
Gorge,2024-08-21,9:00:00,15.07
Gorge,2024-08-21,9:10:00,15.1
Gorge,2024-08-21,9:20:00,15.15
Gorge,2024-08-21,9:30:00,15.24
Gorge,2024-08-21,9:40:00,15.32
Gorge,2024-08-21,9:50:00,15.63
Gorge,2024-08-21,10:00:00,15.75
Gorge,2024-08-21,10:10:00,15.91
Gorge,2024-08-21,10:20:00,16.01
Gorge,2024-08-21,10:30:00,16.14
Gorge,2024-08-21,10:40:00,16.24
Gorge,2024-08-21,10:50:00,16.31
Gorge,2024-08-21,11:00:00,16.41
Gorge,2024-08-21,11:10:00,16.46
Gorge,2024-08-21,11:20:00,16.63
Gorge,2024-08-21,11:30:00,16.75
Gorge,2024-08-21,11:40:00,16.86
Gorge,2024-08-21,11:50:00,16.88
Gorge,2024-08-21,12:00:00,16.88
Gorge,2024-08-21,12:10:00,16.9
Gorge,2024-08-21,12:20:00,16.91
Gorge,2024-08-21,12:30:00,16.92
Gorge,2024-08-21,12:40:00,16.98
Gorge,2024-08-21,12:50:00,17.04
Gorge,2024-08-21,13:00:00,17.1
Gorge,2024-08-21,13:10:00,17.19
Gorge,2024-08-21,13:20:00,17.25
Gorge,2024-08-21,13:30:00,17.35
Gorge,2024-08-21,13:40:00,17.46
Gorge,2024-08-21,13:50:00,17.52
Gorge,2024-08-21,14:00:00,17.41
Gorge,2024-08-21,14:10:00,16.78
Gorge,2024-08-21,14:20:00,16.49
Gorge,2024-08-21,14:30:00,15.88
Gorge,2024-08-21,14:40:00,15.45
Gorge,2024-08-21,14:50:00,15.59
Gorge,2024-08-21,15:00:00,15.55
Gorge,2024-08-21,15:10:00,15.48
Gorge,2024-08-21,15:20:00,15.41
Gorge,2024-08-21,15:30:00,15.24
Gorge,2024-08-21,15:40:00,15.19
Gorge,2024-08-21,15:50:00,15
Gorge,2024-08-21,16:00:00,14.82
Gorge,2024-08-21,16:10:00,14.62
Gorge,2024-08-21,16:20:00,14.8
Gorge,2024-08-21,16:30:00,14.75
Gorge,2024-08-21,16:40:00,14.59
Gorge,2024-08-21,16:50:00,14.39
Gorge,2024-08-21,17:00:00,14.4
Gorge,2024-08-21,17:10:00,14.42
Gorge,2024-08-21,17:20:00,14.34
Gorge,2024-08-21,17:30:00,14.38
Gorge,2024-08-21,17:40:00,14.44
Gorge,2024-08-21,17:50:00,14.73
Gorge,2024-08-21,18:00:00,14.86
Gorge,2024-08-21,18:10:00,14.8
Gorge,2024-08-21,18:20:00,14.54
Gorge,2024-08-21,18:30:00,14.24
Gorge,2024-08-21,18:40:00,14.15
Gorge,2024-08-21,18:50:00,14.17
Gorge,2024-08-21,19:00:00,14.09
Gorge,2024-08-21,19:10:00,14.11
Gorge,2024-08-21,19:20:00,14.09
Gorge,2024-08-21,19:30:00,14.08
Gorge,2024-08-21,19:40:00,14.09
Gorge,2024-08-21,19:50:00,14.05
Gorge,2024-08-21,20:00:00,14.08
Gorge,2024-08-21,20:10:00,14.25
Gorge,2024-08-21,20:20:00,14.33
Gorge,2024-08-21,20:30:00,14.41
Gorge,2024-08-21,20:40:00,14.5
Gorge,2024-08-21,20:50:00,14.48
Gorge,2024-08-21,21:00:00,14.38
Gorge,2024-08-21,21:10:00,14.44
Gorge,2024-08-21,21:20:00,14.44
Gorge,2024-08-21,21:30:00,14.44
Gorge,2024-08-21,21:40:00,14.44
Gorge,2024-08-21,21:50:00,14.57
Gorge,2024-08-21,22:00:00,14.69
Gorge,2024-08-21,22:10:00,14.7
Gorge,2024-08-21,22:20:00,14.68
Gorge,2024-08-21,22:30:00,14.59
Gorge,2024-08-21,22:40:00,14.58
Gorge,2024-08-21,22:50:00,14.57
Gorge,2024-08-21,23:00:00,14.57
Gorge,2024-08-21,23:10:00,14.52
Gorge,2024-08-21,23:20:00,14.51
Gorge,2024-08-21,23:30:00,14.53
Gorge,2024-08-21,23:40:00,14.56
Gorge,2024-08-21,23:50:00,14.64
Gorge,2024-08-22,0:00:00,14.66
Gorge,2024-08-22,0:10:00,14.7
Gorge,2024-08-22,0:20:00,14.73
Gorge,2024-08-22,0:30:00,14.84
Gorge,2024-08-22,0:40:00,14.87
Gorge,2024-08-22,0:50:00,14.8
Gorge,2024-08-22,1:00:00,14.81
Gorge,2024-08-22,1:10:00,14.78
Gorge,2024-08-22,1:20:00,14.78
Gorge,2024-08-22,1:30:00,14.79
Gorge,2024-08-22,1:40:00,14.8
Gorge,2024-08-22,1:50:00,14.78
Gorge,2024-08-22,2:00:00,14.74
Gorge,2024-08-22,2:10:00,14.65
Gorge,2024-08-22,2:20:00,14.53
Gorge,2024-08-22,2:30:00,14.45
Gorge,2024-08-22,2:40:00,14.35
Gorge,2024-08-22,2:50:00,14.27
Gorge,2024-08-22,3:00:00,14.22
Gorge,2024-08-22,3:10:00,14.26
Gorge,2024-08-22,3:20:00,14.23
Gorge,2024-08-22,3:30:00,14.2
Gorge,2024-08-22,3:40:00,14.17
Gorge,2024-08-22,3:50:00,14.2
Gorge,2024-08-22,4:00:00,14.17
Gorge,2024-08-22,4:10:00,14.1
Gorge,2024-08-22,4:20:00,14.04
Gorge,2024-08-22,4:30:00,14.03
Gorge,2024-08-22,4:40:00,14.08
Gorge,2024-08-22,4:50:00,14.05
Gorge,2024-08-22,5:00:00,14.01
Gorge,2024-08-22,5:10:00,13.94
Gorge,2024-08-22,5:20:00,13.91
Gorge,2024-08-22,5:30:00,13.95
Gorge,2024-08-22,5:40:00,13.99
Gorge,2024-08-22,5:50:00,14.05
Gorge,2024-08-22,6:00:00,14.09
Gorge,2024-08-22,6:10:00,14.14
Gorge,2024-08-22,6:20:00,14.14
Gorge,2024-08-22,6:30:00,14.15
Gorge,2024-08-22,6:40:00,14.21
Gorge,2024-08-22,6:50:00,14.22
Gorge,2024-08-22,7:00:00,14.14
Gorge,2024-08-22,7:10:00,14.19
Gorge,2024-08-22,7:20:00,14.2
Gorge,2024-08-22,7:30:00,14.19
Gorge,2024-08-22,7:40:00,14.18
Gorge,2024-08-22,7:50:00,14.13
Gorge,2024-08-22,8:00:00,14.08
Gorge,2024-08-22,8:10:00,14.04
Gorge,2024-08-22,8:20:00,14.06
Gorge,2024-08-22,8:30:00,14.11
Gorge,2024-08-22,8:40:00,14.12
Gorge,2024-08-22,8:50:00,14.13
Gorge,2024-08-22,9:00:00,14.21
Gorge,2024-08-22,9:10:00,14.4
Gorge,2024-08-22,9:20:00,14.53
Gorge,2024-08-22,9:30:00,14.63
Gorge,2024-08-22,9:40:00,14.73
Gorge,2024-08-22,9:50:00,14.82
Gorge,2024-08-22,10:00:00,15
Gorge,2024-08-22,10:10:00,15.12
Gorge,2024-08-22,10:20:00,15.24
Gorge,2024-08-22,10:30:00,15.37
Gorge,2024-08-22,10:40:00,15.46
Gorge,2024-08-22,10:50:00,15.54
Gorge,2024-08-22,11:00:00,15.67
Gorge,2024-08-22,11:10:00,15.81
Gorge,2024-08-22,11:20:00,15.91
Gorge,2024-08-22,11:30:00,16.04
Gorge,2024-08-22,11:40:00,16.17
Gorge,2024-08-22,11:50:00,16.36
Gorge,2024-08-22,12:00:00,16.49
Gorge,2024-08-22,12:10:00,16.65
Gorge,2024-08-22,12:20:00,16.7
Gorge,2024-08-22,12:30:00,16.81
Gorge,2024-08-22,12:40:00,16.78
Gorge,2024-08-22,12:50:00,16.78
Gorge,2024-08-22,13:00:00,16.85
Gorge,2024-08-22,13:10:00,16.86
Gorge,2024-08-22,13:20:00,16.87
Gorge,2024-08-22,13:30:00,16.85
Gorge,2024-08-22,13:40:00,16.88
Gorge,2024-08-22,13:50:00,16.9
Gorge,2024-08-22,14:00:00,16.95
Gorge,2024-08-22,14:10:00,16.98
Gorge,2024-08-22,14:20:00,17.01
Gorge,2024-08-22,14:30:00,16.9
Gorge,2024-08-22,14:40:00,15.82
Gorge,2024-08-22,14:50:00,15.3
Gorge,2024-08-22,15:00:00,15.12
Gorge,2024-08-22,15:10:00,15.18
Gorge,2024-08-22,15:20:00,15.33
Gorge,2024-08-22,15:30:00,15
Gorge,2024-08-22,15:40:00,14.77
Gorge,2024-08-22,15:50:00,14.67
Gorge,2024-08-22,16:00:00,14.48
Gorge,2024-08-22,16:10:00,14.35
Gorge,2024-08-22,16:20:00,14.27
Gorge,2024-08-22,16:30:00,14.2
Gorge,2024-08-22,16:40:00,14.15
Gorge,2024-08-22,16:50:00,14.08
Gorge,2024-08-22,17:00:00,13.96
Gorge,2024-08-22,17:10:00,13.93
Gorge,2024-08-22,17:20:00,13.93
Gorge,2024-08-22,17:30:00,13.88
Gorge,2024-08-22,17:40:00,13.96
Gorge,2024-08-22,17:50:00,13.88
Gorge,2024-08-22,18:00:00,13.74
Gorge,2024-08-22,18:10:00,13.92
Gorge,2024-08-22,18:20:00,13.86
Gorge,2024-08-22,18:30:00,13.83
Gorge,2024-08-22,18:40:00,13.92
Gorge,2024-08-22,18:50:00,13.85
Gorge,2024-08-22,19:00:00,13.75
Gorge,2024-08-22,19:10:00,13.78
Gorge,2024-08-22,19:20:00,13.88
Gorge,2024-08-22,19:30:00,13.9
Gorge,2024-08-22,19:40:00,13.88
Gorge,2024-08-22,19:50:00,13.89
Gorge,2024-08-22,20:00:00,14.01
Gorge,2024-08-22,20:10:00,14.03
Gorge,2024-08-22,20:20:00,14
Gorge,2024-08-22,20:30:00,14.05
Gorge,2024-08-22,20:40:00,14.12
Gorge,2024-08-22,20:50:00,14.13
Gorge,2024-08-22,21:00:00,14.12
Gorge,2024-08-22,21:10:00,14.18
Gorge,2024-08-22,21:20:00,14.15
Gorge,2024-08-22,21:30:00,14.09
Gorge,2024-08-22,21:40:00,14.11
Gorge,2024-08-22,21:50:00,14.17
Gorge,2024-08-22,22:00:00,14.27
Gorge,2024-08-22,22:10:00,14.34
Gorge,2024-08-22,22:20:00,14.29
Gorge,2024-08-22,22:30:00,14.1
Gorge,2024-08-22,22:40:00,13.96
Gorge,2024-08-22,22:50:00,13.93
Gorge,2024-08-22,23:00:00,13.83
Gorge,2024-08-22,23:10:00,13.85
Gorge,2024-08-22,23:20:00,13.88
Gorge,2024-08-22,23:30:00,13.91
Gorge,2024-08-22,23:40:00,13.94
Gorge,2024-08-22,23:50:00,14.03
Gorge,2024-08-23,0:00:00,14.09
Gorge,2024-08-23,0:10:00,14.14
Gorge,2024-08-23,0:20:00,14.28
Gorge,2024-08-23,0:30:00,14.37
Gorge,2024-08-23,0:40:00,14.45
Gorge,2024-08-23,0:50:00,14.49
Gorge,2024-08-23,1:00:00,14.55
Gorge,2024-08-23,1:10:00,14.64
Gorge,2024-08-23,1:20:00,14.63
Gorge,2024-08-23,1:30:00,14.66
Gorge,2024-08-23,1:40:00,14.67
Gorge,2024-08-23,1:50:00,14.73
Gorge,2024-08-23,2:00:00,14.78
Gorge,2024-08-23,2:10:00,14.72
Gorge,2024-08-23,2:20:00,14.71
Gorge,2024-08-23,2:30:00,14.7
Gorge,2024-08-23,2:40:00,14.7
Gorge,2024-08-23,2:50:00,14.73
Gorge,2024-08-23,3:00:00,14.64
Gorge,2024-08-23,3:10:00,14.59
Gorge,2024-08-23,3:20:00,14.56
Gorge,2024-08-23,3:30:00,14.65
Gorge,2024-08-23,3:40:00,14.58
Gorge,2024-08-23,3:50:00,14.52
Gorge,2024-08-23,4:00:00,14.44
Gorge,2024-08-23,4:10:00,14.33
Gorge,2024-08-23,4:20:00,14.36
Gorge,2024-08-23,4:30:00,14.34
Gorge,2024-08-23,4:40:00,14.19
Gorge,2024-08-23,4:50:00,14.05
Gorge,2024-08-23,5:00:00,13.95
Gorge,2024-08-23,5:10:00,13.8
Gorge,2024-08-23,5:20:00,13.76
Gorge,2024-08-23,5:30:00,13.68
Gorge,2024-08-23,5:40:00,13.63
Gorge,2024-08-23,5:50:00,13.59
Gorge,2024-08-23,6:00:00,13.52
Gorge,2024-08-23,6:10:00,13.52
Gorge,2024-08-23,6:20:00,13.48
Gorge,2024-08-23,6:30:00,13.51
Gorge,2024-08-23,6:40:00,13.55
Gorge,2024-08-23,6:50:00,13.55
Gorge,2024-08-23,7:00:00,13.59
Gorge,2024-08-23,7:10:00,13.61
Gorge,2024-08-23,7:20:00,13.64
Gorge,2024-08-23,7:30:00,13.79
Gorge,2024-08-23,7:40:00,13.9
Gorge,2024-08-23,7:50:00,13.88
Gorge,2024-08-23,8:00:00,13.85
Gorge,2024-08-23,8:10:00,13.88
Gorge,2024-08-23,8:20:00,13.97
Gorge,2024-08-23,8:30:00,14.09
Gorge,2024-08-23,8:40:00,14.09
Gorge,2024-08-23,8:50:00,14.1
Gorge,2024-08-23,9:00:00,14.06
Gorge,2024-08-23,9:10:00,14.05
Gorge,2024-08-23,9:20:00,13.99
Gorge,2024-08-23,9:30:00,13.98
Gorge,2024-08-23,9:40:00,13.96
Gorge,2024-08-23,9:50:00,14
Gorge,2024-08-23,10:00:00,14
Gorge,2024-08-23,10:10:00,14.27
Gorge,2024-08-23,10:20:00,14.45
Gorge,2024-08-23,10:30:00,14.55
Gorge,2024-08-23,10:40:00,14.69
Gorge,2024-08-23,10:50:00,14.73
Gorge,2024-08-23,11:00:00,14.74
Gorge,2024-08-23,11:10:00,14.8
Gorge,2024-08-23,11:20:00,14.98
Gorge,2024-08-23,11:30:00,15.04
Gorge,2024-08-23,11:40:00,15.09
Gorge,2024-08-23,11:50:00,15.18
Gorge,2024-08-23,12:00:00,15.28
Gorge,2024-08-23,12:10:00,15.31
Gorge,2024-08-23,12:20:00,15.31
Gorge,2024-08-23,12:30:00,15.38
Gorge,2024-08-23,12:40:00,15.38
Gorge,2024-08-23,12:50:00,15.52
Gorge,2024-08-23,13:00:00,15.58
Gorge,2024-08-23,13:10:00,15.58
Gorge,2024-08-23,13:20:00,15.59
Gorge,2024-08-23,13:30:00,15.57
Gorge,2024-08-23,13:40:00,15.55
Gorge,2024-08-23,13:50:00,15.56
Gorge,2024-08-23,14:00:00,15.57
Gorge,2024-08-23,14:10:00,15.41
Gorge,2024-08-23,14:20:00,15.19
Gorge,2024-08-23,14:30:00,14.96
Gorge,2024-08-23,14:40:00,14.89
Gorge,2024-08-23,14:50:00,14.87
Gorge,2024-08-23,15:00:00,14.84
Gorge,2024-08-23,15:10:00,14.79
Gorge,2024-08-23,15:20:00,14.53
Gorge,2024-08-23,15:30:00,14.23
Gorge,2024-08-23,15:40:00,14.04
Gorge,2024-08-23,15:50:00,13.9
Gorge,2024-08-23,16:00:00,13.84
Gorge,2024-08-23,16:10:00,13.89
Gorge,2024-08-23,16:20:00,13.88
Gorge,2024-08-23,16:30:00,13.83
Gorge,2024-08-23,16:40:00,13.81
Gorge,2024-08-23,16:50:00,13.86
Gorge,2024-08-23,17:00:00,13.98
Gorge,2024-08-23,17:10:00,13.85
Gorge,2024-08-23,17:20:00,13.78
Gorge,2024-08-23,17:30:00,13.74
Gorge,2024-08-23,17:40:00,13.69
Gorge,2024-08-23,17:50:00,13.58
Gorge,2024-08-23,18:00:00,13.61
Gorge,2024-08-23,18:10:00,13.73
Gorge,2024-08-23,18:20:00,13.75
Gorge,2024-08-23,18:30:00,13.61
Gorge,2024-08-23,18:40:00,13.48
Gorge,2024-08-23,18:50:00,13.47
Gorge,2024-08-23,19:00:00,13.45
Gorge,2024-08-23,19:10:00,13.49
Gorge,2024-08-23,19:20:00,13.61
Gorge,2024-08-23,19:30:00,13.82
Gorge,2024-08-23,19:40:00,13.85
Gorge,2024-08-23,19:50:00,13.81
Gorge,2024-08-23,20:00:00,13.73
Gorge,2024-08-23,20:10:00,13.84
Gorge,2024-08-23,20:20:00,13.84
Gorge,2024-08-23,20:30:00,13.74
Gorge,2024-08-23,20:40:00,13.85
Gorge,2024-08-23,20:50:00,13.98
Gorge,2024-08-23,21:00:00,14.19
Gorge,2024-08-23,21:10:00,14.17
Gorge,2024-08-23,21:20:00,14.12
Gorge,2024-08-23,21:30:00,13.95
Gorge,2024-08-23,21:40:00,13.77
Gorge,2024-08-23,21:50:00,13.65
Gorge,2024-08-23,22:00:00,13.55
Gorge,2024-08-23,22:10:00,13.46
Gorge,2024-08-23,22:20:00,13.36
Gorge,2024-08-23,22:30:00,13.29
Gorge,2024-08-23,22:40:00,13.21
Gorge,2024-08-23,22:50:00,13.15
Gorge,2024-08-23,23:00:00,13.14
Gorge,2024-08-23,23:10:00,13.17
Gorge,2024-08-23,23:20:00,13.2
Gorge,2024-08-23,23:30:00,13.25
Gorge,2024-08-23,23:40:00,13.32
Gorge,2024-08-23,23:50:00,13.46
Gorge,2024-08-24,0:00:00,13.55
Gorge,2024-08-24,0:10:00,13.62
Gorge,2024-08-24,0:20:00,13.7
Gorge,2024-08-24,0:30:00,13.76
Gorge,2024-08-24,0:40:00,13.82
Gorge,2024-08-24,0:50:00,13.91
Gorge,2024-08-24,1:00:00,14.03
Gorge,2024-08-24,1:10:00,14.09
Gorge,2024-08-24,1:20:00,14.14
Gorge,2024-08-24,1:30:00,14.22
Gorge,2024-08-24,1:40:00,14.23
Gorge,2024-08-24,1:50:00,14.3
Gorge,2024-08-24,2:00:00,14.37
Gorge,2024-08-24,2:10:00,14.47
Gorge,2024-08-24,2:20:00,14.49
Gorge,2024-08-24,2:30:00,14.55
Gorge,2024-08-24,2:40:00,14.62
Gorge,2024-08-24,2:50:00,14.73
Gorge,2024-08-24,3:00:00,14.81
Gorge,2024-08-24,3:10:00,14.85
Gorge,2024-08-24,3:20:00,14.86
Gorge,2024-08-24,3:30:00,14.91
Gorge,2024-08-24,3:40:00,14.92
Gorge,2024-08-24,3:50:00,14.97
Gorge,2024-08-24,4:00:00,15.03
Gorge,2024-08-24,4:10:00,15.13
Gorge,2024-08-24,4:20:00,15.17
Gorge,2024-08-24,4:30:00,15.23
Gorge,2024-08-24,4:40:00,15.23
Gorge,2024-08-24,4:50:00,15.17
Gorge,2024-08-24,5:00:00,15.09
Gorge,2024-08-24,5:10:00,15.04
Gorge,2024-08-24,5:20:00,14.99
Gorge,2024-08-24,5:30:00,14.99
Gorge,2024-08-24,5:40:00,15
Gorge,2024-08-24,5:50:00,14.94
Gorge,2024-08-24,6:00:00,14.96
Gorge,2024-08-24,6:10:00,14.95
Gorge,2024-08-24,6:20:00,14.92
Gorge,2024-08-24,6:30:00,14.93
Gorge,2024-08-24,6:40:00,14.89
Gorge,2024-08-24,6:50:00,14.86
Gorge,2024-08-24,7:00:00,14.89
Gorge,2024-08-24,7:10:00,14.92
Gorge,2024-08-24,7:20:00,14.97
Gorge,2024-08-24,7:30:00,15
Gorge,2024-08-24,7:40:00,14.95
Gorge,2024-08-24,7:50:00,14.85
Gorge,2024-08-24,8:00:00,14.69
Gorge,2024-08-24,8:10:00,14.59
Gorge,2024-08-24,8:20:00,14.54
Gorge,2024-08-24,8:30:00,14.41
Gorge,2024-08-24,8:40:00,14.37
Gorge,2024-08-24,8:50:00,14.38
Gorge,2024-08-24,9:00:00,14.35
Gorge,2024-08-24,9:10:00,14.36
Gorge,2024-08-24,9:20:00,14.45
Gorge,2024-08-24,9:30:00,14.51
Gorge,2024-08-24,9:40:00,14.59
Gorge,2024-08-24,9:50:00,14.69
Gorge,2024-08-24,10:00:00,14.72
Gorge,2024-08-24,10:10:00,14.7
Gorge,2024-08-24,10:20:00,14.8
Gorge,2024-08-24,10:30:00,14.91
Gorge,2024-08-24,10:40:00,14.95
Gorge,2024-08-24,10:50:00,14.89
Gorge,2024-08-24,11:00:00,14.8
Gorge,2024-08-24,11:10:00,14.78
Gorge,2024-08-24,11:20:00,14.84
Gorge,2024-08-24,11:30:00,14.92
Gorge,2024-08-24,11:40:00,15
Gorge,2024-08-24,11:50:00,15.32
Gorge,2024-08-24,12:00:00,15.44
Gorge,2024-08-24,12:10:00,15.7
Gorge,2024-08-24,12:20:00,15.96
Gorge,2024-08-24,12:30:00,16.05
Gorge,2024-08-24,12:40:00,16.13
Gorge,2024-08-24,12:50:00,16.12
Gorge,2024-08-24,13:00:00,16.11
Gorge,2024-08-24,13:10:00,16.07
Gorge,2024-08-24,13:20:00,16.04
Gorge,2024-08-24,13:30:00,15.98
Gorge,2024-08-24,13:40:00,16.02
Gorge,2024-08-24,13:50:00,15.99
Gorge,2024-08-24,14:00:00,15.98
Gorge,2024-08-24,14:10:00,15.95
Gorge,2024-08-24,14:20:00,15.9
Gorge,2024-08-24,14:30:00,15.87
Gorge,2024-08-24,14:40:00,15.86
Gorge,2024-08-24,14:50:00,15.86
Gorge,2024-08-24,15:00:00,15.82
Gorge,2024-08-24,15:10:00,15.72
Gorge,2024-08-24,15:20:00,15.78
Gorge,2024-08-24,15:30:00,15.77
Gorge,2024-08-24,15:40:00,15.8
Gorge,2024-08-24,15:50:00,15.73
Gorge,2024-08-24,16:00:00,15.69
Gorge,2024-08-24,16:10:00,15.68
Gorge,2024-08-24,16:20:00,15.42
Gorge,2024-08-24,16:30:00,15.24
Gorge,2024-08-24,16:40:00,15.24
Gorge,2024-08-24,16:50:00,15.13
Gorge,2024-08-24,17:00:00,15.19
Gorge,2024-08-24,17:10:00,15.13
Gorge,2024-08-24,17:20:00,14.97
Gorge,2024-08-24,17:30:00,14.94
Gorge,2024-08-24,17:40:00,15.16
Gorge,2024-08-24,17:50:00,14.99
Gorge,2024-08-24,18:00:00,15.04
Gorge,2024-08-24,18:10:00,15
Gorge,2024-08-24,18:20:00,15.26
Gorge,2024-08-24,18:30:00,15.11
Gorge,2024-08-24,18:40:00,14.81
Gorge,2024-08-24,18:50:00,14.85
Gorge,2024-08-24,19:00:00,14.96
Gorge,2024-08-24,19:10:00,15.03
Gorge,2024-08-24,19:20:00,15.11
Gorge,2024-08-24,19:30:00,14.97
Gorge,2024-08-24,19:40:00,14.95
Gorge,2024-08-24,19:50:00,14.93
Gorge,2024-08-24,20:00:00,15.1
Gorge,2024-08-24,20:10:00,15.06
Gorge,2024-08-24,20:20:00,15.01
Gorge,2024-08-24,20:30:00,15.12
Gorge,2024-08-24,20:40:00,15.08
Gorge,2024-08-24,20:50:00,15
Gorge,2024-08-24,21:00:00,14.97
Gorge,2024-08-24,21:10:00,14.89
Gorge,2024-08-24,21:20:00,14.82
Gorge,2024-08-24,21:30:00,14.79
Gorge,2024-08-24,21:40:00,14.66
Gorge,2024-08-24,21:50:00,14.21
Gorge,2024-08-24,22:00:00,13.95
Gorge,2024-08-24,22:10:00,13.78
Gorge,2024-08-24,22:20:00,13.71
Gorge,2024-08-24,22:30:00,13.61
Gorge,2024-08-24,22:40:00,13.55
Gorge,2024-08-24,22:50:00,13.58
Gorge,2024-08-24,23:00:00,13.56
Gorge,2024-08-24,23:10:00,13.51
Gorge,2024-08-24,23:20:00,13.48
Gorge,2024-08-24,23:30:00,13.41
Gorge,2024-08-24,23:40:00,13.45
Gorge,2024-08-24,23:50:00,13.49
Gorge,2024-08-25,0:00:00,13.65
Gorge,2024-08-25,0:10:00,13.74
Gorge,2024-08-25,0:20:00,13.83
Gorge,2024-08-25,0:30:00,13.94
Gorge,2024-08-25,0:40:00,14.01
Gorge,2024-08-25,0:50:00,14.07
Gorge,2024-08-25,1:00:00,14.2
Gorge,2024-08-25,1:10:00,14.35
Gorge,2024-08-25,1:20:00,14.42
Gorge,2024-08-25,1:30:00,14.5
Gorge,2024-08-25,1:40:00,14.55
Gorge,2024-08-25,1:50:00,14.63
Gorge,2024-08-25,2:00:00,14.63
Gorge,2024-08-25,2:10:00,14.75
Gorge,2024-08-25,2:20:00,14.82
Gorge,2024-08-25,2:30:00,14.87
Gorge,2024-08-25,2:40:00,15.04
Gorge,2024-08-25,2:50:00,15.13
Gorge,2024-08-25,3:00:00,15.26
Gorge,2024-08-25,3:10:00,15.65
Gorge,2024-08-25,3:20:00,15.66
Gorge,2024-08-25,3:30:00,15.73
Gorge,2024-08-25,3:40:00,15.72
Gorge,2024-08-25,3:50:00,15.77
Gorge,2024-08-25,4:00:00,15.97
Gorge,2024-08-25,4:10:00,16.06
Gorge,2024-08-25,4:20:00,16.11
Gorge,2024-08-25,4:30:00,16.14
Gorge,2024-08-25,4:40:00,16.21
Gorge,2024-08-25,4:50:00,16.3
Gorge,2024-08-25,5:00:00,16.31
Gorge,2024-08-25,5:10:00,16.33
Gorge,2024-08-25,5:20:00,16.36
Gorge,2024-08-25,5:30:00,16.34
Gorge,2024-08-25,5:40:00,16.3
Gorge,2024-08-25,5:50:00,16.29
Gorge,2024-08-25,6:00:00,16.3
Gorge,2024-08-25,6:10:00,16.29
Gorge,2024-08-25,6:20:00,16.24
Gorge,2024-08-25,6:30:00,16.24
Gorge,2024-08-25,6:40:00,16.24
Gorge,2024-08-25,6:50:00,16.16
Gorge,2024-08-25,7:00:00,15.8
Gorge,2024-08-25,7:10:00,15.69
Gorge,2024-08-25,7:20:00,15.62
Gorge,2024-08-25,7:30:00,15.61
Gorge,2024-08-25,7:40:00,15.56
Gorge,2024-08-25,7:50:00,15.56
Gorge,2024-08-25,8:00:00,15.58
Gorge,2024-08-25,8:10:00,15.73
Gorge,2024-08-25,8:20:00,15.89
Gorge,2024-08-25,8:30:00,16.03
Gorge,2024-08-25,8:40:00,15.9
Gorge,2024-08-25,8:50:00,15.82
Gorge,2024-08-25,9:00:00,15.82
Gorge,2024-08-25,9:10:00,15.75
Gorge,2024-08-25,9:20:00,15.82
Gorge,2024-08-25,9:30:00,15.92
Gorge,2024-08-25,9:40:00,15.91
Gorge,2024-08-25,9:50:00,15.77
Gorge,2024-08-25,10:00:00,15.74
Gorge,2024-08-25,10:10:00,15.71
Gorge,2024-08-25,10:20:00,15.73
Gorge,2024-08-25,10:30:00,15.81
Gorge,2024-08-25,10:40:00,15.84
Gorge,2024-08-25,10:50:00,15.95
Gorge,2024-08-25,11:00:00,15.99
Gorge,2024-08-25,11:10:00,15.9
Gorge,2024-08-25,11:20:00,15.85
Gorge,2024-08-25,11:30:00,15.78
Gorge,2024-08-25,11:40:00,15.76
Gorge,2024-08-25,11:50:00,15.8
Gorge,2024-08-25,12:00:00,15.69
Gorge,2024-08-25,12:10:00,15.59
Gorge,2024-08-25,12:20:00,15.6
Gorge,2024-08-25,12:30:00,15.74
Gorge,2024-08-25,12:40:00,15.69
Gorge,2024-08-25,12:50:00,15.66
Gorge,2024-08-25,13:00:00,15.72
Gorge,2024-08-25,13:10:00,15.86
Gorge,2024-08-25,13:20:00,16.03
Gorge,2024-08-25,13:30:00,16.12
Gorge,2024-08-25,13:40:00,16.24
Gorge,2024-08-25,13:50:00,16.3
Gorge,2024-08-25,14:00:00,16.42
Gorge,2024-08-25,14:10:00,16.55
Gorge,2024-08-25,14:20:00,16.56
Gorge,2024-08-25,14:30:00,16.73
Gorge,2024-08-25,14:40:00,16.75
Gorge,2024-08-25,14:50:00,16.73
Gorge,2024-08-25,15:00:00,16.63
Gorge,2024-08-25,15:10:00,16.69
Gorge,2024-08-25,15:20:00,16.61
Gorge,2024-08-25,15:30:00,16.37
Gorge,2024-08-25,15:40:00,16.32
Gorge,2024-08-25,15:50:00,16.07
Gorge,2024-08-25,16:00:00,15.97
Gorge,2024-08-25,16:10:00,16.01
Gorge,2024-08-25,16:20:00,15.48
Gorge,2024-08-25,16:30:00,15.17
Gorge,2024-08-25,16:40:00,15.13
Gorge,2024-08-25,16:50:00,15.08
Gorge,2024-08-25,17:00:00,15.1
Gorge,2024-08-25,17:10:00,14.99
Gorge,2024-08-25,17:20:00,15.13
Gorge,2024-08-25,17:30:00,15.25
Gorge,2024-08-25,17:40:00,15.25
Gorge,2024-08-25,17:50:00,15.03
Gorge,2024-08-25,18:00:00,15.02
Gorge,2024-08-25,18:10:00,14.94
Gorge,2024-08-25,18:20:00,14.86
Gorge,2024-08-25,18:30:00,14.92
Gorge,2024-08-25,18:40:00,14.89
Gorge,2024-08-25,18:50:00,14.52
Gorge,2024-08-25,19:00:00,14.65
Gorge,2024-08-25,19:10:00,14.83
Gorge,2024-08-25,19:20:00,14.66
Gorge,2024-08-25,19:30:00,14.7
Gorge,2024-08-25,19:40:00,14.81
Gorge,2024-08-25,19:50:00,14.56
Gorge,2024-08-25,20:00:00,14.09
Gorge,2024-08-25,20:10:00,14.32
Gorge,2024-08-25,20:20:00,14.57
Gorge,2024-08-25,20:30:00,14.63
Gorge,2024-08-25,20:40:00,14.73
Gorge,2024-08-25,20:50:00,14.85
Gorge,2024-08-25,21:00:00,14.91
Gorge,2024-08-25,21:10:00,15.19
Gorge,2024-08-25,21:20:00,15.55
Gorge,2024-08-25,21:30:00,15.66
Gorge,2024-08-25,21:40:00,15.57
Gorge,2024-08-25,21:50:00,15.36
Gorge,2024-08-25,22:00:00,15.58
Gorge,2024-08-25,22:10:00,15.84
Gorge,2024-08-25,22:20:00,16.02
Gorge,2024-08-25,22:30:00,15.28
Gorge,2024-08-25,22:40:00,14.81
Gorge,2024-08-25,22:50:00,14.44
Gorge,2024-08-25,23:00:00,14.13
Gorge,2024-08-25,23:10:00,13.91
Gorge,2024-08-25,23:20:00,13.78
Gorge,2024-08-25,23:30:00,13.73
Gorge,2024-08-25,23:40:00,13.65
Gorge,2024-08-25,23:50:00,13.75
Gorge,2024-08-26,0:00:00,13.82
Gorge,2024-08-26,0:10:00,13.98
Gorge,2024-08-26,0:20:00,14.13
Gorge,2024-08-26,0:30:00,14.29
Gorge,2024-08-26,0:40:00,14.42
Gorge,2024-08-26,0:50:00,14.49
Gorge,2024-08-26,1:00:00,14.52
Gorge,2024-08-26,1:10:00,14.55
Gorge,2024-08-26,1:20:00,14.56
Gorge,2024-08-26,1:30:00,14.59
Gorge,2024-08-26,1:40:00,14.65
Gorge,2024-08-26,1:50:00,14.78
Gorge,2024-08-26,2:00:00,14.92
Gorge,2024-08-26,2:10:00,15.04
Gorge,2024-08-26,2:20:00,15.23
Gorge,2024-08-26,2:30:00,15.37
Gorge,2024-08-26,2:40:00,15.45
Gorge,2024-08-26,2:50:00,15.69
Gorge,2024-08-26,3:00:00,15.84
Gorge,2024-08-26,3:10:00,15.93
Gorge,2024-08-26,3:20:00,16.08
Gorge,2024-08-26,3:30:00,16.32
Gorge,2024-08-26,3:40:00,16.46
Gorge,2024-08-26,3:50:00,16.62
Gorge,2024-08-26,4:00:00,16.73
Gorge,2024-08-26,4:10:00,16.8
Gorge,2024-08-26,4:20:00,16.8
Gorge,2024-08-26,4:30:00,16.9
Gorge,2024-08-26,4:40:00,17.1
Gorge,2024-08-26,4:50:00,17.18
Gorge,2024-08-26,5:00:00,17.29
Gorge,2024-08-26,5:10:00,17.39
Gorge,2024-08-26,5:20:00,17.5
Gorge,2024-08-26,5:30:00,17.54
Gorge,2024-08-26,5:40:00,17.58
Gorge,2024-08-26,5:50:00,17.58
Gorge,2024-08-26,6:00:00,17.63
Gorge,2024-08-26,6:10:00,17.58
Gorge,2024-08-26,6:20:00,17.56
Gorge,2024-08-26,6:30:00,17.53
Gorge,2024-08-26,6:40:00,17.55
Gorge,2024-08-26,6:50:00,17.58
Gorge,2024-08-26,7:00:00,17.56
Gorge,2024-08-26,7:10:00,17.58
Gorge,2024-08-26,7:20:00,17.55
Gorge,2024-08-26,7:30:00,17.61
Gorge,2024-08-26,7:40:00,17.63
Gorge,2024-08-26,7:50:00,17.13
Gorge,2024-08-26,8:00:00,16.66
Gorge,2024-08-26,8:10:00,16.55
Gorge,2024-08-26,8:20:00,16.36
Gorge,2024-08-26,8:30:00,16.55
Gorge,2024-08-26,8:40:00,16.32
Gorge,2024-08-26,8:50:00,16.13
Gorge,2024-08-26,9:00:00,16.47
Gorge,2024-08-26,9:10:00,16.87
Gorge,2024-08-26,9:20:00,16.96
Gorge,2024-08-26,9:30:00,16.41
Gorge,2024-08-26,9:40:00,15.32
Gorge,2024-08-26,9:50:00,15.43
Gorge,2024-08-26,10:00:00,16.17
Gorge,2024-08-26,10:10:00,15.77
Gorge,2024-08-26,10:20:00,15.6
Gorge,2024-08-26,10:30:00,15.63
Gorge,2024-08-26,10:40:00,15.67
Gorge,2024-08-26,10:50:00,15.36
Gorge,2024-08-26,11:00:00,15.36
Gorge,2024-08-26,11:10:00,15.76
Gorge,2024-08-26,11:20:00,15.74
Gorge,2024-08-26,11:30:00,15.55
Gorge,2024-08-26,11:40:00,15.82
Gorge,2024-08-26,11:50:00,15.25
Gorge,2024-08-26,12:00:00,14.98
Gorge,2024-08-26,12:10:00,15.37
Gorge,2024-08-26,12:20:00,14.83
Gorge,2024-08-26,12:30:00,14.55
Gorge,2024-08-26,12:40:00,14.62
Gorge,2024-08-26,12:50:00,14.85
Gorge,2024-08-26,13:00:00,14.92
Gorge,2024-08-26,13:10:00,14.97
Gorge,2024-08-26,13:20:00,14.92
Gorge,2024-08-26,13:30:00,14.89
Gorge,2024-08-26,13:40:00,14.64
Gorge,2024-08-26,13:50:00,14.49
Gorge,2024-08-26,14:00:00,14.65
Gorge,2024-08-26,14:10:00,14.89
Gorge,2024-08-26,14:20:00,15
Gorge,2024-08-26,14:30:00,15.04
Gorge,2024-08-26,14:40:00,15.07
Gorge,2024-08-26,14:50:00,15.12
Gorge,2024-08-26,15:00:00,15.42
Gorge,2024-08-26,15:10:00,15.42
Gorge,2024-08-26,15:20:00,15.49
Gorge,2024-08-26,15:30:00,15.28
Gorge,2024-08-26,15:40:00,15.23
Gorge,2024-08-26,15:50:00,15.33
Gorge,2024-08-26,16:00:00,15.04
Gorge,2024-08-26,16:10:00,14.12
Gorge,2024-08-26,16:20:00,14.03
Gorge,2024-08-26,16:30:00,14.14
Gorge,2024-08-26,16:40:00,14.23
Gorge,2024-08-26,16:50:00,14.26
Gorge,2024-08-26,17:00:00,14.56
Gorge,2024-08-26,17:10:00,14.22
Gorge,2024-08-26,17:20:00,13.62
Gorge,2024-08-26,17:30:00,13.7
Gorge,2024-08-26,17:40:00,13.65
Gorge,2024-08-26,17:50:00,13.74
Gorge,2024-08-26,18:00:00,13.77
Gorge,2024-08-26,18:10:00,13.47
Gorge,2024-08-26,18:20:00,13.26
Gorge,2024-08-26,18:30:00,13.18
Gorge,2024-08-26,18:40:00,13.14
Gorge,2024-08-26,18:50:00,13.01
Gorge,2024-08-26,19:00:00,13.03
Gorge,2024-08-26,19:10:00,13.03
Gorge,2024-08-26,19:20:00,12.97
Gorge,2024-08-26,19:30:00,13
Gorge,2024-08-26,19:40:00,12.96
Gorge,2024-08-26,19:50:00,12.96
Gorge,2024-08-26,20:00:00,13.08
Gorge,2024-08-26,20:10:00,13.15
Gorge,2024-08-26,20:20:00,13.19
Gorge,2024-08-26,20:30:00,13.18
Gorge,2024-08-26,20:40:00,13.15
Gorge,2024-08-26,20:50:00,13.44
Gorge,2024-08-26,21:00:00,13.61
Gorge,2024-08-26,21:10:00,13.6
Gorge,2024-08-26,21:20:00,13.56
Gorge,2024-08-26,21:30:00,13.66
Gorge,2024-08-26,21:40:00,13.86
Gorge,2024-08-26,21:50:00,13.88
Gorge,2024-08-26,22:00:00,14.06
Gorge,2024-08-26,22:10:00,14.06
Gorge,2024-08-26,22:20:00,13.99
Gorge,2024-08-26,22:30:00,13.96
Gorge,2024-08-26,22:40:00,13.86
Gorge,2024-08-26,22:50:00,13.85
Gorge,2024-08-26,23:00:00,13.78
Gorge,2024-08-26,23:10:00,13.75
Gorge,2024-08-26,23:20:00,13.67
Gorge,2024-08-26,23:30:00,13.63
Gorge,2024-08-26,23:40:00,13.6
Gorge,2024-08-26,23:50:00,13.58
Gorge,2024-08-27,0:00:00,13.61
Gorge,2024-08-27,0:10:00,13.68
Gorge,2024-08-27,0:20:00,13.65
Gorge,2024-08-27,0:30:00,13.58
Gorge,2024-08-27,0:40:00,13.58
Gorge,2024-08-27,0:50:00,13.59
Gorge,2024-08-27,1:00:00,13.7
Gorge,2024-08-27,1:10:00,13.7
Gorge,2024-08-27,1:20:00,13.7
Gorge,2024-08-27,1:30:00,13.76
Gorge,2024-08-27,1:40:00,13.83
Gorge,2024-08-27,1:50:00,13.95
Gorge,2024-08-27,2:00:00,14.05
Gorge,2024-08-27,2:10:00,14.05
Gorge,2024-08-27,2:20:00,14.08
Gorge,2024-08-27,2:30:00,14.21
Gorge,2024-08-27,2:40:00,14.34
Gorge,2024-08-27,2:50:00,14.5
Gorge,2024-08-27,3:00:00,14.65
Gorge,2024-08-27,3:10:00,14.74
Gorge,2024-08-27,3:20:00,14.89
Gorge,2024-08-27,3:30:00,15.09
Gorge,2024-08-27,3:40:00,15.25
Gorge,2024-08-27,3:50:00,15.37
Gorge,2024-08-27,4:00:00,15.47
Gorge,2024-08-27,4:10:00,15.57
Gorge,2024-08-27,4:20:00,15.73
Gorge,2024-08-27,4:30:00,15.78
Gorge,2024-08-27,4:40:00,15.83
Gorge,2024-08-27,4:50:00,15.99
Gorge,2024-08-27,5:00:00,16.13
Gorge,2024-08-27,5:10:00,16.13
Gorge,2024-08-27,5:20:00,16.18
Gorge,2024-08-27,5:30:00,16.21
Gorge,2024-08-27,5:40:00,16.26
Gorge,2024-08-27,5:50:00,16.49
Gorge,2024-08-27,6:00:00,16.62
Gorge,2024-08-27,6:10:00,16.61
Gorge,2024-08-27,6:20:00,16.62
Gorge,2024-08-27,6:30:00,16.65
Gorge,2024-08-27,6:40:00,16.67
Gorge,2024-08-27,6:50:00,16.69
Gorge,2024-08-27,7:00:00,16.73
Gorge,2024-08-27,7:10:00,16.74
Gorge,2024-08-27,7:20:00,16.73
Gorge,2024-08-27,7:30:00,16.69
Gorge,2024-08-27,7:40:00,16.7
Gorge,2024-08-27,7:50:00,16.7
Gorge,2024-08-27,8:00:00,16.69
Gorge,2024-08-27,8:10:00,16.7
Gorge,2024-08-27,8:20:00,16.69
Gorge,2024-08-27,8:30:00,16.61
Gorge,2024-08-27,8:40:00,16.6
Gorge,2024-08-27,8:50:00,16.44
Gorge,2024-08-27,9:00:00,16.28
Gorge,2024-08-27,9:10:00,15.91
Gorge,2024-08-27,9:20:00,15.69
Gorge,2024-08-27,9:30:00,15.72
Gorge,2024-08-27,9:40:00,15.76
Gorge,2024-08-27,9:50:00,15.87
Gorge,2024-08-27,10:00:00,15.77
Gorge,2024-08-27,10:10:00,15.51
Gorge,2024-08-27,10:20:00,15.4
Gorge,2024-08-27,10:30:00,14.79
Gorge,2024-08-27,10:40:00,14.84
Gorge,2024-08-27,10:50:00,15
Gorge,2024-08-27,11:00:00,15.04
Gorge,2024-08-27,11:10:00,14.79
Gorge,2024-08-27,11:20:00,14.59
Gorge,2024-08-27,11:30:00,14.85
Gorge,2024-08-27,11:40:00,15.82
Gorge,2024-08-27,11:50:00,16.08
Gorge,2024-08-27,12:00:00,15.87
Gorge,2024-08-27,12:10:00,15.36
Gorge,2024-08-27,12:20:00,15.15
Gorge,2024-08-27,12:30:00,15.47
Gorge,2024-08-27,12:40:00,15.49
Gorge,2024-08-27,12:50:00,15.61
Gorge,2024-08-27,13:00:00,15.9
Gorge,2024-08-27,13:10:00,15.99
Gorge,2024-08-27,13:20:00,15.4
Gorge,2024-08-27,13:30:00,15.18
Gorge,2024-08-27,13:40:00,15.02
Gorge,2024-08-27,13:50:00,14.99
Gorge,2024-08-27,14:00:00,15.15
Gorge,2024-08-27,14:10:00,15.26
Gorge,2024-08-27,14:20:00,15.33
Gorge,2024-08-27,14:30:00,15.33
Gorge,2024-08-27,14:40:00,15.45
Gorge,2024-08-27,14:50:00,15.73
Gorge,2024-08-27,15:00:00,15.96
Gorge,2024-08-27,15:10:00,15.9
Gorge,2024-08-27,15:20:00,15.29
Gorge,2024-08-27,15:30:00,15.09
Gorge,2024-08-27,15:40:00,15.38
Gorge,2024-08-27,15:50:00,15.25
Gorge,2024-08-27,16:00:00,14.6
Gorge,2024-08-27,16:10:00,14.77
Gorge,2024-08-27,16:20:00,14.52
Gorge,2024-08-27,16:30:00,13.97
Gorge,2024-08-27,16:40:00,13.83
Gorge,2024-08-27,16:50:00,13.79
Gorge,2024-08-27,17:00:00,13.78
Gorge,2024-08-27,17:10:00,13.85
Gorge,2024-08-27,17:20:00,14.13
Gorge,2024-08-27,17:30:00,14.17
Gorge,2024-08-27,17:40:00,14.06
Gorge,2024-08-27,17:50:00,14.03
Gorge,2024-08-27,18:00:00,13.84
Gorge,2024-08-27,18:10:00,13.76
Gorge,2024-08-27,18:20:00,13.73
Gorge,2024-08-27,18:30:00,13.69
Gorge,2024-08-27,18:40:00,13.73
Gorge,2024-08-27,18:50:00,13.8
Gorge,2024-08-27,19:00:00,13.89
Gorge,2024-08-27,19:10:00,13.84
Gorge,2024-08-27,19:20:00,13.88
Gorge,2024-08-27,19:30:00,14.05
Gorge,2024-08-27,19:40:00,14.15
Gorge,2024-08-27,19:50:00,14.01
Gorge,2024-08-27,20:00:00,13.97
Gorge,2024-08-27,20:10:00,14.26
Gorge,2024-08-27,20:20:00,14.14
Gorge,2024-08-27,20:30:00,14.05
Gorge,2024-08-27,20:40:00,14.17
Gorge,2024-08-27,20:50:00,14.17
Gorge,2024-08-27,21:00:00,14.36
Gorge,2024-08-27,21:10:00,14.45
Gorge,2024-08-27,21:20:00,14.62
Gorge,2024-08-27,21:30:00,14.65
Gorge,2024-08-27,21:40:00,14.74
Gorge,2024-08-27,21:50:00,14.85
Gorge,2024-08-27,22:00:00,14.7
Gorge,2024-08-27,22:10:00,14.68
Gorge,2024-08-27,22:20:00,14.6
Gorge,2024-08-27,22:30:00,14.58
Gorge,2024-08-27,22:40:00,14.73
Gorge,2024-08-27,22:50:00,14.5
Gorge,2024-08-27,23:00:00,14.29
Gorge,2024-08-27,23:10:00,14.03
Gorge,2024-08-27,23:20:00,13.84
Gorge,2024-08-27,23:30:00,13.77
Gorge,2024-08-27,23:40:00,13.75
Gorge,2024-08-27,23:50:00,13.67
Gorge,2024-08-28,0:00:00,13.63
Gorge,2024-08-28,0:10:00,13.61
Gorge,2024-08-28,0:20:00,13.64
Gorge,2024-08-28,0:30:00,13.69
Gorge,2024-08-28,0:40:00,13.66
Gorge,2024-08-28,0:50:00,13.68
Gorge,2024-08-28,1:00:00,13.69
Gorge,2024-08-28,1:10:00,13.71
Gorge,2024-08-28,1:20:00,13.75
Gorge,2024-08-28,1:30:00,13.76
Gorge,2024-08-28,1:40:00,13.78
Gorge,2024-08-28,1:50:00,13.83
Gorge,2024-08-28,2:00:00,13.85
Gorge,2024-08-28,2:10:00,13.86
Gorge,2024-08-28,2:20:00,13.88
Gorge,2024-08-28,2:30:00,13.88
Gorge,2024-08-28,2:40:00,13.86
Gorge,2024-08-28,2:50:00,13.9
Gorge,2024-08-28,3:00:00,13.97
Gorge,2024-08-28,3:10:00,14.03
Gorge,2024-08-28,3:20:00,14.14
Gorge,2024-08-28,3:30:00,14.22
Gorge,2024-08-28,3:40:00,14.49
Gorge,2024-08-28,3:50:00,14.65
Gorge,2024-08-28,4:00:00,14.85
Gorge,2024-08-28,4:10:00,15.04
Gorge,2024-08-28,4:20:00,15.17
Gorge,2024-08-28,4:30:00,15.37
Gorge,2024-08-28,4:40:00,15.48
Gorge,2024-08-28,4:50:00,15.63
Gorge,2024-08-28,5:00:00,15.71
Gorge,2024-08-28,5:10:00,15.74
Gorge,2024-08-28,5:20:00,15.77
Gorge,2024-08-28,5:30:00,15.91
Gorge,2024-08-28,5:40:00,16.15
Gorge,2024-08-28,5:50:00,16.25
Gorge,2024-08-28,6:00:00,16.28
Gorge,2024-08-28,6:10:00,16.33
Gorge,2024-08-28,6:20:00,16.37
Gorge,2024-08-28,6:30:00,16.35
Gorge,2024-08-28,6:40:00,16.34
Gorge,2024-08-28,6:50:00,16.46
Gorge,2024-08-28,7:00:00,16.57
Gorge,2024-08-28,7:10:00,16.6
Gorge,2024-08-28,7:20:00,16.62
Gorge,2024-08-28,7:30:00,16.63
Gorge,2024-08-28,7:40:00,16.63
Gorge,2024-08-28,7:50:00,16.65
Gorge,2024-08-28,8:00:00,16.76
Gorge,2024-08-28,8:10:00,16.79
Gorge,2024-08-28,8:20:00,16.78
Gorge,2024-08-28,8:30:00,16.76
Gorge,2024-08-28,8:40:00,16.73
Gorge,2024-08-28,8:50:00,16.67
Gorge,2024-08-28,9:00:00,16.63
Gorge,2024-08-28,9:10:00,16.52
Gorge,2024-08-28,9:20:00,16.39
Gorge,2024-08-28,9:30:00,16.2
Gorge,2024-08-28,9:40:00,16.17
Gorge,2024-08-28,9:50:00,16.21
Gorge,2024-08-28,10:00:00,15.99
Gorge,2024-08-28,10:10:00,15.67
Gorge,2024-08-28,10:20:00,15.12
Gorge,2024-08-28,10:30:00,14.89
Gorge,2024-08-28,10:40:00,14.93
Gorge,2024-08-28,10:50:00,14.91
Gorge,2024-08-28,11:00:00,14.74
Gorge,2024-08-28,11:10:00,14.64
Gorge,2024-08-28,11:20:00,14.59
Gorge,2024-08-28,11:30:00,14.63
Gorge,2024-08-28,11:40:00,14.71
Gorge,2024-08-28,11:50:00,14.59
Gorge,2024-08-28,12:00:00,14.5
Gorge,2024-08-28,12:10:00,14.54
Gorge,2024-08-28,12:20:00,14.52
Gorge,2024-08-28,12:30:00,14.38
Gorge,2024-08-28,12:40:00,14.25
Gorge,2024-08-28,12:50:00,14.12
Gorge,2024-08-28,13:00:00,14.23
Gorge,2024-08-28,13:10:00,14.43
Gorge,2024-08-28,13:20:00,14.47
Gorge,2024-08-28,13:30:00,14.33
Gorge,2024-08-28,13:40:00,14.13
Gorge,2024-08-28,13:50:00,13.89
Gorge,2024-08-28,14:00:00,13.78
Gorge,2024-08-28,14:10:00,13.74
Gorge,2024-08-28,14:20:00,13.73
Gorge,2024-08-28,14:30:00,13.78
Gorge,2024-08-28,14:40:00,13.79
Gorge,2024-08-28,14:50:00,13.85
Gorge,2024-08-28,15:00:00,13.71
Gorge,2024-08-28,15:10:00,13.49
Gorge,2024-08-28,15:20:00,13.61
Gorge,2024-08-28,15:30:00,13.83
Gorge,2024-08-28,15:40:00,13.92
Gorge,2024-08-28,15:50:00,13.99
Gorge,2024-08-28,16:00:00,13.93
Gorge,2024-08-28,16:10:00,14.35
Gorge,2024-08-28,16:20:00,14.51
Gorge,2024-08-28,16:30:00,14.65
Gorge,2024-08-28,16:40:00,14.25
Gorge,2024-08-28,16:50:00,13.93
Gorge,2024-08-28,17:00:00,13.97
Gorge,2024-08-28,17:10:00,14.01
Gorge,2024-08-28,17:20:00,13.84
Gorge,2024-08-28,17:30:00,13.94
Gorge,2024-08-28,17:40:00,14.26
Gorge,2024-08-28,17:50:00,14.44
Gorge,2024-08-28,18:00:00,14.49
Gorge,2024-08-28,18:10:00,14.63
Gorge,2024-08-28,18:20:00,14.86
Gorge,2024-08-28,18:30:00,15.01
Gorge,2024-08-28,18:40:00,15.31
Gorge,2024-08-28,18:50:00,15.43
Gorge,2024-08-28,19:00:00,15.13
Gorge,2024-08-28,19:10:00,15.01
Gorge,2024-08-28,19:20:00,15.06
Gorge,2024-08-28,19:30:00,15.03
Gorge,2024-08-28,19:40:00,15.04
Gorge,2024-08-28,19:50:00,14.96
Gorge,2024-08-28,20:00:00,14.82
Gorge,2024-08-28,20:10:00,14.57
Gorge,2024-08-28,20:20:00,14.25
Gorge,2024-08-28,20:30:00,14.2
Gorge,2024-08-28,20:40:00,14.21
Gorge,2024-08-28,20:50:00,14.25
Gorge,2024-08-28,21:00:00,14.36
Gorge,2024-08-28,21:10:00,14.24
Gorge,2024-08-28,21:20:00,14.19
Gorge,2024-08-28,21:30:00,14.22
Gorge,2024-08-28,21:40:00,14.34
Gorge,2024-08-28,21:50:00,14.49
Gorge,2024-08-28,22:00:00,14.5
Gorge,2024-08-28,22:10:00,14.56
Gorge,2024-08-28,22:20:00,14.81
Gorge,2024-08-28,22:30:00,14.89
Gorge,2024-08-28,22:40:00,14.77
Gorge,2024-08-28,22:50:00,14.63
Gorge,2024-08-28,23:00:00,14.65
Gorge,2024-08-28,23:10:00,14.56
Gorge,2024-08-28,23:20:00,14.62
Gorge,2024-08-28,23:30:00,14.77
Gorge,2024-08-28,23:40:00,14.79
Gorge,2024-08-28,23:50:00,15.04
Gorge,2024-08-29,0:00:00,15.15
Gorge,2024-08-29,0:10:00,14.78
Gorge,2024-08-29,0:20:00,14.48
Gorge,2024-08-29,0:30:00,14.35
Gorge,2024-08-29,0:40:00,14.14
Gorge,2024-08-29,0:50:00,13.98
Gorge,2024-08-29,1:00:00,13.92
Gorge,2024-08-29,1:10:00,13.78
Gorge,2024-08-29,1:20:00,13.75
Gorge,2024-08-29,1:30:00,13.66
Gorge,2024-08-29,1:40:00,13.59
Gorge,2024-08-29,1:50:00,13.61
Gorge,2024-08-29,2:00:00,13.65
Gorge,2024-08-29,2:10:00,13.69
Gorge,2024-08-29,2:20:00,13.78
Gorge,2024-08-29,2:30:00,13.85
Gorge,2024-08-29,2:40:00,13.86
Gorge,2024-08-29,2:50:00,13.92
Gorge,2024-08-29,3:00:00,13.97
Gorge,2024-08-29,3:10:00,14.01
Gorge,2024-08-29,3:20:00,14.01
Gorge,2024-08-29,3:30:00,13.99
Gorge,2024-08-29,3:40:00,13.98
Gorge,2024-08-29,3:50:00,13.99
Gorge,2024-08-29,4:00:00,13.98
Gorge,2024-08-29,4:10:00,14.05
Gorge,2024-08-29,4:20:00,14.17
Gorge,2024-08-29,4:30:00,14.52
Gorge,2024-08-29,4:40:00,14.73
Gorge,2024-08-29,4:50:00,14.92
Gorge,2024-08-29,5:00:00,15.06
Gorge,2024-08-29,5:10:00,15.25
Gorge,2024-08-29,5:20:00,15.37
Gorge,2024-08-29,5:30:00,15.47
Gorge,2024-08-29,5:40:00,15.74
Gorge,2024-08-29,5:50:00,15.84
Gorge,2024-08-29,6:00:00,15.87
Gorge,2024-08-29,6:10:00,15.99
Gorge,2024-08-29,6:20:00,16
Gorge,2024-08-29,6:30:00,16.12
Gorge,2024-08-29,6:40:00,16.26
Gorge,2024-08-29,6:50:00,16.36
Gorge,2024-08-29,7:00:00,16.41
Gorge,2024-08-29,7:10:00,16.39
Gorge,2024-08-29,7:20:00,16.36
Gorge,2024-08-29,7:30:00,16.35
Gorge,2024-08-29,7:40:00,16.57
Gorge,2024-08-29,7:50:00,16.7
Gorge,2024-08-29,8:00:00,16.71
Gorge,2024-08-29,8:10:00,16.66
Gorge,2024-08-29,8:20:00,16.69
Gorge,2024-08-29,8:30:00,16.76
Gorge,2024-08-29,8:40:00,16.9
Gorge,2024-08-29,8:50:00,16.89
Gorge,2024-08-29,9:00:00,16.89
Gorge,2024-08-29,9:10:00,16.91
Gorge,2024-08-29,9:20:00,16.92
Gorge,2024-08-29,9:30:00,16.84
Gorge,2024-08-29,9:40:00,16.7
Gorge,2024-08-29,9:50:00,16.5
Gorge,2024-08-29,10:00:00,16.42
Gorge,2024-08-29,10:10:00,16.48
Gorge,2024-08-29,10:20:00,16.33
Gorge,2024-08-29,10:30:00,15.75
Gorge,2024-08-29,10:40:00,15.07
Gorge,2024-08-29,10:50:00,14.7
Gorge,2024-08-29,11:00:00,15.01
Gorge,2024-08-29,11:10:00,15.17
Gorge,2024-08-29,11:20:00,15.11
Gorge,2024-08-29,11:30:00,14.84
Gorge,2024-08-29,11:40:00,14.65
Gorge,2024-08-29,11:50:00,14.62
Gorge,2024-08-29,12:00:00,14.47
Gorge,2024-08-29,12:10:00,14.42
Gorge,2024-08-29,12:20:00,14.47
Gorge,2024-08-29,12:30:00,14.32
Gorge,2024-08-29,12:40:00,14.32
Gorge,2024-08-29,12:50:00,14.43
Gorge,2024-08-29,13:00:00,14.47
Gorge,2024-08-29,13:10:00,14.41
Gorge,2024-08-29,13:20:00,14.39
Gorge,2024-08-29,13:30:00,14.36
Gorge,2024-08-29,13:40:00,14.15
Gorge,2024-08-29,13:50:00,14.14
Gorge,2024-08-29,14:00:00,14.09
Gorge,2024-08-29,14:10:00,14.1
Gorge,2024-08-29,14:20:00,14.23
Gorge,2024-08-29,14:30:00,14.23
Gorge,2024-08-29,14:40:00,14.03
Gorge,2024-08-29,14:50:00,14
Gorge,2024-08-29,15:00:00,13.86
Gorge,2024-08-29,15:10:00,13.61
Gorge,2024-08-29,15:20:00,13.77
Gorge,2024-08-29,15:30:00,13.98
Gorge,2024-08-29,15:40:00,13.82
Gorge,2024-08-29,15:50:00,13.67
Gorge,2024-08-29,16:00:00,13.7
Gorge,2024-08-29,16:10:00,13.85
Gorge,2024-08-29,16:20:00,14.07
Gorge,2024-08-29,16:30:00,14.21
Gorge,2024-08-29,16:40:00,14.05
Gorge,2024-08-29,16:50:00,13.91
Gorge,2024-08-29,17:00:00,13.81
Gorge,2024-08-29,17:10:00,13.71
Gorge,2024-08-29,17:20:00,13.76
Gorge,2024-08-29,17:30:00,13.67
Gorge,2024-08-29,17:40:00,13.61
Gorge,2024-08-29,17:50:00,13.63
Gorge,2024-08-29,18:00:00,13.84
Gorge,2024-08-29,18:10:00,14.21
Gorge,2024-08-29,18:20:00,14.43
Gorge,2024-08-29,18:30:00,14.51
Gorge,2024-08-29,18:40:00,14.67
Gorge,2024-08-29,18:50:00,15
Gorge,2024-08-29,19:00:00,15.1
Gorge,2024-08-29,19:10:00,14.92
Gorge,2024-08-29,19:20:00,14.74
Gorge,2024-08-29,19:30:00,15.13
Gorge,2024-08-29,19:40:00,15.34
Gorge,2024-08-29,19:50:00,15.23
Gorge,2024-08-29,20:00:00,14.7
Gorge,2024-08-29,20:10:00,14.88
Gorge,2024-08-29,20:20:00,14.32
Gorge,2024-08-29,20:30:00,13.78
Gorge,2024-08-29,20:40:00,13.52
Gorge,2024-08-29,20:50:00,13.25
Gorge,2024-08-29,21:00:00,13.47
Gorge,2024-08-29,21:10:00,13.71
Gorge,2024-08-29,21:20:00,13.63
Gorge,2024-08-29,21:30:00,13.51
Gorge,2024-08-29,21:40:00,13.64
Gorge,2024-08-29,21:50:00,13.67
Gorge,2024-08-29,22:00:00,13.71
Gorge,2024-08-29,22:10:00,13.69
Gorge,2024-08-29,22:20:00,13.55
Gorge,2024-08-29,22:30:00,13.56
Gorge,2024-08-29,22:40:00,13.71
Gorge,2024-08-29,22:50:00,13.96
Gorge,2024-08-29,23:00:00,14.01
Gorge,2024-08-29,23:10:00,14.13
Gorge,2024-08-29,23:20:00,14.18
Gorge,2024-08-29,23:30:00,14.28
Gorge,2024-08-29,23:40:00,14.38
Gorge,2024-08-29,23:50:00,14.59
Gorge,2024-08-30,0:00:00,14.83
Gorge,2024-08-30,0:10:00,14.67
Gorge,2024-08-30,0:20:00,14.51
Gorge,2024-08-30,0:30:00,14.7
Gorge,2024-08-30,0:40:00,14.88
Gorge,2024-08-30,0:50:00,15.03
Gorge,2024-08-30,1:00:00,14.97
Gorge,2024-08-30,1:10:00,15.01
Gorge,2024-08-30,1:20:00,14.77
Gorge,2024-08-30,1:30:00,14.65
Gorge,2024-08-30,1:40:00,14.72
Gorge,2024-08-30,1:50:00,14.43
Gorge,2024-08-30,2:00:00,13.97
Gorge,2024-08-30,2:10:00,13.58
Gorge,2024-08-30,2:20:00,13.61
Gorge,2024-08-30,2:30:00,13.5
Gorge,2024-08-30,2:40:00,13.49
Gorge,2024-08-30,2:50:00,13.46
Gorge,2024-08-30,3:00:00,13.45
Gorge,2024-08-30,3:10:00,13.52
Gorge,2024-08-30,3:20:00,13.54
Gorge,2024-08-30,3:30:00,13.65
Gorge,2024-08-30,3:40:00,13.73
Gorge,2024-08-30,3:50:00,13.81
Gorge,2024-08-30,4:00:00,13.86
Gorge,2024-08-30,4:10:00,13.9
Gorge,2024-08-30,4:20:00,13.85
Gorge,2024-08-30,4:30:00,13.91
Gorge,2024-08-30,4:40:00,13.93
Gorge,2024-08-30,4:50:00,13.94
Gorge,2024-08-30,5:00:00,13.92
Gorge,2024-08-30,5:10:00,13.94
Gorge,2024-08-30,5:20:00,13.97
Gorge,2024-08-30,5:30:00,14.09
Gorge,2024-08-30,5:40:00,14.34
Gorge,2024-08-30,5:50:00,14.7
Gorge,2024-08-30,6:00:00,14.93
Gorge,2024-08-30,6:10:00,15.12
Gorge,2024-08-30,6:20:00,15.29
Gorge,2024-08-30,6:30:00,15.54
Gorge,2024-08-30,6:40:00,15.71
Gorge,2024-08-30,6:50:00,15.75
Gorge,2024-08-30,7:00:00,15.9
Gorge,2024-08-30,7:10:00,16.04
Gorge,2024-08-30,7:20:00,16.12
Gorge,2024-08-30,7:30:00,16.29
Gorge,2024-08-30,7:40:00,16.45
Gorge,2024-08-30,7:50:00,16.63
Gorge,2024-08-30,8:00:00,16.6
Gorge,2024-08-30,8:10:00,16.75
Gorge,2024-08-30,8:20:00,16.89
Gorge,2024-08-30,8:30:00,16.9
Gorge,2024-08-30,8:40:00,16.96
Gorge,2024-08-30,8:50:00,16.94
Gorge,2024-08-30,9:00:00,17
Gorge,2024-08-30,9:10:00,17.14
Gorge,2024-08-30,9:20:00,17.21
Gorge,2024-08-30,9:30:00,17.34
Gorge,2024-08-30,9:40:00,17.31
Gorge,2024-08-30,9:50:00,17.39
Gorge,2024-08-30,10:00:00,17.46
Gorge,2024-08-30,10:10:00,17.49
Gorge,2024-08-30,10:20:00,17.4
Gorge,2024-08-30,10:30:00,17.17
Gorge,2024-08-30,10:40:00,17
Gorge,2024-08-30,10:50:00,16.79
Gorge,2024-08-30,11:00:00,16.66
Gorge,2024-08-30,11:10:00,16.32
Gorge,2024-08-30,11:20:00,15.84
Gorge,2024-08-30,11:30:00,15.47
Gorge,2024-08-30,11:40:00,15.23
Gorge,2024-08-30,11:50:00,14.97
Gorge,2024-08-30,12:00:00,14.65
Gorge,2024-08-30,12:10:00,14.44
Gorge,2024-08-30,12:20:00,14.38
Gorge,2024-08-30,12:30:00,14.32
Gorge,2024-08-30,12:40:00,14.34
Gorge,2024-08-30,12:50:00,14.38
Gorge,2024-08-30,13:00:00,14.35
Gorge,2024-08-30,13:10:00,14.53
Gorge,2024-08-30,13:20:00,14.59
Gorge,2024-08-30,13:30:00,14.48
Gorge,2024-08-30,13:40:00,14.41
Gorge,2024-08-30,13:50:00,14.22
Gorge,2024-08-30,14:00:00,14.03
Gorge,2024-08-30,14:10:00,14.04
Gorge,2024-08-30,14:20:00,14.04
Gorge,2024-08-30,14:30:00,14.07
Gorge,2024-08-30,14:40:00,13.82
Gorge,2024-08-30,14:50:00,13.88
Gorge,2024-08-30,15:00:00,13.91
Gorge,2024-08-30,15:10:00,13.81
Gorge,2024-08-30,15:20:00,13.71
Gorge,2024-08-30,15:30:00,13.64
Gorge,2024-08-30,15:40:00,13.63
Gorge,2024-08-30,15:50:00,13.64
Gorge,2024-08-30,16:00:00,13.61
Gorge,2024-08-30,16:10:00,13.52
Gorge,2024-08-30,16:20:00,13.48
Gorge,2024-08-30,16:30:00,13.68
Gorge,2024-08-30,16:40:00,13.75
Gorge,2024-08-30,16:50:00,13.8
Gorge,2024-08-30,17:00:00,13.85
Gorge,2024-08-30,17:10:00,13.97
Gorge,2024-08-30,17:20:00,14.45
Gorge,2024-08-30,17:30:00,14.89
Gorge,2024-08-30,17:40:00,15.13
Gorge,2024-08-30,17:50:00,15.26
Gorge,2024-08-30,18:00:00,15.46
Gorge,2024-08-30,18:10:00,14.96
Gorge,2024-08-30,18:20:00,14.99
Gorge,2024-08-30,18:30:00,15.16
Gorge,2024-08-30,18:40:00,14.87
Gorge,2024-08-30,18:50:00,15.22
Gorge,2024-08-30,19:00:00,15.29
Gorge,2024-08-30,19:10:00,14.81
Gorge,2024-08-30,19:20:00,14.44
Gorge,2024-08-30,19:30:00,14.49
Gorge,2024-08-30,19:40:00,14.5
Gorge,2024-08-30,19:50:00,14.56
Gorge,2024-08-30,20:00:00,14.32
Gorge,2024-08-30,20:10:00,14.27
Gorge,2024-08-30,20:20:00,14.21
Gorge,2024-08-30,20:30:00,14.3
Gorge,2024-08-30,20:40:00,14.38
Gorge,2024-08-30,20:50:00,14.47
Gorge,2024-08-30,21:00:00,14.62
Gorge,2024-08-30,21:10:00,14.69
Gorge,2024-08-30,21:20:00,14.68
Gorge,2024-08-30,21:30:00,14.69
Gorge,2024-08-30,21:40:00,14.58
Gorge,2024-08-30,21:50:00,14.53
Gorge,2024-08-30,22:00:00,14.51
Gorge,2024-08-30,22:10:00,14.4
Gorge,2024-08-30,22:20:00,14.41
Gorge,2024-08-30,22:30:00,14.48
Gorge,2024-08-30,22:40:00,14.51
Gorge,2024-08-30,22:50:00,14.25
Gorge,2024-08-30,23:00:00,14.2
Gorge,2024-08-30,23:10:00,14.29
Gorge,2024-08-30,23:20:00,14.42
Gorge,2024-08-30,23:30:00,14.42
Gorge,2024-08-30,23:40:00,14.41
Gorge,2024-08-30,23:50:00,14.38
Gorge,2024-08-31,0:00:00,14.51
Gorge,2024-08-31,0:10:00,14.73
Gorge,2024-08-31,0:20:00,14.59
Gorge,2024-08-31,0:30:00,14.5
Gorge,2024-08-31,0:40:00,14.83
Gorge,2024-08-31,0:50:00,15.03
Gorge,2024-08-31,1:00:00,14.96
Gorge,2024-08-31,1:10:00,15.04
Gorge,2024-08-31,1:20:00,15.12
Gorge,2024-08-31,1:30:00,15.08
Gorge,2024-08-31,1:40:00,15.08
Gorge,2024-08-31,1:50:00,14.71
Gorge,2024-08-31,2:00:00,14.68
Gorge,2024-08-31,2:10:00,14.78
Gorge,2024-08-31,2:20:00,15.11
Gorge,2024-08-31,2:30:00,15.13
Gorge,2024-08-31,2:40:00,14.96
Gorge,2024-08-31,2:50:00,14.84
Gorge,2024-08-31,3:00:00,14.65
Gorge,2024-08-31,3:10:00,14.3
Gorge,2024-08-31,3:20:00,14.1
Gorge,2024-08-31,3:30:00,14.1
Gorge,2024-08-31,3:40:00,13.89
Gorge,2024-08-31,3:50:00,13.93
Gorge,2024-08-31,4:00:00,13.94
Gorge,2024-08-31,4:10:00,13.93
Gorge,2024-08-31,4:20:00,13.92
Gorge,2024-08-31,4:30:00,13.84
Gorge,2024-08-31,4:40:00,13.76
Gorge,2024-08-31,4:50:00,13.78
Gorge,2024-08-31,5:00:00,13.83
Gorge,2024-08-31,5:10:00,13.96
Gorge,2024-08-31,5:20:00,14.09
Gorge,2024-08-31,5:30:00,14.15
Gorge,2024-08-31,5:40:00,14.11
Gorge,2024-08-31,5:50:00,14.09
Gorge,2024-08-31,6:00:00,14.05
Gorge,2024-08-31,6:10:00,14.06
Gorge,2024-08-31,6:20:00,14.12
Gorge,2024-08-31,6:30:00,14.27
Gorge,2024-08-31,6:40:00,14.44
Gorge,2024-08-31,6:50:00,14.58
Gorge,2024-08-31,7:00:00,14.77
Gorge,2024-08-31,7:10:00,14.94
Gorge,2024-08-31,7:20:00,15.19
Gorge,2024-08-31,7:30:00,15.41
Gorge,2024-08-31,7:40:00,15.65
Gorge,2024-08-31,7:50:00,15.82
Gorge,2024-08-31,8:00:00,16.05
Gorge,2024-08-31,8:10:00,16.37
Gorge,2024-08-31,8:20:00,16.46
Gorge,2024-08-31,8:30:00,16.7
Gorge,2024-08-31,8:40:00,16.79
Gorge,2024-08-31,8:50:00,16.73
Gorge,2024-08-31,9:00:00,16.89
Gorge,2024-08-31,9:10:00,17.13
Gorge,2024-08-31,9:20:00,17.32
Gorge,2024-08-31,9:30:00,17.29
Gorge,2024-08-31,9:40:00,17.33
Gorge,2024-08-31,9:50:00,17.38
Gorge,2024-08-31,10:00:00,17.5
Gorge,2024-08-31,10:10:00,17.54
Gorge,2024-08-31,10:20:00,17.6
Gorge,2024-08-31,10:30:00,17.67
Gorge,2024-08-31,10:40:00,17.7
Gorge,2024-08-31,10:50:00,17.76
Gorge,2024-08-31,11:00:00,17.72
Gorge,2024-08-31,11:10:00,17.43
Gorge,2024-08-31,11:20:00,17.14
Gorge,2024-08-31,11:30:00,16.98
Gorge,2024-08-31,11:40:00,16.81
Gorge,2024-08-31,11:50:00,16.77
Gorge,2024-08-31,12:00:00,16.57
Gorge,2024-08-31,12:10:00,15.48
Gorge,2024-08-31,12:20:00,15.24
Gorge,2024-08-31,12:30:00,14.99
Gorge,2024-08-31,12:40:00,14.75
Gorge,2024-08-31,12:50:00,14.67
Gorge,2024-08-31,13:00:00,14.63
Gorge,2024-08-31,13:10:00,14.91
Gorge,2024-08-31,13:20:00,15.04
Gorge,2024-08-31,13:30:00,15.14
Gorge,2024-08-31,13:40:00,14.92
Gorge,2024-08-31,13:50:00,14.84
Gorge,2024-08-31,14:00:00,15.36
Gorge,2024-08-31,14:10:00,15.38
Gorge,2024-08-31,14:20:00,15.17
Gorge,2024-08-31,14:30:00,15.16
Gorge,2024-08-31,14:40:00,15.53
Gorge,2024-08-31,14:50:00,15.89
Gorge,2024-08-31,15:00:00,15.96
Gorge,2024-08-31,15:10:00,15.85
Gorge,2024-08-31,15:20:00,15.69
Gorge,2024-08-31,15:30:00,15.11
Gorge,2024-08-31,15:40:00,14.83
Gorge,2024-08-31,15:50:00,14.52
Gorge,2024-08-31,16:00:00,14.3
Gorge,2024-08-31,16:10:00,14.62
Gorge,2024-08-31,16:20:00,14.66
Gorge,2024-08-31,16:30:00,14.68
Gorge,2024-08-31,16:40:00,14.56
Gorge,2024-08-31,16:50:00,14.64
Gorge,2024-08-31,17:00:00,14.8
Gorge,2024-08-31,17:10:00,14.96
Gorge,2024-08-31,17:20:00,15.07
Gorge,2024-08-31,17:30:00,14.86
Gorge,2024-08-31,17:40:00,14.75
Gorge,2024-08-31,17:50:00,14.58
Gorge,2024-08-31,18:00:00,14.66
Gorge,2024-08-31,18:10:00,14.7
Gorge,2024-08-31,18:20:00,14.42
Gorge,2024-08-31,18:30:00,14.44
Gorge,2024-08-31,18:40:00,14.38
Gorge,2024-08-31,18:50:00,14.34
Gorge,2024-08-31,19:00:00,14.42
Gorge,2024-08-31,19:10:00,14.62
Gorge,2024-08-31,19:20:00,14.72
Gorge,2024-08-31,19:30:00,14.67
Gorge,2024-08-31,19:40:00,14.66
Gorge,2024-08-31,19:50:00,14.77
Gorge,2024-08-31,20:00:00,14.8
Gorge,2024-08-31,20:10:00,14.55
Gorge,2024-08-31,20:20:00,14.57
Gorge,2024-08-31,20:30:00,14.66
Gorge,2024-08-31,20:40:00,14.74
Gorge,2024-08-31,20:50:00,14.75
Gorge,2024-08-31,21:00:00,14.77
Gorge,2024-08-31,21:10:00,14.84
Gorge,2024-08-31,21:20:00,14.87
Gorge,2024-08-31,21:30:00,14.94
Gorge,2024-08-31,21:40:00,14.93
Gorge,2024-08-31,21:50:00,14.84
Gorge,2024-08-31,22:00:00,14.79
Gorge,2024-08-31,22:10:00,14.73
Gorge,2024-08-31,22:20:00,14.53
Gorge,2024-08-31,22:30:00,14.4
Gorge,2024-08-31,22:40:00,14.23
Gorge,2024-08-31,22:50:00,14.33
Gorge,2024-08-31,23:00:00,14.39
Gorge,2024-08-31,23:10:00,14.47
Gorge,2024-08-31,23:20:00,14.51
Gorge,2024-08-31,23:30:00,14.48
Gorge,2024-08-31,23:40:00,14.4
Gorge,2024-08-31,23:50:00,14.43
Gorge,2024-09-01,0:00:00,14.35
Gorge,2024-09-01,0:10:00,14.23
Gorge,2024-09-01,0:20:00,14.06
Gorge,2024-09-01,0:30:00,13.9
Gorge,2024-09-01,0:40:00,13.75
Gorge,2024-09-01,0:50:00,13.93
Gorge,2024-09-01,1:00:00,14.12
Gorge,2024-09-01,1:10:00,14.14
Gorge,2024-09-01,1:20:00,13.99
Gorge,2024-09-01,1:30:00,14.32
Gorge,2024-09-01,1:40:00,14.68
Gorge,2024-09-01,1:50:00,14.65
Gorge,2024-09-01,2:00:00,14.67
Gorge,2024-09-01,2:10:00,14.81
Gorge,2024-09-01,2:20:00,14.88
Gorge,2024-09-01,2:30:00,14.87
Gorge,2024-09-01,2:40:00,14.75
Gorge,2024-09-01,2:50:00,14.63
Gorge,2024-09-01,3:00:00,14.65
Gorge,2024-09-01,3:10:00,14.75
Gorge,2024-09-01,3:20:00,14.91
Gorge,2024-09-01,3:30:00,15.13
Gorge,2024-09-01,3:40:00,14.97
Gorge,2024-09-01,3:50:00,14.91
Gorge,2024-09-01,4:00:00,14.68
Gorge,2024-09-01,4:10:00,14.56
Gorge,2024-09-01,4:20:00,14.34
Gorge,2024-09-01,4:30:00,14.24
Gorge,2024-09-01,4:40:00,14.12
Gorge,2024-09-01,4:50:00,14.04
Gorge,2024-09-01,5:00:00,14.08
Gorge,2024-09-01,5:10:00,14.09
Gorge,2024-09-01,5:20:00,14.09
Gorge,2024-09-01,5:30:00,13.94
Gorge,2024-09-01,5:40:00,13.84
Gorge,2024-09-01,5:50:00,13.89
Gorge,2024-09-01,6:00:00,14.03
Gorge,2024-09-01,6:10:00,14.17
Gorge,2024-09-01,6:20:00,14.24
Gorge,2024-09-01,6:30:00,14.26
Gorge,2024-09-01,6:40:00,14.27
Gorge,2024-09-01,6:50:00,14.27
Gorge,2024-09-01,7:00:00,14.25
Gorge,2024-09-01,7:10:00,14.36
Gorge,2024-09-01,7:20:00,14.51
Gorge,2024-09-01,7:30:00,14.56
Gorge,2024-09-01,7:40:00,14.73
Gorge,2024-09-01,7:50:00,14.95
Gorge,2024-09-01,8:00:00,15.18
Gorge,2024-09-01,8:10:00,15.41
Gorge,2024-09-01,8:20:00,15.73
Gorge,2024-09-01,8:30:00,15.88
Gorge,2024-09-01,8:40:00,16.15
Gorge,2024-09-01,8:50:00,16.31
Gorge,2024-09-01,9:00:00,16.56
Gorge,2024-09-01,9:10:00,16.87
Gorge,2024-09-01,9:20:00,17.05
Gorge,2024-09-01,9:30:00,17.31
Gorge,2024-09-01,9:40:00,17.35
Gorge,2024-09-01,9:50:00,17.4
Gorge,2024-09-01,10:00:00,17.63
Gorge,2024-09-01,10:10:00,17.92
Gorge,2024-09-01,10:20:00,18.07
Gorge,2024-09-01,10:30:00,18.15
Gorge,2024-09-01,10:40:00,18.2
Gorge,2024-09-01,10:50:00,18.14
Gorge,2024-09-01,11:00:00,18.15
Gorge,2024-09-01,11:10:00,18.22
Gorge,2024-09-01,11:20:00,18.28
Gorge,2024-09-01,11:30:00,18.34
Gorge,2024-09-01,11:40:00,18.42
Gorge,2024-09-01,11:50:00,18.53
Gorge,2024-09-01,12:00:00,18.57
Gorge,2024-09-01,12:10:00,18.57
Gorge,2024-09-01,12:20:00,17.21
Gorge,2024-09-01,12:30:00,16.46
Gorge,2024-09-01,12:40:00,16.36
Gorge,2024-09-01,12:50:00,16.6
Gorge,2024-09-01,13:00:00,16.85
Gorge,2024-09-01,13:10:00,16.46
Gorge,2024-09-01,13:20:00,16.12
Gorge,2024-09-01,13:30:00,15.82
Gorge,2024-09-01,13:40:00,15.23
Gorge,2024-09-01,13:50:00,15.01
Gorge,2024-09-01,14:00:00,15.17
Gorge,2024-09-01,14:10:00,15.23
Gorge,2024-09-01,14:20:00,15.45
Gorge,2024-09-01,14:30:00,15.17
Gorge,2024-09-01,14:40:00,15.01
Gorge,2024-09-01,14:50:00,15.04
Gorge,2024-09-01,15:00:00,14.95
Gorge,2024-09-01,15:10:00,14.84
Gorge,2024-09-01,15:20:00,14.88
Gorge,2024-09-01,15:30:00,15.11
Gorge,2024-09-01,15:40:00,15.01
Gorge,2024-09-01,15:50:00,14.89
Gorge,2024-09-01,16:00:00,14.97
Gorge,2024-09-01,16:10:00,15.15
Gorge,2024-09-01,16:20:00,15.32
Gorge,2024-09-01,16:30:00,15.3
Gorge,2024-09-01,16:40:00,15.02
Gorge,2024-09-01,16:50:00,14.96
Gorge,2024-09-01,17:00:00,15.1
Gorge,2024-09-01,17:10:00,15.01
Gorge,2024-09-01,17:20:00,14.96
Gorge,2024-09-01,17:30:00,15.04
Gorge,2024-09-01,17:40:00,15.04
Gorge,2024-09-01,17:50:00,14.99
Gorge,2024-09-01,18:00:00,15.03
Gorge,2024-09-01,18:10:00,15.15
Gorge,2024-09-01,18:20:00,15.17
Gorge,2024-09-01,18:30:00,15.19
Gorge,2024-09-01,18:40:00,15.07
Gorge,2024-09-01,18:50:00,14.89
Gorge,2024-09-01,19:00:00,14.73
Gorge,2024-09-01,19:10:00,14.75
Gorge,2024-09-01,19:20:00,14.8
Gorge,2024-09-01,19:30:00,14.82
Gorge,2024-09-01,19:40:00,14.88
Gorge,2024-09-01,19:50:00,14.97
Gorge,2024-09-01,20:00:00,15.09
Gorge,2024-09-01,20:10:00,15.22
Gorge,2024-09-01,20:20:00,15.24
Gorge,2024-09-01,20:30:00,15.3
Gorge,2024-09-01,20:40:00,15.41
Gorge,2024-09-01,20:50:00,15.39
Gorge,2024-09-01,21:00:00,15.49
Gorge,2024-09-01,21:10:00,15.57
Gorge,2024-09-01,21:20:00,15.57
Gorge,2024-09-01,21:30:00,15.53
Gorge,2024-09-01,21:40:00,15.51
Gorge,2024-09-01,21:50:00,15.63
Gorge,2024-09-01,22:00:00,15.69
Gorge,2024-09-01,22:10:00,15.66
Gorge,2024-09-01,22:20:00,15.62
Gorge,2024-09-01,22:30:00,15.49
Gorge,2024-09-01,22:40:00,15.52
Gorge,2024-09-01,22:50:00,15.68
Gorge,2024-09-01,23:00:00,15.67
Gorge,2024-09-01,23:10:00,15.46
Gorge,2024-09-01,23:20:00,15.52
Gorge,2024-09-01,23:30:00,15.66
Gorge,2024-09-01,23:40:00,15.69
Gorge,2024-09-01,23:50:00,15.63
Gorge,2024-09-02,0:00:00,15.53
Gorge,2024-09-02,0:10:00,15.51
Gorge,2024-09-02,0:20:00,15.53
Gorge,2024-09-02,0:30:00,15.4
Gorge,2024-09-02,0:40:00,15.3
Gorge,2024-09-02,0:50:00,15.21
Gorge,2024-09-02,1:00:00,15.01
Gorge,2024-09-02,1:10:00,15
Gorge,2024-09-02,1:20:00,14.92
Gorge,2024-09-02,1:30:00,14.97
Gorge,2024-09-02,1:40:00,14.91
Gorge,2024-09-02,1:50:00,14.85
Gorge,2024-09-02,2:00:00,14.92
Gorge,2024-09-02,2:10:00,14.91
Gorge,2024-09-02,2:20:00,14.91
Gorge,2024-09-02,2:30:00,14.89
Gorge,2024-09-02,2:40:00,14.89
Gorge,2024-09-02,2:50:00,14.89
Gorge,2024-09-02,3:00:00,14.84
Gorge,2024-09-02,3:10:00,14.79
Gorge,2024-09-02,3:20:00,14.78
Gorge,2024-09-02,3:30:00,14.79
Gorge,2024-09-02,3:40:00,14.81
Gorge,2024-09-02,3:50:00,14.78
Gorge,2024-09-02,4:00:00,14.86
Gorge,2024-09-02,4:10:00,14.97
Gorge,2024-09-02,4:20:00,15
Gorge,2024-09-02,4:30:00,15.1
Gorge,2024-09-02,4:40:00,15.13
Gorge,2024-09-02,4:50:00,15.17
Gorge,2024-09-02,5:00:00,15.27
Gorge,2024-09-02,5:10:00,15.01
Gorge,2024-09-02,5:20:00,14.72
Gorge,2024-09-02,5:30:00,14.49
Gorge,2024-09-02,5:40:00,14.32
Gorge,2024-09-02,5:50:00,14.32
Gorge,2024-09-02,6:00:00,14.24
Gorge,2024-09-02,6:10:00,14.24
Gorge,2024-09-02,6:20:00,14.38
Gorge,2024-09-02,6:30:00,14.54
Gorge,2024-09-02,6:40:00,14.58
Gorge,2024-09-02,6:50:00,14.6
Gorge,2024-09-02,7:00:00,14.68
Gorge,2024-09-02,7:10:00,14.65
Gorge,2024-09-02,7:20:00,14.64
Gorge,2024-09-02,7:30:00,14.67
Gorge,2024-09-02,7:40:00,14.72
Gorge,2024-09-02,7:50:00,14.85
Gorge,2024-09-02,8:00:00,15.02
Gorge,2024-09-02,8:10:00,15.13
Gorge,2024-09-02,8:20:00,15.24
Gorge,2024-09-02,8:30:00,15.44
Gorge,2024-09-02,8:40:00,15.57
Gorge,2024-09-02,8:50:00,15.66
Gorge,2024-09-02,9:00:00,15.81
Gorge,2024-09-02,9:10:00,15.96
Gorge,2024-09-02,9:20:00,16.29
Gorge,2024-09-02,9:30:00,16.48
Gorge,2024-09-02,9:40:00,16.63
Gorge,2024-09-02,9:50:00,16.87
Gorge,2024-09-02,10:00:00,17.1
Gorge,2024-09-02,10:10:00,17.28
Gorge,2024-09-02,10:20:00,17.38
Gorge,2024-09-02,10:30:00,17.4
Gorge,2024-09-02,10:40:00,17.65
Gorge,2024-09-02,10:50:00,17.89
Gorge,2024-09-02,11:00:00,18
Gorge,2024-09-02,11:10:00,18
Gorge,2024-09-02,11:20:00,18.1
Gorge,2024-09-02,11:30:00,18.12
Gorge,2024-09-02,11:40:00,18.14
Gorge,2024-09-02,11:50:00,18.18
Gorge,2024-09-02,12:00:00,18.19
Gorge,2024-09-02,12:10:00,18.2
Gorge,2024-09-02,12:20:00,18.21
Gorge,2024-09-02,12:30:00,18.23
Gorge,2024-09-02,12:40:00,18.07
Gorge,2024-09-02,12:50:00,17.97
Gorge,2024-09-02,13:00:00,17.26
Gorge,2024-09-02,13:10:00,17.05
Gorge,2024-09-02,13:20:00,17.02
Gorge,2024-09-02,13:30:00,16.63
Gorge,2024-09-02,13:40:00,16.49
Gorge,2024-09-02,13:50:00,16.37
Gorge,2024-09-02,14:00:00,15.68
Gorge,2024-09-02,14:10:00,15.42
Gorge,2024-09-02,14:20:00,15.62
Gorge,2024-09-02,14:30:00,15.77
Gorge,2024-09-02,14:40:00,15.91
Gorge,2024-09-02,14:50:00,16.22
Gorge,2024-09-02,15:00:00,16.19
Gorge,2024-09-02,15:10:00,15.95
Gorge,2024-09-02,15:20:00,15.89
Gorge,2024-09-02,15:30:00,15.83
Gorge,2024-09-02,15:40:00,15.78
Gorge,2024-09-02,15:50:00,15.58
Gorge,2024-09-02,16:00:00,15.56
Gorge,2024-09-02,16:10:00,15.24
Gorge,2024-09-02,16:20:00,15.1
Gorge,2024-09-02,16:30:00,15.16
Gorge,2024-09-02,16:40:00,15.37
Gorge,2024-09-02,16:50:00,15.44
Gorge,2024-09-02,17:00:00,15.45
Gorge,2024-09-02,17:10:00,15.45
Gorge,2024-09-02,17:20:00,15.55
Gorge,2024-09-02,17:30:00,15.53
Gorge,2024-09-02,17:40:00,15.48
Gorge,2024-09-02,17:50:00,15.39
Gorge,2024-09-02,18:00:00,15.23
Gorge,2024-09-02,18:10:00,15.26
Gorge,2024-09-02,18:20:00,15.37
Gorge,2024-09-02,18:30:00,15.46
Gorge,2024-09-02,18:40:00,15.4
Gorge,2024-09-02,18:50:00,15.34
Gorge,2024-09-02,19:00:00,15.34
Gorge,2024-09-02,19:10:00,15.32
Gorge,2024-09-02,19:20:00,15.46
Gorge,2024-09-02,19:30:00,15.57
Gorge,2024-09-02,19:40:00,15.7
Gorge,2024-09-02,19:50:00,15.77
Gorge,2024-09-02,20:00:00,15.91
Gorge,2024-09-02,20:10:00,16.25
Gorge,2024-09-02,20:20:00,16.13
Gorge,2024-09-02,20:30:00,15.92
Gorge,2024-09-02,20:40:00,15.9
Gorge,2024-09-02,20:50:00,16.04
Gorge,2024-09-02,21:00:00,16.11
Gorge,2024-09-02,21:10:00,16.14
Gorge,2024-09-02,21:20:00,16.15
Gorge,2024-09-02,21:30:00,16.16
Gorge,2024-09-02,21:40:00,16.2
Gorge,2024-09-02,21:50:00,16.24
Gorge,2024-09-02,22:00:00,16.2
Gorge,2024-09-02,22:10:00,16.26
Gorge,2024-09-02,22:20:00,16.26
Gorge,2024-09-02,22:30:00,16.26
Gorge,2024-09-02,22:40:00,16.24
Gorge,2024-09-02,22:50:00,16.21
Gorge,2024-09-02,23:00:00,16.24
Gorge,2024-09-02,23:10:00,16.2
Gorge,2024-09-02,23:20:00,16.19
Gorge,2024-09-02,23:30:00,16.17
Gorge,2024-09-02,23:40:00,15.96
Gorge,2024-09-02,23:50:00,15.88
Gorge,2024-09-03,0:00:00,15.88
Gorge,2024-09-03,0:10:00,15.82
Gorge,2024-09-03,0:20:00,15.69
Gorge,2024-09-03,0:30:00,15.52
Gorge,2024-09-03,0:40:00,15.3
Gorge,2024-09-03,0:50:00,15.29
Gorge,2024-09-03,1:00:00,15.28
Gorge,2024-09-03,1:10:00,15.13
Gorge,2024-09-03,1:20:00,15.03
Gorge,2024-09-03,1:30:00,15.03
Gorge,2024-09-03,1:40:00,15.09
Gorge,2024-09-03,1:50:00,15.04
Gorge,2024-09-03,2:00:00,15.02
Gorge,2024-09-03,2:10:00,15
Gorge,2024-09-03,2:20:00,15
Gorge,2024-09-03,2:30:00,14.96
Gorge,2024-09-03,2:40:00,14.92
Gorge,2024-09-03,2:50:00,14.92
Gorge,2024-09-03,3:00:00,14.93
Gorge,2024-09-03,3:10:00,14.97
Gorge,2024-09-03,3:20:00,14.98
Gorge,2024-09-03,3:30:00,15
Gorge,2024-09-03,3:40:00,15
Gorge,2024-09-03,3:50:00,15.02
Gorge,2024-09-03,4:00:00,15
Gorge,2024-09-03,4:10:00,15.03
Gorge,2024-09-03,4:20:00,15.03
Gorge,2024-09-03,4:30:00,14.97
Gorge,2024-09-03,4:40:00,14.99
Gorge,2024-09-03,4:50:00,15.07
Gorge,2024-09-03,5:00:00,15.1
Gorge,2024-09-03,5:10:00,15.44
Gorge,2024-09-03,5:20:00,15.45
Gorge,2024-09-03,5:30:00,15.38
Gorge,2024-09-03,5:40:00,15.32
Gorge,2024-09-03,5:50:00,15.27
Gorge,2024-09-03,6:00:00,15.19
Gorge,2024-09-03,6:10:00,15.03
Gorge,2024-09-03,6:20:00,14.91
Gorge,2024-09-03,6:30:00,14.82
Gorge,2024-09-03,6:40:00,14.82
Gorge,2024-09-03,6:50:00,14.78
Gorge,2024-09-03,7:00:00,14.78
Gorge,2024-09-03,7:10:00,14.78
Gorge,2024-09-03,7:20:00,14.82
Gorge,2024-09-03,7:30:00,14.89
Gorge,2024-09-03,7:40:00,14.91
Gorge,2024-09-03,7:50:00,14.96
Gorge,2024-09-03,8:00:00,15
Gorge,2024-09-03,8:10:00,15.08
Gorge,2024-09-03,8:20:00,15.15
Gorge,2024-09-03,8:30:00,15.27
Gorge,2024-09-03,8:40:00,15.38
Gorge,2024-09-03,8:50:00,15.47
Gorge,2024-09-03,9:00:00,15.6
Gorge,2024-09-03,9:10:00,15.8
Gorge,2024-09-03,9:20:00,15.89
Gorge,2024-09-03,9:30:00,16.07
Gorge,2024-09-03,9:40:00,16.24
Gorge,2024-09-03,9:50:00,16.34
Gorge,2024-09-03,10:00:00,16.43
Gorge,2024-09-03,10:10:00,16.67
Gorge,2024-09-03,10:20:00,16.79
Gorge,2024-09-03,10:30:00,16.91
Gorge,2024-09-03,10:40:00,17.05
Gorge,2024-09-03,10:50:00,17.15
Gorge,2024-09-03,11:00:00,17.31
Gorge,2024-09-03,11:10:00,17.45
Gorge,2024-09-03,11:20:00,17.5
Gorge,2024-09-03,11:30:00,17.53
Gorge,2024-09-03,11:40:00,17.53
Gorge,2024-09-03,11:50:00,17.61
Gorge,2024-09-03,12:00:00,17.67
Gorge,2024-09-03,12:10:00,17.67
Gorge,2024-09-03,12:20:00,17.7
Gorge,2024-09-03,12:30:00,17.76
Gorge,2024-09-03,12:40:00,17.75
Gorge,2024-09-03,12:50:00,17.82
Gorge,2024-09-03,13:00:00,17.67
Gorge,2024-09-03,13:10:00,17.61
Gorge,2024-09-03,13:20:00,17.44
Gorge,2024-09-03,13:30:00,17.62
Gorge,2024-09-03,13:40:00,17.33
Gorge,2024-09-03,13:50:00,16.93
Gorge,2024-09-03,14:00:00,16.96
Gorge,2024-09-03,14:10:00,16.58
Gorge,2024-09-03,14:20:00,16.7
Gorge,2024-09-03,14:30:00,16.3
Gorge,2024-09-03,14:40:00,16.78
Gorge,2024-09-03,14:50:00,16.47
Gorge,2024-09-03,15:00:00,15.75
Gorge,2024-09-03,15:10:00,15.51
Gorge,2024-09-03,15:20:00,15.57
Gorge,2024-09-03,15:30:00,15.75
Gorge,2024-09-03,15:40:00,15.6
Gorge,2024-09-03,15:50:00,15.4
Gorge,2024-09-03,16:00:00,15.39
Gorge,2024-09-03,16:10:00,15.41
Gorge,2024-09-03,16:20:00,15.53
Gorge,2024-09-03,16:30:00,15.61
Gorge,2024-09-03,16:40:00,15.55
Gorge,2024-09-03,16:50:00,15.93
Gorge,2024-09-03,17:00:00,16.25
Gorge,2024-09-03,17:10:00,16.13
Gorge,2024-09-03,17:20:00,15.86
Gorge,2024-09-03,17:30:00,15.91
Gorge,2024-09-03,17:40:00,16.15
Gorge,2024-09-03,17:50:00,16.37
Gorge,2024-09-03,18:00:00,16.35
Gorge,2024-09-03,18:10:00,16.18
Gorge,2024-09-03,18:20:00,15.99
Gorge,2024-09-03,18:30:00,15.89
Gorge,2024-09-03,18:40:00,16.04
Gorge,2024-09-03,18:50:00,15.93
Gorge,2024-09-03,19:00:00,16.03
Gorge,2024-09-03,19:10:00,15.83
Gorge,2024-09-03,19:20:00,15.62
Gorge,2024-09-03,19:30:00,15.84
Gorge,2024-09-03,19:40:00,16.61
Gorge,2024-09-03,19:50:00,16.45
Gorge,2024-09-03,20:00:00,15.91
Gorge,2024-09-03,20:10:00,15.87
Gorge,2024-09-03,20:20:00,15.85
Gorge,2024-09-03,20:30:00,16.19
Gorge,2024-09-03,20:40:00,16.8
Gorge,2024-09-03,20:50:00,16.92
Gorge,2024-09-03,21:00:00,16.57
Gorge,2024-09-03,21:10:00,16.71
Gorge,2024-09-03,21:20:00,16.93
Gorge,2024-09-03,21:30:00,16.62
Gorge,2024-09-03,21:40:00,16.42
Gorge,2024-09-03,21:50:00,16.34
Gorge,2024-09-03,22:00:00,16.29
Gorge,2024-09-03,22:10:00,16.21
Gorge,2024-09-03,22:20:00,16.01
Gorge,2024-09-03,22:30:00,16.03
Gorge,2024-09-03,22:40:00,16.07
Gorge,2024-09-03,22:50:00,16.04
Gorge,2024-09-03,23:00:00,16.03
Gorge,2024-09-03,23:10:00,16.01
Gorge,2024-09-03,23:20:00,15.99
Gorge,2024-09-03,23:30:00,16.01
Gorge,2024-09-03,23:40:00,16.04
Gorge,2024-09-03,23:50:00,15.97
Gorge,2024-09-04,0:00:00,15.98
Gorge,2024-09-04,0:10:00,15.99
Gorge,2024-09-04,0:20:00,15.99
Gorge,2024-09-04,0:30:00,16.04
Gorge,2024-09-04,0:40:00,16
Gorge,2024-09-04,0:50:00,16.04
Gorge,2024-09-04,1:00:00,16.01
Gorge,2024-09-04,1:10:00,15.98
Gorge,2024-09-04,1:20:00,15.96
Gorge,2024-09-04,1:30:00,15.82
Gorge,2024-09-04,1:40:00,15.74
Gorge,2024-09-04,1:50:00,15.69
Gorge,2024-09-04,2:00:00,15.59
Gorge,2024-09-04,2:10:00,15.55
Gorge,2024-09-04,2:20:00,15.53
Gorge,2024-09-04,2:30:00,15.54
Gorge,2024-09-04,2:40:00,15.38
Gorge,2024-09-04,2:50:00,15.17
Gorge,2024-09-04,3:00:00,15.15
Gorge,2024-09-04,3:10:00,15.26
Gorge,2024-09-04,3:20:00,15.23
Gorge,2024-09-04,3:30:00,15.19
Gorge,2024-09-04,3:40:00,15.27
Gorge,2024-09-04,3:50:00,15.34
Gorge,2024-09-04,4:00:00,15.4
Gorge,2024-09-04,4:10:00,15.44
Gorge,2024-09-04,4:20:00,15.75
Gorge,2024-09-04,4:30:00,15.7
Gorge,2024-09-04,4:40:00,15.59
Gorge,2024-09-04,4:50:00,15.57
Gorge,2024-09-04,5:00:00,15.57
Gorge,2024-09-04,5:10:00,15.66
Gorge,2024-09-04,5:20:00,15.7
Gorge,2024-09-04,5:30:00,15.69
Gorge,2024-09-04,5:40:00,15.68
Gorge,2024-09-04,5:50:00,15.7
Gorge,2024-09-04,6:00:00,15.59
Gorge,2024-09-04,6:10:00,15.7
Gorge,2024-09-04,6:20:00,15.68
Gorge,2024-09-04,6:30:00,15.65
Gorge,2024-09-04,6:40:00,15.62
Gorge,2024-09-04,6:50:00,15.58
Gorge,2024-09-04,7:00:00,15.41
Gorge,2024-09-04,7:10:00,15.06
Gorge,2024-09-04,7:20:00,14.98
Gorge,2024-09-04,7:30:00,14.97
Gorge,2024-09-04,7:40:00,14.98
Gorge,2024-09-04,7:50:00,14.97
Gorge,2024-09-04,8:00:00,15
Gorge,2024-09-04,8:10:00,15.08
Gorge,2024-09-04,8:20:00,15.19
Gorge,2024-09-04,8:30:00,15.32
Gorge,2024-09-04,8:40:00,15.3
Gorge,2024-09-04,8:50:00,15.26
Gorge,2024-09-04,9:00:00,15.23
Gorge,2024-09-04,9:10:00,15.26
Gorge,2024-09-04,9:20:00,15.37
Gorge,2024-09-04,9:30:00,15.48
Gorge,2024-09-04,9:40:00,15.55
Gorge,2024-09-04,9:50:00,15.61
Gorge,2024-09-04,10:00:00,15.75
Gorge,2024-09-04,10:10:00,15.78
Gorge,2024-09-04,10:20:00,15.87
Gorge,2024-09-04,10:30:00,15.95
Gorge,2024-09-04,10:40:00,16.16
Gorge,2024-09-04,10:50:00,16.28
Gorge,2024-09-04,11:00:00,16.4
Gorge,2024-09-04,11:10:00,16.5
Gorge,2024-09-04,11:20:00,16.59
Gorge,2024-09-04,11:30:00,16.91
Gorge,2024-09-04,11:40:00,17.06
Gorge,2024-09-04,11:50:00,17.11
Gorge,2024-09-04,12:00:00,17.08
Gorge,2024-09-04,12:10:00,17.07
Gorge,2024-09-04,12:20:00,17.13
Gorge,2024-09-04,12:30:00,17.19
Gorge,2024-09-04,12:40:00,17.21
Gorge,2024-09-04,12:50:00,17.21
Gorge,2024-09-04,13:00:00,17.18
Gorge,2024-09-04,13:10:00,16.58
Gorge,2024-09-04,13:20:00,16.52
Gorge,2024-09-04,13:30:00,16.4
Gorge,2024-09-04,13:40:00,16.28
Gorge,2024-09-04,13:50:00,16.26
Gorge,2024-09-04,14:00:00,15.88
Gorge,2024-09-04,14:10:00,15.51
Gorge,2024-09-04,14:20:00,15.19
Gorge,2024-09-04,14:30:00,15.18
Gorge,2024-09-04,14:40:00,15.29
Gorge,2024-09-04,14:50:00,15.15
Gorge,2024-09-04,15:00:00,14.95
Gorge,2024-09-04,15:10:00,14.82
Gorge,2024-09-04,15:20:00,14.86
Gorge,2024-09-04,15:30:00,14.94
Gorge,2024-09-04,15:40:00,15.01
Gorge,2024-09-04,15:50:00,15.04
Gorge,2024-09-04,16:00:00,15.3