Site,Date,Time,Temperature_C
Comox,2025-04-15,16:00:00,10.69
Comox,2025-04-15,16:10:00,10.55
Comox,2025-04-15,16:20:00,10.5
Comox,2025-04-15,16:30:00,10.52
Comox,2025-04-15,16:40:00,10.51
Comox,2025-04-15,16:50:00,10.49
Comox,2025-04-15,17:00:00,10.45
Comox,2025-04-15,17:10:00,10.42
Comox,2025-04-15,17:20:00,10.38
Comox,2025-04-15,17:30:00,10.34
Comox,2025-04-15,17:40:00,10.35
Comox,2025-04-15,17:50:00,10.33
Comox,2025-04-15,18:00:00,10.26
Comox,2025-04-15,18:10:00,10.21
Comox,2025-04-15,18:20:00,10.2
Comox,2025-04-15,18:30:00,10.33
Comox,2025-04-15,18:40:00,10.35
Comox,2025-04-15,18:50:00,10.19
Comox,2025-04-15,19:00:00,10.12
Comox,2025-04-15,19:10:00,10.25
Comox,2025-04-15,19:20:00,10.21
Comox,2025-04-15,19:30:00,10.26
Comox,2025-04-15,19:40:00,10.22
Comox,2025-04-15,19:50:00,10.2
Comox,2025-04-15,20:00:00,10.16
Comox,2025-04-15,20:10:00,10.11
Comox,2025-04-15,20:20:00,10.01
Comox,2025-04-15,20:30:00,10
Comox,2025-04-15,20:40:00,10.04
Comox,2025-04-15,20:50:00,10.05
Comox,2025-04-15,21:00:00,10
Comox,2025-04-15,21:10:00,10.03
Comox,2025-04-15,21:20:00,10.03
Comox,2025-04-15,21:30:00,10.07
Comox,2025-04-15,21:40:00,9.95
Comox,2025-04-15,21:50:00,10.01
Comox,2025-04-15,22:00:00,9.86
Comox,2025-04-15,22:10:00,9.7
Comox,2025-04-15,22:20:00,9.76
Comox,2025-04-15,22:30:00,9.84
Comox,2025-04-15,22:40:00,9.77
Comox,2025-04-15,22:50:00,9.7
Comox,2025-04-15,23:00:00,9.8
Comox,2025-04-15,23:10:00,9.89
Comox,2025-04-15,23:20:00,9.95
Comox,2025-04-15,23:30:00,9.96
Comox,2025-04-15,23:40:00,9.94
Comox,2025-04-15,23:50:00,9.84
Comox,2025-04-16,0:00:00,9.8
Comox,2025-04-16,0:10:00,9.83
Comox,2025-04-16,0:20:00,9.86
Comox,2025-04-16,0:30:00,9.84
Comox,2025-04-16,0:40:00,9.79
Comox,2025-04-16,0:50:00,9.84
Comox,2025-04-16,1:00:00,9.79
Comox,2025-04-16,1:10:00,9.84
Comox,2025-04-16,1:20:00,9.84
Comox,2025-04-16,1:30:00,9.81
Comox,2025-04-16,1:40:00,9.83
Comox,2025-04-16,1:50:00,9.85
Comox,2025-04-16,2:00:00,9.79
Comox,2025-04-16,2:10:00,9.83
Comox,2025-04-16,2:20:00,9.86
Comox,2025-04-16,2:30:00,9.78
Comox,2025-04-16,2:40:00,9.75
Comox,2025-04-16,2:50:00,9.75
Comox,2025-04-16,3:00:00,9.78
Comox,2025-04-16,3:10:00,9.61
Comox,2025-04-16,3:20:00,9.56
Comox,2025-04-16,3:30:00,9.6
Comox,2025-04-16,3:40:00,9.33
Comox,2025-04-16,3:50:00,9.24
Comox,2025-04-16,4:00:00,9.36
Comox,2025-04-16,4:10:00,9.59
Comox,2025-04-16,4:20:00,9.47
Comox,2025-04-16,4:30:00,9.33
Comox,2025-04-16,4:40:00,9.42
Comox,2025-04-16,4:50:00,9.41
Comox,2025-04-16,5:00:00,9.39
Comox,2025-04-16,5:10:00,9.48
Comox,2025-04-16,5:20:00,9.5
Comox,2025-04-16,5:30:00,9.56
Comox,2025-04-16,5:40:00,9.65
Comox,2025-04-16,5:50:00,9.65
Comox,2025-04-16,6:00:00,9.6
Comox,2025-04-16,6:10:00,9.45
Comox,2025-04-16,6:20:00,9.19
Comox,2025-04-16,6:30:00,8.96
Comox,2025-04-16,6:40:00,8.98
Comox,2025-04-16,6:50:00,9.23
Comox,2025-04-16,7:00:00,9.09
Comox,2025-04-16,7:10:00,9.06
Comox,2025-04-16,7:20:00,9.12
Comox,2025-04-16,7:30:00,9.14
Comox,2025-04-16,7:40:00,9.08
Comox,2025-04-16,7:50:00,9.05
Comox,2025-04-16,8:00:00,9.03
Comox,2025-04-16,8:10:00,9.23
Comox,2025-04-16,8:20:00,9.33
Comox,2025-04-16,8:30:00,9.33
Comox,2025-04-16,8:40:00,9.34
Comox,2025-04-16,8:50:00,9.41
Comox,2025-04-16,9:00:00,9.39
Comox,2025-04-16,9:10:00,9.41
Comox,2025-04-16,9:20:00,9.44
Comox,2025-04-16,9:30:00,9.56
Comox,2025-04-16,9:40:00,9.37
Comox,2025-04-16,9:50:00,9.11
Comox,2025-04-16,10:00:00,9.22
Comox,2025-04-16,10:10:00,9.29
Comox,2025-04-16,10:20:00,9.35
Comox,2025-04-16,10:30:00,9.42
Comox,2025-04-16,10:40:00,9.33
Comox,2025-04-16,10:50:00,9.35
Comox,2025-04-16,11:00:00,9.4
Comox,2025-04-16,11:10:00,9.39
Comox,2025-04-16,11:20:00,9.41
Comox,2025-04-16,11:30:00,9.4
Comox,2025-04-16,11:40:00,9.27
Comox,2025-04-16,11:50:00,9.18
Comox,2025-04-16,12:00:00,9.24
Comox,2025-04-16,12:10:00,9.29
Comox,2025-04-16,12:20:00,9.32
Comox,2025-04-16,12:30:00,9.41
Comox,2025-04-16,12:40:00,9.42
Comox,2025-04-16,12:50:00,9.46
Comox,2025-04-16,13:00:00,9.54
Comox,2025-04-16,13:10:00,9.55
Comox,2025-04-16,13:20:00,9.54
Comox,2025-04-16,13:30:00,9.66
Comox,2025-04-16,13:40:00,9.72
Comox,2025-04-16,13:50:00,9.7
Comox,2025-04-16,14:00:00,9.74
Comox,2025-04-16,14:10:00,9.78
Comox,2025-04-16,14:20:00,9.86
Comox,2025-04-16,14:30:00,9.81
Comox,2025-04-16,14:40:00,9.84
Comox,2025-04-16,14:50:00,9.85
Comox,2025-04-16,15:00:00,9.86
Comox,2025-04-16,15:10:00,9.98
Comox,2025-04-16,15:20:00,10.04
Comox,2025-04-16,15:30:00,10
Comox,2025-04-16,15:40:00,10.09
Comox,2025-04-16,15:50:00,10.14
Comox,2025-04-16,16:00:00,10.14
Comox,2025-04-16,16:10:00,10.2
Comox,2025-04-16,16:20:00,10.41
Comox,2025-04-16,16:30:00,10.39
Comox,2025-04-16,16:40:00,10.34
Comox,2025-04-16,16:50:00,10.3
Comox,2025-04-16,17:00:00,10.13
Comox,2025-04-16,17:10:00,10.05
Comox,2025-04-16,17:20:00,9.89
Comox,2025-04-16,17:30:00,9.84
Comox,2025-04-16,17:40:00,9.81
Comox,2025-04-16,17:50:00,9.81
Comox,2025-04-16,18:00:00,9.96
Comox,2025-04-16,18:10:00,10.05
Comox,2025-04-16,18:20:00,10.06
Comox,2025-04-16,18:30:00,9.96
Comox,2025-04-16,18:40:00,9.94
Comox,2025-04-16,18:50:00,10.08
Comox,2025-04-16,19:00:00,10.05
Comox,2025-04-16,19:10:00,10.03
Comox,2025-04-16,19:20:00,9.98
Comox,2025-04-16,19:30:00,10.04
Comox,2025-04-16,19:40:00,10.07
Comox,2025-04-16,19:50:00,10.19
Comox,2025-04-16,20:00:00,10.22
Comox,2025-04-16,20:10:00,10.2
Comox,2025-04-16,20:20:00,10.16
Comox,2025-04-16,20:30:00,10.16
Comox,2025-04-16,20:40:00,10.14
Comox,2025-04-16,20:50:00,10.16
Comox,2025-04-16,21:00:00,10.14
Comox,2025-04-16,21:10:00,10.14
Comox,2025-04-16,21:20:00,10.12
Comox,2025-04-16,21:30:00,10.14
Comox,2025-04-16,21:40:00,10.11
Comox,2025-04-16,21:50:00,10.12
Comox,2025-04-16,22:00:00,10.1
Comox,2025-04-16,22:10:00,10.11
Comox,2025-04-16,22:20:00,10.11
Comox,2025-04-16,22:30:00,10.13
Comox,2025-04-16,22:40:00,10.12
Comox,2025-04-16,22:50:00,10.11
Comox,2025-04-16,23:00:00,10.11
Comox,2025-04-16,23:10:00,10.12
Comox,2025-04-16,23:20:00,10.13
Comox,2025-04-16,23:30:00,10.13
Comox,2025-04-16,23:40:00,10.15
Comox,2025-04-16,23:50:00,10.15
Comox,2025-04-17,0:00:00,10.19
Comox,2025-04-17,0:10:00,10.2
Comox,2025-04-17,0:20:00,10.2
Comox,2025-04-17,0:30:00,10.23
Comox,2025-04-17,0:40:00,10.22
Comox,2025-04-17,0:50:00,10.25
Comox,2025-04-17,1:00:00,10.22
Comox,2025-04-17,1:10:00,10.16
Comox,2025-04-17,1:20:00,10.14
Comox,2025-04-17,1:30:00,10.16
Comox,2025-04-17,1:40:00,10.19
Comox,2025-04-17,1:50:00,10.16
Comox,2025-04-17,2:00:00,10.18
Comox,2025-04-17,2:10:00,10.2
Comox,2025-04-17,2:20:00,10.21
Comox,2025-04-17,2:30:00,10.2
Comox,2025-04-17,2:40:00,10.2
Comox,2025-04-17,2:50:00,10.15
Comox,2025-04-17,3:00:00,10.11
Comox,2025-04-17,3:10:00,10.1
Comox,2025-04-17,3:20:00,10.07
Comox,2025-04-17,3:30:00,10.06
Comox,2025-04-17,3:40:00,10.04
Comox,2025-04-17,3:50:00,10
Comox,2025-04-17,4:00:00,10.05
Comox,2025-04-17,4:10:00,10.04
Comox,2025-04-17,4:20:00,10.06
Comox,2025-04-17,4:30:00,10.07
Comox,2025-04-17,4:40:00,10.05
Comox,2025-04-17,4:50:00,10.06
Comox,2025-04-17,5:00:00,10.08
Comox,2025-04-17,5:10:00,10.1
Comox,2025-04-17,5:20:00,10.13
Comox,2025-04-17,5:30:00,10.15
Comox,2025-04-17,5:40:00,10.16
Comox,2025-04-17,5:50:00,10.2
Comox,2025-04-17,6:00:00,10.2
Comox,2025-04-17,6:10:00,10.19
Comox,2025-04-17,6:20:00,10.18
Comox,2025-04-17,6:30:00,10.13
Comox,2025-04-17,6:40:00,10.15
Comox,2025-04-17,6:50:00,10.14
Comox,2025-04-17,7:00:00,10.1
Comox,2025-04-17,7:10:00,10.09
Comox,2025-04-17,7:20:00,10.09
Comox,2025-04-17,7:30:00,10.14
Comox,2025-04-17,7:40:00,10.15
Comox,2025-04-17,7:50:00,10.2
Comox,2025-04-17,8:00:00,10.2
Comox,2025-04-17,8:10:00,10.2
Comox,2025-04-17,8:20:00,10.2
Comox,2025-04-17,8:30:00,10.15
Comox,2025-04-17,8:40:00,10.31
Comox,2025-04-17,8:50:00,10.19
Comox,2025-04-17,9:00:00,9.65
Comox,2025-04-17,9:10:00,9.32
Comox,2025-04-17,9:20:00,9.91
Comox,2025-04-17,9:30:00,9.68
Comox,2025-04-17,9:40:00,9.82
Comox,2025-04-17,9:50:00,10.05
Comox,2025-04-17,10:00:00,9.86
Comox,2025-04-17,10:10:00,9.84
Comox,2025-04-17,10:20:00,9.99
Comox,2025-04-17,10:30:00,10.36
Comox,2025-04-17,10:40:00,10.45
Comox,2025-04-17,10:50:00,10.4
Comox,2025-04-17,11:00:00,10.24
Comox,2025-04-17,11:10:00,9.94
Comox,2025-04-17,11:20:00,9.9
Comox,2025-04-17,11:30:00,9.88
Comox,2025-04-17,11:40:00,9.88
Comox,2025-04-17,11:50:00,9.97
Comox,2025-04-17,12:00:00,10.11
Comox,2025-04-17,12:10:00,10.2
Comox,2025-04-17,12:20:00,10.37
Comox,2025-04-17,12:30:00,10.45
Comox,2025-04-17,12:40:00,10.51
Comox,2025-04-17,12:50:00,10.48
Comox,2025-04-17,13:00:00,10.57
Comox,2025-04-17,13:10:00,10.64
Comox,2025-04-17,13:20:00,10.67
Comox,2025-04-17,13:30:00,10.68
Comox,2025-04-17,13:40:00,10.77
Comox,2025-04-17,13:50:00,10.81
Comox,2025-04-17,14:00:00,10.88
Comox,2025-04-17,14:10:00,10.99
Comox,2025-04-17,14:20:00,11.2
Comox,2025-04-17,14:30:00,11.22
Comox,2025-04-17,14:40:00,11.25
Comox,2025-04-17,14:50:00,11.32
Comox,2025-04-17,15:00:00,11.55
Comox,2025-04-17,15:10:00,11.71
Comox,2025-04-17,15:20:00,11.79
Comox,2025-04-17,15:30:00,12.08
Comox,2025-04-17,15:40:00,12.42
Comox,2025-04-17,15:50:00,12.7
Comox,2025-04-17,16:00:00,12.62
Comox,2025-04-17,16:10:00,12.6
Comox,2025-04-17,16:20:00,12.63
Comox,2025-04-17,16:30:00,12.26
Comox,2025-04-17,16:40:00,12.07
Comox,2025-04-17,16:50:00,12.1
Comox,2025-04-17,17:00:00,11.82
Comox,2025-04-17,17:10:00,11.79
Comox,2025-04-17,17:20:00,11.86
Comox,2025-04-17,17:30:00,11.81
Comox,2025-04-17,17:40:00,11.79
Comox,2025-04-17,17:50:00,12.02
Comox,2025-04-17,18:00:00,12.47
Comox,2025-04-17,18:10:00,12.65
Comox,2025-04-17,18:20:00,12.53
Comox,2025-04-17,18:30:00,12.69
Comox,2025-04-17,18:40:00,12.69
Comox,2025-04-17,18:50:00,12.34
Comox,2025-04-17,19:00:00,11.84
Comox,2025-04-17,19:10:00,11.61
Comox,2025-04-17,19:20:00,11.38
Comox,2025-04-17,19:30:00,11.51
Comox,2025-04-17,19:40:00,11.39
Comox,2025-04-17,19:50:00,11.31
Comox,2025-04-17,20:00:00,11.27
Comox,2025-04-17,20:10:00,11.33
Comox,2025-04-17,20:20:00,11.28
Comox,2025-04-17,20:30:00,11.29
Comox,2025-04-17,20:40:00,11.22
Comox,2025-04-17,20:50:00,11.25
Comox,2025-04-17,21:00:00,11.2
Comox,2025-04-17,21:10:00,11.22
Comox,2025-04-17,21:20:00,11.18
Comox,2025-04-17,21:30:00,11.15
Comox,2025-04-17,21:40:00,11.07
Comox,2025-04-17,21:50:00,11.03
Comox,2025-04-17,22:00:00,11
Comox,2025-04-17,22:10:00,11.01
Comox,2025-04-17,22:20:00,11.03
Comox,2025-04-17,22:30:00,11.01
Comox,2025-04-17,22:40:00,11
Comox,2025-04-17,22:50:00,10.99
Comox,2025-04-17,23:00:00,10.98
Comox,2025-04-17,23:10:00,10.97
Comox,2025-04-17,23:20:00,10.92
Comox,2025-04-17,23:30:00,10.95
Comox,2025-04-17,23:40:00,10.96
Comox,2025-04-17,23:50:00,10.99
Comox,2025-04-18,0:00:00,10.99
Comox,2025-04-18,0:10:00,11.03
Comox,2025-04-18,0:20:00,11.08
Comox,2025-04-18,0:30:00,11.18
Comox,2025-04-18,0:40:00,11.26
Comox,2025-04-18,0:50:00,11.23
Comox,2025-04-18,1:00:00,11.24
Comox,2025-04-18,1:10:00,11.22
Comox,2025-04-18,1:20:00,11.16
Comox,2025-04-18,1:30:00,11.15
Comox,2025-04-18,1:40:00,11.18
Comox,2025-04-18,1:50:00,11.2
Comox,2025-04-18,2:00:00,11.25
Comox,2025-04-18,2:10:00,11.16
Comox,2025-04-18,2:20:00,11.13
Comox,2025-04-18,2:30:00,11.12
Comox,2025-04-18,2:40:00,11.11
Comox,2025-04-18,2:50:00,11.16
Comox,2025-04-18,3:00:00,11.15
Comox,2025-04-18,3:10:00,11.19
Comox,2025-04-18,3:20:00,11.15
Comox,2025-04-18,3:30:00,11.12
Comox,2025-04-18,3:40:00,11.08
Comox,2025-04-18,3:50:00,11.03
Comox,2025-04-18,4:00:00,11.04
Comox,2025-04-18,4:10:00,11.02
Comox,2025-04-18,4:20:00,10.98
Comox,2025-04-18,4:30:00,10.99
Comox,2025-04-18,4:40:00,10.96
Comox,2025-04-18,4:50:00,10.96
Comox,2025-04-18,5:00:00,10.93
Comox,2025-04-18,5:10:00,10.93
Comox,2025-04-18,5:20:00,10.93
Comox,2025-04-18,5:30:00,10.9
Comox,2025-04-18,5:40:00,10.86
Comox,2025-04-18,5:50:00,10.84
Comox,2025-04-18,6:00:00,10.83
Comox,2025-04-18,6:10:00,10.82
Comox,2025-04-18,6:20:00,10.8
Comox,2025-04-18,6:30:00,10.81
Comox,2025-04-18,6:40:00,10.79
Comox,2025-04-18,6:50:00,10.75
Comox,2025-04-18,7:00:00,10.78
Comox,2025-04-18,7:10:00,10.78
Comox,2025-04-18,7:20:00,10.78
Comox,2025-04-18,7:30:00,10.78
Comox,2025-04-18,7:40:00,10.78
Comox,2025-04-18,7:50:00,10.77
Comox,2025-04-18,8:00:00,10.81
Comox,2025-04-18,8:10:00,10.73
Comox,2025-04-18,8:20:00,10.78
Comox,2025-04-18,8:30:00,10.8
Comox,2025-04-18,8:40:00,11.13
Comox,2025-04-18,8:50:00,11.27
Comox,2025-04-18,9:00:00,10.94
Comox,2025-04-18,9:10:00,10.9
Comox,2025-04-18,9:20:00,11.17
Comox,2025-04-18,9:30:00,11.08
Comox,2025-04-18,9:40:00,11.39
Comox,2025-04-18,9:50:00,11.33
Comox,2025-04-18,10:00:00,11.04
Comox,2025-04-18,10:10:00,11.27
Comox,2025-04-18,10:20:00,11.29
Comox,2025-04-18,10:30:00,11.33
Comox,2025-04-18,10:40:00,11.08
Comox,2025-04-18,10:50:00,11.31
Comox,2025-04-18,11:00:00,11.29
Comox,2025-04-18,11:10:00,11.01
Comox,2025-04-18,11:20:00,11.09
Comox,2025-04-18,11:30:00,11.17
Comox,2025-04-18,11:40:00,11.17
Comox,2025-04-18,11:50:00,11.16
Comox,2025-04-18,12:00:00,11.22
Comox,2025-04-18,12:10:00,11.3
Comox,2025-04-18,12:20:00,11.55
Comox,2025-04-18,12:30:00,11.69
Comox,2025-04-18,12:40:00,11.79
Comox,2025-04-18,12:50:00,11.74
Comox,2025-04-18,13:00:00,11.84
Comox,2025-04-18,13:10:00,11.86
Comox,2025-04-18,13:20:00,11.9
Comox,2025-04-18,13:30:00,11.92
Comox,2025-04-18,13:40:00,11.92
Comox,2025-04-18,13:50:00,11.91
Comox,2025-04-18,14:00:00,11.87
Comox,2025-04-18,14:10:00,11.9
Comox,2025-04-18,14:20:00,11.91
Comox,2025-04-18,14:30:00,11.96
Comox,2025-04-18,14:40:00,12.01
Comox,2025-04-18,14:50:00,12.07
Comox,2025-04-18,15:00:00,12.13
Comox,2025-04-18,15:10:00,12.14
Comox,2025-04-18,15:20:00,12.16
Comox,2025-04-18,15:30:00,12.13
Comox,2025-04-18,15:40:00,12.18
Comox,2025-04-18,15:50:00,12.16
Comox,2025-04-18,16:00:00,12.22
Comox,2025-04-18,16:10:00,12.34
Comox,2025-04-18,16:20:00,12.4
Comox,2025-04-18,16:30:00,12.27
Comox,2025-04-18,16:40:00,12.22
Comox,2025-04-18,16:50:00,12.22
Comox,2025-04-18,17:00:00,12.21
Comox,2025-04-18,17:10:00,12.35
Comox,2025-04-18,17:20:00,12.31
Comox,2025-04-18,17:30:00,12.35
Comox,2025-04-18,17:40:00,12.29
Comox,2025-04-18,17:50:00,12.21
Comox,2025-04-18,18:00:00,12.05
Comox,2025-04-18,18:10:00,11.94
Comox,2025-04-18,18:20:00,11.9
Comox,2025-04-18,18:30:00,11.9
Comox,2025-04-18,18:40:00,11.74
Comox,2025-04-18,18:50:00,11.58
Comox,2025-04-18,19:00:00,11.47
Comox,2025-04-18,19:10:00,11.42
Comox,2025-04-18,19:20:00,11.42
Comox,2025-04-18,19:30:00,11.45
Comox,2025-04-18,19:40:00,11.54
Comox,2025-04-18,19:50:00,11.51
Comox,2025-04-18,20:00:00,11.45
Comox,2025-04-18,20:10:00,11.33
Comox,2025-04-18,20:20:00,11.28
Comox,2025-04-18,20:30:00,11.24
Comox,2025-04-18,20:40:00,11.23
Comox,2025-04-18,20:50:00,11.19
Comox,2025-04-18,21:00:00,11.19
Comox,2025-04-18,21:10:00,11.23
Comox,2025-04-18,21:20:00,11.18
Comox,2025-04-18,21:30:00,11.16
Comox,2025-04-18,21:40:00,11.17
Comox,2025-04-18,21:50:00,11.12
Comox,2025-04-18,22:00:00,11.05
Comox,2025-04-18,22:10:00,11.07
Comox,2025-04-18,22:20:00,11.04
Comox,2025-04-18,22:30:00,11.02
Comox,2025-04-18,22:40:00,11.04
Comox,2025-04-18,22:50:00,11.08
Comox,2025-04-18,23:00:00,11.09
Comox,2025-04-18,23:10:00,11.02
Comox,2025-04-18,23:20:00,11.04
Comox,2025-04-18,23:30:00,11
Comox,2025-04-18,23:40:00,10.99
Comox,2025-04-18,23:50:00,11
Comox,2025-04-19,0:00:00,10.99
Comox,2025-04-19,0:10:00,11
Comox,2025-04-19,0:20:00,11
Comox,2025-04-19,0:30:00,11.03
Comox,2025-04-19,0:40:00,11
Comox,2025-04-19,0:50:00,11.01
Comox,2025-04-19,1:00:00,10.99
Comox,2025-04-19,1:10:00,10.99
Comox,2025-04-19,1:20:00,11.01
Comox,2025-04-19,1:30:00,11.02
Comox,2025-04-19,1:40:00,10.99
Comox,2025-04-19,1:50:00,11.01
Comox,2025-04-19,2:00:00,11.01
Comox,2025-04-19,2:10:00,10.98
Comox,2025-04-19,2:20:00,10.95
Comox,2025-04-19,2:30:00,10.98
Comox,2025-04-19,2:40:00,10.94
Comox,2025-04-19,2:50:00,10.9
Comox,2025-04-19,3:00:00,10.95
Comox,2025-04-19,3:10:00,10.71
Comox,2025-04-19,3:20:00,10.78
Comox,2025-04-19,3:30:00,10.65
Comox,2025-04-19,3:40:00,10.73
Comox,2025-04-19,3:50:00,10.72
Comox,2025-04-19,4:00:00,10.78
Comox,2025-04-19,4:10:00,10.68
Comox,2025-04-19,4:20:00,10.69
Comox,2025-04-19,4:30:00,10.64
Comox,2025-04-19,4:40:00,10.68
Comox,2025-04-19,4:50:00,10.63
Comox,2025-04-19,5:00:00,10.58
Comox,2025-04-19,5:10:00,10.58
Comox,2025-04-19,5:20:00,10.46
Comox,2025-04-19,5:30:00,10.25
Comox,2025-04-19,5:40:00,10.13
Comox,2025-04-19,5:50:00,10.22
Comox,2025-04-19,6:00:00,10.26
Comox,2025-04-19,6:10:00,10.13
Comox,2025-04-19,6:20:00,9.92
Comox,2025-04-19,6:30:00,10.05
Comox,2025-04-19,6:40:00,10.24
Comox,2025-04-19,6:50:00,10.3
Comox,2025-04-19,7:00:00,10.24
Comox,2025-04-19,7:10:00,10.39
Comox,2025-04-19,7:20:00,10.44
Comox,2025-04-19,7:30:00,10.28
Comox,2025-04-19,7:40:00,10.34
Comox,2025-04-19,7:50:00,10.57
Comox,2025-04-19,8:00:00,10.62
Comox,2025-04-19,8:10:00,10.64
Comox,2025-04-19,8:20:00,10.27
Comox,2025-04-19,8:30:00,9.95
Comox,2025-04-19,8:40:00,9.98
Comox,2025-04-19,8:50:00,10.11
Comox,2025-04-19,9:00:00,10.1
Comox,2025-04-19,9:10:00,9.8
Comox,2025-04-19,9:20:00,9.98
Comox,2025-04-19,9:30:00,9.96
Comox,2025-04-19,9:40:00,10.22
Comox,2025-04-19,9:50:00,10.07
Comox,2025-04-19,10:00:00,10.26
Comox,2025-04-19,10:10:00,10.26
Comox,2025-04-19,10:20:00,10.3
Comox,2025-04-19,10:30:00,10.56
Comox,2025-04-19,10:40:00,10.63
Comox,2025-04-19,10:50:00,10.75
Comox,2025-04-19,11:00:00,10.38
Comox,2025-04-19,11:10:00,10.36
Comox,2025-04-19,11:20:00,10.52
Comox,2025-04-19,11:30:00,10.38
Comox,2025-04-19,11:40:00,10.36
Comox,2025-04-19,11:50:00,10.39
Comox,2025-04-19,12:00:00,10.42
Comox,2025-04-19,12:10:00,10.58
Comox,2025-04-19,12:20:00,10.66
Comox,2025-04-19,12:30:00,10.74
Comox,2025-04-19,12:40:00,10.57
Comox,2025-04-19,12:50:00,10.58
Comox,2025-04-19,13:00:00,10.64
Comox,2025-04-19,13:10:00,10.68
Comox,2025-04-19,13:20:00,10.79
Comox,2025-04-19,13:30:00,10.82
Comox,2025-04-19,13:40:00,10.93
Comox,2025-04-19,13:50:00,10.95
Comox,2025-04-19,14:00:00,11
Comox,2025-04-19,14:10:00,11.09
Comox,2025-04-19,14:20:00,11.3
Comox,2025-04-19,14:30:00,11.15
Comox,2025-04-19,14:40:00,11.16
Comox,2025-04-19,14:50:00,11.18
Comox,2025-04-19,15:00:00,11.28
Comox,2025-04-19,15:10:00,11.24
Comox,2025-04-19,15:20:00,11.34
Comox,2025-04-19,15:30:00,11.41
Comox,2025-04-19,15:40:00,11.51
Comox,2025-04-19,15:50:00,11.58
Comox,2025-04-19,16:00:00,11.57
Comox,2025-04-19,16:10:00,11.63
Comox,2025-04-19,16:20:00,11.76
Comox,2025-04-19,16:30:00,11.9
Comox,2025-04-19,16:40:00,11.93
Comox,2025-04-19,16:50:00,11.77
Comox,2025-04-19,17:00:00,11.84
Comox,2025-04-19,17:10:00,11.9
Comox,2025-04-19,17:20:00,11.81
Comox,2025-04-19,17:30:00,11.82
Comox,2025-04-19,17:40:00,11.71
Comox,2025-04-19,17:50:00,11.67
Comox,2025-04-19,18:00:00,11.52
Comox,2025-04-19,18:10:00,11.41
Comox,2025-04-19,18:20:00,11.31
Comox,2025-04-19,18:30:00,11.25
Comox,2025-04-19,18:40:00,11.24
Comox,2025-04-19,18:50:00,11.17
Comox,2025-04-19,19:00:00,11.18
Comox,2025-04-19,19:10:00,11.12
Comox,2025-04-19,19:20:00,11.02
Comox,2025-04-19,19:30:00,10.94
Comox,2025-04-19,19:40:00,10.86
Comox,2025-04-19,19:50:00,10.83
Comox,2025-04-19,20:00:00,10.74
Comox,2025-04-19,20:10:00,10.71
Comox,2025-04-19,20:20:00,10.78
Comox,2025-04-19,20:30:00,10.83
Comox,2025-04-19,20:40:00,10.72
Comox,2025-04-19,20:50:00,10.82
Comox,2025-04-19,21:00:00,10.77
Comox,2025-04-19,21:10:00,10.79
Comox,2025-04-19,21:20:00,10.79
Comox,2025-04-19,21:30:00,10.69
Comox,2025-04-19,21:40:00,10.72
Comox,2025-04-19,21:50:00,10.79
Comox,2025-04-19,22:00:00,10.77
Comox,2025-04-19,22:10:00,10.72
Comox,2025-04-19,22:20:00,10.63
Comox,2025-04-19,22:30:00,10.67
Comox,2025-04-19,22:40:00,10.64
Comox,2025-04-19,22:50:00,10.63
Comox,2025-04-19,23:00:00,10.54
Comox,2025-04-19,23:10:00,10.44
Comox,2025-04-19,23:20:00,10.42
Comox,2025-04-19,23:30:00,10.39
Comox,2025-04-19,23:40:00,10.37
Comox,2025-04-19,23:50:00,10.35
Comox,2025-04-20,0:00:00,10.31
Comox,2025-04-20,0:10:00,10.33
Comox,2025-04-20,0:20:00,10.29
Comox,2025-04-20,0:30:00,10.28
Comox,2025-04-20,0:40:00,10.37
Comox,2025-04-20,0:50:00,10.36
Comox,2025-04-20,1:00:00,10.34
Comox,2025-04-20,1:10:00,10.28
Comox,2025-04-20,1:20:00,10.31
Comox,2025-04-20,1:30:00,10.42
Comox,2025-04-20,1:40:00,10.38
Comox,2025-04-20,1:50:00,10.41
Comox,2025-04-20,2:00:00,10.41
Comox,2025-04-20,2:10:00,10.36
Comox,2025-04-20,2:20:00,10.34
Comox,2025-04-20,2:30:00,10.36
Comox,2025-04-20,2:40:00,10.34
Comox,2025-04-20,2:50:00,10.33
Comox,2025-04-20,3:00:00,10.31
Comox,2025-04-20,3:10:00,10.29
Comox,2025-04-20,3:20:00,10.33
Comox,2025-04-20,3:30:00,10.28
Comox,2025-04-20,3:40:00,10.31
Comox,2025-04-20,3:50:00,10.35
Comox,2025-04-20,4:00:00,10.33
Comox,2025-04-20,4:10:00,10.35
Comox,2025-04-20,4:20:00,10.36
Comox,2025-04-20,4:30:00,10.37
Comox,2025-04-20,4:40:00,10.35
Comox,2025-04-20,4:50:00,10.35
Comox,2025-04-20,5:00:00,10.34
Comox,2025-04-20,5:10:00,10.29
Comox,2025-04-20,5:20:00,10.28
Comox,2025-04-20,5:30:00,10.23
Comox,2025-04-20,5:40:00,10.11
Comox,2025-04-20,5:50:00,10.01
Comox,2025-04-20,6:00:00,10
Comox,2025-04-20,6:10:00,10.03
Comox,2025-04-20,6:20:00,10.06
Comox,2025-04-20,6:30:00,10.07
Comox,2025-04-20,6:40:00,10.08
Comox,2025-04-20,6:50:00,10.08
Comox,2025-04-20,7:00:00,10.09
Comox,2025-04-20,7:10:00,10.14
Comox,2025-04-20,7:20:00,10.16
Comox,2025-04-20,7:30:00,10.16
Comox,2025-04-20,7:40:00,10.15
Comox,2025-04-20,7:50:00,10.16
Comox,2025-04-20,8:00:00,10.19
Comox,2025-04-20,8:10:00,10.15
Comox,2025-04-20,8:20:00,10.13
Comox,2025-04-20,8:30:00,10.12
Comox,2025-04-20,8:40:00,10.16
Comox,2025-04-20,8:50:00,10.16
Comox,2025-04-20,9:00:00,10.18
Comox,2025-04-20,9:10:00,10.18
Comox,2025-04-20,9:20:00,10.18
Comox,2025-04-20,9:30:00,10.3
Comox,2025-04-20,9:40:00,10.58
Comox,2025-04-20,9:50:00,10.53
Comox,2025-04-20,10:00:00,10.4
Comox,2025-04-20,10:10:00,10.34
Comox,2025-04-20,10:20:00,10.49
Comox,2025-04-20,10:30:00,10.55
Comox,2025-04-20,10:40:00,10.53
Comox,2025-04-20,10:50:00,10.67
Comox,2025-04-20,11:00:00,10.52
Comox,2025-04-20,11:10:00,10.4
Comox,2025-04-20,11:20:00,10.38
Comox,2025-04-20,11:30:00,10.4
Comox,2025-04-20,11:40:00,10.36
Comox,2025-04-20,11:50:00,10.35
Comox,2025-04-20,12:00:00,10.4
Comox,2025-04-20,12:10:00,10.44
Comox,2025-04-20,12:20:00,11.03
Comox,2025-04-20,12:30:00,10.57
Comox,2025-04-20,12:40:00,10.54
Comox,2025-04-20,12:50:00,10.5
Comox,2025-04-20,13:00:00,10.51
Comox,2025-04-20,13:10:00,10.51
Comox,2025-04-20,13:20:00,10.63
Comox,2025-04-20,13:30:00,10.73
Comox,2025-04-20,13:40:00,10.81
Comox,2025-04-20,13:50:00,10.96
Comox,2025-04-20,14:00:00,11.13
Comox,2025-04-20,14:10:00,11.24
Comox,2025-04-20,14:20:00,11.32
Comox,2025-04-20,14:30:00,11.32
Comox,2025-04-20,14:40:00,11.4
Comox,2025-04-20,14:50:00,11.48
Comox,2025-04-20,15:00:00,11.48
Comox,2025-04-20,15:10:00,11.45
Comox,2025-04-20,15:20:00,11.51
Comox,2025-04-20,15:30:00,11.56
Comox,2025-04-20,15:40:00,11.56
Comox,2025-04-20,15:50:00,11.55
Comox,2025-04-20,16:00:00,11.56
Comox,2025-04-20,16:10:00,11.6
Comox,2025-04-20,16:20:00,11.64
Comox,2025-04-20,16:30:00,11.64
Comox,2025-04-20,16:40:00,11.64
Comox,2025-04-20,16:50:00,11.61
Comox,2025-04-20,17:00:00,11.61
Comox,2025-04-20,17:10:00,11.59
Comox,2025-04-20,17:20:00,11.59
Comox,2025-04-20,17:30:00,11.59
Comox,2025-04-20,17:40:00,11.58
Comox,2025-04-20,17:50:00,11.61
Comox,2025-04-20,18:00:00,11.6
Comox,2025-04-20,18:10:00,11.59
Comox,2025-04-20,18:20:00,11.66
Comox,2025-04-20,18:30:00,11.64
Comox,2025-04-20,18:40:00,11.66
Comox,2025-04-20,18:50:00,11.63
Comox,2025-04-20,19:00:00,11.64
Comox,2025-04-20,19:10:00,11.62
Comox,2025-04-20,19:20:00,11.63
Comox,2025-04-20,19:30:00,11.6
Comox,2025-04-20,19:40:00,11.56
Comox,2025-04-20,19:50:00,11.61
Comox,2025-04-20,20:00:00,11.63
Comox,2025-04-20,20:10:00,11.61
Comox,2025-04-20,20:20:00,11.61
Comox,2025-04-20,20:30:00,11.6
Comox,2025-04-20,20:40:00,11.57
Comox,2025-04-20,20:50:00,11.55
Comox,2025-04-20,21:00:00,11.55
Comox,2025-04-20,21:10:00,11.52
Comox,2025-04-20,21:20:00,11.55
Comox,2025-04-20,21:30:00,11.58
Comox,2025-04-20,21:40:00,11.59
Comox,2025-04-20,21:50:00,11.59
Comox,2025-04-20,22:00:00,11.55
Comox,2025-04-20,22:10:00,11.53
Comox,2025-04-20,22:20:00,11.49
Comox,2025-04-20,22:30:00,11.43
Comox,2025-04-20,22:40:00,11.46
Comox,2025-04-20,22:50:00,11.51
Comox,2025-04-20,23:00:00,11.51
Comox,2025-04-20,23:10:00,11.51
Comox,2025-04-20,23:20:00,11.51
Comox,2025-04-20,23:30:00,11.51
Comox,2025-04-20,23:40:00,11.51
Comox,2025-04-20,23:50:00,11.52
Comox,2025-04-21,0:00:00,11.56
Comox,2025-04-21,0:10:00,11.57
Comox,2025-04-21,0:20:00,11.59
Comox,2025-04-21,0:30:00,11.6
Comox,2025-04-21,0:40:00,11.58
Comox,2025-04-21,0:50:00,11.56
Comox,2025-04-21,1:00:00,11.58
Comox,2025-04-21,1:10:00,11.59
Comox,2025-04-21,1:20:00,11.59
Comox,2025-04-21,1:30:00,11.55
Comox,2025-04-21,1:40:00,11.54
Comox,2025-04-21,1:50:00,11.56
Comox,2025-04-21,2:00:00,11.53
Comox,2025-04-21,2:10:00,11.43
Comox,2025-04-21,2:20:00,11.46
Comox,2025-04-21,2:30:00,11.42
Comox,2025-04-21,2:40:00,11.38
Comox,2025-04-21,2:50:00,11.3
Comox,2025-04-21,3:00:00,11.3
Comox,2025-04-21,3:10:00,11.31
Comox,2025-04-21,3:20:00,11.34
Comox,2025-04-21,3:30:00,11.33
Comox,2025-04-21,3:40:00,11.32
Comox,2025-04-21,3:50:00,11.29
Comox,2025-04-21,4:00:00,11.29
Comox,2025-04-21,4:10:00,11.28
Comox,2025-04-21,4:20:00,11.24
Comox,2025-04-21,4:30:00,11.33
Comox,2025-04-21,4:40:00,11.31
Comox,2025-04-21,4:50:00,11.29
Comox,2025-04-21,5:00:00,11.25
Comox,2025-04-21,5:10:00,11.2
Comox,2025-04-21,5:20:00,11.23
Comox,2025-04-21,5:30:00,11.29
Comox,2025-04-21,5:40:00,11.34
Comox,2025-04-21,5:50:00,10.8
Comox,2025-04-21,6:00:00,10.68
Comox,2025-04-21,6:10:00,10.55
Comox,2025-04-21,6:20:00,10.6
Comox,2025-04-21,6:30:00,10.55
Comox,2025-04-21,6:40:00,10.71
Comox,2025-04-21,6:50:00,10.65
Comox,2025-04-21,7:00:00,10.9
Comox,2025-04-21,7:10:00,10.71
Comox,2025-04-21,7:20:00,10.71
Comox,2025-04-21,7:30:00,10.94
Comox,2025-04-21,7:40:00,10.63
Comox,2025-04-21,7:50:00,10.57
Comox,2025-04-21,8:00:00,10.59
Comox,2025-04-21,8:10:00,10.64
Comox,2025-04-21,8:20:00,10.6
Comox,2025-04-21,8:30:00,10.56
Comox,2025-04-21,8:40:00,10.59
Comox,2025-04-21,8:50:00,10.62
Comox,2025-04-21,9:00:00,10.54
Comox,2025-04-21,9:10:00,10.55
Comox,2025-04-21,9:20:00,10.79
Comox,2025-04-21,9:30:00,10.6
Comox,2025-04-21,9:40:00,10.92
Comox,2025-04-21,9:50:00,10.93
Comox,2025-04-21,10:00:00,10.72
Comox,2025-04-21,10:10:00,10.73
Comox,2025-04-21,10:20:00,11.28
Comox,2025-04-21,10:30:00,11.34
Comox,2025-04-21,10:40:00,11.16
Comox,2025-04-21,10:50:00,11.41
Comox,2025-04-21,11:00:00,11.37
Comox,2025-04-21,11:10:00,10.89
Comox,2025-04-21,11:20:00,10.9
Comox,2025-04-21,11:30:00,10.96
Comox,2025-04-21,11:40:00,10.97
Comox,2025-04-21,11:50:00,11.03
Comox,2025-04-21,12:00:00,11.01
Comox,2025-04-21,12:10:00,11.6
Comox,2025-04-21,12:20:00,11.63
Comox,2025-04-21,12:30:00,11.68
Comox,2025-04-21,12:40:00,11.48
Comox,2025-04-21,12:50:00,11.17
Comox,2025-04-21,13:00:00,11.13
Comox,2025-04-21,13:10:00,11.12
Comox,2025-04-21,13:20:00,11.17
Comox,2025-04-21,13:30:00,11.23
Comox,2025-04-21,13:40:00,11.19
Comox,2025-04-21,13:50:00,11.22
Comox,2025-04-21,14:00:00,11.19
Comox,2025-04-21,14:10:00,11.23
Comox,2025-04-21,14:20:00,11.22
Comox,2025-04-21,14:30:00,11.23
Comox,2025-04-21,14:40:00,11.32
Comox,2025-04-21,14:50:00,11.39
Comox,2025-04-21,15:00:00,11.53
Comox,2025-04-21,15:10:00,11.81
Comox,2025-04-21,15:20:00,12.06
Comox,2025-04-21,15:30:00,12.13
Comox,2025-04-21,15:40:00,12.3
Comox,2025-04-21,15:50:00,12.28
Comox,2025-04-21,16:00:00,12.29
Comox,2025-04-21,16:10:00,12.4
Comox,2025-04-21,16:20:00,12.45
Comox,2025-04-21,16:30:00,12.56
Comox,2025-04-21,16:40:00,12.6
Comox,2025-04-21,16:50:00,12.61
Comox,2025-04-21,17:00:00,12.64
Comox,2025-04-21,17:10:00,12.63
Comox,2025-04-21,17:20:00,12.62
Comox,2025-04-21,17:30:00,12.62
Comox,2025-04-21,17:40:00,12.64
Comox,2025-04-21,17:50:00,12.61
Comox,2025-04-21,18:00:00,12.61
Comox,2025-04-21,18:10:00,12.61
Comox,2025-04-21,18:20:00,12.64
Comox,2025-04-21,18:30:00,12.65
Comox,2025-04-21,18:40:00,12.65
Comox,2025-04-21,18:50:00,12.7
Comox,2025-04-21,19:00:00,12.67
Comox,2025-04-21,19:10:00,12.69
Comox,2025-04-21,19:20:00,12.69
Comox,2025-04-21,19:30:00,12.69
Comox,2025-04-21,19:40:00,12.67
Comox,2025-04-21,19:50:00,12.67
Comox,2025-04-21,20:00:00,12.65
Comox,2025-04-21,20:10:00,12.62
Comox,2025-04-21,20:20:00,12.61
Comox,2025-04-21,20:30:00,12.57
Comox,2025-04-21,20:40:00,12.57
Comox,2025-04-21,20:50:00,12.57
Comox,2025-04-21,21:00:00,12.55
Comox,2025-04-21,21:10:00,12.55
Comox,2025-04-21,21:20:00,12.52
Comox,2025-04-21,21:30:00,12.49
Comox,2025-04-21,21:40:00,12.43
Comox,2025-04-21,21:50:00,12.37
Comox,2025-04-21,22:00:00,12.27
Comox,2025-04-21,22:10:00,12.18
Comox,2025-04-21,22:20:00,12.14
Comox,2025-04-21,22:30:00,12.11
Comox,2025-04-21,22:40:00,12.25
Comox,2025-04-21,22:50:00,12.38
Comox,2025-04-21,23:00:00,12.33
Comox,2025-04-21,23:10:00,12.23
Comox,2025-04-21,23:20:00,12.16
Comox,2025-04-21,23:30:00,12.13
Comox,2025-04-21,23:40:00,12.2
Comox,2025-04-21,23:50:00,12.22
Comox,2025-04-22,0:00:00,12.17
Comox,2025-04-22,0:10:00,12.2
Comox,2025-04-22,0:20:00,12.21
Comox,2025-04-22,0:30:00,12.22
Comox,2025-04-22,0:40:00,12.22
Comox,2025-04-22,0:50:00,12.22
Comox,2025-04-22,1:00:00,12.2
Comox,2025-04-22,1:10:00,12.21
Comox,2025-04-22,1:20:00,12.21
Comox,2025-04-22,1:30:00,12.17
Comox,2025-04-22,1:40:00,12.17
Comox,2025-04-22,1:50:00,12.05
Comox,2025-04-22,2:00:00,12
Comox,2025-04-22,2:10:00,11.98
Comox,2025-04-22,2:20:00,11.92
Comox,2025-04-22,2:30:00,12.03
Comox,2025-04-22,2:40:00,11.99
Comox,2025-04-22,2:50:00,11.94
Comox,2025-04-22,3:00:00,11.9
Comox,2025-04-22,3:10:00,11.88
Comox,2025-04-22,3:20:00,11.86
Comox,2025-04-22,3:30:00,11.88
Comox,2025-04-22,3:40:00,11.86
Comox,2025-04-22,3:50:00,11.87
Comox,2025-04-22,4:00:00,11.89
Comox,2025-04-22,4:10:00,11.87
Comox,2025-04-22,4:20:00,11.84
Comox,2025-04-22,4:30:00,11.82
Comox,2025-04-22,4:40:00,11.81
Comox,2025-04-22,4:50:00,11.81
Comox,2025-04-22,5:00:00,11.71
Comox,2025-04-22,5:10:00,11.59
Comox,2025-04-22,5:20:00,11.48
Comox,2025-04-22,5:30:00,11.26
Comox,2025-04-22,5:40:00,11.23
Comox,2025-04-22,5:50:00,11.23
Comox,2025-04-22,6:00:00,11.14
Comox,2025-04-22,6:10:00,11.1
Comox,2025-04-22,6:20:00,10.96
Comox,2025-04-22,6:30:00,10.86
Comox,2025-04-22,6:40:00,10.72
Comox,2025-04-22,6:50:00,10.63
Comox,2025-04-22,7:00:00,10.68
Comox,2025-04-22,7:10:00,10.81
Comox,2025-04-22,7:20:00,11
Comox,2025-04-22,7:30:00,11.17
Comox,2025-04-22,7:40:00,11.22
Comox,2025-04-22,7:50:00,11.18
Comox,2025-04-22,8:00:00,11.14
Comox,2025-04-22,8:10:00,11.04
Comox,2025-04-22,8:20:00,11.04
Comox,2025-04-22,8:30:00,11.23
Comox,2025-04-22,8:40:00,11.26
Comox,2025-04-22,8:50:00,11.43
Comox,2025-04-22,9:00:00,11.57
Comox,2025-04-22,9:10:00,11.31
Comox,2025-04-22,9:20:00,11.57
Comox,2025-04-22,9:30:00,11.39
Comox,2025-04-22,9:40:00,11.79
Comox,2025-04-22,9:50:00,11.87
Comox,2025-04-22,10:00:00,11.63
Comox,2025-04-22,10:10:00,11.64
Comox,2025-04-22,10:20:00,12.06
Comox,2025-04-22,10:30:00,12.16
Comox,2025-04-22,10:40:00,12.18
Comox,2025-04-22,10:50:00,12.13
Comox,2025-04-22,11:00:00,11.99
Comox,2025-04-22,11:10:00,11.57
Comox,2025-04-22,11:20:00,11.61
Comox,2025-04-22,11:30:00,11.62
Comox,2025-04-22,11:40:00,11.66
Comox,2025-04-22,11:50:00,11.59
Comox,2025-04-22,12:00:00,11.63
Comox,2025-04-22,12:10:00,12.37
Comox,2025-04-22,12:20:00,12.5
Comox,2025-04-22,12:30:00,12.48
Comox,2025-04-22,12:40:00,12
Comox,2025-04-22,12:50:00,11.71
Comox,2025-04-22,13:00:00,11.73
Comox,2025-04-22,13:10:00,11.69
Comox,2025-04-22,13:20:00,11.73
Comox,2025-04-22,13:30:00,11.76
Comox,2025-04-22,13:40:00,11.82
Comox,2025-04-22,13:50:00,11.78
Comox,2025-04-22,14:00:00,11.86
Comox,2025-04-22,14:10:00,11.86
Comox,2025-04-22,14:20:00,11.82
Comox,2025-04-22,14:30:00,11.84
Comox,2025-04-22,14:40:00,11.86
Comox,2025-04-22,14:50:00,11.84
Comox,2025-04-22,15:00:00,11.86
Comox,2025-04-22,15:10:00,11.92
Comox,2025-04-22,15:20:00,11.99
Comox,2025-04-22,15:30:00,12.13
Comox,2025-04-22,15:40:00,12.63
Comox,2025-04-22,15:50:00,12.85
Comox,2025-04-22,16:00:00,12.62
Comox,2025-04-22,16:10:00,12.49
Comox,2025-04-22,16:20:00,12.63
Comox,2025-04-22,16:30:00,12.82
Comox,2025-04-22,16:40:00,12.9
Comox,2025-04-22,16:50:00,12.9
Comox,2025-04-22,17:00:00,12.89
Comox,2025-04-22,17:10:00,12.79
Comox,2025-04-22,17:20:00,12.74
Comox,2025-04-22,17:30:00,12.78
Comox,2025-04-22,17:40:00,12.79
Comox,2025-04-22,17:50:00,12.81
Comox,2025-04-22,18:00:00,12.79
Comox,2025-04-22,18:10:00,12.81
Comox,2025-04-22,18:20:00,12.75
Comox,2025-04-22,18:30:00,12.79
Comox,2025-04-22,18:40:00,12.85
Comox,2025-04-22,18:50:00,12.9
Comox,2025-04-22,19:00:00,12.86
Comox,2025-04-22,19:10:00,12.85
Comox,2025-04-22,19:20:00,12.84
Comox,2025-04-22,19:30:00,12.85
Comox,2025-04-22,19:40:00,12.85
Comox,2025-04-22,19:50:00,12.87
Comox,2025-04-22,20:00:00,12.87
Comox,2025-04-22,20:10:00,12.85
Comox,2025-04-22,20:20:00,12.8
Comox,2025-04-22,20:30:00,12.85
Comox,2025-04-22,20:40:00,12.81
Comox,2025-04-22,20:50:00,12.8
Comox,2025-04-22,21:00:00,12.81
Comox,2025-04-22,21:10:00,12.77
Comox,2025-04-22,21:20:00,12.8
Comox,2025-04-22,21:30:00,12.8
Comox,2025-04-22,21:40:00,12.81
Comox,2025-04-22,21:50:00,12.81
Comox,2025-04-22,22:00:00,12.85
Comox,2025-04-22,22:10:00,12.85
Comox,2025-04-22,22:20:00,12.84
Comox,2025-04-22,22:30:00,12.81
Comox,2025-04-22,22:40:00,12.82
Comox,2025-04-22,22:50:00,12.84
Comox,2025-04-22,23:00:00,12.85
Comox,2025-04-22,23:10:00,12.84
Comox,2025-04-22,23:20:00,12.77
Comox,2025-04-22,23:30:00,12.79
Comox,2025-04-22,23:40:00,12.77
Comox,2025-04-22,23:50:00,12.79
Comox,2025-04-23,0:00:00,12.78
Comox,2025-04-23,0:10:00,12.77
Comox,2025-04-23,0:20:00,12.76
Comox,2025-04-23,0:30:00,12.7
Comox,2025-04-23,0:40:00,12.73
Comox,2025-04-23,0:50:00,12.75
Comox,2025-04-23,1:00:00,12.74
Comox,2025-04-23,1:10:00,12.75
Comox,2025-04-23,1:20:00,12.73
Comox,2025-04-23,1:30:00,12.72
Comox,2025-04-23,1:40:00,12.66
Comox,2025-04-23,1:50:00,12.63
Comox,2025-04-23,2:00:00,12.6
Comox,2025-04-23,2:10:00,12.59
Comox,2025-04-23,2:20:00,12.61
Comox,2025-04-23,2:30:00,12.65
Comox,2025-04-23,2:40:00,12.63
Comox,2025-04-23,2:50:00,12.64
Comox,2025-04-23,3:00:00,12.61
Comox,2025-04-23,3:10:00,12.57
Comox,2025-04-23,3:20:00,12.56
Comox,2025-04-23,3:30:00,12.53
Comox,2025-04-23,3:40:00,12.45
Comox,2025-04-23,3:50:00,12.48
Comox,2025-04-23,4:00:00,12.4
Comox,2025-04-23,4:10:00,12.43
Comox,2025-04-23,4:20:00,12.48
Comox,2025-04-23,4:30:00,12.42
Comox,2025-04-23,4:40:00,12.34
Comox,2025-04-23,4:50:00,12.28
Comox,2025-04-23,5:00:00,12.31
Comox,2025-04-23,5:10:00,12.29
Comox,2025-04-23,5:20:00,12.3
Comox,2025-04-23,5:30:00,12.31
Comox,2025-04-23,5:40:00,12.31
Comox,2025-04-23,5:50:00,12.3
Comox,2025-04-23,6:00:00,12.2
Comox,2025-04-23,6:10:00,12.05
Comox,2025-04-23,6:20:00,11.99
Comox,2025-04-23,6:30:00,11.87
Comox,2025-04-23,6:40:00,11.59
Comox,2025-04-23,6:50:00,11.63
Comox,2025-04-23,7:00:00,11.78
Comox,2025-04-23,7:10:00,11.76
Comox,2025-04-23,7:20:00,11.87
Comox,2025-04-23,7:30:00,12.01
Comox,2025-04-23,7:40:00,11.93
Comox,2025-04-23,7:50:00,11.85
Comox,2025-04-23,8:00:00,11.83
Comox,2025-04-23,8:10:00,11.73
Comox,2025-04-23,8:20:00,11.79
Comox,2025-04-23,8:30:00,11.9
Comox,2025-04-23,8:40:00,11.73
Comox,2025-04-23,8:50:00,11.66
Comox,2025-04-23,9:00:00,11.76
Comox,2025-04-23,9:10:00,11.68
Comox,2025-04-23,9:20:00,11.86
Comox,2025-04-23,9:30:00,11.79
Comox,2025-04-23,9:40:00,11.76
Comox,2025-04-23,9:50:00,11.64
Comox,2025-04-23,10:00:00,11.64
Comox,2025-04-23,10:10:00,11.69
Comox,2025-04-23,10:20:00,12.01
Comox,2025-04-23,10:30:00,12.17
Comox,2025-04-23,10:40:00,12.34
Comox,2025-04-23,10:50:00,12.26
Comox,2025-04-23,11:00:00,11.86
Comox,2025-04-23,11:10:00,11.92
Comox,2025-04-23,11:20:00,12.13
Comox,2025-04-23,11:30:00,11.88
Comox,2025-04-23,11:40:00,12.11
Comox,2025-04-23,11:50:00,12.04
Comox,2025-04-23,12:00:00,12.02
Comox,2025-04-23,12:10:00,12.57
Comox,2025-04-23,12:20:00,12.61
Comox,2025-04-23,12:30:00,12.67
Comox,2025-04-23,12:40:00,12.25
Comox,2025-04-23,12:50:00,12.13
Comox,2025-04-23,13:00:00,12.13
Comox,2025-04-23,13:10:00,12.16
Comox,2025-04-23,13:20:00,12.19
Comox,2025-04-23,13:30:00,12.21
Comox,2025-04-23,13:40:00,12.29
Comox,2025-04-23,13:50:00,12.33
Comox,2025-04-23,14:00:00,12.36
Comox,2025-04-23,14:10:00,12.43
Comox,2025-04-23,14:20:00,12.52
Comox,2025-04-23,14:30:00,12.65
Comox,2025-04-23,14:40:00,12.75
Comox,2025-04-23,14:50:00,12.88
Comox,2025-04-23,15:00:00,12.93
Comox,2025-04-23,15:10:00,12.99
Comox,2025-04-23,15:20:00,13.03
Comox,2025-04-23,15:30:00,13.11
Comox,2025-04-23,15:40:00,13.2
Comox,2025-04-23,15:50:00,13.24
Comox,2025-04-23,16:00:00,13.32
Comox,2025-04-23,16:10:00,13.36
Comox,2025-04-23,16:20:00,13.37
Comox,2025-04-23,16:30:00,13.39
Comox,2025-04-23,16:40:00,13.35
Comox,2025-04-23,16:50:00,13.35
Comox,2025-04-23,17:00:00,13.41
Comox,2025-04-23,17:10:00,13.39
Comox,2025-04-23,17:20:00,13.47
Comox,2025-04-23,17:30:00,13.54
Comox,2025-04-23,17:40:00,13.61
Comox,2025-04-23,17:50:00,13.69
Comox,2025-04-23,18:00:00,13.73
Comox,2025-04-23,18:10:00,13.78
Comox,2025-04-23,18:20:00,13.83
Comox,2025-04-23,18:30:00,13.86
Comox,2025-04-23,18:40:00,13.9
Comox,2025-04-23,18:50:00,13.88
Comox,2025-04-23,19:00:00,13.93
Comox,2025-04-23,19:10:00,13.95
Comox,2025-04-23,19:20:00,13.94
Comox,2025-04-23,19:30:00,13.89
Comox,2025-04-23,19:40:00,13.79
Comox,2025-04-23,19:50:00,13.61
Comox,2025-04-23,20:00:00,13.41
Comox,2025-04-23,20:10:00,13.23
Comox,2025-04-23,20:20:00,13.24
Comox,2025-04-23,20:30:00,13.21
Comox,2025-04-23,20:40:00,13.29
Comox,2025-04-23,20:50:00,13.34
Comox,2025-04-23,21:00:00,13.16
Comox,2025-04-23,21:10:00,13.18
Comox,2025-04-23,21:20:00,13.08
Comox,2025-04-23,21:30:00,13.11
Comox,2025-04-23,21:40:00,13.23
Comox,2025-04-23,21:50:00,13.24
Comox,2025-04-23,22:00:00,13.32
Comox,2025-04-23,22:10:00,13.27
Comox,2025-04-23,22:20:00,13.26
Comox,2025-04-23,22:30:00,13.19
Comox,2025-04-23,22:40:00,13.17
Comox,2025-04-23,22:50:00,13.14
Comox,2025-04-23,23:00:00,13.17
Comox,2025-04-23,23:10:00,13.07
Comox,2025-04-23,23:20:00,12.99
Comox,2025-04-23,23:30:00,12.93
Comox,2025-04-23,23:40:00,12.84
Comox,2025-04-23,23:50:00,12.76
Comox,2025-04-24,0:00:00,12.72
Comox,2025-04-24,0:10:00,12.65
Comox,2025-04-24,0:20:00,12.64
Comox,2025-04-24,0:30:00,12.64
Comox,2025-04-24,0:40:00,12.64
Comox,2025-04-24,0:50:00,12.69
Comox,2025-04-24,1:00:00,12.79
Comox,2025-04-24,1:10:00,12.82
Comox,2025-04-24,1:20:00,12.8
Comox,2025-04-24,1:30:00,12.74
Comox,2025-04-24,1:40:00,12.8
Comox,2025-04-24,1:50:00,12.85
Comox,2025-04-24,2:00:00,12.93
Comox,2025-04-24,2:10:00,12.97
Comox,2025-04-24,2:20:00,12.94
Comox,2025-04-24,2:30:00,12.9
Comox,2025-04-24,2:40:00,12.88
Comox,2025-04-24,2:50:00,12.89
Comox,2025-04-24,3:00:00,12.88
Comox,2025-04-24,3:10:00,12.9
Comox,2025-04-24,3:20:00,12.86
Comox,2025-04-24,3:30:00,12.81
Comox,2025-04-24,3:40:00,12.8
Comox,2025-04-24,3:50:00,12.74
Comox,2025-04-24,4:00:00,12.71
Comox,2025-04-24,4:10:00,12.67
Comox,2025-04-24,4:20:00,12.7
Comox,2025-04-24,4:30:00,12.65
Comox,2025-04-24,4:40:00,12.57
Comox,2025-04-24,4:50:00,12.58
Comox,2025-04-24,5:00:00,12.44
Comox,2025-04-24,5:10:00,12.5
Comox,2025-04-24,5:20:00,12.57
Comox,2025-04-24,5:30:00,12.38
Comox,2025-04-24,5:40:00,12.4
Comox,2025-04-24,5:50:00,12.36
Comox,2025-04-24,6:00:00,12.22
Comox,2025-04-24,6:10:00,12.15
Comox,2025-04-24,6:20:00,12.14
Comox,2025-04-24,6:30:00,12.29
Comox,2025-04-24,6:40:00,12.34
Comox,2025-04-24,6:50:00,12.37
Comox,2025-04-24,7:00:00,12.33
Comox,2025-04-24,7:10:00,12.07
Comox,2025-04-24,7:20:00,12.16
Comox,2025-04-24,7:30:00,12.06
Comox,2025-04-24,7:40:00,12.05
Comox,2025-04-24,7:50:00,11.97
Comox,2025-04-24,8:00:00,11.81
Comox,2025-04-24,8:10:00,11.74
Comox,2025-04-24,8:20:00,11.78
Comox,2025-04-24,8:30:00,12.02
Comox,2025-04-24,8:40:00,11.89
Comox,2025-04-24,8:50:00,11.91
Comox,2025-04-24,9:00:00,12.1
Comox,2025-04-24,9:10:00,12.1
Comox,2025-04-24,9:20:00,12.11
Comox,2025-04-24,9:30:00,12.02
Comox,2025-04-24,9:40:00,12.05
Comox,2025-04-24,9:50:00,12.11
Comox,2025-04-24,10:00:00,12.22
Comox,2025-04-24,10:10:00,12.18
Comox,2025-04-24,10:20:00,12.31
Comox,2025-04-24,10:30:00,12.23
Comox,2025-04-24,10:40:00,12.21
Comox,2025-04-24,10:50:00,12.32
Comox,2025-04-24,11:00:00,12.1
Comox,2025-04-24,11:10:00,12
Comox,2025-04-24,11:20:00,12.04
Comox,2025-04-24,11:30:00,11.92
Comox,2025-04-24,11:40:00,11.9
Comox,2025-04-24,11:50:00,11.93
Comox,2025-04-24,12:00:00,12
Comox,2025-04-24,12:10:00,12.61
Comox,2025-04-24,12:20:00,12.74
Comox,2025-04-24,12:30:00,12.85
Comox,2025-04-24,12:40:00,12.31
Comox,2025-04-24,12:50:00,12.22
Comox,2025-04-24,13:00:00,12.28
Comox,2025-04-24,13:10:00,12.35
Comox,2025-04-24,13:20:00,12.4
Comox,2025-04-24,13:30:00,12.44
Comox,2025-04-24,13:40:00,12.5
Comox,2025-04-24,13:50:00,12.51
Comox,2025-04-24,14:00:00,12.62
Comox,2025-04-24,14:10:00,12.71
Comox,2025-04-24,14:20:00,12.67
Comox,2025-04-24,14:30:00,12.9
Comox,2025-04-24,14:40:00,12.88
Comox,2025-04-24,14:50:00,13.12
Comox,2025-04-24,15:00:00,13.23
Comox,2025-04-24,15:10:00,13.26
Comox,2025-04-24,15:20:00,13.47
Comox,2025-04-24,15:30:00,13.53
Comox,2025-04-24,15:40:00,13.34
Comox,2025-04-24,15:50:00,13.34
Comox,2025-04-24,16:00:00,13.43
Comox,2025-04-24,16:10:00,13.44
Comox,2025-04-24,16:20:00,13.46
Comox,2025-04-24,16:30:00,13.46
Comox,2025-04-24,16:40:00,13.54
Comox,2025-04-24,16:50:00,13.56
Comox,2025-04-24,17:00:00,13.58
Comox,2025-04-24,17:10:00,13.52
Comox,2025-04-24,17:20:00,13.48
Comox,2025-04-24,17:30:00,13.52
Comox,2025-04-24,17:40:00,13.56
Comox,2025-04-24,17:50:00,13.65
Comox,2025-04-24,18:00:00,13.5
Comox,2025-04-24,18:10:00,13.46
Comox,2025-04-24,18:20:00,13.51
Comox,2025-04-24,18:30:00,13.48
Comox,2025-04-24,18:40:00,13.45
Comox,2025-04-24,18:50:00,13.45
Comox,2025-04-24,19:00:00,13.45
Comox,2025-04-24,19:10:00,13.44
Comox,2025-04-24,19:20:00,13.41
Comox,2025-04-24,19:30:00,13.43
Comox,2025-04-24,19:40:00,13.53
Comox,2025-04-24,19:50:00,13.56
Comox,2025-04-24,20:00:00,13.54
Comox,2025-04-24,20:10:00,13.51
Comox,2025-04-24,20:20:00,13.5
Comox,2025-04-24,20:30:00,13.5
Comox,2025-04-24,20:40:00,13.68
Comox,2025-04-24,20:50:00,13.61
Comox,2025-04-24,21:00:00,13.4
Comox,2025-04-24,21:10:00,13.35
Comox,2025-04-24,21:20:00,13.31
Comox,2025-04-24,21:30:00,13.33
Comox,2025-04-24,21:40:00,13.32
Comox,2025-04-24,21:50:00,13.32
Comox,2025-04-24,22:00:00,13.3
Comox,2025-04-24,22:10:00,13.27
Comox,2025-04-24,22:20:00,13.23
Comox,2025-04-24,22:30:00,13.21
Comox,2025-04-24,22:40:00,13.22
Comox,2025-04-24,22:50:00,13.17
Comox,2025-04-24,23:00:00,13.17
Comox,2025-04-24,23:10:00,13.22
Comox,2025-04-24,23:20:00,13.22
Comox,2025-04-24,23:30:00,13.19
Comox,2025-04-24,23:40:00,13.2
Comox,2025-04-24,23:50:00,13.25
Comox,2025-04-25,0:00:00,13.23
Comox,2025-04-25,0:10:00,13.09
Comox,2025-04-25,0:20:00,12.93
Comox,2025-04-25,0:30:00,12.84
Comox,2025-04-25,0:40:00,12.67
Comox,2025-04-25,0:50:00,12.64
Comox,2025-04-25,1:00:00,12.67
Comox,2025-04-25,1:10:00,12.64
Comox,2025-04-25,1:20:00,12.65
Comox,2025-04-25,1:30:00,12.51
Comox,2025-04-25,1:40:00,12.62
Comox,2025-04-25,1:50:00,12.8
Comox,2025-04-25,2:00:00,12.78
Comox,2025-04-25,2:10:00,12.78
Comox,2025-04-25,2:20:00,12.79
Comox,2025-04-25,2:30:00,12.8
Comox,2025-04-25,2:40:00,12.75
Comox,2025-04-25,2:50:00,12.66
Comox,2025-04-25,3:00:00,12.64
Comox,2025-04-25,3:10:00,12.62
Comox,2025-04-25,3:20:00,12.74
Comox,2025-04-25,3:30:00,12.78
Comox,2025-04-25,3:40:00,12.76
Comox,2025-04-25,3:50:00,12.82
Comox,2025-04-25,4:00:00,12.84
Comox,2025-04-25,4:10:00,12.82
Comox,2025-04-25,4:20:00,12.78
Comox,2025-04-25,4:30:00,12.7
Comox,2025-04-25,4:40:00,12.6
Comox,2025-04-25,4:50:00,12.57
Comox,2025-04-25,5:00:00,12.35
Comox,2025-04-25,5:10:00,12.33
Comox,2025-04-25,5:20:00,12.19
Comox,2025-04-25,5:30:00,12.08
Comox,2025-04-25,5:40:00,12.01
Comox,2025-04-25,5:50:00,12.03
Comox,2025-04-25,6:00:00,12.03
Comox,2025-04-25,6:10:00,12
Comox,2025-04-25,6:20:00,11.98
Comox,2025-04-25,6:30:00,11.92
Comox,2025-04-25,6:40:00,11.92
Comox,2025-04-25,6:50:00,11.96
Comox,2025-04-25,7:00:00,12
Comox,2025-04-25,7:10:00,12
Comox,2025-04-25,7:20:00,12.03
Comox,2025-04-25,7:30:00,12.12
Comox,2025-04-25,7:40:00,12.15
Comox,2025-04-25,7:50:00,12.04
Comox,2025-04-25,8:00:00,11.88
Comox,2025-04-25,8:10:00,11.79
Comox,2025-04-25,8:20:00,11.86
Comox,2025-04-25,8:30:00,11.86
Comox,2025-04-25,8:40:00,11.82
Comox,2025-04-25,8:50:00,11.84
Comox,2025-04-25,9:00:00,11.81
Comox,2025-04-25,9:10:00,11.69
Comox,2025-04-25,9:20:00,11.67
Comox,2025-04-25,9:30:00,11.68
Comox,2025-04-25,9:40:00,11.69
Comox,2025-04-25,9:50:00,11.74
Comox,2025-04-25,10:00:00,11.76
Comox,2025-04-25,10:10:00,11.94
Comox,2025-04-25,10:20:00,12.13
Comox,2025-04-25,10:30:00,12.28
Comox,2025-04-25,10:40:00,12.19
Comox,2025-04-25,10:50:00,12.12
Comox,2025-04-25,11:00:00,12.03
Comox,2025-04-25,11:10:00,12.07
Comox,2025-04-25,11:20:00,12
Comox,2025-04-25,11:30:00,12.04
Comox,2025-04-25,11:40:00,12.07
Comox,2025-04-25,11:50:00,12.04
Comox,2025-04-25,12:00:00,12.1
Comox,2025-04-25,12:10:00,12.67
Comox,2025-04-25,12:20:00,12.7
Comox,2025-04-25,12:30:00,12.21
Comox,2025-04-25,12:40:00,12.16
Comox,2025-04-25,12:50:00,12.19
Comox,2025-04-25,13:00:00,12.2
Comox,2025-04-25,13:10:00,12.35
Comox,2025-04-25,13:20:00,12.38
Comox,2025-04-25,13:30:00,12.61
Comox,2025-04-25,13:40:00,12.66
Comox,2025-04-25,13:50:00,12.85
Comox,2025-04-25,14:00:00,12.87
Comox,2025-04-25,14:10:00,12.76
Comox,2025-04-25,14:20:00,12.67
Comox,2025-04-25,14:30:00,12.61
Comox,2025-04-25,14:40:00,12.62
Comox,2025-04-25,14:50:00,12.76
Comox,2025-04-25,15:00:00,13
Comox,2025-04-25,15:10:00,13.22
Comox,2025-04-25,15:20:00,13.21
Comox,2025-04-25,15:30:00,13.38
Comox,2025-04-25,15:40:00,13.33
Comox,2025-04-25,15:50:00,13.43
Comox,2025-04-25,16:00:00,13.54
Comox,2025-04-25,16:10:00,13.6
Comox,2025-04-25,16:20:00,13.63
Comox,2025-04-25,16:30:00,13.65
Comox,2025-04-25,16:40:00,13.62
Comox,2025-04-25,16:50:00,13.66
Comox,2025-04-25,17:00:00,13.64
Comox,2025-04-25,17:10:00,13.74
Comox,2025-04-25,17:20:00,13.81
Comox,2025-04-25,17:30:00,13.81
Comox,2025-04-25,17:40:00,13.86
Comox,2025-04-25,17:50:00,13.93
Comox,2025-04-25,18:00:00,13.98
Comox,2025-04-25,18:10:00,14.03
Comox,2025-04-25,18:20:00,14.01
Comox,2025-04-25,18:30:00,14.04
Comox,2025-04-25,18:40:00,14.09
Comox,2025-04-25,18:50:00,14.14
Comox,2025-04-25,19:00:00,14.12
Comox,2025-04-25,19:10:00,14.06
Comox,2025-04-25,19:20:00,14.09
Comox,2025-04-25,19:30:00,14.07
Comox,2025-04-25,19:40:00,14.05
Comox,2025-04-25,19:50:00,14
Comox,2025-04-25,20:00:00,13.99
Comox,2025-04-25,20:10:00,13.93
Comox,2025-04-25,20:20:00,13.93
Comox,2025-04-25,20:30:00,13.91
Comox,2025-04-25,20:40:00,13.9
Comox,2025-04-25,20:50:00,13.83
Comox,2025-04-25,21:00:00,13.83
Comox,2025-04-25,21:10:00,13.78
Comox,2025-04-25,21:20:00,13.75
Comox,2025-04-25,21:30:00,13.76
Comox,2025-04-25,21:40:00,13.76
Comox,2025-04-25,21:50:00,13.68
Comox,2025-04-25,22:00:00,13.65
Comox,2025-04-25,22:10:00,13.52
Comox,2025-04-25,22:20:00,13.44
Comox,2025-04-25,22:30:00,13.35
Comox,2025-04-25,22:40:00,13.23
Comox,2025-04-25,22:50:00,13.2
Comox,2025-04-25,23:00:00,13.17
Comox,2025-04-25,23:10:00,13.25
Comox,2025-04-25,23:20:00,13.11
Comox,2025-04-25,23:30:00,12.89
Comox,2025-04-25,23:40:00,12.82
Comox,2025-04-25,23:50:00,12.71
Comox,2025-04-26,0:00:00,12.62
Comox,2025-04-26,0:10:00,12.57
Comox,2025-04-26,0:20:00,12.42
Comox,2025-04-26,0:30:00,12.3
Comox,2025-04-26,0:40:00,12.22
Comox,2025-04-26,0:50:00,12.15
Comox,2025-04-26,1:00:00,12.06
Comox,2025-04-26,1:10:00,12
Comox,2025-04-26,1:20:00,11.99
Comox,2025-04-26,1:30:00,11.94
Comox,2025-04-26,1:40:00,11.88
Comox,2025-04-26,1:50:00,11.83
Comox,2025-04-26,2:00:00,11.68
Comox,2025-04-26,2:10:00,11.64
Comox,2025-04-26,2:20:00,11.56
Comox,2025-04-26,2:30:00,11.52
Comox,2025-04-26,2:40:00,11.44
Comox,2025-04-26,2:50:00,11.38
Comox,2025-04-26,3:00:00,11.32
Comox,2025-04-26,3:10:00,11.41
Comox,2025-04-26,3:20:00,11.56
Comox,2025-04-26,3:30:00,11.48
Comox,2025-04-26,3:40:00,11.55
Comox,2025-04-26,3:50:00,11.63
Comox,2025-04-26,4:00:00,11.59
Comox,2025-04-26,4:10:00,11.46
Comox,2025-04-26,4:20:00,11.43
Comox,2025-04-26,4:30:00,11.45
Comox,2025-04-26,4:40:00,11.6
Comox,2025-04-26,4:50:00,11.45
Comox,2025-04-26,5:00:00,11.09
Comox,2025-04-26,5:10:00,10.83
Comox,2025-04-26,5:20:00,11.15
Comox,2025-04-26,5:30:00,11.46
Comox,2025-04-26,5:40:00,11.52
Comox,2025-04-26,5:50:00,11.37
Comox,2025-04-26,6:00:00,11.31
Comox,2025-04-26,6:10:00,11.31
Comox,2025-04-26,6:20:00,11.25
Comox,2025-04-26,6:30:00,11.26
Comox,2025-04-26,6:40:00,11.32
Comox,2025-04-26,6:50:00,11.36
Comox,2025-04-26,7:00:00,11.41
Comox,2025-04-26,7:10:00,11.41
Comox,2025-04-26,7:20:00,11.39
Comox,2025-04-26,7:30:00,11.23
Comox,2025-04-26,7:40:00,11.15
Comox,2025-04-26,7:50:00,11.15
Comox,2025-04-26,8:00:00,11.17
Comox,2025-04-26,8:10:00,11.11
Comox,2025-04-26,8:20:00,11.09
Comox,2025-04-26,8:30:00,11.11
Comox,2025-04-26,8:40:00,11.13
Comox,2025-04-26,8:50:00,11.03
Comox,2025-04-26,9:00:00,10.94
Comox,2025-04-26,9:10:00,10.85
Comox,2025-04-26,9:20:00,10.82
Comox,2025-04-26,9:30:00,10.73
Comox,2025-04-26,9:40:00,10.71
Comox,2025-04-26,9:50:00,10.75
Comox,2025-04-26,10:00:00,10.73
Comox,2025-04-26,10:10:00,10.87
Comox,2025-04-26,10:20:00,10.86
Comox,2025-04-26,10:30:00,10.94
Comox,2025-04-26,10:40:00,11.02
Comox,2025-04-26,10:50:00,11
Comox,2025-04-26,11:00:00,11
Comox,2025-04-26,11:10:00,10.98
Comox,2025-04-26,11:20:00,11.11
Comox,2025-04-26,11:30:00,11.16
Comox,2025-04-26,11:40:00,11.25
Comox,2025-04-26,11:50:00,11.18
Comox,2025-04-26,12:00:00,11.34
Comox,2025-04-26,12:10:00,11.44
Comox,2025-04-26,12:20:00,11.49
Comox,2025-04-26,12:30:00,11.45
Comox,2025-04-26,12:40:00,11.3
Comox,2025-04-26,12:50:00,11.28
Comox,2025-04-26,13:00:00,11.34
Comox,2025-04-26,13:10:00,11.39
Comox,2025-04-26,13:20:00,11.42
Comox,2025-04-26,13:30:00,11.43
Comox,2025-04-26,13:40:00,11.47
Comox,2025-04-26,13:50:00,11.55
Comox,2025-04-26,14:00:00,11.51
Comox,2025-04-26,14:10:00,11.46
Comox,2025-04-26,14:20:00,11.45
Comox,2025-04-26,14:30:00,11.45
Comox,2025-04-26,14:40:00,11.43
Comox,2025-04-26,14:50:00,11.45
Comox,2025-04-26,15:00:00,11.43
Comox,2025-04-26,15:10:00,11.48
Comox,2025-04-26,15:20:00,11.81
Comox,2025-04-26,15:30:00,11.85
Comox,2025-04-26,15:40:00,11.9
Comox,2025-04-26,15:50:00,11.88
Comox,2025-04-26,16:00:00,11.77
Comox,2025-04-26,16:10:00,11.74
Comox,2025-04-26,16:20:00,12.26
Comox,2025-04-26,16:30:00,12.15
Comox,2025-04-26,16:40:00,12.2
Comox,2025-04-26,16:50:00,12.17
Comox,2025-04-26,17:00:00,12.31
Comox,2025-04-26,17:10:00,12.49
Comox,2025-04-26,17:20:00,12.75
Comox,2025-04-26,17:30:00,12.87
Comox,2025-04-26,17:40:00,13
Comox,2025-04-26,17:50:00,13.16
Comox,2025-04-26,18:00:00,13.2
Comox,2025-04-26,18:10:00,13.21
Comox,2025-04-26,18:20:00,13.21
Comox,2025-04-26,18:30:00,13.2
Comox,2025-04-26,18:40:00,13.21
Comox,2025-04-26,18:50:00,13.18
Comox,2025-04-26,19:00:00,13.19
Comox,2025-04-26,19:10:00,13.15
Comox,2025-04-26,19:20:00,13.05
Comox,2025-04-26,19:30:00,13.03
Comox,2025-04-26,19:40:00,13.02
Comox,2025-04-26,19:50:00,12.95
Comox,2025-04-26,20:00:00,12.94
Comox,2025-04-26,20:10:00,12.91
Comox,2025-04-26,20:20:00,12.93
Comox,2025-04-26,20:30:00,12.91
Comox,2025-04-26,20:40:00,12.89
Comox,2025-04-26,20:50:00,12.82
Comox,2025-04-26,21:00:00,12.79
Comox,2025-04-26,21:10:00,12.8
Comox,2025-04-26,21:20:00,12.84
Comox,2025-04-26,21:30:00,12.82
Comox,2025-04-26,21:40:00,12.8
Comox,2025-04-26,21:50:00,12.8
Comox,2025-04-26,22:00:00,12.74
Comox,2025-04-26,22:10:00,12.73
Comox,2025-04-26,22:20:00,12.7
Comox,2025-04-26,22:30:00,12.71
Comox,2025-04-26,22:40:00,12.7
Comox,2025-04-26,22:50:00,12.64
Comox,2025-04-26,23:00:00,12.61
Comox,2025-04-26,23:10:00,12.6
Comox,2025-04-26,23:20:00,12.6
Comox,2025-04-26,23:30:00,12.56
Comox,2025-04-26,23:40:00,12.5
Comox,2025-04-26,23:50:00,12.35
Comox,2025-04-27,0:00:00,12.34
Comox,2025-04-27,0:10:00,12.18
Comox,2025-04-27,0:20:00,12.14
Comox,2025-04-27,0:30:00,12.08
Comox,2025-04-27,0:40:00,12.06
Comox,2025-04-27,0:50:00,12.08
Comox,2025-04-27,1:00:00,12.06
Comox,2025-04-27,1:10:00,12.04
Comox,2025-04-27,1:20:00,12.03
Comox,2025-04-27,1:30:00,12.01
Comox,2025-04-27,1:40:00,11.93
Comox,2025-04-27,1:50:00,11.86
Comox,2025-04-27,2:00:00,11.85
Comox,2025-04-27,2:10:00,11.79
Comox,2025-04-27,2:20:00,11.73
Comox,2025-04-27,2:30:00,11.71
Comox,2025-04-27,2:40:00,11.68
Comox,2025-04-27,2:50:00,11.63
Comox,2025-04-27,3:00:00,11.48
Comox,2025-04-27,3:10:00,11.43
Comox,2025-04-27,3:20:00,11.42
Comox,2025-04-27,3:30:00,11.47
Comox,2025-04-27,3:40:00,11.48
Comox,2025-04-27,3:50:00,11.54
Comox,2025-04-27,4:00:00,11.4
Comox,2025-04-27,4:10:00,11.24
Comox,2025-04-27,4:20:00,11.17
Comox,2025-04-27,4:30:00,11.3
Comox,2025-04-27,4:40:00,11.25
Comox,2025-04-27,4:50:00,11.29
Comox,2025-04-27,5:00:00,11.4
Comox,2025-04-27,5:10:00,11.46
Comox,2025-04-27,5:20:00,11.42
Comox,2025-04-27,5:30:00,11.43
Comox,2025-04-27,5:40:00,11.46
Comox,2025-04-27,5:50:00,11.44
Comox,2025-04-27,6:00:00,11.42
Comox,2025-04-27,6:10:00,11.37
Comox,2025-04-27,6:20:00,11.4
Comox,2025-04-27,6:30:00,11.4
Comox,2025-04-27,6:40:00,11.41
Comox,2025-04-27,6:50:00,11.39
Comox,2025-04-27,7:00:00,11.38
Comox,2025-04-27,7:10:00,11.42
Comox,2025-04-27,7:20:00,11.3
Comox,2025-04-27,7:30:00,11.2
Comox,2025-04-27,7:40:00,11.14
Comox,2025-04-27,7:50:00,11.15
Comox,2025-04-27,8:00:00,11.22
Comox,2025-04-27,8:10:00,11.11
Comox,2025-04-27,8:20:00,11.03
Comox,2025-04-27,8:30:00,10.95
Comox,2025-04-27,8:40:00,10.88
Comox,2025-04-27,8:50:00,11.05
Comox,2025-04-27,9:00:00,11.02
Comox,2025-04-27,9:10:00,10.9
Comox,2025-04-27,9:20:00,10.86
Comox,2025-04-27,9:30:00,10.8
Comox,2025-04-27,9:40:00,10.84
Comox,2025-04-27,9:50:00,10.64
Comox,2025-04-27,10:00:00,10.8
Comox,2025-04-27,10:10:00,10.86
Comox,2025-04-27,10:20:00,10.81
Comox,2025-04-27,10:30:00,10.93
Comox,2025-04-27,10:40:00,10.88
Comox,2025-04-27,10:50:00,10.93
Comox,2025-04-27,11:00:00,10.94
Comox,2025-04-27,11:10:00,10.92
Comox,2025-04-27,11:20:00,11
Comox,2025-04-27,11:30:00,11.16
Comox,2025-04-27,11:40:00,11.27
Comox,2025-04-27,11:50:00,11.36
Comox,2025-04-27,12:00:00,11.42
Comox,2025-04-27,12:10:00,11.57
Comox,2025-04-27,12:20:00,11.82
Comox,2025-04-27,12:30:00,11.81
Comox,2025-04-27,12:40:00,11.93
Comox,2025-04-27,12:50:00,12.08
Comox,2025-04-27,13:00:00,12.21
Comox,2025-04-27,13:10:00,12.2
Comox,2025-04-27,13:20:00,12.14
Comox,2025-04-27,13:30:00,12.11
Comox,2025-04-27,13:40:00,11.97
Comox,2025-04-27,13:50:00,11.88
Comox,2025-04-27,14:00:00,11.68
Comox,2025-04-27,14:10:00,11.58
Comox,2025-04-27,14:20:00,11.67
Comox,2025-04-27,14:30:00,11.62
Comox,2025-04-27,14:40:00,11.44
Comox,2025-04-27,14:50:00,11.43
Comox,2025-04-27,15:00:00,11.4
Comox,2025-04-27,15:10:00,11.43
Comox,2025-04-27,15:20:00,11.41
Comox,2025-04-27,15:30:00,11.59
Comox,2025-04-27,15:40:00,12.17
Comox,2025-04-27,15:50:00,12.67
Comox,2025-04-27,16:00:00,13.06
Comox,2025-04-27,16:10:00,12.9
Comox,2025-04-27,16:20:00,12.78
Comox,2025-04-27,16:30:00,12.78
Comox,2025-04-27,16:40:00,12.75
Comox,2025-04-27,16:50:00,12.53
Comox,2025-04-27,17:00:00,12.57
Comox,2025-04-27,17:10:00,12.61
Comox,2025-04-27,17:20:00,12.59
Comox,2025-04-27,17:30:00,12.46
Comox,2025-04-27,17:40:00,12.45
Comox,2025-04-27,17:50:00,12.51
Comox,2025-04-27,18:00:00,12.63
Comox,2025-04-27,18:10:00,12.73
Comox,2025-04-27,18:20:00,12.7
Comox,2025-04-27,18:30:00,12.72
Comox,2025-04-27,18:40:00,12.73
Comox,2025-04-27,18:50:00,12.67
Comox,2025-04-27,19:00:00,12.57
Comox,2025-04-27,19:10:00,12.51
Comox,2025-04-27,19:20:00,12.55
Comox,2025-04-27,19:30:00,12.23
Comox,2025-04-27,19:40:00,12.25
Comox,2025-04-27,19:50:00,12.16
Comox,2025-04-27,20:00:00,12.21
Comox,2025-04-27,20:10:00,12.32
Comox,2025-04-27,20:20:00,12.35
Comox,2025-04-27,20:30:00,12.35
Comox,2025-04-27,20:40:00,12.37
Comox,2025-04-27,20:50:00,12.37
Comox,2025-04-27,21:00:00,12.42
Comox,2025-04-27,21:10:00,12.4
Comox,2025-04-27,21:20:00,12.42
Comox,2025-04-27,21:30:00,12.5
Comox,2025-04-27,21:40:00,12.51
Comox,2025-04-27,21:50:00,12.64
Comox,2025-04-27,22:00:00,12.7
Comox,2025-04-27,22:10:00,12.62
Comox,2025-04-27,22:20:00,12.61
Comox,2025-04-27,22:30:00,12.6
Comox,2025-04-27,22:40:00,12.56
Comox,2025-04-27,22:50:00,12.49
Comox,2025-04-27,23:00:00,12.33
Comox,2025-04-27,23:10:00,12.29
Comox,2025-04-27,23:20:00,12.33
Comox,2025-04-27,23:30:00,12.28
Comox,2025-04-27,23:40:00,12.29
Comox,2025-04-27,23:50:00,12.28
Comox,2025-04-28,0:00:00,12.21
Comox,2025-04-28,0:10:00,12.11
Comox,2025-04-28,0:20:00,12.04
Comox,2025-04-28,0:30:00,12.07
Comox,2025-04-28,0:40:00,12.08
Comox,2025-04-28,0:50:00,12.2
Comox,2025-04-28,1:00:00,12.19
Comox,2025-04-28,1:10:00,12.16
Comox,2025-04-28,1:20:00,12.17
Comox,2025-04-28,1:30:00,12.11
Comox,2025-04-28,1:40:00,12.06
Comox,2025-04-28,1:50:00,12.02
Comox,2025-04-28,2:00:00,12.01
Comox,2025-04-28,2:10:00,12.02
Comox,2025-04-28,2:20:00,11.93
Comox,2025-04-28,2:30:00,11.86
Comox,2025-04-28,2:40:00,11.82
Comox,2025-04-28,2:50:00,11.75
Comox,2025-04-28,3:00:00,11.76
Comox,2025-04-28,3:10:00,11.84
Comox,2025-04-28,3:20:00,11.83
Comox,2025-04-28,3:30:00,11.78
Comox,2025-04-28,3:40:00,11.78
Comox,2025-04-28,3:50:00,11.82
Comox,2025-04-28,4:00:00,11.86
Comox,2025-04-28,4:10:00,11.89
Comox,2025-04-28,4:20:00,11.9
Comox,2025-04-28,4:30:00,11.92
Comox,2025-04-28,4:40:00,11.94
Comox,2025-04-28,4:50:00,11.9
Comox,2025-04-28,5:00:00,11.97
Comox,2025-04-28,5:10:00,11.9
Comox,2025-04-28,5:20:00,11.85
Comox,2025-04-28,5:30:00,11.9
Comox,2025-04-28,5:40:00,11.79
Comox,2025-04-28,5:50:00,11.87
Comox,2025-04-28,6:00:00,12.07
Comox,2025-04-28,6:10:00,12.2
Comox,2025-04-28,6:20:00,12.16
Comox,2025-04-28,6:30:00,12.08
Comox,2025-04-28,6:40:00,12.01
Comox,2025-04-28,6:50:00,11.99
Comox,2025-04-28,7:00:00,12.01
Comox,2025-04-28,7:10:00,11.91
Comox,2025-04-28,7:20:00,11.86
Comox,2025-04-28,7:30:00,11.79
Comox,2025-04-28,7:40:00,11.76
Comox,2025-04-28,7:50:00,11.87
Comox,2025-04-28,8:00:00,11.88
Comox,2025-04-28,8:10:00,11.93
Comox,2025-04-28,8:20:00,11.98
Comox,2025-04-28,8:30:00,11.99
Comox,2025-04-28,8:40:00,11.99
Comox,2025-04-28,8:50:00,12.03
Comox,2025-04-28,9:00:00,12.06
Comox,2025-04-28,9:10:00,12.11
Comox,2025-04-28,9:20:00,12.14
Comox,2025-04-28,9:30:00,12.12
Comox,2025-04-28,9:40:00,12.1
Comox,2025-04-28,9:50:00,12.1
Comox,2025-04-28,10:00:00,12.07
Comox,2025-04-28,10:10:00,12.08
Comox,2025-04-28,10:20:00,11.87
Comox,2025-04-28,10:30:00,11.82
Comox,2025-04-28,10:40:00,11.74
Comox,2025-04-28,10:50:00,11.73
Comox,2025-04-28,11:00:00,11.67
Comox,2025-04-28,11:10:00,11.6
Comox,2025-04-28,11:20:00,11.54
Comox,2025-04-28,11:30:00,11.55
Comox,2025-04-28,11:40:00,11.54
Comox,2025-04-28,11:50:00,11.54
Comox,2025-04-28,12:00:00,11.52
Comox,2025-04-28,12:10:00,11.54
Comox,2025-04-28,12:20:00,11.52
Comox,2025-04-28,12:30:00,11.49
Comox,2025-04-28,12:40:00,11.43
Comox,2025-04-28,12:50:00,11.32
Comox,2025-04-28,13:00:00,11.25
Comox,2025-04-28,13:10:00,11.24
Comox,2025-04-28,13:20:00,11.23
Comox,2025-04-28,13:30:00,11.19
Comox,2025-04-28,13:40:00,11.14
Comox,2025-04-28,13:50:00,11.08
Comox,2025-04-28,14:00:00,10.95
Comox,2025-04-28,14:10:00,10.86
Comox,2025-04-28,14:20:00,10.79
Comox,2025-04-28,14:30:00,10.77
Comox,2025-04-28,14:40:00,10.72
Comox,2025-04-28,14:50:00,10.72
Comox,2025-04-28,15:00:00,10.73
Comox,2025-04-28,15:10:00,10.7
Comox,2025-04-28,15:20:00,10.66
Comox,2025-04-28,15:30:00,10.67
Comox,2025-04-28,15:40:00,10.73
Comox,2025-04-28,15:50:00,10.85
Comox,2025-04-28,16:00:00,10.92
Comox,2025-04-28,16:10:00,10.97
Comox,2025-04-28,16:20:00,11.03
Comox,2025-04-28,16:30:00,11.23
Comox,2025-04-28,16:40:00,11.28
Comox,2025-04-28,16:50:00,11.32
Comox,2025-04-28,17:00:00,11.47
Comox,2025-04-28,17:10:00,11.59
Comox,2025-04-28,17:20:00,11.61
Comox,2025-04-28,17:30:00,11.64
Comox,2025-04-28,17:40:00,11.7
Comox,2025-04-28,17:50:00,11.73
Comox,2025-04-28,18:00:00,11.73
Comox,2025-04-28,18:10:00,11.72
Comox,2025-04-28,18:20:00,11.75
Comox,2025-04-28,18:30:00,11.74
Comox,2025-04-28,18:40:00,11.78
Comox,2025-04-28,18:50:00,11.78
Comox,2025-04-28,19:00:00,11.79
Comox,2025-04-28,19:10:00,11.83
Comox,2025-04-28,19:20:00,11.82
Comox,2025-04-28,19:30:00,11.86
Comox,2025-04-28,19:40:00,11.85
Comox,2025-04-28,19:50:00,11.86
Comox,2025-04-28,20:00:00,11.85
Comox,2025-04-28,20:10:00,11.86
Comox,2025-04-28,20:20:00,11.84
Comox,2025-04-28,20:30:00,11.84
Comox,2025-04-28,20:40:00,11.86
Comox,2025-04-28,20:50:00,11.89
Comox,2025-04-28,21:00:00,11.89
Comox,2025-04-28,21:10:00,11.9
Comox,2025-04-28,21:20:00,11.9
Comox,2025-04-28,21:30:00,11.9
Comox,2025-04-28,21:40:00,11.89
Comox,2025-04-28,21:50:00,11.88
Comox,2025-04-28,22:00:00,11.83
Comox,2025-04-28,22:10:00,11.81
Comox,2025-04-28,22:20:00,11.77
Comox,2025-04-28,22:30:00,11.74
Comox,2025-04-28,22:40:00,11.78
Comox,2025-04-28,22:50:00,11.83
Comox,2025-04-28,23:00:00,11.84
Comox,2025-04-28,23:10:00,11.75
Comox,2025-04-28,23:20:00,11.82
Comox,2025-04-28,23:30:00,11.82
Comox,2025-04-28,23:40:00,11.79
Comox,2025-04-28,23:50:00,11.81
Comox,2025-04-29,0:00:00,11.76
Comox,2025-04-29,0:10:00,11.78
Comox,2025-04-29,0:20:00,11.81
Comox,2025-04-29,0:30:00,11.82
Comox,2025-04-29,0:40:00,11.83
Comox,2025-04-29,0:50:00,11.81
Comox,2025-04-29,1:00:00,11.84
Comox,2025-04-29,1:10:00,11.81
Comox,2025-04-29,1:20:00,11.79
Comox,2025-04-29,1:30:00,11.73
Comox,2025-04-29,1:40:00,11.75
Comox,2025-04-29,1:50:00,11.81
Comox,2025-04-29,2:00:00,11.82
Comox,2025-04-29,2:10:00,11.86
Comox,2025-04-29,2:20:00,11.86
Comox,2025-04-29,2:30:00,11.85
Comox,2025-04-29,2:40:00,11.85
Comox,2025-04-29,2:50:00,11.85
Comox,2025-04-29,3:00:00,11.86
Comox,2025-04-29,3:10:00,11.88
Comox,2025-04-29,3:20:00,11.84
Comox,2025-04-29,3:30:00,11.88
Comox,2025-04-29,3:40:00,11.86
Comox,2025-04-29,3:50:00,11.86
Comox,2025-04-29,4:00:00,11.85
Comox,2025-04-29,4:10:00,11.89
Comox,2025-04-29,4:20:00,11.86
Comox,2025-04-29,4:30:00,11.88
Comox,2025-04-29,4:40:00,11.87
Comox,2025-04-29,4:50:00,11.86
Comox,2025-04-29,5:00:00,11.86
Comox,2025-04-29,5:10:00,11.82
Comox,2025-04-29,5:20:00,11.81
Comox,2025-04-29,5:30:00,11.54
Comox,2025-04-29,5:40:00,11.37
Comox,2025-04-29,5:50:00,11.53
Comox,2025-04-29,6:00:00,11.54
Comox,2025-04-29,6:10:00,11.43
Comox,2025-04-29,6:20:00,11.52
Comox,2025-04-29,6:30:00,11.63
Comox,2025-04-29,6:40:00,11.73
Comox,2025-04-29,6:50:00,11.85
Comox,2025-04-29,7:00:00,11.88
Comox,2025-04-29,7:10:00,11.88
Comox,2025-04-29,7:20:00,11.88
Comox,2025-04-29,7:30:00,11.87
Comox,2025-04-29,7:40:00,11.88
Comox,2025-04-29,7:50:00,11.86
Comox,2025-04-29,8:00:00,11.86
Comox,2025-04-29,8:10:00,11.72
Comox,2025-04-29,8:20:00,11.81
Comox,2025-04-29,8:30:00,11.87
Comox,2025-04-29,8:40:00,11.68
Comox,2025-04-29,8:50:00,11.59
Comox,2025-04-29,9:00:00,11.63
Comox,2025-04-29,9:10:00,11.48
Comox,2025-04-29,9:20:00,11.4
Comox,2025-04-29,9:30:00,11.36
Comox,2025-04-29,9:40:00,11.27
Comox,2025-04-29,9:50:00,11.31
Comox,2025-04-29,10:00:00,11.34
Comox,2025-04-29,10:10:00,11.34
Comox,2025-04-29,10:20:00,11.37
Comox,2025-04-29,10:30:00,11.39
Comox,2025-04-29,10:40:00,11.39
Comox,2025-04-29,10:50:00,11.37
Comox,2025-04-29,11:00:00,11.38
Comox,2025-04-29,11:10:00,11.42
Comox,2025-04-29,11:20:00,11.48
Comox,2025-04-29,11:30:00,11.53
Comox,2025-04-29,11:40:00,11.54
Comox,2025-04-29,11:50:00,11.68
Comox,2025-04-29,12:00:00,11.68
Comox,2025-04-29,12:10:00,11.7
Comox,2025-04-29,12:20:00,11.77
Comox,2025-04-29,12:30:00,11.76
Comox,2025-04-29,12:40:00,11.76
Comox,2025-04-29,12:50:00,11.79
Comox,2025-04-29,13:00:00,11.78
Comox,2025-04-29,13:10:00,11.76
Comox,2025-04-29,13:20:00,11.81
Comox,2025-04-29,13:30:00,12
Comox,2025-04-29,13:40:00,12.05
Comox,2025-04-29,13:50:00,12.06
Comox,2025-04-29,14:00:00,12.19
Comox,2025-04-29,14:10:00,12.23
Comox,2025-04-29,14:20:00,12.34
Comox,2025-04-29,14:30:00,12.46
Comox,2025-04-29,14:40:00,12.58
Comox,2025-04-29,14:50:00,12.65
Comox,2025-04-29,15:00:00,12.78
Comox,2025-04-29,15:10:00,12.79
Comox,2025-04-29,15:20:00,12.78
Comox,2025-04-29,15:30:00,12.8
Comox,2025-04-29,15:40:00,12.91
Comox,2025-04-29,15:50:00,12.6
Comox,2025-04-29,16:00:00,12.67
Comox,2025-04-29,16:10:00,12.53
Comox,2025-04-29,16:20:00,12.31
Comox,2025-04-29,16:30:00,12.17
Comox,2025-04-29,16:40:00,12.08
Comox,2025-04-29,16:50:00,12.06
Comox,2025-04-29,17:00:00,12.04
Comox,2025-04-29,17:10:00,11.99
Comox,2025-04-29,17:20:00,11.86
Comox,2025-04-29,17:30:00,11.68
Comox,2025-04-29,17:40:00,11.57
Comox,2025-04-29,17:50:00,11.58
Comox,2025-04-29,18:00:00,11.73
Comox,2025-04-29,18:10:00,11.68
Comox,2025-04-29,18:20:00,11.74
Comox,2025-04-29,18:30:00,11.76
Comox,2025-04-29,18:40:00,11.59
Comox,2025-04-29,18:50:00,11.58
Comox,2025-04-29,19:00:00,11.53
Comox,2025-04-29,19:10:00,11.52
Comox,2025-04-29,19:20:00,11.54
Comox,2025-04-29,19:30:00,11.58
Comox,2025-04-29,19:40:00,11.59
Comox,2025-04-29,19:50:00,11.51
Comox,2025-04-29,20:00:00,11.51
Comox,2025-04-29,20:10:00,11.53
Comox,2025-04-29,20:20:00,11.54
Comox,2025-04-29,20:30:00,11.63
Comox,2025-04-29,20:40:00,11.58
Comox,2025-04-29,20:50:00,11.57
Comox,2025-04-29,21:00:00,11.61
Comox,2025-04-29,21:10:00,11.59
Comox,2025-04-29,21:20:00,11.59
Comox,2025-04-29,21:30:00,11.57
Comox,2025-04-29,21:40:00,11.56
Comox,2025-04-29,21:50:00,11.52
Comox,2025-04-29,22:00:00,11.48
Comox,2025-04-29,22:10:00,11.47
Comox,2025-04-29,22:20:00,11.48
Comox,2025-04-29,22:30:00,11.45
Comox,2025-04-29,22:40:00,11.43
Comox,2025-04-29,22:50:00,11.44
Comox,2025-04-29,23:00:00,11.47
Comox,2025-04-29,23:10:00,11.45
Comox,2025-04-29,23:20:00,11.41
Comox,2025-04-29,23:30:00,11.46
Comox,2025-04-29,23:40:00,11.39
Comox,2025-04-29,23:50:00,11.37
Comox,2025-04-30,0:00:00,11.34
Comox,2025-04-30,0:10:00,11.33
Comox,2025-04-30,0:20:00,11.37
Comox,2025-04-30,0:30:00,11.36
Comox,2025-04-30,0:40:00,11.36
Comox,2025-04-30,0:50:00,11.34
Comox,2025-04-30,1:00:00,11.34
Comox,2025-04-30,1:10:00,11.34
Comox,2025-04-30,1:20:00,11.36
Comox,2025-04-30,1:30:00,11.32
Comox,2025-04-30,1:40:00,11.34
Comox,2025-04-30,1:50:00,11.44
Comox,2025-04-30,2:00:00,11.43
Comox,2025-04-30,2:10:00,11.42
Comox,2025-04-30,2:20:00,11.4
Comox,2025-04-30,2:30:00,11.41
Comox,2025-04-30,2:40:00,11.4
Comox,2025-04-30,2:50:00,11.45
Comox,2025-04-30,3:00:00,11.46
Comox,2025-04-30,3:10:00,11.48
Comox,2025-04-30,3:20:00,11.47
Comox,2025-04-30,3:30:00,11.42
Comox,2025-04-30,3:40:00,11.38
Comox,2025-04-30,3:50:00,11.37
Comox,2025-04-30,4:00:00,11.34
Comox,2025-04-30,4:10:00,11.39
Comox,2025-04-30,4:20:00,11.34
Comox,2025-04-30,4:30:00,11.36
Comox,2025-04-30,4:40:00,11.32
Comox,2025-04-30,4:50:00,11.29
Comox,2025-04-30,5:00:00,11.29
Comox,2025-04-30,5:10:00,11.24
Comox,2025-04-30,5:20:00,11.28
Comox,2025-04-30,5:30:00,11.29
Comox,2025-04-30,5:40:00,11.31
Comox,2025-04-30,5:50:00,11.31
Comox,2025-04-30,6:00:00,11.3
Comox,2025-04-30,6:10:00,11.27
Comox,2025-04-30,6:20:00,11.27
Comox,2025-04-30,6:30:00,11.28
Comox,2025-04-30,6:40:00,11.25
Comox,2025-04-30,6:50:00,11.22
Comox,2025-04-30,7:00:00,11.25
Comox,2025-04-30,7:10:00,11.3
Comox,2025-04-30,7:20:00,11.27
Comox,2025-04-30,7:30:00,11.24
Comox,2025-04-30,7:40:00,11.19
Comox,2025-04-30,7:50:00,11.18
Comox,2025-04-30,8:00:00,11.24
Comox,2025-04-30,8:10:00,11.16
Comox,2025-04-30,8:20:00,11.14
Comox,2025-04-30,8:30:00,11.22
Comox,2025-04-30,8:40:00,11.23
Comox,2025-04-30,8:50:00,11.2
Comox,2025-04-30,9:00:00,11.24
Comox,2025-04-30,9:10:00,11.28
Comox,2025-04-30,9:20:00,11.36
Comox,2025-04-30,9:30:00,11.32
Comox,2025-04-30,9:40:00,11.3
Comox,2025-04-30,9:50:00,11.3
Comox,2025-04-30,10:00:00,11.29
Comox,2025-04-30,10:10:00,11.38
Comox,2025-04-30,10:20:00,11.41
Comox,2025-04-30,10:30:00,11.3
Comox,2025-04-30,10:40:00,11.26
Comox,2025-04-30,10:50:00,11.24
Comox,2025-04-30,11:00:00,11.44
Comox,2025-04-30,11:10:00,11.31
Comox,2025-04-30,11:20:00,11.42
Comox,2025-04-30,11:30:00,11.56
Comox,2025-04-30,11:40:00,11.64
Comox,2025-04-30,11:50:00,11.57
Comox,2025-04-30,12:00:00,11.56
Comox,2025-04-30,12:10:00,11.6
Comox,2025-04-30,12:20:00,11.75
Comox,2025-04-30,12:30:00,11.68
Comox,2025-04-30,12:40:00,11.63
Comox,2025-04-30,12:50:00,11.68
Comox,2025-04-30,13:00:00,11.77
Comox,2025-04-30,13:10:00,11.72
Comox,2025-04-30,13:20:00,11.7
Comox,2025-04-30,13:30:00,11.73
Comox,2025-04-30,13:40:00,11.77
Comox,2025-04-30,13:50:00,11.82
Comox,2025-04-30,14:00:00,11.99
Comox,2025-04-30,14:10:00,12.67
Comox,2025-04-30,14:20:00,13.08
Comox,2025-04-30,14:30:00,13.2
Comox,2025-04-30,14:40:00,13.26
Comox,2025-04-30,14:50:00,13.32
Comox,2025-04-30,15:00:00,13.33
Comox,2025-04-30,15:10:00,13.3
Comox,2025-04-30,15:20:00,13.48
Comox,2025-04-30,15:30:00,13.55
Comox,2025-04-30,15:40:00,13.53
Comox,2025-04-30,15:50:00,13.5
Comox,2025-04-30,16:00:00,13.47
Comox,2025-04-30,16:10:00,13.51
Comox,2025-04-30,16:20:00,13.49
Comox,2025-04-30,16:30:00,13.5
Comox,2025-04-30,16:40:00,13.56
Comox,2025-04-30,16:50:00,13.55
Comox,2025-04-30,17:00:00,13.24
Comox,2025-04-30,17:10:00,12.85
Comox,2025-04-30,17:20:00,12.64
Comox,2025-04-30,17:30:00,12.4
Comox,2025-04-30,17:40:00,12.25
Comox,2025-04-30,17:50:00,12.1
Comox,2025-04-30,18:00:00,12.13
Comox,2025-04-30,18:10:00,11.99
Comox,2025-04-30,18:20:00,12.1
Comox,2025-04-30,18:30:00,12.49
Comox,2025-04-30,18:40:00,13.03
Comox,2025-04-30,18:50:00,13.17
Comox,2025-04-30,19:00:00,13.32
Comox,2025-04-30,19:10:00,13.41
Comox,2025-04-30,19:20:00,13.34
Comox,2025-04-30,19:30:00,13.24
Comox,2025-04-30,19:40:00,13.14
Comox,2025-04-30,19:50:00,13.01
Comox,2025-04-30,20:00:00,13
Comox,2025-04-30,20:10:00,12.93
Comox,2025-04-30,20:20:00,12.87
Comox,2025-04-30,20:30:00,12.8
Comox,2025-04-30,20:40:00,12.56
Comox,2025-04-30,20:50:00,12.44
Comox,2025-04-30,21:00:00,12.32
Comox,2025-04-30,21:10:00,12.26
Comox,2025-04-30,21:20:00,12.11
Comox,2025-04-30,21:30:00,12.07
Comox,2025-04-30,21:40:00,12.02
Comox,2025-04-30,21:50:00,11.87
Comox,2025-04-30,22:00:00,11.81
Comox,2025-04-30,22:10:00,11.72
Comox,2025-04-30,22:20:00,11.66
Comox,2025-04-30,22:30:00,11.64
Comox,2025-04-30,22:40:00,11.63
Comox,2025-04-30,22:50:00,11.57
Comox,2025-04-30,23:00:00,11.49
Comox,2025-04-30,23:10:00,11.47
Comox,2025-04-30,23:20:00,11.51
Comox,2025-04-30,23:30:00,11.6
Comox,2025-04-30,23:40:00,11.59
Comox,2025-04-30,23:50:00,11.58
Comox,2025-05-01,0:00:00,11.58
Comox,2025-05-01,0:10:00,11.51
Comox,2025-05-01,0:20:00,11.49
Comox,2025-05-01,0:30:00,11.56
Comox,2025-05-01,0:40:00,11.56
Comox,2025-05-01,0:50:00,11.55
Comox,2025-05-01,1:00:00,11.71
Comox,2025-05-01,1:10:00,11.83
Comox,2025-05-01,1:20:00,11.67
Comox,2025-05-01,1:30:00,11.73
Comox,2025-05-01,1:40:00,11.64
Comox,2025-05-01,1:50:00,11.64
Comox,2025-05-01,2:00:00,11.67
Comox,2025-05-01,2:10:00,11.67
Comox,2025-05-01,2:20:00,11.66
Comox,2025-05-01,2:30:00,11.58
Comox,2025-05-01,2:40:00,11.51
Comox,2025-05-01,2:50:00,11.51
Comox,2025-05-01,3:00:00,11.47
Comox,2025-05-01,3:10:00,11.48
Comox,2025-05-01,3:20:00,11.42
Comox,2025-05-01,3:30:00,11.38
Comox,2025-05-01,3:40:00,11.31
Comox,2025-05-01,3:50:00,11.37
Comox,2025-05-01,4:00:00,11.29
Comox,2025-05-01,4:10:00,11.27
Comox,2025-05-01,4:20:00,11.28
Comox,2025-05-01,4:30:00,11.27
Comox,2025-05-01,4:40:00,11.27
Comox,2025-05-01,4:50:00,11.24
Comox,2025-05-01,5:00:00,11.19
Comox,2025-05-01,5:10:00,11.17
Comox,2025-05-01,5:20:00,11.12
Comox,2025-05-01,5:30:00,11.1
Comox,2025-05-01,5:40:00,11.11
Comox,2025-05-01,5:50:00,11.09
Comox,2025-05-01,6:00:00,11.04
Comox,2025-05-01,6:10:00,11.03
Comox,2025-05-01,6:20:00,11
Comox,2025-05-01,6:30:00,10.98
Comox,2025-05-01,6:40:00,11.02
Comox,2025-05-01,6:50:00,11.03
Comox,2025-05-01,7:00:00,11.08
Comox,2025-05-01,7:10:00,11.12
Comox,2025-05-01,7:20:00,11.11
Comox,2025-05-01,7:30:00,11.04
Comox,2025-05-01,7:40:00,11.04
Comox,2025-05-01,7:50:00,11.01
Comox,2025-05-01,8:00:00,11.03
Comox,2025-05-01,8:10:00,11.03
Comox,2025-05-01,8:20:00,11.11
Comox,2025-05-01,8:30:00,11.18
Comox,2025-05-01,8:40:00,11.17
Comox,2025-05-01,8:50:00,11.23
Comox,2025-05-01,9:00:00,11.28
Comox,2025-05-01,9:10:00,11.19
Comox,2025-05-01,9:20:00,11.17
Comox,2025-05-01,9:30:00,11.18
Comox,2025-05-01,9:40:00,11.2
Comox,2025-05-01,9:50:00,11.25
Comox,2025-05-01,10:00:00,11.24
Comox,2025-05-01,10:10:00,11.2
Comox,2025-05-01,10:20:00,11.2
Comox,2025-05-01,10:30:00,11.2
Comox,2025-05-01,10:40:00,11.17
Comox,2025-05-01,10:50:00,11.19
Comox,2025-05-01,11:00:00,11.48
Comox,2025-05-01,11:10:00,11.84
Comox,2025-05-01,11:20:00,11.9
Comox,2025-05-01,11:30:00,11.91
Comox,2025-05-01,11:40:00,11.97
Comox,2025-05-01,11:50:00,12.08
Comox,2025-05-01,12:00:00,11.96
Comox,2025-05-01,12:10:00,11.85
Comox,2025-05-01,12:20:00,11.82
Comox,2025-05-01,12:30:00,11.93
Comox,2025-05-01,12:40:00,11.85
Comox,2025-05-01,12:50:00,11.89
Comox,2025-05-01,13:00:00,11.98
Comox,2025-05-01,13:10:00,12
Comox,2025-05-01,13:20:00,12.01
Comox,2025-05-01,13:30:00,12.06
Comox,2025-05-01,13:40:00,12.23
Comox,2025-05-01,13:50:00,12.43
Comox,2025-05-01,14:00:00,12.7
Comox,2025-05-01,14:10:00,12.79
Comox,2025-05-01,14:20:00,12.89
Comox,2025-05-01,14:30:00,12.91
Comox,2025-05-01,14:40:00,12.91
Comox,2025-05-01,14:50:00,13.41
Comox,2025-05-01,15:00:00,13.56
Comox,2025-05-01,15:10:00,13.68
Comox,2025-05-01,15:20:00,13.74
Comox,2025-05-01,15:30:00,13.74
Comox,2025-05-01,15:40:00,13.82
Comox,2025-05-01,15:50:00,13.79
Comox,2025-05-01,16:00:00,13.88
Comox,2025-05-01,16:10:00,14.1
Comox,2025-05-01,16:20:00,14.22
Comox,2025-05-01,16:30:00,14.24
Comox,2025-05-01,16:40:00,14.25
Comox,2025-05-01,16:50:00,14.18
Comox,2025-05-01,17:00:00,14.18
Comox,2025-05-01,17:10:00,14.21
Comox,2025-05-01,17:20:00,14.11
Comox,2025-05-01,17:30:00,14.07
Comox,2025-05-01,17:40:00,14.17
Comox,2025-05-01,17:50:00,13.77
Comox,2025-05-01,18:00:00,13.53
Comox,2025-05-01,18:10:00,13.33
Comox,2025-05-01,18:20:00,13.06
Comox,2025-05-01,18:30:00,12.84
Comox,2025-05-01,18:40:00,12.71
Comox,2025-05-01,18:50:00,12.57
Comox,2025-05-01,19:00:00,12.41
Comox,2025-05-01,19:10:00,12.3
Comox,2025-05-01,19:20:00,12.3
Comox,2025-05-01,19:30:00,12.79
Comox,2025-05-01,19:40:00,13.3
Comox,2025-05-01,19:50:00,13.64
Comox,2025-05-01,20:00:00,13.54
Comox,2025-05-01,20:10:00,13.61
Comox,2025-05-01,20:20:00,13.6
Comox,2025-05-01,20:30:00,13.66
Comox,2025-05-01,20:40:00,13.38
Comox,2025-05-01,20:50:00,13.02
Comox,2025-05-01,21:00:00,12.66
Comox,2025-05-01,21:10:00,12.51
Comox,2025-05-01,21:20:00,12.38
Comox,2025-05-01,21:30:00,12.23
Comox,2025-05-01,21:40:00,12.18
Comox,2025-05-01,21:50:00,12.2
Comox,2025-05-01,22:00:00,12.16
Comox,2025-05-01,22:10:00,12.01
Comox,2025-05-01,22:20:00,11.94
Comox,2025-05-01,22:30:00,11.9
Comox,2025-05-01,22:40:00,11.89
Comox,2025-05-01,22:50:00,11.92
Comox,2025-05-01,23:00:00,11.9
Comox,2025-05-01,23:10:00,11.87
Comox,2025-05-01,23:20:00,11.92
Comox,2025-05-01,23:30:00,12.04
Comox,2025-05-01,23:40:00,12.14
Comox,2025-05-01,23:50:00,12.05
Comox,2025-05-02,0:00:00,11.98
Comox,2025-05-02,0:10:00,11.99
Comox,2025-05-02,0:20:00,11.96
Comox,2025-05-02,0:30:00,11.9
Comox,2025-05-02,0:40:00,11.83
Comox,2025-05-02,0:50:00,11.79
Comox,2025-05-02,1:00:00,11.78
Comox,2025-05-02,1:10:00,11.74
Comox,2025-05-02,1:20:00,11.74
Comox,2025-05-02,1:30:00,11.75
Comox,2025-05-02,1:40:00,11.72
Comox,2025-05-02,1:50:00,11.68
Comox,2025-05-02,2:00:00,11.68
Comox,2025-05-02,2:10:00,11.69
Comox,2025-05-02,2:20:00,11.73
Comox,2025-05-02,2:30:00,11.83
Comox,2025-05-02,2:40:00,11.77
Comox,2025-05-02,2:50:00,11.79
Comox,2025-05-02,3:00:00,11.74
Comox,2025-05-02,3:10:00,11.82
Comox,2025-05-02,3:20:00,11.86
Comox,2025-05-02,3:30:00,11.9
Comox,2025-05-02,3:40:00,11.88
Comox,2025-05-02,3:50:00,11.89
Comox,2025-05-02,4:00:00,11.94
Comox,2025-05-02,4:10:00,11.9
Comox,2025-05-02,4:20:00,11.85
Comox,2025-05-02,4:30:00,11.78
Comox,2025-05-02,4:40:00,11.73
Comox,2025-05-02,4:50:00,11.62
Comox,2025-05-02,5:00:00,11.55
Comox,2025-05-02,5:10:00,11.54
Comox,2025-05-02,5:20:00,11.51
Comox,2025-05-02,5:30:00,11.44
Comox,2025-05-02,5:40:00,11.42
Comox,2025-05-02,5:50:00,11.4
Comox,2025-05-02,6:00:00,11.37
Comox,2025-05-02,6:10:00,11.31
Comox,2025-05-02,6:20:00,11.33
Comox,2025-05-02,6:30:00,11.32
Comox,2025-05-02,6:40:00,11.27
Comox,2025-05-02,6:50:00,11.27
Comox,2025-05-02,7:00:00,11.34
Comox,2025-05-02,7:10:00,11.39
Comox,2025-05-02,7:20:00,11.4
Comox,2025-05-02,7:30:00,11.39
Comox,2025-05-02,7:40:00,11.39
Comox,2025-05-02,7:50:00,11.38
Comox,2025-05-02,8:00:00,11.36
Comox,2025-05-02,8:10:00,11.34
Comox,2025-05-02,8:20:00,11.37
Comox,2025-05-02,8:30:00,11.39
Comox,2025-05-02,8:40:00,11.42
Comox,2025-05-02,8:50:00,11.41
Comox,2025-05-02,9:00:00,11.36
Comox,2025-05-02,9:10:00,11.39
Comox,2025-05-02,9:20:00,11.41
Comox,2025-05-02,9:30:00,11.4
Comox,2025-05-02,9:40:00,11.39
Comox,2025-05-02,9:50:00,11.44
Comox,2025-05-02,10:00:00,11.54
Comox,2025-05-02,10:10:00,11.69
Comox,2025-05-02,10:20:00,11.63
Comox,2025-05-02,10:30:00,11.7
Comox,2025-05-02,10:40:00,11.84
Comox,2025-05-02,10:50:00,11.83
Comox,2025-05-02,11:00:00,11.84
Comox,2025-05-02,11:10:00,11.86
Comox,2025-05-02,11:20:00,12.04
Comox,2025-05-02,11:30:00,11.82
Comox,2025-05-02,11:40:00,11.77
Comox,2025-05-02,11:50:00,11.82
Comox,2025-05-02,12:00:00,11.82
Comox,2025-05-02,12:10:00,11.84
Comox,2025-05-02,12:20:00,11.89
Comox,2025-05-02,12:30:00,11.87
Comox,2025-05-02,12:40:00,11.97
Comox,2025-05-02,12:50:00,12.14
Comox,2025-05-02,13:00:00,12.35
Comox,2025-05-02,13:10:00,12.6
Comox,2025-05-02,13:20:00,12.46
Comox,2025-05-02,13:30:00,12.5
Comox,2025-05-02,13:40:00,12.53
Comox,2025-05-02,13:50:00,12.47
Comox,2025-05-02,14:00:00,12.47
Comox,2025-05-02,14:10:00,12.71
Comox,2025-05-02,14:20:00,12.73
Comox,2025-05-02,14:30:00,12.88
Comox,2025-05-02,14:40:00,12.91
Comox,2025-05-02,14:50:00,12.84
Comox,2025-05-02,15:00:00,12.72
Comox,2025-05-02,15:10:00,12.67
Comox,2025-05-02,15:20:00,12.63
Comox,2025-05-02,15:30:00,12.46
Comox,2025-05-02,15:40:00,12.37
Comox,2025-05-02,15:50:00,12.4
Comox,2025-05-02,16:00:00,12.42
Comox,2025-05-02,16:10:00,12.46
Comox,2025-05-02,16:20:00,12.49
Comox,2025-05-02,16:30:00,12.55
Comox,2025-05-02,16:40:00,12.53
Comox,2025-05-02,16:50:00,12.58
Comox,2025-05-02,17:00:00,12.57
Comox,2025-05-02,17:10:00,12.53
Comox,2025-05-02,17:20:00,12.61
Comox,2025-05-02,17:30:00,12.59
Comox,2025-05-02,17:40:00,12.55
Comox,2025-05-02,17:50:00,12.52
Comox,2025-05-02,18:00:00,12.48
Comox,2025-05-02,18:10:00,12.47
Comox,2025-05-02,18:20:00,12.43
Comox,2025-05-02,18:30:00,12.25
Comox,2025-05-02,18:40:00,12.22
Comox,2025-05-02,18:50:00,12.34
Comox,2025-05-02,19:00:00,12.31
Comox,2025-05-02,19:10:00,12.28
Comox,2025-05-02,19:20:00,12.15
Comox,2025-05-02,19:30:00,12.03
Comox,2025-05-02,19:40:00,12.04
Comox,2025-05-02,19:50:00,11.94
Comox,2025-05-02,20:00:00,11.71
Comox,2025-05-02,20:10:00,11.74
Comox,2025-05-02,20:20:00,11.85
Comox,2025-05-02,20:30:00,11.75
Comox,2025-05-02,20:40:00,11.81
Comox,2025-05-02,20:50:00,12
Comox,2025-05-02,21:00:00,11.9
Comox,2025-05-02,21:10:00,11.97
Comox,2025-05-02,21:20:00,12.06
Comox,2025-05-02,21:30:00,12.08
Comox,2025-05-02,21:40:00,12.08
Comox,2025-05-02,21:50:00,12.06
Comox,2025-05-02,22:00:00,12.06
Comox,2025-05-02,22:10:00,12.05
Comox,2025-05-02,22:20:00,12.03
Comox,2025-05-02,22:30:00,12.04
Comox,2025-05-02,22:40:00,11.9
Comox,2025-05-02,22:50:00,11.78
Comox,2025-05-02,23:00:00,11.72
Comox,2025-05-02,23:10:00,11.68
Comox,2025-05-02,23:20:00,11.57
Comox,2025-05-02,23:30:00,11.45
Comox,2025-05-02,23:40:00,11.36
Comox,2025-05-02,23:50:00,11.34
Comox,2025-05-03,0:00:00,11.3
Comox,2025-05-03,0:10:00,11.26
Comox,2025-05-03,0:20:00,11.3
Comox,2025-05-03,0:30:00,11.38
Comox,2025-05-03,0:40:00,11.41
Comox,2025-05-03,0:50:00,11.37
Comox,2025-05-03,1:00:00,11.31
Comox,2025-05-03,1:10:00,11.3
Comox,2025-05-03,1:20:00,11.31
Comox,2025-05-03,1:30:00,11.29
Comox,2025-05-03,1:40:00,11.28
Comox,2025-05-03,1:50:00,11.29
Comox,2025-05-03,2:00:00,11.27
Comox,2025-05-03,2:10:00,11.24
Comox,2025-05-03,2:20:00,11.19
Comox,2025-05-03,2:30:00,11.17
Comox,2025-05-03,2:40:00,11.18
Comox,2025-05-03,2:50:00,11.19
Comox,2025-05-03,3:00:00,11.17
Comox,2025-05-03,3:10:00,11.16
Comox,2025-05-03,3:20:00,11.15
Comox,2025-05-03,3:30:00,11.14
Comox,2025-05-03,3:40:00,11.15
Comox,2025-05-03,3:50:00,11.27
Comox,2025-05-03,4:00:00,11.22
Comox,2025-05-03,4:10:00,11.18
Comox,2025-05-03,4:20:00,11.12
Comox,2025-05-03,4:30:00,11.16
Comox,2025-05-03,4:40:00,11.04
Comox,2025-05-03,4:50:00,11.04
Comox,2025-05-03,5:00:00,11.09
Comox,2025-05-03,5:10:00,11.15
Comox,2025-05-03,5:20:00,11.17
Comox,2025-05-03,5:30:00,11.16
Comox,2025-05-03,5:40:00,11.13
Comox,2025-05-03,5:50:00,11.15
Comox,2025-05-03,6:00:00,11.15
Comox,2025-05-03,6:10:00,11.18
Comox,2025-05-03,6:20:00,11.17
Comox,2025-05-03,6:30:00,11.2
Comox,2025-05-03,6:40:00,11.23
Comox,2025-05-03,6:50:00,11.23
Comox,2025-05-03,7:00:00,11.24
Comox,2025-05-03,7:10:00,11.25
Comox,2025-05-03,7:20:00,11.26
Comox,2025-05-03,7:30:00,11.24
Comox,2025-05-03,7:40:00,11.27
Comox,2025-05-03,7:50:00,11.31
Comox,2025-05-03,8:00:00,11.28
Comox,2025-05-03,8:10:00,11.29
Comox,2025-05-03,8:20:00,11.31
Comox,2025-05-03,8:30:00,11.31
Comox,2025-05-03,8:40:00,11.29
Comox,2025-05-03,8:50:00,11.28
Comox,2025-05-03,9:00:00,11.28
Comox,2025-05-03,9:10:00,11.37
Comox,2025-05-03,9:20:00,11.39
Comox,2025-05-03,9:30:00,11.4
Comox,2025-05-03,9:40:00,11.38
Comox,2025-05-03,9:50:00,11.39
Comox,2025-05-03,10:00:00,11.41
Comox,2025-05-03,10:10:00,11.42
Comox,2025-05-03,10:20:00,11.44
Comox,2025-05-03,10:30:00,11.46
Comox,2025-05-03,10:40:00,11.44
Comox,2025-05-03,10:50:00,11.4
Comox,2025-05-03,11:00:00,11.56
Comox,2025-05-03,11:10:00,11.6
Comox,2025-05-03,11:20:00,11.86
Comox,2025-05-03,11:30:00,12.02
Comox,2025-05-03,11:40:00,11.78
Comox,2025-05-03,11:50:00,11.82
Comox,2025-05-03,12:00:00,11.64
Comox,2025-05-03,12:10:00,11.67
Comox,2025-05-03,12:20:00,11.67
Comox,2025-05-03,12:30:00,11.7
Comox,2025-05-03,12:40:00,11.76
Comox,2025-05-03,12:50:00,11.82
Comox,2025-05-03,13:00:00,11.79
Comox,2025-05-03,13:10:00,11.81
Comox,2025-05-03,13:20:00,11.84
Comox,2025-05-03,13:30:00,11.9
Comox,2025-05-03,13:40:00,11.98
Comox,2025-05-03,13:50:00,11.98
Comox,2025-05-03,14:00:00,12.13
Comox,2025-05-03,14:10:00,12.11
Comox,2025-05-03,14:20:00,12.06
Comox,2025-05-03,14:30:00,12.19
Comox,2025-05-03,14:40:00,12.25
Comox,2025-05-03,14:50:00,12.22
Comox,2025-05-03,15:00:00,12.18
Comox,2025-05-03,15:10:00,12.22
Comox,2025-05-03,15:20:00,12.35
Comox,2025-05-03,15:30:00,12.52
Comox,2025-05-03,15:40:00,12.64
Comox,2025-05-03,15:50:00,12.72
Comox,2025-05-03,16:00:00,12.76
Comox,2025-05-03,16:10:00,12.79
Comox,2025-05-03,16:20:00,12.81
Comox,2025-05-03,16:30:00,12.81
Comox,2025-05-03,16:40:00,12.76
Comox,2025-05-03,16:50:00,12.72
Comox,2025-05-03,17:00:00,12.72
Comox,2025-05-03,17:10:00,12.71
Comox,2025-05-03,17:20:00,12.69
Comox,2025-05-03,17:30:00,12.71
Comox,2025-05-03,17:40:00,12.7
Comox,2025-05-03,17:50:00,12.7
Comox,2025-05-03,18:00:00,12.74
Comox,2025-05-03,18:10:00,12.72
Comox,2025-05-03,18:20:00,12.7
Comox,2025-05-03,18:30:00,12.74
Comox,2025-05-03,18:40:00,12.79
Comox,2025-05-03,18:50:00,12.79
Comox,2025-05-03,19:00:00,12.78
Comox,2025-05-03,19:10:00,12.71
Comox,2025-05-03,19:20:00,12.62
Comox,2025-05-03,19:30:00,12.53
Comox,2025-05-03,19:40:00,12.42
Comox,2025-05-03,19:50:00,12.32
Comox,2025-05-03,20:00:00,12.14
Comox,2025-05-03,20:10:00,12.05
Comox,2025-05-03,20:20:00,12.01
Comox,2025-05-03,20:30:00,11.87
Comox,2025-05-03,20:40:00,11.83
Comox,2025-05-03,20:50:00,11.78
Comox,2025-05-03,21:00:00,11.82
Comox,2025-05-03,21:10:00,11.79
Comox,2025-05-03,21:20:00,11.76
Comox,2025-05-03,21:30:00,11.69
Comox,2025-05-03,21:40:00,11.67
Comox,2025-05-03,21:50:00,11.64
Comox,2025-05-03,22:00:00,11.86
Comox,2025-05-03,22:10:00,11.86
Comox,2025-05-03,22:20:00,11.84
Comox,2025-05-03,22:30:00,11.89
Comox,2025-05-03,22:40:00,11.89
Comox,2025-05-03,22:50:00,11.88
Comox,2025-05-03,23:00:00,11.63
Comox,2025-05-03,23:10:00,11.51
Comox,2025-05-03,23:20:00,11.56
Comox,2025-05-03,23:30:00,11.52
Comox,2025-05-03,23:40:00,11.49
Comox,2025-05-03,23:50:00,11.51
Comox,2025-05-04,0:00:00,11.49
Comox,2025-05-04,0:10:00,11.46
Comox,2025-05-04,0:20:00,11.44
Comox,2025-05-04,0:30:00,11.41
Comox,2025-05-04,0:40:00,11.37
Comox,2025-05-04,0:50:00,11.28
Comox,2025-05-04,1:00:00,11.27
Comox,2025-05-04,1:10:00,11.24
Comox,2025-05-04,1:20:00,11.23
Comox,2025-05-04,1:30:00,11.18
Comox,2025-05-04,1:40:00,11.16
Comox,2025-05-04,1:50:00,11.13
Comox,2025-05-04,2:00:00,11.07
Comox,2025-05-04,2:10:00,11.04
Comox,2025-05-04,2:20:00,11.07
Comox,2025-05-04,2:30:00,11.1
Comox,2025-05-04,2:40:00,11.17
Comox,2025-05-04,2:50:00,11.23
Comox,2025-05-04,3:00:00,11.15
Comox,2025-05-04,3:10:00,11.18
Comox,2025-05-04,3:20:00,11.24
Comox,2025-05-04,3:30:00,11.24
Comox,2025-05-04,3:40:00,11.22
Comox,2025-05-04,3:50:00,11.23
Comox,2025-05-04,4:00:00,11.19
Comox,2025-05-04,4:10:00,11.2
Comox,2025-05-04,4:20:00,11.23
Comox,2025-05-04,4:30:00,11.24
Comox,2025-05-04,4:40:00,11.19
Comox,2025-05-04,4:50:00,11.12
Comox,2025-05-04,5:00:00,11.12
Comox,2025-05-04,5:10:00,11.11
Comox,2025-05-04,5:20:00,11.08
Comox,2025-05-04,5:30:00,10.86
Comox,2025-05-04,5:40:00,10.86
Comox,2025-05-04,5:50:00,10.94
Comox,2025-05-04,6:00:00,10.96
Comox,2025-05-04,6:10:00,10.96
Comox,2025-05-04,6:20:00,11.11
Comox,2025-05-04,6:30:00,11.09
Comox,2025-05-04,6:40:00,11.04
Comox,2025-05-04,6:50:00,11.01
Comox,2025-05-04,7:00:00,10.94
Comox,2025-05-04,7:10:00,11
Comox,2025-05-04,7:20:00,11.04
Comox,2025-05-04,7:30:00,11.02
Comox,2025-05-04,7:40:00,11.03
Comox,2025-05-04,7:50:00,11.01
Comox,2025-05-04,8:00:00,10.99
Comox,2025-05-04,8:10:00,10.97
Comox,2025-05-04,8:20:00,10.96
Comox,2025-05-04,8:30:00,10.99
Comox,2025-05-04,8:40:00,10.89
Comox,2025-05-04,8:50:00,10.88
Comox,2025-05-04,9:00:00,10.87
Comox,2025-05-04,9:10:00,10.98
Comox,2025-05-04,9:20:00,11.1
Comox,2025-05-04,9:30:00,11.03
Comox,2025-05-04,9:40:00,11.03
Comox,2025-05-04,9:50:00,11.03
Comox,2025-05-04,10:00:00,11.02
Comox,2025-05-04,10:10:00,11.04
Comox,2025-05-04,10:20:00,10.98
Comox,2025-05-04,10:30:00,10.95
Comox,2025-05-04,10:40:00,10.9
Comox,2025-05-04,10:50:00,10.89
Comox,2025-05-04,11:00:00,10.88
Comox,2025-05-04,11:10:00,11.03
Comox,2025-05-04,11:20:00,11.07
Comox,2025-05-04,11:30:00,10.93
Comox,2025-05-04,11:40:00,10.88
Comox,2025-05-04,11:50:00,10.93
Comox,2025-05-04,12:00:00,10.96
Comox,2025-05-04,12:10:00,10.92
Comox,2025-05-04,12:20:00,10.9
Comox,2025-05-04,12:30:00,10.93
Comox,2025-05-04,12:40:00,10.96
Comox,2025-05-04,12:50:00,10.89
Comox,2025-05-04,13:00:00,10.93
Comox,2025-05-04,13:10:00,10.94
Comox,2025-05-04,13:20:00,10.9
Comox,2025-05-04,13:30:00,10.9
Comox,2025-05-04,13:40:00,11.05
Comox,2025-05-04,13:50:00,11.01
Comox,2025-05-04,14:00:00,11.03
Comox,2025-05-04,14:10:00,11.04
Comox,2025-05-04,14:20:00,11.01
Comox,2025-05-04,14:30:00,10.94
Comox,2025-05-04,14:40:00,10.9
Comox,2025-05-04,14:50:00,10.97
Comox,2025-05-04,15:00:00,10.99
Comox,2025-05-04,15:10:00,11.04
Comox,2025-05-04,15:20:00,11.04
Comox,2025-05-04,15:30:00,10.98
Comox,2025-05-04,15:40:00,11.04
Comox,2025-05-04,15:50:00,11.39
Comox,2025-05-04,16:00:00,11.34
Comox,2025-05-04,16:10:00,11.44
Comox,2025-05-04,16:20:00,11.69
Comox,2025-05-04,16:30:00,12.15
Comox,2025-05-04,16:40:00,12.56
Comox,2025-05-04,16:50:00,13.09
Comox,2025-05-04,17:00:00,13.24
Comox,2025-05-04,17:10:00,13.25
Comox,2025-05-04,17:20:00,13.24
Comox,2025-05-04,17:30:00,13.22
Comox,2025-05-04,17:40:00,13.24
Comox,2025-05-04,17:50:00,13.27
Comox,2025-05-04,18:00:00,13.33
Comox,2025-05-04,18:10:00,13.36
Comox,2025-05-04,18:20:00,13.39
Comox,2025-05-04,18:30:00,13.39
Comox,2025-05-04,18:40:00,13.43
Comox,2025-05-04,18:50:00,13.5
Comox,2025-05-04,19:00:00,13.55
Comox,2025-05-04,19:10:00,13.54
Comox,2025-05-04,19:20:00,13.56
Comox,2025-05-04,19:30:00,13.56
Comox,2025-05-04,19:40:00,13.52
Comox,2025-05-04,19:50:00,13.48
Comox,2025-05-04,20:00:00,13.43
Comox,2025-05-04,20:10:00,13.34
Comox,2025-05-04,20:20:00,13.21
Comox,2025-05-04,20:30:00,13.14
Comox,2025-05-04,20:40:00,13.02
Comox,2025-05-04,20:50:00,12.79
Comox,2025-05-04,21:00:00,12.64
Comox,2025-05-04,21:10:00,12.63
Comox,2025-05-04,21:20:00,12.47
Comox,2025-05-04,21:30:00,12.32
Comox,2025-05-04,21:40:00,12.1
Comox,2025-05-04,21:50:00,11.77
Comox,2025-05-04,22:00:00,11.77
Comox,2025-05-04,22:10:00,11.58
Comox,2025-05-04,22:20:00,11.37
Comox,2025-05-04,22:30:00,11.33
Comox,2025-05-04,22:40:00,11.52
Comox,2025-05-04,22:50:00,12.03
Comox,2025-05-04,23:00:00,12.04
Comox,2025-05-04,23:10:00,11.72
Comox,2025-05-04,23:20:00,12.18
Comox,2025-05-04,23:30:00,12.25
Comox,2025-05-04,23:40:00,12.35
Comox,2025-05-04,23:50:00,12.4
Comox,2025-05-05,0:00:00,12.33
Comox,2025-05-05,0:10:00,12.31
Comox,2025-05-05,0:20:00,12.27
Comox,2025-05-05,0:30:00,12.26
Comox,2025-05-05,0:40:00,12.23
Comox,2025-05-05,0:50:00,12.12
Comox,2025-05-05,1:00:00,12.02
Comox,2025-05-05,1:10:00,11.87
Comox,2025-05-05,1:20:00,11.77
Comox,2025-05-05,1:30:00,11.72
Comox,2025-05-05,1:40:00,11.6
Comox,2025-05-05,1:50:00,11.55
Comox,2025-05-05,2:00:00,11.67
Comox,2025-05-05,2:10:00,11.69
Comox,2025-05-05,2:20:00,11.55
Comox,2025-05-05,2:30:00,11.46
Comox,2025-05-05,2:40:00,11.39
Comox,2025-05-05,2:50:00,11.43
Comox,2025-05-05,3:00:00,11.46
Comox,2025-05-05,3:10:00,11.49
Comox,2025-05-05,3:20:00,11.68
Comox,2025-05-05,3:30:00,11.78
Comox,2025-05-05,3:40:00,11.79
Comox,2025-05-05,3:50:00,11.79
Comox,2025-05-05,4:00:00,11.73
Comox,2025-05-05,4:10:00,11.71
Comox,2025-05-05,4:20:00,11.69
Comox,2025-05-05,4:30:00,11.64
Comox,2025-05-05,4:40:00,11.51
Comox,2025-05-05,4:50:00,11.45
Comox,2025-05-05,5:00:00,11.41
Comox,2025-05-05,5:10:00,11.37
Comox,2025-05-05,5:20:00,11.38
Comox,2025-05-05,5:30:00,11.46
Comox,2025-05-05,5:40:00,11.39
Comox,2025-05-05,5:50:00,11.37
Comox,2025-05-05,6:00:00,11.4
Comox,2025-05-05,6:10:00,11.41
Comox,2025-05-05,6:20:00,11.43
Comox,2025-05-05,6:30:00,11.26
Comox,2025-05-05,6:40:00,11.34
Comox,2025-05-05,6:50:00,11.28
Comox,2025-05-05,7:00:00,11.32
Comox,2025-05-05,7:10:00,11.31
Comox,2025-05-05,7:20:00,11.32
Comox,2025-05-05,7:30:00,11.29
Comox,2025-05-05,7:40:00,11.41
Comox,2025-05-05,7:50:00,11.41
Comox,2025-05-05,8:00:00,11.36
Comox,2025-05-05,8:10:00,11.39
Comox,2025-05-05,8:20:00,11.41
Comox,2025-05-05,8:30:00,11.24
Comox,2025-05-05,8:40:00,11.42
Comox,2025-05-05,8:50:00,11.44
Comox,2025-05-05,9:00:00,11.51
Comox,2025-05-05,9:10:00,11.45
Comox,2025-05-05,9:20:00,11.44
Comox,2025-05-05,9:30:00,11.51
Comox,2025-05-05,9:40:00,11.49
Comox,2025-05-05,9:50:00,11.48
Comox,2025-05-05,10:00:00,11.47
Comox,2025-05-05,10:10:00,11.39
Comox,2025-05-05,10:20:00,11.4
Comox,2025-05-05,10:30:00,11.38
Comox,2025-05-05,10:40:00,11.42
Comox,2025-05-05,10:50:00,11.43
Comox,2025-05-05,11:00:00,11.41
Comox,2025-05-05,11:10:00,11.47
Comox,2025-05-05,11:20:00,11.61
Comox,2025-05-05,11:30:00,11.62
Comox,2025-05-05,11:40:00,11.68
Comox,2025-05-05,11:50:00,11.74
Comox,2025-05-05,12:00:00,11.84
Comox,2025-05-05,12:10:00,11.75
Comox,2025-05-05,12:20:00,11.73
Comox,2025-05-05,12:30:00,11.78
Comox,2025-05-05,12:40:00,11.87
Comox,2025-05-05,12:50:00,11.9
Comox,2025-05-05,13:00:00,11.93
Comox,2025-05-05,13:10:00,12.04
Comox,2025-05-05,13:20:00,12.13
Comox,2025-05-05,13:30:00,12.21
Comox,2025-05-05,13:40:00,12.27
Comox,2025-05-05,13:50:00,12.33
Comox,2025-05-05,14:00:00,12.37
Comox,2025-05-05,14:10:00,12.44
Comox,2025-05-05,14:20:00,12.57
Comox,2025-05-05,14:30:00,12.63
Comox,2025-05-05,14:40:00,12.69
Comox,2025-05-05,14:50:00,12.76
Comox,2025-05-05,15:00:00,13
Comox,2025-05-05,15:10:00,13.14
Comox,2025-05-05,15:20:00,13.17
Comox,2025-05-05,15:30:00,13.07
Comox,2025-05-05,15:40:00,12.99
Comox,2025-05-05,15:50:00,12.99
Comox,2025-05-05,16:00:00,13.01
Comox,2025-05-05,16:10:00,13.07
Comox,2025-05-05,16:20:00,13.06
Comox,2025-05-05,16:30:00,13.1
Comox,2025-05-05,16:40:00,13.06
Comox,2025-05-05,16:50:00,13.03
Comox,2025-05-05,17:00:00,13.03
Comox,2025-05-05,17:10:00,13.07
Comox,2025-05-05,17:20:00,13.08
Comox,2025-05-05,17:30:00,13.08
Comox,2025-05-05,17:40:00,13.06
Comox,2025-05-05,17:50:00,13.41
Comox,2025-05-05,18:00:00,13.58
Comox,2025-05-05,18:10:00,13.62
Comox,2025-05-05,18:20:00,13.68
Comox,2025-05-05,18:30:00,13.79
Comox,2025-05-05,18:40:00,13.77
Comox,2025-05-05,18:50:00,13.7
Comox,2025-05-05,19:00:00,13.67
Comox,2025-05-05,19:10:00,13.54
Comox,2025-05-05,19:20:00,13.41
Comox,2025-05-05,19:30:00,13.37
Comox,2025-05-05,19:40:00,13.38
Comox,2025-05-05,19:50:00,13.43
Comox,2025-05-05,20:00:00,13.44
Comox,2025-05-05,20:10:00,13.25
Comox,2025-05-05,20:20:00,13.15
Comox,2025-05-05,20:30:00,13.05
Comox,2025-05-05,20:40:00,12.95
Comox,2025-05-05,20:50:00,12.86
Comox,2025-05-05,21:00:00,12.74
Comox,2025-05-05,21:10:00,12.67
Comox,2025-05-05,21:20:00,12.6
Comox,2025-05-05,21:30:00,12.55
Comox,2025-05-05,21:40:00,12.49
Comox,2025-05-05,21:50:00,12.5
Comox,2025-05-05,22:00:00,12.47
Comox,2025-05-05,22:10:00,12.43
Comox,2025-05-05,22:20:00,12.4
Comox,2025-05-05,22:30:00,12.36
Comox,2025-05-05,22:40:00,12.29
Comox,2025-05-05,22:50:00,12.23
Comox,2025-05-05,23:00:00,12.23
Comox,2025-05-05,23:10:00,12.32
Comox,2025-05-05,23:20:00,12.48
Comox,2025-05-05,23:30:00,12.47
Comox,2025-05-05,23:40:00,12.52
Comox,2025-05-05,23:50:00,12.71
Comox,2025-05-06,0:00:00,12.63
Comox,2025-05-06,0:10:00,12.63
Comox,2025-05-06,0:20:00,12.62
Comox,2025-05-06,0:30:00,12.59
Comox,2025-05-06,0:40:00,12.58
Comox,2025-05-06,0:50:00,12.59
Comox,2025-05-06,1:00:00,12.58
Comox,2025-05-06,1:10:00,12.51
Comox,2025-05-06,1:20:00,12.49
Comox,2025-05-06,1:30:00,12.48
Comox,2025-05-06,1:40:00,12.47
Comox,2025-05-06,1:50:00,12.52
Comox,2025-05-06,2:00:00,12.51
Comox,2025-05-06,2:10:00,12.49
Comox,2025-05-06,2:20:00,12.49
Comox,2025-05-06,2:30:00,12.47
Comox,2025-05-06,2:40:00,12.46
Comox,2025-05-06,2:50:00,12.43
Comox,2025-05-06,3:00:00,12.45
Comox,2025-05-06,3:10:00,12.44
Comox,2025-05-06,3:20:00,12.42
Comox,2025-05-06,3:30:00,12.43
Comox,2025-05-06,3:40:00,12.38
Comox,2025-05-06,3:50:00,12.38
Comox,2025-05-06,4:00:00,12.38
Comox,2025-05-06,4:10:00,12.36
Comox,2025-05-06,4:20:00,12.36
Comox,2025-05-06,4:30:00,12.38
Comox,2025-05-06,4:40:00,12.34
Comox,2025-05-06,4:50:00,12.35
Comox,2025-05-06,5:00:00,12.34
Comox,2025-05-06,5:10:00,12.33
Comox,2025-05-06,5:20:00,12.34
Comox,2025-05-06,5:30:00,12.37
Comox,2025-05-06,5:40:00,12.37
Comox,2025-05-06,5:50:00,12.38
Comox,2025-05-06,6:00:00,12.33
Comox,2025-05-06,6:10:00,12.31
Comox,2025-05-06,6:20:00,12.35
Comox,2025-05-06,6:30:00,12.33
Comox,2025-05-06,6:40:00,12.33
Comox,2025-05-06,6:50:00,12.35
Comox,2025-05-06,7:00:00,12.42
Comox,2025-05-06,7:10:00,12.43
Comox,2025-05-06,7:20:00,12.47
Comox,2025-05-06,7:30:00,12.44
Comox,2025-05-06,7:40:00,12.4
Comox,2025-05-06,7:50:00,12.4
Comox,2025-05-06,8:00:00,12.42
Comox,2025-05-06,8:10:00,12.44
Comox,2025-05-06,8:20:00,12.46
Comox,2025-05-06,8:30:00,12.46
Comox,2025-05-06,8:40:00,12.47
Comox,2025-05-06,8:50:00,12.49
Comox,2025-05-06,9:00:00,12.51
Comox,2025-05-06,9:10:00,12.52
Comox,2025-05-06,9:20:00,12.47
Comox,2025-05-06,9:30:00,12.48
Comox,2025-05-06,9:40:00,12.48
Comox,2025-05-06,9:50:00,12.47
Comox,2025-05-06,10:00:00,12.47
Comox,2025-05-06,10:10:00,12.46
Comox,2025-05-06,10:20:00,12.38
Comox,2025-05-06,10:30:00,12.35
Comox,2025-05-06,10:40:00,12.36
Comox,2025-05-06,10:50:00,12.34
Comox,2025-05-06,11:00:00,12.36
Comox,2025-05-06,11:10:00,12.37
Comox,2025-05-06,11:20:00,12.42
Comox,2025-05-06,11:30:00,12.43
Comox,2025-05-06,11:40:00,12.4
Comox,2025-05-06,11:50:00,12.37
Comox,2025-05-06,12:00:00,12.43
Comox,2025-05-06,12:10:00,12.43
Comox,2025-05-06,12:20:00,12.47
Comox,2025-05-06,12:30:00,12.42
Comox,2025-05-06,12:40:00,12.38
Comox,2025-05-06,12:50:00,12.35
Comox,2025-05-06,13:00:00,12.35
Comox,2025-05-06,13:10:00,12.34
Comox,2025-05-06,13:20:00,12.31
Comox,2025-05-06,13:30:00,12.41
Comox,2025-05-06,13:40:00,12.46
Comox,2025-05-06,13:50:00,12.4
Comox,2025-05-06,14:00:00,12.44
Comox,2025-05-06,14:10:00,12.52
Comox,2025-05-06,14:20:00,12.67
Comox,2025-05-06,14:30:00,12.8
Comox,2025-05-06,14:40:00,12.93
Comox,2025-05-06,14:50:00,13.05
Comox,2025-05-06,15:00:00,13.18
Comox,2025-05-06,15:10:00,13.23
Comox,2025-05-06,15:20:00,13.4
Comox,2025-05-06,15:30:00,13.55
Comox,2025-05-06,15:40:00,13.6
Comox,2025-05-06,15:50:00,13.65
Comox,2025-05-06,16:00:00,13.58
Comox,2025-05-06,16:10:00,13.67
Comox,2025-05-06,16:20:00,13.79
Comox,2025-05-06,16:30:00,13.83
Comox,2025-05-06,16:40:00,13.77
Comox,2025-05-06,16:50:00,13.76
Comox,2025-05-06,17:00:00,13.77
Comox,2025-05-06,17:10:00,13.81
Comox,2025-05-06,17:20:00,13.82
Comox,2025-05-06,17:30:00,13.82
Comox,2025-05-06,17:40:00,13.71
Comox,2025-05-06,17:50:00,13.56
Comox,2025-05-06,18:00:00,13.53
Comox,2025-05-06,18:10:00,13.51
Comox,2025-05-06,18:20:00,13.45
Comox,2025-05-06,18:30:00,13.38
Comox,2025-05-06,18:40:00,13.36
Comox,2025-05-06,18:50:00,13.45
Comox,2025-05-06,19:00:00,13.46
Comox,2025-05-06,19:10:00,13.7
Comox,2025-05-06,19:20:00,13.88
Comox,2025-05-06,19:30:00,13.84
Comox,2025-05-06,19:40:00,13.88
Comox,2025-05-06,19:50:00,13.91
Comox,2025-05-06,20:00:00,13.91
Comox,2025-05-06,20:10:00,13.83
Comox,2025-05-06,20:20:00,13.76
Comox,2025-05-06,20:30:00,13.73
Comox,2025-05-06,20:40:00,13.66
Comox,2025-05-06,20:50:00,13.56
Comox,2025-05-06,21:00:00,13.52
Comox,2025-05-06,21:10:00,13.46
Comox,2025-05-06,21:20:00,13.41
Comox,2025-05-06,21:30:00,13.38
Comox,2025-05-06,21:40:00,13.3
Comox,2025-05-06,21:50:00,13.3
Comox,2025-05-06,22:00:00,13.27
Comox,2025-05-06,22:10:00,13.26
Comox,2025-05-06,22:20:00,13.29
Comox,2025-05-06,22:30:00,13.31
Comox,2025-05-06,22:40:00,13.25
Comox,2025-05-06,22:50:00,13.09
Comox,2025-05-06,23:00:00,13.03
Comox,2025-05-06,23:10:00,13
Comox,2025-05-06,23:20:00,12.88
Comox,2025-05-06,23:30:00,12.9
Comox,2025-05-06,23:40:00,12.65
Comox,2025-05-06,23:50:00,12.57
Comox,2025-05-07,0:00:00,12.52
Comox,2025-05-07,0:10:00,12.49
Comox,2025-05-07,0:20:00,12.75
Comox,2025-05-07,0:30:00,12.96
Comox,2025-05-07,0:40:00,13.05
Comox,2025-05-07,0:50:00,13.16
Comox,2025-05-07,1:00:00,13.16
Comox,2025-05-07,1:10:00,13.17
Comox,2025-05-07,1:20:00,13.19
Comox,2025-05-07,1:30:00,13.2
Comox,2025-05-07,1:40:00,13.21
Comox,2025-05-07,1:50:00,13.16
Comox,2025-05-07,2:00:00,13.11
Comox,2025-05-07,2:10:00,13.08
Comox,2025-05-07,2:20:00,13.05
Comox,2025-05-07,2:30:00,13.03
Comox,2025-05-07,2:40:00,13.04
Comox,2025-05-07,2:50:00,12.99
Comox,2025-05-07,3:00:00,12.96
Comox,2025-05-07,3:10:00,12.93
Comox,2025-05-07,3:20:00,12.9
Comox,2025-05-07,3:30:00,12.9
Comox,2025-05-07,3:40:00,12.88
Comox,2025-05-07,3:50:00,12.86
Comox,2025-05-07,4:00:00,12.85
Comox,2025-05-07,4:10:00,12.79
Comox,2025-05-07,4:20:00,12.77
Comox,2025-05-07,4:30:00,12.79
Comox,2025-05-07,4:40:00,12.76
Comox,2025-05-07,4:50:00,12.76
Comox,2025-05-07,5:00:00,12.81
Comox,2025-05-07,5:10:00,12.86
Comox,2025-05-07,5:20:00,12.85
Comox,2025-05-07,5:30:00,12.84
Comox,2025-05-07,5:40:00,12.85
Comox,2025-05-07,5:50:00,12.92
Comox,2025-05-07,6:00:00,12.96
Comox,2025-05-07,6:10:00,13
Comox,2025-05-07,6:20:00,13.01
Comox,2025-05-07,6:30:00,13.01
Comox,2025-05-07,6:40:00,13
Comox,2025-05-07,6:50:00,12.97
Comox,2025-05-07,7:00:00,13
Comox,2025-05-07,7:10:00,12.94
Comox,2025-05-07,7:20:00,12.94
Comox,2025-05-07,7:30:00,12.96
Comox,2025-05-07,7:40:00,13.01
Comox,2025-05-07,7:50:00,13.02
Comox,2025-05-07,8:00:00,12.97
Comox,2025-05-07,8:10:00,12.93
Comox,2025-05-07,8:20:00,12.89
Comox,2025-05-07,8:30:00,12.85
Comox,2025-05-07,8:40:00,12.8
Comox,2025-05-07,8:50:00,12.93
Comox,2025-05-07,9:00:00,12.86
Comox,2025-05-07,9:10:00,12.91
Comox,2025-05-07,9:20:00,13
Comox,2025-05-07,9:30:00,13.03
Comox,2025-05-07,9:40:00,12.93
Comox,2025-05-07,9:50:00,13.23
Comox,2025-05-07,10:00:00,13.36
Comox,2025-05-07,10:10:00,13.26
Comox,2025-05-07,10:20:00,13.36
Comox,2025-05-07,10:30:00,13.5
Comox,2025-05-07,10:40:00,13.35
Comox,2025-05-07,10:50:00,13.36
Comox,2025-05-07,11:00:00,13.48
Comox,2025-05-07,11:10:00,13.4
Comox,2025-05-07,11:20:00,13.33
Comox,2025-05-07,11:30:00,13.33
Comox,2025-05-07,11:40:00,13.16
Comox,2025-05-07,11:50:00,12.93
Comox,2025-05-07,12:00:00,12.79
Comox,2025-05-07,12:10:00,12.84
Comox,2025-05-07,12:20:00,12.79
Comox,2025-05-07,12:30:00,12.72
Comox,2025-05-07,12:40:00,12.69
Comox,2025-05-07,12:50:00,12.67
Comox,2025-05-07,13:00:00,12.72
Comox,2025-05-07,13:10:00,12.64
Comox,2025-05-07,13:20:00,12.62
Comox,2025-05-07,13:30:00,12.49
Comox,2025-05-07,13:40:00,12.49
Comox,2025-05-07,13:50:00,12.55
Comox,2025-05-07,14:00:00,12.49
Comox,2025-05-07,14:10:00,12.41
Comox,2025-05-07,14:20:00,12.52
Comox,2025-05-07,14:30:00,12.42
Comox,2025-05-07,14:40:00,12.4
Comox,2025-05-07,14:50:00,12.32
Comox,2025-05-07,15:00:00,12.35
Comox,2025-05-07,15:10:00,12.57
Comox,2025-05-07,15:20:00,12.85
Comox,2025-05-07,15:30:00,12.79
Comox,2025-05-07,15:40:00,12.8
Comox,2025-05-07,15:50:00,13.12
Comox,2025-05-07,16:00:00,13.08
Comox,2025-05-07,16:10:00,13.65
Comox,2025-05-07,16:20:00,14.15
Comox,2025-05-07,16:30:00,14.26
Comox,2025-05-07,16:40:00,14.25
Comox,2025-05-07,16:50:00,14.23
Comox,2025-05-07,17:00:00,14.21
Comox,2025-05-07,17:10:00,14.11
Comox,2025-05-07,17:20:00,14.04
Comox,2025-05-07,17:30:00,14.09
Comox,2025-05-07,17:40:00,14.25
Comox,2025-05-07,17:50:00,14.3
Comox,2025-05-07,18:00:00,14.3
Comox,2025-05-07,18:10:00,14.24
Comox,2025-05-07,18:20:00,14.17
Comox,2025-05-07,18:30:00,14.13
Comox,2025-05-07,18:40:00,14.07
Comox,2025-05-07,18:50:00,14.03
Comox,2025-05-07,19:00:00,14.07
Comox,2025-05-07,19:10:00,14.03
Comox,2025-05-07,19:20:00,13.95
Comox,2025-05-07,19:30:00,13.98
Comox,2025-05-07,19:40:00,13.99
Comox,2025-05-07,19:50:00,13.98
Comox,2025-05-07,20:00:00,13.99
Comox,2025-05-07,20:10:00,13.97
Comox,2025-05-07,20:20:00,13.96
Comox,2025-05-07,20:30:00,13.97
Comox,2025-05-07,20:40:00,14
Comox,2025-05-07,20:50:00,13.98
Comox,2025-05-07,21:00:00,13.97
Comox,2025-05-07,21:10:00,13.91
Comox,2025-05-07,21:20:00,13.85
Comox,2025-05-07,21:30:00,13.77
Comox,2025-05-07,21:40:00,13.74
Comox,2025-05-07,21:50:00,13.69
Comox,2025-05-07,22:00:00,13.67
Comox,2025-05-07,22:10:00,13.66
Comox,2025-05-07,22:20:00,13.63
Comox,2025-05-07,22:30:00,13.62
Comox,2025-05-07,22:40:00,13.58
Comox,2025-05-07,22:50:00,13.54
Comox,2025-05-07,23:00:00,13.52
Comox,2025-05-07,23:10:00,13.51
Comox,2025-05-07,23:20:00,13.47
Comox,2025-05-07,23:30:00,13.41
Comox,2025-05-07,23:40:00,13.43
Comox,2025-05-07,23:50:00,13.35
Comox,2025-05-08,0:00:00,13.41
Comox,2025-05-08,0:10:00,13.46
Comox,2025-05-08,0:20:00,13.29
Comox,2025-05-08,0:30:00,13
Comox,2025-05-08,0:40:00,12.84
Comox,2025-05-08,0:50:00,12.79
Comox,2025-05-08,1:00:00,12.95
Comox,2025-05-08,1:10:00,12.96
Comox,2025-05-08,1:20:00,13
Comox,2025-05-08,1:30:00,12.81
Comox,2025-05-08,1:40:00,12.71
Comox,2025-05-08,1:50:00,12.63
Comox,2025-05-08,2:00:00,12.95
Comox,2025-05-08,2:10:00,12.99
Comox,2025-05-08,2:20:00,13.1
Comox,2025-05-08,2:30:00,13.16
Comox,2025-05-08,2:40:00,13.07
Comox,2025-05-08,2:50:00,13.1
Comox,2025-05-08,3:00:00,13.05
Comox,2025-05-08,3:10:00,12.85
Comox,2025-05-08,3:20:00,12.78
Comox,2025-05-08,3:30:00,12.82
Comox,2025-05-08,3:40:00,12.79
Comox,2025-05-08,3:50:00,12.8
Comox,2025-05-08,4:00:00,12.79
Comox,2025-05-08,4:10:00,12.79
Comox,2025-05-08,4:20:00,12.84
Comox,2025-05-08,4:30:00,12.77
Comox,2025-05-08,4:40:00,12.74
Comox,2025-05-08,4:50:00,12.79
Comox,2025-05-08,5:00:00,12.8
Comox,2025-05-08,5:10:00,12.81
Comox,2025-05-08,5:20:00,12.85
Comox,2025-05-08,5:30:00,12.8
Comox,2025-05-08,5:40:00,12.79
Comox,2025-05-08,5:50:00,12.78
Comox,2025-05-08,6:00:00,12.77
Comox,2025-05-08,6:10:00,12.73
Comox,2025-05-08,6:20:00,12.72
Comox,2025-05-08,6:30:00,12.7
Comox,2025-05-08,6:40:00,12.7
Comox,2025-05-08,6:50:00,12.55
Comox,2025-05-08,7:00:00,12.49
Comox,2025-05-08,7:10:00,12.64
Comox,2025-05-08,7:20:00,12.78
Comox,2025-05-08,7:30:00,12.76
Comox,2025-05-08,7:40:00,12.67
Comox,2025-05-08,7:50:00,12.79
Comox,2025-05-08,8:00:00,12.7
Comox,2025-05-08,8:10:00,12.77
Comox,2025-05-08,8:20:00,12.8
Comox,2025-05-08,8:30:00,12.56
Comox,2025-05-08,8:40:00,12.58
Comox,2025-05-08,8:50:00,12.73
Comox,2025-05-08,9:00:00,12.6
Comox,2025-05-08,9:10:00,12.58
Comox,2025-05-08,9:20:00,12.67
Comox,2025-05-08,9:30:00,12.69
Comox,2025-05-08,9:40:00,12.73
Comox,2025-05-08,9:50:00,12.47
Comox,2025-05-08,10:00:00,12.66
Comox,2025-05-08,10:10:00,12.32
Comox,2025-05-08,10:20:00,12.35
Comox,2025-05-08,10:30:00,12.58
Comox,2025-05-08,10:40:00,12.64
Comox,2025-05-08,10:50:00,12.63
Comox,2025-05-08,11:00:00,12.7
Comox,2025-05-08,11:10:00,12.64
Comox,2025-05-08,11:20:00,12.65
Comox,2025-05-08,11:30:00,12.67
Comox,2025-05-08,11:40:00,12.81
Comox,2025-05-08,11:50:00,12.64
Comox,2025-05-08,12:00:00,12.6
Comox,2025-05-08,12:10:00,12.6
Comox,2025-05-08,12:20:00,12.61
Comox,2025-05-08,12:30:00,12.66
Comox,2025-05-08,12:40:00,12.71
Comox,2025-05-08,12:50:00,12.72
Comox,2025-05-08,13:00:00,12.63
Comox,2025-05-08,13:10:00,12.69
Comox,2025-05-08,13:20:00,12.84
Comox,2025-05-08,13:30:00,12.82
Comox,2025-05-08,13:40:00,12.94
Comox,2025-05-08,13:50:00,12.96
Comox,2025-05-08,14:00:00,12.96
Comox,2025-05-08,14:10:00,12.9
Comox,2025-05-08,14:20:00,13.11
Comox,2025-05-08,14:30:00,13.38
Comox,2025-05-08,14:40:00,13.38
Comox,2025-05-08,14:50:00,13.37
Comox,2025-05-08,15:00:00,13.33
Comox,2025-05-08,15:10:00,13.26
Comox,2025-05-08,15:20:00,13.24
Comox,2025-05-08,15:30:00,13.27
Comox,2025-05-08,15:40:00,13.3
Comox,2025-05-08,15:50:00,13.3
Comox,2025-05-08,16:00:00,13.31
Comox,2025-05-08,16:10:00,13.34
Comox,2025-05-08,16:20:00,13.38
Comox,2025-05-08,16:30:00,13.37
Comox,2025-05-08,16:40:00,13.39
Comox,2025-05-08,16:50:00,13.37
Comox,2025-05-08,17:00:00,13.31
Comox,2025-05-08,17:10:00,13.34
Comox,2025-05-08,17:20:00,13.31
Comox,2025-05-08,17:30:00,13.29
Comox,2025-05-08,17:40:00,13.29
Comox,2025-05-08,17:50:00,13.27
Comox,2025-05-08,18:00:00,13.29
Comox,2025-05-08,18:10:00,13.25
Comox,2025-05-08,18:20:00,13.22
Comox,2025-05-08,18:30:00,13.25
Comox,2025-05-08,18:40:00,13.21
Comox,2025-05-08,18:50:00,13.17
Comox,2025-05-08,19:00:00,13.18
Comox,2025-05-08,19:10:00,13.18
Comox,2025-05-08,19:20:00,13.14
Comox,2025-05-08,19:30:00,13.16
Comox,2025-05-08,19:40:00,13.17
Comox,2025-05-08,19:50:00,13.17
Comox,2025-05-08,20:00:00,13.17
Comox,2025-05-08,20:10:00,13.19
Comox,2025-05-08,20:20:00,13.21
Comox,2025-05-08,20:30:00,13.18
Comox,2025-05-08,20:40:00,13.17
Comox,2025-05-08,20:50:00,13.17
Comox,2025-05-08,21:00:00,13.18
Comox,2025-05-08,21:10:00,13.24
Comox,2025-05-08,21:20:00,13.25
Comox,2025-05-08,21:30:00,13.25
Comox,2025-05-08,21:40:00,13.22
Comox,2025-05-08,21:50:00,13.19
Comox,2025-05-08,22:00:00,13.14
Comox,2025-05-08,22:10:00,13.1
Comox,2025-05-08,22:20:00,13.07
Comox,2025-05-08,22:30:00,13.07
Comox,2025-05-08,22:40:00,13.07
Comox,2025-05-08,22:50:00,13.15
Comox,2025-05-08,23:00:00,13.11
Comox,2025-05-08,23:10:00,13.1
Comox,2025-05-08,23:20:00,13.07
Comox,2025-05-08,23:30:00,13.07
Comox,2025-05-08,23:40:00,13.04
Comox,2025-05-08,23:50:00,13.02
Comox,2025-05-09,0:00:00,13.06
Comox,2025-05-09,0:10:00,13.05
Comox,2025-05-09,0:20:00,13.01
Comox,2025-05-09,0:30:00,13.01
Comox,2025-05-09,0:40:00,13
Comox,2025-05-09,0:50:00,12.93
Comox,2025-05-09,1:00:00,12.9
Comox,2025-05-09,1:10:00,12.88
Comox,2025-05-09,1:20:00,12.78
Comox,2025-05-09,1:30:00,12.75
Comox,2025-05-09,1:40:00,12.65
Comox,2025-05-09,1:50:00,12.72
Comox,2025-05-09,2:00:00,12.75
Comox,2025-05-09,2:10:00,12.74
Comox,2025-05-09,2:20:00,12.71
Comox,2025-05-09,2:30:00,12.72
Comox,2025-05-09,2:40:00,12.61
Comox,2025-05-09,2:50:00,12.64
Comox,2025-05-09,3:00:00,12.59
Comox,2025-05-09,3:10:00,12.63
Comox,2025-05-09,3:20:00,12.64
Comox,2025-05-09,3:30:00,12.6
Comox,2025-05-09,3:40:00,12.62
Comox,2025-05-09,3:50:00,12.34
Comox,2025-05-09,4:00:00,12.4
Comox,2025-05-09,4:10:00,12.41
Comox,2025-05-09,4:20:00,12.34
Comox,2025-05-09,4:30:00,12.41
Comox,2025-05-09,4:40:00,12.41
Comox,2025-05-09,4:50:00,12.4
Comox,2025-05-09,5:00:00,12.41
Comox,2025-05-09,5:10:00,12.35
Comox,2025-05-09,5:20:00,12.27
Comox,2025-05-09,5:30:00,12.3
Comox,2025-05-09,5:40:00,12.36
Comox,2025-05-09,5:50:00,12.34
Comox,2025-05-09,6:00:00,12.35
Comox,2025-05-09,6:10:00,12.36
Comox,2025-05-09,6:20:00,12.35
Comox,2025-05-09,6:30:00,12.38
Comox,2025-05-09,6:40:00,12.47
Comox,2025-05-09,6:50:00,12.4
Comox,2025-05-09,7:00:00,12.36
Comox,2025-05-09,7:10:00,12.37
Comox,2025-05-09,7:20:00,12.36
Comox,2025-05-09,7:30:00,12.4
Comox,2025-05-09,7:40:00,12.41
Comox,2025-05-09,7:50:00,12.4
Comox,2025-05-09,8:00:00,12.43
Comox,2025-05-09,8:10:00,12.43
Comox,2025-05-09,8:20:00,12.45
Comox,2025-05-09,8:30:00,12.36
Comox,2025-05-09,8:40:00,12.34
Comox,2025-05-09,8:50:00,12.27
Comox,2025-05-09,9:00:00,12.32
Comox,2025-05-09,9:10:00,12.18
Comox,2025-05-09,9:20:00,12.01
Comox,2025-05-09,9:30:00,11.92
Comox,2025-05-09,9:40:00,11.85
Comox,2025-05-09,9:50:00,11.9
Comox,2025-05-09,10:00:00,11.97
Comox,2025-05-09,10:10:00,12.06
Comox,2025-05-09,10:20:00,12.05
Comox,2025-05-09,10:30:00,12.08
Comox,2025-05-09,10:40:00,12.21
Comox,2025-05-09,10:50:00,12.21
Comox,2025-05-09,11:00:00,12.22
Comox,2025-05-09,11:10:00,12.25
Comox,2025-05-09,11:20:00,12.46
Comox,2025-05-09,11:30:00,12.52
Comox,2025-05-09,11:40:00,12.44
Comox,2025-05-09,11:50:00,12.4
Comox,2025-05-09,12:00:00,12.32
Comox,2025-05-09,12:10:00,12.31
Comox,2025-05-09,12:20:00,12.34
Comox,2025-05-09,12:30:00,12.31
Comox,2025-05-09,12:40:00,12.31
Comox,2025-05-09,12:50:00,12.42
Comox,2025-05-09,13:00:00,12.49
Comox,2025-05-09,13:10:00,12.45
Comox,2025-05-09,13:20:00,12.4
Comox,2025-05-09,13:30:00,12.47
Comox,2025-05-09,13:40:00,12.47
Comox,2025-05-09,13:50:00,12.48
Comox,2025-05-09,14:00:00,12.53
Comox,2025-05-09,14:10:00,12.64
Comox,2025-05-09,14:20:00,12.67
Comox,2025-05-09,14:30:00,12.71
Comox,2025-05-09,14:40:00,12.77
Comox,2025-05-09,14:50:00,12.79
Comox,2025-05-09,15:00:00,12.76
Comox,2025-05-09,15:10:00,12.8
Comox,2025-05-09,15:20:00,12.82
Comox,2025-05-09,15:30:00,12.9
Comox,2025-05-09,15:40:00,12.95
Comox,2025-05-09,15:50:00,13.02
Comox,2025-05-09,16:00:00,12.97
Comox,2025-05-09,16:10:00,13.01
Comox,2025-05-09,16:20:00,13.04
Comox,2025-05-09,16:30:00,13.11
Comox,2025-05-09,16:40:00,13.11
Comox,2025-05-09,16:50:00,13.17
Comox,2025-05-09,17:00:00,13.23
Comox,2025-05-09,17:10:00,13.43
Comox,2025-05-09,17:20:00,13.32
Comox,2025-05-09,17:30:00,13.53
Comox,2025-05-09,17:40:00,13.54
Comox,2025-05-09,17:50:00,13.66
Comox,2025-05-09,18:00:00,13.73
Comox,2025-05-09,18:10:00,13.77
Comox,2025-05-09,18:20:00,13.74
Comox,2025-05-09,18:30:00,13.75
Comox,2025-05-09,18:40:00,13.78
Comox,2025-05-09,18:50:00,13.74
Comox,2025-05-09,19:00:00,13.68
Comox,2025-05-09,19:10:00,13.68
Comox,2025-05-09,19:20:00,13.68
Comox,2025-05-09,19:30:00,13.69
Comox,2025-05-09,19:40:00,13.73
Comox,2025-05-09,19:50:00,13.73
Comox,2025-05-09,20:00:00,13.71
Comox,2025-05-09,20:10:00,13.7
Comox,2025-05-09,20:20:00,13.74
Comox,2025-05-09,20:30:00,13.76
Comox,2025-05-09,20:40:00,13.75
Comox,2025-05-09,20:50:00,13.73
Comox,2025-05-09,21:00:00,13.73
Comox,2025-05-09,21:10:00,13.75
Comox,2025-05-09,21:20:00,13.75
Comox,2025-05-09,21:30:00,13.74
Comox,2025-05-09,21:40:00,13.75
Comox,2025-05-09,21:50:00,13.74
Comox,2025-05-09,22:00:00,13.69
Comox,2025-05-09,22:10:00,13.65
Comox,2025-05-09,22:20:00,13.67
Comox,2025-05-09,22:30:00,13.55
Comox,2025-05-09,22:40:00,13.52
Comox,2025-05-09,22:50:00,13.49
Comox,2025-05-09,23:00:00,13.44
Comox,2025-05-09,23:10:00,13.39
Comox,2025-05-09,23:20:00,13.31
Comox,2025-05-09,23:30:00,13.21
Comox,2025-05-09,23:40:00,13.21
Comox,2025-05-09,23:50:00,13.17
Comox,2025-05-10,0:00:00,13.11
Comox,2025-05-10,0:10:00,13.06
Comox,2025-05-10,0:20:00,13
Comox,2025-05-10,0:30:00,13.01
Comox,2025-05-10,0:40:00,12.93
Comox,2025-05-10,0:50:00,12.75
Comox,2025-05-10,1:00:00,12.69
Comox,2025-05-10,1:10:00,12.72
Comox,2025-05-10,1:20:00,12.63
Comox,2025-05-10,1:30:00,12.63
Comox,2025-05-10,1:40:00,12.63
Comox,2025-05-10,1:50:00,12.65
Comox,2025-05-10,2:00:00,12.61
Comox,2025-05-10,2:10:00,12.55
Comox,2025-05-10,2:20:00,12.6
Comox,2025-05-10,2:30:00,12.53
Comox,2025-05-10,2:40:00,12.49
Comox,2025-05-10,2:50:00,12.43
Comox,2025-05-10,3:00:00,12.42
Comox,2025-05-10,3:10:00,12.38
Comox,2025-05-10,3:20:00,12.4
Comox,2025-05-10,3:30:00,12.44
Comox,2025-05-10,3:40:00,12.57
Comox,2025-05-10,3:50:00,12.66
Comox,2025-05-10,4:00:00,12.67
Comox,2025-05-10,4:10:00,12.65
Comox,2025-05-10,4:20:00,12.67
Comox,2025-05-10,4:30:00,12.73
Comox,2025-05-10,4:40:00,12.82
Comox,2025-05-10,4:50:00,12.88
Comox,2025-05-10,5:00:00,12.84
Comox,2025-05-10,5:10:00,12.84
Comox,2025-05-10,5:20:00,12.82
Comox,2025-05-10,5:30:00,12.84
Comox,2025-05-10,5:40:00,12.79
Comox,2025-05-10,5:50:00,12.72
Comox,2025-05-10,6:00:00,12.66
Comox,2025-05-10,6:10:00,12.62
Comox,2025-05-10,6:20:00,12.61
Comox,2025-05-10,6:30:00,12.59
Comox,2025-05-10,6:40:00,12.59
Comox,2025-05-10,6:50:00,12.58
Comox,2025-05-10,7:00:00,12.58
Comox,2025-05-10,7:10:00,12.61
Comox,2025-05-10,7:20:00,12.64
Comox,2025-05-10,7:30:00,12.71
Comox,2025-05-10,7:40:00,12.72
Comox,2025-05-10,7:50:00,12.77
Comox,2025-05-10,8:00:00,12.85
Comox,2025-05-10,8:10:00,12.85
Comox,2025-05-10,8:20:00,12.85
Comox,2025-05-10,8:30:00,12.85
Comox,2025-05-10,8:40:00,12.76
Comox,2025-05-10,8:50:00,12.76
Comox,2025-05-10,9:00:00,12.75
Comox,2025-05-10,9:10:00,12.74
Comox,2025-05-10,9:20:00,12.67
Comox,2025-05-10,9:30:00,12.62
Comox,2025-05-10,9:40:00,12.49
Comox,2025-05-10,9:50:00,12.49
Comox,2025-05-10,10:00:00,12.47
Comox,2025-05-10,10:10:00,12.56
Comox,2025-05-10,10:20:00,12.52
Comox,2025-05-10,10:30:00,12.58
Comox,2025-05-10,10:40:00,12.59
Comox,2025-05-10,10:50:00,12.67
Comox,2025-05-10,11:00:00,12.63
Comox,2025-05-10,11:10:00,12.64
Comox,2025-05-10,11:20:00,12.62
Comox,2025-05-10,11:30:00,12.65
Comox,2025-05-10,11:40:00,12.69
Comox,2025-05-10,11:50:00,12.73
Comox,2025-05-10,12:00:00,12.77
Comox,2025-05-10,12:10:00,12.75
Comox,2025-05-10,12:20:00,12.76
Comox,2025-05-10,12:30:00,12.82
Comox,2025-05-10,12:40:00,12.88
Comox,2025-05-10,12:50:00,12.85
Comox,2025-05-10,13:00:00,12.88
Comox,2025-05-10,13:10:00,12.88
Comox,2025-05-10,13:20:00,12.85
Comox,2025-05-10,13:30:00,12.85
Comox,2025-05-10,13:40:00,12.86
Comox,2025-05-10,13:50:00,12.87
Comox,2025-05-10,14:00:00,12.79
Comox,2025-05-10,14:10:00,12.78
Comox,2025-05-10,14:20:00,12.78
Comox,2025-05-10,14:30:00,12.76
Comox,2025-05-10,14:40:00,12.81
Comox,2025-05-10,14:50:00,12.94
Comox,2025-05-10,15:00:00,13.1
Comox,2025-05-10,15:10:00,13.3
Comox,2025-05-10,15:20:00,13.21
Comox,2025-05-10,15:30:00,13.2
Comox,2025-05-10,15:40:00,13.17
Comox,2025-05-10,15:50:00,13.23
Comox,2025-05-10,16:00:00,13.2
Comox,2025-05-10,16:10:00,13.17
Comox,2025-05-10,16:20:00,13.16
Comox,2025-05-10,16:30:00,13.12
Comox,2025-05-10,16:40:00,13.07
Comox,2025-05-10,16:50:00,13.04
Comox,2025-05-10,17:00:00,13.07
Comox,2025-05-10,17:10:00,13.08
Comox,2025-05-10,17:20:00,13.25
Comox,2025-05-10,17:30:00,13.34
Comox,2025-05-10,17:40:00,13.35
Comox,2025-05-10,17:50:00,13.31
Comox,2025-05-10,18:00:00,13.33
Comox,2025-05-10,18:10:00,13.33
Comox,2025-05-10,18:20:00,13.33
Comox,2025-05-10,18:30:00,13.31
Comox,2025-05-10,18:40:00,13.31
Comox,2025-05-10,18:50:00,13.33
Comox,2025-05-10,19:00:00,13.34
Comox,2025-05-10,19:10:00,13.36
Comox,2025-05-10,19:20:00,13.38
Comox,2025-05-10,19:30:00,13.37
Comox,2025-05-10,19:40:00,13.41
Comox,2025-05-10,19:50:00,13.43
Comox,2025-05-10,20:00:00,13.43
Comox,2025-05-10,20:10:00,13.44
Comox,2025-05-10,20:20:00,13.43
Comox,2025-05-10,20:30:00,13.4
Comox,2025-05-10,20:40:00,13.39
Comox,2025-05-10,20:50:00,13.34
Comox,2025-05-10,21:00:00,13.34
Comox,2025-05-10,21:10:00,13.32
Comox,2025-05-10,21:20:00,13.3
Comox,2025-05-10,21:30:00,13.3
Comox,2025-05-10,21:40:00,13.33
Comox,2025-05-10,21:50:00,13.33
Comox,2025-05-10,22:00:00,13.35
Comox,2025-05-10,22:10:00,13.32
Comox,2025-05-10,22:20:00,13.05
Comox,2025-05-10,22:30:00,12.77
Comox,2025-05-10,22:40:00,12.72
Comox,2025-05-10,22:50:00,12.67
Comox,2025-05-10,23:00:00,12.78
Comox,2025-05-10,23:10:00,12.97
Comox,2025-05-10,23:20:00,13.03
Comox,2025-05-10,23:30:00,13.05
Comox,2025-05-10,23:40:00,13.03
Comox,2025-05-10,23:50:00,13.04
Comox,2025-05-11,0:00:00,13.08
Comox,2025-05-11,0:10:00,13.08
Comox,2025-05-11,0:20:00,13.09
Comox,2025-05-11,0:30:00,13.1
Comox,2025-05-11,0:40:00,13.05
Comox,2025-05-11,0:50:00,13.03
Comox,2025-05-11,1:00:00,13.01
Comox,2025-05-11,1:10:00,12.97
Comox,2025-05-11,1:20:00,12.95
Comox,2025-05-11,1:30:00,12.95
Comox,2025-05-11,1:40:00,12.94
Comox,2025-05-11,1:50:00,12.87
Comox,2025-05-11,2:00:00,12.86
Comox,2025-05-11,2:10:00,12.89
Comox,2025-05-11,2:20:00,12.89
Comox,2025-05-11,2:30:00,12.87
Comox,2025-05-11,2:40:00,12.85
Comox,2025-05-11,2:50:00,12.77
Comox,2025-05-11,3:00:00,12.81
Comox,2025-05-11,3:10:00,12.85
Comox,2025-05-11,3:20:00,12.84
Comox,2025-05-11,3:30:00,12.78
Comox,2025-05-11,3:40:00,12.78
Comox,2025-05-11,3:50:00,12.75
Comox,2025-05-11,4:00:00,12.81
Comox,2025-05-11,4:10:00,12.85
Comox,2025-05-11,4:20:00,12.82
Comox,2025-05-11,4:30:00,12.85
Comox,2025-05-11,4:40:00,12.93
Comox,2025-05-11,4:50:00,12.9
Comox,2025-05-11,5:00:00,12.87
Comox,2025-05-11,5:10:00,12.92
Comox,2025-05-11,5:20:00,12.89
Comox,2025-05-11,5:30:00,12.85
Comox,2025-05-11,5:40:00,12.8
Comox,2025-05-11,5:50:00,12.8
Comox,2025-05-11,6:00:00,12.79
Comox,2025-05-11,6:10:00,12.79
Comox,2025-05-11,6:20:00,12.79
Comox,2025-05-11,6:30:00,12.81
Comox,2025-05-11,6:40:00,12.82
Comox,2025-05-11,6:50:00,12.85
Comox,2025-05-11,7:00:00,12.88
Comox,2025-05-11,7:10:00,12.87
Comox,2025-05-11,7:20:00,12.67
Comox,2025-05-11,7:30:00,12.62
Comox,2025-05-11,7:40:00,12.66
Comox,2025-05-11,7:50:00,12.7
Comox,2025-05-11,8:00:00,12.67
Comox,2025-05-11,8:10:00,12.79
Comox,2025-05-11,8:20:00,12.61
Comox,2025-05-11,8:30:00,12.4
Comox,2025-05-11,8:40:00,12.42
Comox,2025-05-11,8:50:00,12.45
Comox,2025-05-11,9:00:00,12.48
Comox,2025-05-11,9:10:00,12.57
Comox,2025-05-11,9:20:00,12.69
Comox,2025-05-11,9:30:00,12.72
Comox,2025-05-11,9:40:00,12.64
Comox,2025-05-11,9:50:00,12.57
Comox,2025-05-11,10:00:00,12.72
Comox,2025-05-11,10:10:00,12.62
Comox,2025-05-11,10:20:00,12.48
Comox,2025-05-11,10:30:00,12.17
Comox,2025-05-11,10:40:00,12.5
Comox,2025-05-11,10:50:00,12.49
Comox,2025-05-11,11:00:00,12.46
Comox,2025-05-11,11:10:00,12.34
Comox,2025-05-11,11:20:00,12.47
Comox,2025-05-11,11:30:00,12.47
Comox,2025-05-11,11:40:00,12.48
Comox,2025-05-11,11:50:00,12.42
Comox,2025-05-11,12:00:00,12.34
Comox,2025-05-11,12:10:00,12.48
Comox,2025-05-11,12:20:00,12.44
Comox,2025-05-11,12:30:00,12.41
Comox,2025-05-11,12:40:00,12.43
Comox,2025-05-11,12:50:00,12.46
Comox,2025-05-11,13:00:00,12.46
Comox,2025-05-11,13:10:00,12.44
Comox,2025-05-11,13:20:00,12.48
Comox,2025-05-11,13:30:00,12.52
Comox,2025-05-11,13:40:00,12.56
Comox,2025-05-11,13:50:00,12.64
Comox,2025-05-11,14:00:00,12.7
Comox,2025-05-11,14:10:00,12.72
Comox,2025-05-11,14:20:00,12.79
Comox,2025-05-11,14:30:00,12.82
Comox,2025-05-11,14:40:00,12.84
Comox,2025-05-11,14:50:00,12.8
Comox,2025-05-11,15:00:00,12.8
Comox,2025-05-11,15:10:00,12.82
Comox,2025-05-11,15:20:00,12.79
Comox,2025-05-11,15:30:00,12.94
Comox,2025-05-11,15:40:00,13.08
Comox,2025-05-11,15:50:00,13.22
Comox,2025-05-11,16:00:00,13.21
Comox,2025-05-11,16:10:00,13.32
Comox,2025-05-11,16:20:00,13.58
Comox,2025-05-11,16:30:00,13.56
Comox,2025-05-11,16:40:00,13.66
Comox,2025-05-11,16:50:00,13.61
Comox,2025-05-11,17:00:00,13.63
Comox,2025-05-11,17:10:00,13.61
Comox,2025-05-11,17:20:00,13.56
Comox,2025-05-11,17:30:00,13.59
Comox,2025-05-11,17:40:00,13.5
Comox,2025-05-11,17:50:00,13.53
Comox,2025-05-11,18:00:00,13.51
Comox,2025-05-11,18:10:00,13.47
Comox,2025-05-11,18:20:00,13.44
Comox,2025-05-11,18:30:00,13.43
Comox,2025-05-11,18:40:00,13.35
Comox,2025-05-11,18:50:00,13.32
Comox,2025-05-11,19:00:00,13.27
Comox,2025-05-11,19:10:00,13.22
Comox,2025-05-11,19:20:00,13.19
Comox,2025-05-11,19:30:00,13.16
Comox,2025-05-11,19:40:00,13.11
Comox,2025-05-11,19:50:00,13.11
Comox,2025-05-11,20:00:00,13.11
Comox,2025-05-11,20:10:00,13.03
Comox,2025-05-11,20:20:00,13.02
Comox,2025-05-11,20:30:00,12.96
Comox,2025-05-11,20:40:00,13.02
Comox,2025-05-11,20:50:00,13.05
Comox,2025-05-11,21:00:00,13.14
Comox,2025-05-11,21:10:00,13.3
Comox,2025-05-11,21:20:00,13.44
Comox,2025-05-11,21:30:00,13.56
Comox,2025-05-11,21:40:00,13.54
Comox,2025-05-11,21:50:00,13.5
Comox,2025-05-11,22:00:00,13.36
Comox,2025-05-11,22:10:00,13.35
Comox,2025-05-11,22:20:00,13.4
Comox,2025-05-11,22:30:00,13.44
Comox,2025-05-11,22:40:00,13.38
Comox,2025-05-11,22:50:00,13.38
Comox,2025-05-11,23:00:00,13.31
Comox,2025-05-11,23:10:00,13.34
Comox,2025-05-11,23:20:00,13.34
Comox,2025-05-11,23:30:00,13.21
Comox,2025-05-11,23:40:00,13.15
Comox,2025-05-11,23:50:00,13.07
Comox,2025-05-12,0:00:00,13
Comox,2025-05-12,0:10:00,12.99
Comox,2025-05-12,0:20:00,12.94
Comox,2025-05-12,0:30:00,12.97
Comox,2025-05-12,0:40:00,12.96
Comox,2025-05-12,0:50:00,12.99
Comox,2025-05-12,1:00:00,12.93
Comox,2025-05-12,1:10:00,12.84
Comox,2025-05-12,1:20:00,12.82
Comox,2025-05-12,1:30:00,12.79
Comox,2025-05-12,1:40:00,12.8
Comox,2025-05-12,1:50:00,12.85
Comox,2025-05-12,2:00:00,12.88
Comox,2025-05-12,2:10:00,12.88
Comox,2025-05-12,2:20:00,12.91
Comox,2025-05-12,2:30:00,12.78
Comox,2025-05-12,2:40:00,12.64
Comox,2025-05-12,2:50:00,12.57
Comox,2025-05-12,3:00:00,12.55
Comox,2025-05-12,3:10:00,12.53
Comox,2025-05-12,3:20:00,12.48
Comox,2025-05-12,3:30:00,12.46
Comox,2025-05-12,3:40:00,12.46
Comox,2025-05-12,3:50:00,12.43
Comox,2025-05-12,4:00:00,12.37
Comox,2025-05-12,4:10:00,12.34
Comox,2025-05-12,4:20:00,12.31
Comox,2025-05-12,4:30:00,12.27
Comox,2025-05-12,4:40:00,12.22
Comox,2025-05-12,4:50:00,12.22
Comox,2025-05-12,5:00:00,12.21
Comox,2025-05-12,5:10:00,12.21
Comox,2025-05-12,5:20:00,12.26
Comox,2025-05-12,5:30:00,12.35
Comox,2025-05-12,5:40:00,12.48
Comox,2025-05-12,5:50:00,12.57
Comox,2025-05-12,6:00:00,12.57
Comox,2025-05-12,6:10:00,12.48
Comox,2025-05-12,6:20:00,12.47
Comox,2025-05-12,6:30:00,12.44
Comox,2025-05-12,6:40:00,12.46
Comox,2025-05-12,6:50:00,12.43
Comox,2025-05-12,7:00:00,12.19
Comox,2025-05-12,7:10:00,12.25
Comox,2025-05-12,7:20:00,12.34
Comox,2025-05-12,7:30:00,12.4
Comox,2025-05-12,7:40:00,12.41
Comox,2025-05-12,7:50:00,12.44
Comox,2025-05-12,8:00:00,12.46
Comox,2025-05-12,8:10:00,12.53
Comox,2025-05-12,8:20:00,12.57
Comox,2025-05-12,8:30:00,12.59
Comox,2025-05-12,8:40:00,12.6
Comox,2025-05-12,8:50:00,12.6
Comox,2025-05-12,9:00:00,12.8
Comox,2025-05-12,9:10:00,12.9
Comox,2025-05-12,9:20:00,12.7
Comox,2025-05-12,9:30:00,12.73
Comox,2025-05-12,9:40:00,12.76
Comox,2025-05-12,9:50:00,12.91
Comox,2025-05-12,10:00:00,12.79
Comox,2025-05-12,10:10:00,12.67
Comox,2025-05-12,10:20:00,12.81
Comox,2025-05-12,10:30:00,12.55
Comox,2025-05-12,10:40:00,12.81
Comox,2025-05-12,10:50:00,12.82
Comox,2025-05-12,11:00:00,12.99
Comox,2025-05-12,11:10:00,13.09
Comox,2025-05-12,11:20:00,13.25
Comox,2025-05-12,11:30:00,13.21
Comox,2025-05-12,11:40:00,13.17
Comox,2025-05-12,11:50:00,13.16
Comox,2025-05-12,12:00:00,13.21
Comox,2025-05-12,12:10:00,13.1
Comox,2025-05-12,12:20:00,12.95
Comox,2025-05-12,12:30:00,12.95
Comox,2025-05-12,12:40:00,13.02
Comox,2025-05-12,12:50:00,13.04
Comox,2025-05-12,13:00:00,13.04
Comox,2025-05-12,13:10:00,13.09
Comox,2025-05-12,13:20:00,13.17
Comox,2025-05-12,13:30:00,13.19
Comox,2025-05-12,13:40:00,13.38
Comox,2025-05-12,13:50:00,13.64
Comox,2025-05-12,14:00:00,13.43
Comox,2025-05-12,14:10:00,13.3
Comox,2025-05-12,14:20:00,13.48
Comox,2025-05-12,14:30:00,13.52
Comox,2025-05-12,14:40:00,13.56
Comox,2025-05-12,14:50:00,13.45
Comox,2025-05-12,15:00:00,13.54
Comox,2025-05-12,15:10:00,13.61
Comox,2025-05-12,15:20:00,13.44
Comox,2025-05-12,15:30:00,13.26
Comox,2025-05-12,15:40:00,13.08
Comox,2025-05-12,15:50:00,13.03
Comox,2025-05-12,16:00:00,13.03
Comox,2025-05-12,16:10:00,13.2
Comox,2025-05-12,16:20:00,13.17
Comox,2025-05-12,16:30:00,13.23
Comox,2025-05-12,16:40:00,13.3
Comox,2025-05-12,16:50:00,13.39
Comox,2025-05-12,17:00:00,14.05
Comox,2025-05-12,17:10:00,14.03
Comox,2025-05-12,17:20:00,14.09
Comox,2025-05-12,17:30:00,14.2
Comox,2025-05-12,17:40:00,14.1
Comox,2025-05-12,17:50:00,14.06
Comox,2025-05-12,18:00:00,14.23
Comox,2025-05-12,18:10:00,14.25
Comox,2025-05-12,18:20:00,14.23
Comox,2025-05-12,18:30:00,14.28
Comox,2025-05-12,18:40:00,14.28
Comox,2025-05-12,18:50:00,14.28
Comox,2025-05-12,19:00:00,14.26
Comox,2025-05-12,19:10:00,14.33
Comox,2025-05-12,19:20:00,14.38
Comox,2025-05-12,19:30:00,14.38
Comox,2025-05-12,19:40:00,14.48
Comox,2025-05-12,19:50:00,14.57
Comox,2025-05-12,20:00:00,14.53
Comox,2025-05-12,20:10:00,14.41
Comox,2025-05-12,20:20:00,14.34
Comox,2025-05-12,20:30:00,13.92
Comox,2025-05-12,20:40:00,13.74
Comox,2025-05-12,20:50:00,13.54
Comox,2025-05-12,21:00:00,13.26
Comox,2025-05-12,21:10:00,13.11
Comox,2025-05-12,21:20:00,13
Comox,2025-05-12,21:30:00,12.9
Comox,2025-05-12,21:40:00,12.96
Comox,2025-05-12,21:50:00,13
Comox,2025-05-12,22:00:00,13.03
Comox,2025-05-12,22:10:00,12.95
Comox,2025-05-12,22:20:00,12.88
Comox,2025-05-12,22:30:00,12.9
Comox,2025-05-12,22:40:00,12.93
Comox,2025-05-12,22:50:00,12.9
Comox,2025-05-12,23:00:00,12.9
Comox,2025-05-12,23:10:00,12.86
Comox,2025-05-12,23:20:00,12.82
Comox,2025-05-12,23:30:00,12.8
Comox,2025-05-12,23:40:00,12.81
Comox,2025-05-12,23:50:00,12.77
Comox,2025-05-13,0:00:00,12.7
Comox,2025-05-13,0:10:00,12.67
Comox,2025-05-13,0:20:00,12.67
Comox,2025-05-13,0:30:00,12.72
Comox,2025-05-13,0:40:00,12.76
Comox,2025-05-13,0:50:00,12.78
Comox,2025-05-13,1:00:00,12.8
Comox,2025-05-13,1:10:00,12.77
Comox,2025-05-13,1:20:00,12.74
Comox,2025-05-13,1:30:00,12.67
Comox,2025-05-13,1:40:00,12.66
Comox,2025-05-13,1:50:00,12.67
Comox,2025-05-13,2:00:00,12.65
Comox,2025-05-13,2:10:00,12.64
Comox,2025-05-13,2:20:00,12.64
Comox,2025-05-13,2:30:00,12.61
Comox,2025-05-13,2:40:00,12.62
Comox,2025-05-13,2:50:00,12.61
Comox,2025-05-13,3:00:00,12.64
Comox,2025-05-13,3:10:00,12.64
Comox,2025-05-13,3:20:00,12.63
Comox,2025-05-13,3:30:00,12.57
Comox,2025-05-13,3:40:00,12.49
Comox,2025-05-13,3:50:00,12.49
Comox,2025-05-13,4:00:00,12.46
Comox,2025-05-13,4:10:00,12.38
Comox,2025-05-13,4:20:00,12.35
Comox,2025-05-13,4:30:00,12.32
Comox,2025-05-13,4:40:00,12.32
Comox,2025-05-13,4:50:00,12.33
Comox,2025-05-13,5:00:00,12.29
Comox,2025-05-13,5:10:00,12.38
Comox,2025-05-13,5:20:00,12.38
Comox,2025-05-13,5:30:00,12.38
Comox,2025-05-13,5:40:00,12.42
Comox,2025-05-13,5:50:00,12.46
Comox,2025-05-13,6:00:00,12.49
Comox,2025-05-13,6:10:00,12.37
Comox,2025-05-13,6:20:00,12.4
Comox,2025-05-13,6:30:00,12.43
Comox,2025-05-13,6:40:00,12.29
Comox,2025-05-13,6:50:00,12.23
Comox,2025-05-13,7:00:00,12.21
Comox,2025-05-13,7:10:00,12.17
Comox,2025-05-13,7:20:00,12.19
Comox,2025-05-13,7:30:00,12.17
Comox,2025-05-13,7:40:00,12.21
Comox,2025-05-13,7:50:00,12.21
Comox,2025-05-13,8:00:00,12.3
Comox,2025-05-13,8:10:00,12.37
Comox,2025-05-13,8:20:00,12.48
Comox,2025-05-13,8:30:00,12.84
Comox,2025-05-13,8:40:00,12.93
Comox,2025-05-13,8:50:00,12.82
Comox,2025-05-13,9:00:00,13
Comox,2025-05-13,9:10:00,12.85
Comox,2025-05-13,9:20:00,12.88
Comox,2025-05-13,9:30:00,12.99
Comox,2025-05-13,9:40:00,12.95
Comox,2025-05-13,9:50:00,12.89
Comox,2025-05-13,10:00:00,12.74
Comox,2025-05-13,10:10:00,12.82
Comox,2025-05-13,10:20:00,12.95
Comox,2025-05-13,10:30:00,13.08
Comox,2025-05-13,10:40:00,13.11
Comox,2025-05-13,10:50:00,13.29
Comox,2025-05-13,11:00:00,13.44
Comox,2025-05-13,11:10:00,13.54
Comox,2025-05-13,11:20:00,13.49
Comox,2025-05-13,11:30:00,13.35
Comox,2025-05-13,11:40:00,13.38
Comox,2025-05-13,11:50:00,13.43
Comox,2025-05-13,12:00:00,13.44
Comox,2025-05-13,12:10:00,13.35
Comox,2025-05-13,12:20:00,13.25
Comox,2025-05-13,12:30:00,13.3
Comox,2025-05-13,12:40:00,13.37
Comox,2025-05-13,12:50:00,13.43
Comox,2025-05-13,13:00:00,13.56
Comox,2025-05-13,13:10:00,13.64
Comox,2025-05-13,13:20:00,13.71
Comox,2025-05-13,13:30:00,13.77
Comox,2025-05-13,13:40:00,13.92
Comox,2025-05-13,13:50:00,13.96
Comox,2025-05-13,14:00:00,13.99
Comox,2025-05-13,14:10:00,13.93
Comox,2025-05-13,14:20:00,13.78
Comox,2025-05-13,14:30:00,13.88
Comox,2025-05-13,14:40:00,14.08
Comox,2025-05-13,14:50:00,14.39
Comox,2025-05-13,15:00:00,14.52
Comox,2025-05-13,15:10:00,14.5
Comox,2025-05-13,15:20:00,14.52
Comox,2025-05-13,15:30:00,14.24
Comox,2025-05-13,15:40:00,14.06
Comox,2025-05-13,15:50:00,13.79
Comox,2025-05-13,16:00:00,13.62
Comox,2025-05-13,16:10:00,13.54
Comox,2025-05-13,16:20:00,13.27
Comox,2025-05-13,16:30:00,13.3
Comox,2025-05-13,16:40:00,13.31
Comox,2025-05-13,16:50:00,13.21
Comox,2025-05-13,17:00:00,13.06
Comox,2025-05-13,17:10:00,13.03
Comox,2025-05-13,17:20:00,13.27
Comox,2025-05-13,17:30:00,13.29
Comox,2025-05-13,17:40:00,13.24
Comox,2025-05-13,17:50:00,13.29
Comox,2025-05-13,18:00:00,13.22
Comox,2025-05-13,18:10:00,13.34
Comox,2025-05-13,18:20:00,13.29
Comox,2025-05-13,18:30:00,13.2
Comox,2025-05-13,18:40:00,13.04
Comox,2025-05-13,18:50:00,13.05
Comox,2025-05-13,19:00:00,13.08
Comox,2025-05-13,19:10:00,13.11
Comox,2025-05-13,19:20:00,13.12
Comox,2025-05-13,19:30:00,13.07
Comox,2025-05-13,19:40:00,13.05
Comox,2025-05-13,19:50:00,13.07
Comox,2025-05-13,20:00:00,13.17
Comox,2025-05-13,20:10:00,13.12
Comox,2025-05-13,20:20:00,13.09
Comox,2025-05-13,20:30:00,13.07
Comox,2025-05-13,20:40:00,13
Comox,2025-05-13,20:50:00,12.96
Comox,2025-05-13,21:00:00,12.96
Comox,2025-05-13,21:10:00,12.96
Comox,2025-05-13,21:20:00,12.99
Comox,2025-05-13,21:30:00,13.02
Comox,2025-05-13,21:40:00,13.06
Comox,2025-05-13,21:50:00,13.07
Comox,2025-05-13,22:00:00,13.05
Comox,2025-05-13,22:10:00,13
Comox,2025-05-13,22:20:00,12.95
Comox,2025-05-13,22:30:00,12.93
Comox,2025-05-13,22:40:00,12.9
Comox,2025-05-13,22:50:00,12.9
Comox,2025-05-13,23:00:00,12.92
Comox,2025-05-13,23:10:00,12.91
Comox,2025-05-13,23:20:00,12.96
Comox,2025-05-13,23:30:00,12.96
Comox,2025-05-13,23:40:00,12.94
Comox,2025-05-13,23:50:00,12.97
Comox,2025-05-14,0:00:00,13
Comox,2025-05-14,0:10:00,12.95
Comox,2025-05-14,0:20:00,12.93
Comox,2025-05-14,0:30:00,12.9
Comox,2025-05-14,0:40:00,12.86
Comox,2025-05-14,0:50:00,12.85
Comox,2025-05-14,1:00:00,12.84
Comox,2025-05-14,1:10:00,12.85
Comox,2025-05-14,1:20:00,12.79
Comox,2025-05-14,1:30:00,12.79
Comox,2025-05-14,1:40:00,12.75
Comox,2025-05-14,1:50:00,12.74
Comox,2025-05-14,2:00:00,12.71
Comox,2025-05-14,2:10:00,12.7
Comox,2025-05-14,2:20:00,12.66
Comox,2025-05-14,2:30:00,12.67
Comox,2025-05-14,2:40:00,12.63
Comox,2025-05-14,2:50:00,12.58
Comox,2025-05-14,3:00:00,12.58
Comox,2025-05-14,3:10:00,12.6
Comox,2025-05-14,3:20:00,12.6
Comox,2025-05-14,3:30:00,12.57
Comox,2025-05-14,3:40:00,12.55
Comox,2025-05-14,3:50:00,12.56
Comox,2025-05-14,4:00:00,12.6
Comox,2025-05-14,4:10:00,12.62
Comox,2025-05-14,4:20:00,12.62
Comox,2025-05-14,4:30:00,12.6
Comox,2025-05-14,4:40:00,12.55
Comox,2025-05-14,4:50:00,12.55
Comox,2025-05-14,5:00:00,12.49
Comox,2025-05-14,5:10:00,12.52
Comox,2025-05-14,5:20:00,12.5
Comox,2025-05-14,5:30:00,12.47
Comox,2025-05-14,5:40:00,12.46
Comox,2025-05-14,5:50:00,12.47
Comox,2025-05-14,6:00:00,12.48
Comox,2025-05-14,6:10:00,12.51
Comox,2025-05-14,6:20:00,12.53
Comox,2025-05-14,6:30:00,12.5
Comox,2025-05-14,6:40:00,12.55
Comox,2025-05-14,6:50:00,12.52
Comox,2025-05-14,7:00:00,12.47
Comox,2025-05-14,7:10:00,12.44
Comox,2025-05-14,7:20:00,12.29
Comox,2025-05-14,7:30:00,12.26
Comox,2025-05-14,7:40:00,12.21
Comox,2025-05-14,7:50:00,12.16
Comox,2025-05-14,8:00:00,12.17
Comox,2025-05-14,8:10:00,12.14
Comox,2025-05-14,8:20:00,12.17
Comox,2025-05-14,8:30:00,12.2
Comox,2025-05-14,8:40:00,12.35
Comox,2025-05-14,8:50:00,12.48
Comox,2025-05-14,9:00:00,12.52
Comox,2025-05-14,9:10:00,12.63
Comox,2025-05-14,9:20:00,12.96
Comox,2025-05-14,9:30:00,13.31
Comox,2025-05-14,9:40:00,12.95
Comox,2025-05-14,9:50:00,12.76
Comox,2025-05-14,10:00:00,13.06
Comox,2025-05-14,10:10:00,12.82
Comox,2025-05-14,10:20:00,12.85
Comox,2025-05-14,10:30:00,13.25
Comox,2025-05-14,10:40:00,13.2
Comox,2025-05-14,10:50:00,13.21
Comox,2025-05-14,11:00:00,13.18
Comox,2025-05-14,11:10:00,13.18
Comox,2025-05-14,11:20:00,13.11
Comox,2025-05-14,11:30:00,13.02
Comox,2025-05-14,11:40:00,13
Comox,2025-05-14,11:50:00,12.97
Comox,2025-05-14,12:00:00,12.94
Comox,2025-05-14,12:10:00,12.92
Comox,2025-05-14,12:20:00,12.89
Comox,2025-05-14,12:30:00,12.85
Comox,2025-05-14,12:40:00,12.82
Comox,2025-05-14,12:50:00,12.91
Comox,2025-05-14,13:00:00,12.96
Comox,2025-05-14,13:10:00,13.07
Comox,2025-05-14,13:20:00,13.18
Comox,2025-05-14,13:30:00,13.38
Comox,2025-05-14,13:40:00,13.61
Comox,2025-05-14,13:50:00,13.71
Comox,2025-05-14,14:00:00,13.8
Comox,2025-05-14,14:10:00,13.91
Comox,2025-05-14,14:20:00,13.98
Comox,2025-05-14,14:30:00,14.06
Comox,2025-05-14,14:40:00,14.27
Comox,2025-05-14,14:50:00,14.34
Comox,2025-05-14,15:00:00,14.34
Comox,2025-05-14,15:10:00,14.32
Comox,2025-05-14,15:20:00,14.27
Comox,2025-05-14,15:30:00,14.24
Comox,2025-05-14,15:40:00,14.29
Comox,2025-05-14,15:50:00,14.42
Comox,2025-05-14,16:00:00,14.39
Comox,2025-05-14,16:10:00,14.18
Comox,2025-05-14,16:20:00,14.01
Comox,2025-05-14,16:30:00,13.86
Comox,2025-05-14,16:40:00,13.67
Comox,2025-05-14,16:50:00,13.62
Comox,2025-05-14,17:00:00,13.56
Comox,2025-05-14,17:10:00,13.56
Comox,2025-05-14,17:20:00,13.53
Comox,2025-05-14,17:30:00,13.47
Comox,2025-05-14,17:40:00,13.71
Comox,2025-05-14,17:50:00,13.71
Comox,2025-05-14,18:00:00,13.73
Comox,2025-05-14,18:10:00,13.71
Comox,2025-05-14,18:20:00,13.7
Comox,2025-05-14,18:30:00,13.66
Comox,2025-05-14,18:40:00,13.68
Comox,2025-05-14,18:50:00,13.76
Comox,2025-05-14,19:00:00,13.76
Comox,2025-05-14,19:10:00,13.76
Comox,2025-05-14,19:20:00,13.76
Comox,2025-05-14,19:30:00,13.73
Comox,2025-05-14,19:40:00,13.76
Comox,2025-05-14,19:50:00,13.76
Comox,2025-05-14,20:00:00,13.78
Comox,2025-05-14,20:10:00,13.79
Comox,2025-05-14,20:20:00,13.76
Comox,2025-05-14,20:30:00,13.79
Comox,2025-05-14,20:40:00,13.77
Comox,2025-05-14,20:50:00,13.78
Comox,2025-05-14,21:00:00,13.77
Comox,2025-05-14,21:10:00,13.67
Comox,2025-05-14,21:20:00,13.66
Comox,2025-05-14,21:30:00,13.66
Comox,2025-05-14,21:40:00,13.66
Comox,2025-05-14,21:50:00,13.62
Comox,2025-05-14,22:00:00,13.62
Comox,2025-05-14,22:10:00,13.59
Comox,2025-05-14,22:20:00,13.6
Comox,2025-05-14,22:30:00,13.59
Comox,2025-05-14,22:40:00,13.54
Comox,2025-05-14,22:50:00,13.56
Comox,2025-05-14,23:00:00,13.55
Comox,2025-05-14,23:10:00,13.5
Comox,2025-05-14,23:20:00,13.46
Comox,2025-05-14,23:30:00,13.5
Comox,2025-05-14,23:40:00,13.55
Comox,2025-05-14,23:50:00,13.53
Comox,2025-05-15,0:00:00,13.5
Comox,2025-05-15,0:10:00,13.43
Comox,2025-05-15,0:20:00,13.39
Comox,2025-05-15,0:30:00,13.35
Comox,2025-05-15,0:40:00,13.35
Comox,2025-05-15,0:50:00,13.35
Comox,2025-05-15,1:00:00,13.34
Comox,2025-05-15,1:10:00,13.34
Comox,2025-05-15,1:20:00,13.34
Comox,2025-05-15,1:30:00,13.3
Comox,2025-05-15,1:40:00,13.31
Comox,2025-05-15,1:50:00,13.24
Comox,2025-05-15,2:00:00,13.24
Comox,2025-05-15,2:10:00,13.2
Comox,2025-05-15,2:20:00,13.19
Comox,2025-05-15,2:30:00,13.19
Comox,2025-05-15,2:40:00,13.2
Comox,2025-05-15,2:50:00,13.22
Comox,2025-05-15,3:00:00,13.2
Comox,2025-05-15,3:10:00,13.21
Comox,2025-05-15,3:20:00,13.23
Comox,2025-05-15,3:30:00,13.2
Comox,2025-05-15,3:40:00,13.23
Comox,2025-05-15,3:50:00,13.23
Comox,2025-05-15,4:00:00,13.23
Comox,2025-05-15,4:10:00,13.24
Comox,2025-05-15,4:20:00,13.21
Comox,2025-05-15,4:30:00,13.21
Comox,2025-05-15,4:40:00,13.22
Comox,2025-05-15,4:50:00,13.19
Comox,2025-05-15,5:00:00,13.21
Comox,2025-05-15,5:10:00,13.17
Comox,2025-05-15,5:20:00,13.18
Comox,2025-05-15,5:30:00,13.17
Comox,2025-05-15,5:40:00,13.17
Comox,2025-05-15,5:50:00,13.17
Comox,2025-05-15,6:00:00,13.18
Comox,2025-05-15,6:10:00,13.16
Comox,2025-05-15,6:20:00,13.17
Comox,2025-05-15,6:30:00,13.15
Comox,2025-05-15,6:40:00,13.07
Comox,2025-05-15,6:50:00,13.09
Comox,2025-05-15,7:00:00,12.9
Comox,2025-05-15,7:10:00,12.69
Comox,2025-05-15,7:20:00,12.35
Comox,2025-05-15,7:30:00,12.18
Comox,2025-05-15,7:40:00,12.2
Comox,2025-05-15,7:50:00,12.21
Comox,2025-05-15,8:00:00,12.21
Comox,2025-05-15,8:10:00,12.3
Comox,2025-05-15,8:20:00,12.3
Comox,2025-05-15,8:30:00,12.4
Comox,2025-05-15,8:40:00,12.45
Comox,2025-05-15,8:50:00,12.52
Comox,2025-05-15,9:00:00,12.62
Comox,2025-05-15,9:10:00,12.66
Comox,2025-05-15,9:20:00,12.69
Comox,2025-05-15,9:30:00,12.73
Comox,2025-05-15,9:40:00,12.72
Comox,2025-05-15,9:50:00,12.78
Comox,2025-05-15,10:00:00,12.82
Comox,2025-05-15,10:10:00,12.86
Comox,2025-05-15,10:20:00,12.9
Comox,2025-05-15,10:30:00,12.95
Comox,2025-05-15,10:40:00,12.95
Comox,2025-05-15,10:50:00,12.96
Comox,2025-05-15,11:00:00,12.92
Comox,2025-05-15,11:10:00,12.84
Comox,2025-05-15,11:20:00,12.82
Comox,2025-05-15,11:30:00,12.76
Comox,2025-05-15,11:40:00,12.8
Comox,2025-05-15,11:50:00,12.8
Comox,2025-05-15,12:00:00,12.8
Comox,2025-05-15,12:10:00,12.74
Comox,2025-05-15,12:20:00,12.69
Comox,2025-05-15,12:30:00,12.66
Comox,2025-05-15,12:40:00,12.69
Comox,2025-05-15,12:50:00,12.72
Comox,2025-05-15,13:00:00,12.72
Comox,2025-05-15,13:10:00,12.78
Comox,2025-05-15,13:20:00,12.81
Comox,2025-05-15,13:30:00,12.89
Comox,2025-05-15,13:40:00,12.94
Comox,2025-05-15,13:50:00,12.95
Comox,2025-05-15,14:00:00,12.95
Comox,2025-05-15,14:10:00,12.99
Comox,2025-05-15,14:20:00,12.95
Comox,2025-05-15,14:30:00,12.94
Comox,2025-05-15,14:40:00,12.9
Comox,2025-05-15,14:50:00,12.89
Comox,2025-05-15,15:00:00,12.88
Comox,2025-05-15,15:10:00,12.9
Comox,2025-05-15,15:20:00,12.94
Comox,2025-05-15,15:30:00,13
Comox,2025-05-15,15:40:00,13.03
Comox,2025-05-15,15:50:00,13.03
Comox,2025-05-15,16:00:00,13.08
Comox,2025-05-15,16:10:00,13.09
Comox,2025-05-15,16:20:00,13.09
Comox,2025-05-15,16:30:00,13.15
Comox,2025-05-15,16:40:00,13.11
Comox,2025-05-15,16:50:00,13.1
Comox,2025-05-15,17:00:00,13.06
Comox,2025-05-15,17:10:00,13.03
Comox,2025-05-15,17:20:00,12.93
Comox,2025-05-15,17:30:00,12.9
Comox,2025-05-15,17:40:00,12.87
Comox,2025-05-15,17:50:00,12.9
Comox,2025-05-15,18:00:00,12.9
Comox,2025-05-15,18:10:00,12.94
Comox,2025-05-15,18:20:00,12.94
Comox,2025-05-15,18:30:00,12.95
Comox,2025-05-15,18:40:00,12.97
Comox,2025-05-15,18:50:00,12.99
Comox,2025-05-15,19:00:00,13.03
Comox,2025-05-15,19:10:00,13.02
Comox,2025-05-15,19:20:00,13.04
Comox,2025-05-15,19:30:00,13.03
Comox,2025-05-15,19:40:00,13.05
Comox,2025-05-15,19:50:00,13.09
Comox,2025-05-15,20:00:00,13.09
Comox,2025-05-15,20:10:00,13.11
Comox,2025-05-15,20:20:00,13.14
Comox,2025-05-15,20:30:00,13.17
Comox,2025-05-15,20:40:00,13.18
Comox,2025-05-15,20:50:00,13.19
Comox,2025-05-15,21:00:00,13.2
Comox,2025-05-15,21:10:00,13.22
Comox,2025-05-15,21:20:00,13.25
Comox,2025-05-15,21:30:00,13.25
Comox,2025-05-15,21:40:00,13.25
Comox,2025-05-15,21:50:00,13.27
Comox,2025-05-15,22:00:00,13.26
Comox,2025-05-15,22:10:00,13.29
Comox,2025-05-15,22:20:00,13.29
Comox,2025-05-15,22:30:00,13.3
Comox,2025-05-15,22:40:00,13.3
Comox,2025-05-15,22:50:00,13.22
Comox,2025-05-15,23:00:00,13.22
Comox,2025-05-15,23:10:00,13.19
Comox,2025-05-15,23:20:00,13.17
Comox,2025-05-15,23:30:00,13.15
Comox,2025-05-15,23:40:00,13.16
Comox,2025-05-15,23:50:00,13.17
Comox,2025-05-16,0:00:00,13.17
Comox,2025-05-16,0:10:00,13.15
Comox,2025-05-16,0:20:00,13.15
Comox,2025-05-16,0:30:00,13.11
Comox,2025-05-16,0:40:00,13.14
Comox,2025-05-16,0:50:00,13.14
Comox,2025-05-16,1:00:00,13.12
Comox,2025-05-16,1:10:00,13.14
Comox,2025-05-16,1:20:00,13.12
Comox,2025-05-16,1:30:00,13.16
Comox,2025-05-16,1:40:00,13.12
Comox,2025-05-16,1:50:00,13.14
Comox,2025-05-16,2:00:00,13.12
Comox,2025-05-16,2:10:00,13.11
Comox,2025-05-16,2:20:00,13.15
Comox,2025-05-16,2:30:00,13.14
Comox,2025-05-16,2:40:00,13.11
Comox,2025-05-16,2:50:00,13.14
Comox,2025-05-16,3:00:00,13.12
Comox,2025-05-16,3:10:00,13.15
Comox,2025-05-16,3:20:00,13.11
Comox,2025-05-16,3:30:00,13.12
Comox,2025-05-16,3:40:00,13.11
Comox,2025-05-16,3:50:00,13.1
Comox,2025-05-16,4:00:00,13.11
Comox,2025-05-16,4:10:00,13.12
Comox,2025-05-16,4:20:00,13.11
Comox,2025-05-16,4:30:00,13.1
Comox,2025-05-16,4:40:00,13.12
Comox,2025-05-16,4:50:00,13.11
Comox,2025-05-16,5:00:00,13.11
Comox,2025-05-16,5:10:00,13.09
Comox,2025-05-16,5:20:00,13.1
Comox,2025-05-16,5:30:00,13.09
Comox,2025-05-16,5:40:00,13.11
Comox,2025-05-16,5:50:00,13.14
Comox,2025-05-16,6:00:00,13.12
Comox,2025-05-16,6:10:00,13.1
Comox,2025-05-16,6:20:00,13.11
Comox,2025-05-16,6:30:00,13.11
Comox,2025-05-16,6:40:00,13.11
Comox,2025-05-16,6:50:00,13.11
Comox,2025-05-16,7:00:00,13.1
Comox,2025-05-16,7:10:00,13.12
Comox,2025-05-16,7:20:00,13.11
Comox,2025-05-16,7:30:00,13.11
Comox,2025-05-16,7:40:00,13.11
Comox,2025-05-16,7:50:00,13.11
Comox,2025-05-16,8:00:00,13.1
Comox,2025-05-16,8:10:00,13.1
Comox,2025-05-16,8:20:00,13.14
Comox,2025-05-16,8:30:00,13.14
Comox,2025-05-16,8:40:00,13.12
Comox,2025-05-16,8:50:00,13.12
Comox,2025-05-16,9:00:00,13.11
Comox,2025-05-16,9:10:00,13.11
Comox,2025-05-16,9:20:00,13.09
Comox,2025-05-16,9:30:00,13.1
Comox,2025-05-16,9:40:00,13.11
Comox,2025-05-16,9:50:00,13.1
Comox,2025-05-16,10:00:00,13.14
Comox,2025-05-16,10:10:00,13.16
Comox,2025-05-16,10:20:00,13.17
Comox,2025-05-16,10:30:00,13.16
Comox,2025-05-16,10:40:00,13.08
Comox,2025-05-16,10:50:00,12.01
Comox,2025-05-16,11:00:00,11.72
Comox,2025-05-16,11:10:00,11.67
Comox,2025-05-16,11:20:00,11.74
Comox,2025-05-16,11:30:00,11.82
Comox,2025-05-16,11:40:00,11.87
Comox,2025-05-16,11:50:00,11.86
Comox,2025-05-16,12:00:00,11.82
Comox,2025-05-16,12:10:00,11.85
Comox,2025-05-16,12:20:00,11.86
Comox,2025-05-16,12:30:00,11.88
Comox,2025-05-16,12:40:00,11.89
Comox,2025-05-16,12:50:00,11.92
Comox,2025-05-16,13:00:00,11.94
Comox,2025-05-16,13:10:00,11.97
Comox,2025-05-16,13:20:00,12
Comox,2025-05-16,13:30:00,12
Comox,2025-05-16,13:40:00,12.03
Comox,2025-05-16,13:50:00,12.02
Comox,2025-05-16,14:00:00,12.05
Comox,2025-05-16,14:10:00,12.08
Comox,2025-05-16,14:20:00,12.16
Comox,2025-05-16,14:30:00,12.19
Comox,2025-05-16,14:40:00,12.25
Comox,2025-05-16,14:50:00,12.23
Comox,2025-05-16,15:00:00,12.25
Comox,2025-05-16,15:10:00,12.26
Comox,2025-05-16,15:20:00,12.3
Comox,2025-05-16,15:30:00,12.31
Comox,2025-05-16,15:40:00,12.21
Comox,2025-05-16,15:50:00,12.19
Comox,2025-05-16,16:00:00,12.17
Comox,2025-05-16,16:10:00,12.1
Comox,2025-05-16,16:20:00,12.07
Comox,2025-05-16,16:30:00,12.06
Comox,2025-05-16,16:40:00,12.08
Comox,2025-05-16,16:50:00,12.08
Comox,2025-05-16,17:00:00,12.13
Comox,2025-05-16,17:10:00,12.21
Comox,2025-05-16,17:20:00,12.21
Comox,2025-05-16,17:30:00,12.31
Comox,2025-05-16,17:40:00,12.32
Comox,2025-05-16,17:50:00,12.41
Comox,2025-05-16,18:00:00,12.44
Comox,2025-05-16,18:10:00,12.5
Comox,2025-05-16,18:20:00,12.56
Comox,2025-05-16,18:30:00,12.43
Comox,2025-05-16,18:40:00,12.4
Comox,2025-05-16,18:50:00,12.41
Comox,2025-05-16,19:00:00,12.44
Comox,2025-05-16,19:10:00,12.46
Comox,2025-05-16,19:20:00,12.51
Comox,2025-05-16,19:30:00,12.56
Comox,2025-05-16,19:40:00,12.58
Comox,2025-05-16,19:50:00,12.59
Comox,2025-05-16,20:00:00,12.6
Comox,2025-05-16,20:10:00,12.66
Comox,2025-05-16,20:20:00,12.67
Comox,2025-05-16,20:30:00,12.71
Comox,2025-05-16,20:40:00,12.73
Comox,2025-05-16,20:50:00,12.72
Comox,2025-05-16,21:00:00,12.72
Comox,2025-05-16,21:10:00,12.76
Comox,2025-05-16,21:20:00,12.78
Comox,2025-05-16,21:30:00,12.77
Comox,2025-05-16,21:40:00,12.74
Comox,2025-05-16,21:50:00,12.73
Comox,2025-05-16,22:00:00,12.75
Comox,2025-05-16,22:10:00,12.73
Comox,2025-05-16,22:20:00,12.75
Comox,2025-05-16,22:30:00,12.79
Comox,2025-05-16,22:40:00,12.77
Comox,2025-05-16,22:50:00,12.76
Comox,2025-05-16,23:00:00,12.79
Comox,2025-05-16,23:10:00,12.79
Comox,2025-05-16,23:20:00,12.78
Comox,2025-05-16,23:30:00,12.77
Comox,2025-05-16,23:40:00,12.81
Comox,2025-05-16,23:50:00,12.81
Comox,2025-05-17,0:00:00,12.79
Comox,2025-05-17,0:10:00,12.8
Comox,2025-05-17,0:20:00,12.8
Comox,2025-05-17,0:30:00,12.82
Comox,2025-05-17,0:40:00,12.87
Comox,2025-05-17,0:50:00,12.87
Comox,2025-05-17,1:00:00,12.88
Comox,2025-05-17,1:10:00,12.87
Comox,2025-05-17,1:20:00,12.86
Comox,2025-05-17,1:30:00,12.85
Comox,2025-05-17,1:40:00,12.85
Comox,2025-05-17,1:50:00,12.85
Comox,2025-05-17,2:00:00,12.8
Comox,2025-05-17,2:10:00,12.78
Comox,2025-05-17,2:20:00,12.71
Comox,2025-05-17,2:30:00,12.53
Comox,2025-05-17,2:40:00,12.61
Comox,2025-05-17,2:50:00,12.55
Comox,2025-05-17,3:00:00,12.49
Comox,2025-05-17,3:10:00,12.5
Comox,2025-05-17,3:20:00,12.47
Comox,2025-05-17,3:30:00,12.48
Comox,2025-05-17,3:40:00,12.52
Comox,2025-05-17,3:50:00,12.51
Comox,2025-05-17,4:00:00,12.51
Comox,2025-05-17,4:10:00,12.55
Comox,2025-05-17,4:20:00,12.48
Comox,2025-05-17,4:30:00,12.49
Comox,2025-05-17,4:40:00,12.52
Comox,2025-05-17,4:50:00,12.53
Comox,2025-05-17,5:00:00,12.56
Comox,2025-05-17,5:10:00,12.6
Comox,2025-05-17,5:20:00,12.61
Comox,2025-05-17,5:30:00,12.62
Comox,2025-05-17,5:40:00,12.7
Comox,2025-05-17,5:50:00,12.74
Comox,2025-05-17,6:00:00,12.79
Comox,2025-05-17,6:10:00,12.85
Comox,2025-05-17,6:20:00,12.84
Comox,2025-05-17,6:30:00,12.82
Comox,2025-05-17,6:40:00,12.82
Comox,2025-05-17,6:50:00,12.82
Comox,2025-05-17,7:00:00,12.86
Comox,2025-05-17,7:10:00,12.84
Comox,2025-05-17,7:20:00,12.8
Comox,2025-05-17,7:30:00,12.79
Comox,2025-05-17,7:40:00,12.78
Comox,2025-05-17,7:50:00,12.78
Comox,2025-05-17,8:00:00,12.76
Comox,2025-05-17,8:10:00,12.78
Comox,2025-05-17,8:20:00,12.79
Comox,2025-05-17,8:30:00,12.74
Comox,2025-05-17,8:40:00,12.79
Comox,2025-05-17,8:50:00,12.8
Comox,2025-05-17,9:00:00,12.79
Comox,2025-05-17,9:10:00,12.74
Comox,2025-05-17,9:20:00,12.76
Comox,2025-05-17,9:30:00,12.82
Comox,2025-05-17,9:40:00,12.85
Comox,2025-05-17,9:50:00,12.85
Comox,2025-05-17,10:00:00,12.82
Comox,2025-05-17,10:10:00,12.82
Comox,2025-05-17,10:20:00,12.84
Comox,2025-05-17,10:30:00,12.86
Comox,2025-05-17,10:40:00,12.81
Comox,2025-05-17,10:50:00,12.79
Comox,2025-05-17,11:00:00,12.78
Comox,2025-05-17,11:10:00,12.76
Comox,2025-05-17,11:20:00,12.78
Comox,2025-05-17,11:30:00,12.81
Comox,2025-05-17,11:40:00,12.85
Comox,2025-05-17,11:50:00,12.85
Comox,2025-05-17,12:00:00,12.85
Comox,2025-05-17,12:10:00,12.85
Comox,2025-05-17,12:20:00,12.84
Comox,2025-05-17,12:30:00,12.86
Comox,2025-05-17,12:40:00,12.86
Comox,2025-05-17,12:50:00,12.86
Comox,2025-05-17,13:00:00,12.9
Comox,2025-05-17,13:10:00,12.92
Comox,2025-05-17,13:20:00,12.94
Comox,2025-05-17,13:30:00,12.94
Comox,2025-05-17,13:40:00,12.92
Comox,2025-05-17,13:50:00,12.94
Comox,2025-05-17,14:00:00,12.96
Comox,2025-05-17,14:10:00,12.94
Comox,2025-05-17,14:20:00,12.94
Comox,2025-05-17,14:30:00,12.94
Comox,2025-05-17,14:40:00,12.99
Comox,2025-05-17,14:50:00,13.02
Comox,2025-05-17,15:00:00,13.03
Comox,2025-05-17,15:10:00,12.97
Comox,2025-05-17,15:20:00,12.95
Comox,2025-05-17,15:30:00,12.96
Comox,2025-05-17,15:40:00,12.93
Comox,2025-05-17,15:50:00,12.93
Comox,2025-05-17,16:00:00,12.91
Comox,2025-05-17,16:10:00,12.9
Comox,2025-05-17,16:20:00,12.9
Comox,2025-05-17,16:30:00,12.91
Comox,2025-05-17,16:40:00,12.91
Comox,2025-05-17,16:50:00,12.95
Comox,2025-05-17,17:00:00,12.97
Comox,2025-05-17,17:10:00,12.97
Comox,2025-05-17,17:20:00,12.95
Comox,2025-05-17,17:30:00,12.94
Comox,2025-05-17,17:40:00,12.94
Comox,2025-05-17,17:50:00,12.95
Comox,2025-05-17,18:00:00,12.96
Comox,2025-05-17,18:10:00,12.95
Comox,2025-05-17,18:20:00,12.94
Comox,2025-05-17,18:30:00,12.96
Comox,2025-05-17,18:40:00,12.93
Comox,2025-05-17,18:50:00,12.92
Comox,2025-05-17,19:00:00,12.9
Comox,2025-05-17,19:10:00,12.89
Comox,2025-05-17,19:20:00,12.85
Comox,2025-05-17,19:30:00,12.82
Comox,2025-05-17,19:40:00,12.82
Comox,2025-05-17,19:50:00,12.85
Comox,2025-05-17,20:00:00,12.9
Comox,2025-05-17,20:10:00,12.92
Comox,2025-05-17,20:20:00,12.93
Comox,2025-05-17,20:30:00,12.89
Comox,2025-05-17,20:40:00,12.87
Comox,2025-05-17,20:50:00,12.81
Comox,2025-05-17,21:00:00,12.79
Comox,2025-05-17,21:10:00,12.75
Comox,2025-05-17,21:20:00,12.76
Comox,2025-05-17,21:30:00,12.72
Comox,2025-05-17,21:40:00,12.63
Comox,2025-05-17,21:50:00,12.61
Comox,2025-05-17,22:00:00,12.64
Comox,2025-05-17,22:10:00,12.62
Comox,2025-05-17,22:20:00,12.65
Comox,2025-05-17,22:30:00,12.63
Comox,2025-05-17,22:40:00,12.63
Comox,2025-05-17,22:50:00,12.64
Comox,2025-05-17,23:00:00,12.64
Comox,2025-05-17,23:10:00,12.61
Comox,2025-05-17,23:20:00,12.61
Comox,2025-05-17,23:30:00,12.59
Comox,2025-05-17,23:40:00,12.57
Comox,2025-05-17,23:50:00,12.58
Comox,2025-05-18,0:00:00,12.6
Comox,2025-05-18,0:10:00,12.6
Comox,2025-05-18,0:20:00,12.61
Comox,2025-05-18,0:30:00,12.61
Comox,2025-05-18,0:40:00,12.58
Comox,2025-05-18,0:50:00,12.59
Comox,2025-05-18,1:00:00,12.61
Comox,2025-05-18,1:10:00,12.63
Comox,2025-05-18,1:20:00,12.62
Comox,2025-05-18,1:30:00,12.62
Comox,2025-05-18,1:40:00,12.59
Comox,2025-05-18,1:50:00,12.6
Comox,2025-05-18,2:00:00,12.52
Comox,2025-05-18,2:10:00,12.47
Comox,2025-05-18,2:20:00,12.47
Comox,2025-05-18,2:30:00,12.42
Comox,2025-05-18,2:40:00,12.4
Comox,2025-05-18,2:50:00,12.46
Comox,2025-05-18,3:00:00,12.43
Comox,2025-05-18,3:10:00,12.46
Comox,2025-05-18,3:20:00,12.45
Comox,2025-05-18,3:30:00,12.47
Comox,2025-05-18,3:40:00,12.49
Comox,2025-05-18,3:50:00,12.49
Comox,2025-05-18,4:00:00,12.49
Comox,2025-05-18,4:10:00,12.49
Comox,2025-05-18,4:20:00,12.48
Comox,2025-05-18,4:30:00,12.45
Comox,2025-05-18,4:40:00,12.44
Comox,2025-05-18,4:50:00,12.47
Comox,2025-05-18,5:00:00,12.46
Comox,2025-05-18,5:10:00,12.5
Comox,2025-05-18,5:20:00,12.56
Comox,2025-05-18,5:30:00,12.56
Comox,2025-05-18,5:40:00,12.58
Comox,2025-05-18,5:50:00,12.6
Comox,2025-05-18,6:00:00,12.58
Comox,2025-05-18,6:10:00,12.58
Comox,2025-05-18,6:20:00,12.57
Comox,2025-05-18,6:30:00,12.57
Comox,2025-05-18,6:40:00,12.57
Comox,2025-05-18,6:50:00,12.57
Comox,2025-05-18,7:00:00,12.56
Comox,2025-05-18,7:10:00,12.57
Comox,2025-05-18,7:20:00,12.57
Comox,2025-05-18,7:30:00,12.57
Comox,2025-05-18,7:40:00,12.57
Comox,2025-05-18,7:50:00,12.58
Comox,2025-05-18,8:00:00,12.58
Comox,2025-05-18,8:10:00,12.6
Comox,2025-05-18,8:20:00,12.62
Comox,2025-05-18,8:30:00,12.65
Comox,2025-05-18,8:40:00,12.63
Comox,2025-05-18,8:50:00,12.67
Comox,2025-05-18,9:00:00,12.65
Comox,2025-05-18,9:10:00,12.66
Comox,2025-05-18,9:20:00,12.92
Comox,2025-05-18,9:30:00,13.12
Comox,2025-05-18,9:40:00,13.11
Comox,2025-05-18,9:50:00,13.11
Comox,2025-05-18,10:00:00,13.2
Comox,2025-05-18,10:10:00,13.15
Comox,2025-05-18,10:20:00,13.15
Comox,2025-05-18,10:30:00,13.19
Comox,2025-05-18,10:40:00,13.1
Comox,2025-05-18,10:50:00,13.17
Comox,2025-05-18,11:00:00,13.22
Comox,2025-05-18,11:10:00,13.21
Comox,2025-05-18,11:20:00,13.18
Comox,2025-05-18,11:30:00,13.12
Comox,2025-05-18,11:40:00,13.04
Comox,2025-05-18,11:50:00,13.1
Comox,2025-05-18,12:00:00,13.15
Comox,2025-05-18,12:10:00,13.08
Comox,2025-05-18,12:20:00,13.14
Comox,2025-05-18,12:30:00,13.2
Comox,2025-05-18,12:40:00,13.17
Comox,2025-05-18,12:50:00,13.27
Comox,2025-05-18,13:00:00,13.45
Comox,2025-05-18,13:10:00,13.55
Comox,2025-05-18,13:20:00,13.54
Comox,2025-05-18,13:30:00,13.53
Comox,2025-05-18,13:40:00,13.52
Comox,2025-05-18,13:50:00,13.56
Comox,2025-05-18,14:00:00,13.56
Comox,2025-05-18,14:10:00,13.46
Comox,2025-05-18,14:20:00,13.49
Comox,2025-05-18,14:30:00,13.5
Comox,2025-05-18,14:40:00,13.53
Comox,2025-05-18,14:50:00,13.6
Comox,2025-05-18,15:00:00,13.65
Comox,2025-05-18,15:10:00,13.7
Comox,2025-05-18,15:20:00,13.74
Comox,2025-05-18,15:30:00,13.81
Comox,2025-05-18,15:40:00,13.9
Comox,2025-05-18,15:50:00,13.93
Comox,2025-05-18,16:00:00,13.98
Comox,2025-05-18,16:10:00,14.05
Comox,2025-05-18,16:20:00,14.05
Comox,2025-05-18,16:30:00,14.01
Comox,2025-05-18,16:40:00,14.14
Comox,2025-05-18,16:50:00,14.22
Comox,2025-05-18,17:00:00,14.55
Comox,2025-05-18,17:10:00,14.7
Comox,2025-05-18,17:20:00,14.65
Comox,2025-05-18,17:30:00,14.72
Comox,2025-05-18,17:40:00,14.82
Comox,2025-05-18,17:50:00,15.21
Comox,2025-05-18,18:00:00,15.31
Comox,2025-05-18,18:10:00,15.37
Comox,2025-05-18,18:20:00,15.39
Comox,2025-05-18,18:30:00,15.09
Comox,2025-05-18,18:40:00,14.78
Comox,2025-05-18,18:50:00,14.59
Comox,2025-05-18,19:00:00,14.38
Comox,2025-05-18,19:10:00,14.28
Comox,2025-05-18,19:20:00,14.27
Comox,2025-05-18,19:30:00,14.47
Comox,2025-05-18,19:40:00,14.59
Comox,2025-05-18,19:50:00,14.7
Comox,2025-05-18,20:00:00,14.82
Comox,2025-05-18,20:10:00,14.71
Comox,2025-05-18,20:20:00,14.89
Comox,2025-05-18,20:30:00,14.99
Comox,2025-05-18,20:40:00,14.6
Comox,2025-05-18,20:50:00,14.32
Comox,2025-05-18,21:00:00,14.14
Comox,2025-05-18,21:10:00,14.07
Comox,2025-05-18,21:20:00,14.07
Comox,2025-05-18,21:30:00,14.04
Comox,2025-05-18,21:40:00,13.99
Comox,2025-05-18,21:50:00,13.92
Comox,2025-05-18,22:00:00,13.88
Comox,2025-05-18,22:10:00,13.79
Comox,2025-05-18,22:20:00,13.77
Comox,2025-05-18,22:30:00,13.71
Comox,2025-05-18,22:40:00,13.7
Comox,2025-05-18,22:50:00,13.66
Comox,2025-05-18,23:00:00,13.67
Comox,2025-05-18,23:10:00,13.67
Comox,2025-05-18,23:20:00,13.65
Comox,2025-05-18,23:30:00,13.61
Comox,2025-05-18,23:40:00,13.59
Comox,2025-05-18,23:50:00,13.63
Comox,2025-05-19,0:00:00,13.56
Comox,2025-05-19,0:10:00,13.54
Comox,2025-05-19,0:20:00,13.51
Comox,2025-05-19,0:30:00,13.44
Comox,2025-05-19,0:40:00,13.47
Comox,2025-05-19,0:50:00,13.47
Comox,2025-05-19,1:00:00,13.48
Comox,2025-05-19,1:10:00,13.49
Comox,2025-05-19,1:20:00,13.49
Comox,2025-05-19,1:30:00,13.48
Comox,2025-05-19,1:40:00,13.45
Comox,2025-05-19,1:50:00,13.41
Comox,2025-05-19,2:00:00,13.41
Comox,2025-05-19,2:10:00,13.32
Comox,2025-05-19,2:20:00,13.31
Comox,2025-05-19,2:30:00,13.37
Comox,2025-05-19,2:40:00,13.35
Comox,2025-05-19,2:50:00,13.43
Comox,2025-05-19,3:00:00,13.4
Comox,2025-05-19,3:10:00,13.39
Comox,2025-05-19,3:20:00,13.38
Comox,2025-05-19,3:30:00,13.34
Comox,2025-05-19,3:40:00,13.25
Comox,2025-05-19,3:50:00,13.23
Comox,2025-05-19,4:00:00,13.17
Comox,2025-05-19,4:10:00,13.16
Comox,2025-05-19,4:20:00,13.09
Comox,2025-05-19,4:30:00,13.04
Comox,2025-05-19,4:40:00,12.99
Comox,2025-05-19,4:50:00,12.96
Comox,2025-05-19,5:00:00,12.87
Comox,2025-05-19,5:10:00,12.76
Comox,2025-05-19,5:20:00,12.62
Comox,2025-05-19,5:30:00,12.64
Comox,2025-05-19,5:40:00,12.63
Comox,2025-05-19,5:50:00,12.61
Comox,2025-05-19,6:00:00,12.62
Comox,2025-05-19,6:10:00,12.57
Comox,2025-05-19,6:20:00,12.44
Comox,2025-05-19,6:30:00,12.43
Comox,2025-05-19,6:40:00,12.48
Comox,2025-05-19,6:50:00,12.47
Comox,2025-05-19,7:00:00,12.52
Comox,2025-05-19,7:10:00,12.57
Comox,2025-05-19,7:20:00,12.52
Comox,2025-05-19,7:30:00,12.55
Comox,2025-05-19,7:40:00,12.52
Comox,2025-05-19,7:50:00,12.53
Comox,2025-05-19,8:00:00,12.53
Comox,2025-05-19,8:10:00,12.51
Comox,2025-05-19,8:20:00,12.61
Comox,2025-05-19,8:30:00,12.67
Comox,2025-05-19,8:40:00,12.61
Comox,2025-05-19,8:50:00,12.69
Comox,2025-05-19,9:00:00,12.67
Comox,2025-05-19,9:10:00,12.64
Comox,2025-05-19,9:20:00,12.21
Comox,2025-05-19,9:30:00,12.05
Comox,2025-05-19,9:40:00,12.1
Comox,2025-05-19,9:50:00,12.05
Comox,2025-05-19,10:00:00,11.99
Comox,2025-05-19,10:10:00,12
Comox,2025-05-19,10:20:00,12.1
Comox,2025-05-19,10:30:00,12.16
Comox,2025-05-19,10:40:00,12.26
Comox,2025-05-19,10:50:00,12.21
Comox,2025-05-19,11:00:00,12.36
Comox,2025-05-19,11:10:00,12.41
Comox,2025-05-19,11:20:00,12.51
Comox,2025-05-19,11:30:00,12.49
Comox,2025-05-19,11:40:00,12.49
Comox,2025-05-19,11:50:00,12.53
Comox,2025-05-19,12:00:00,12.56
Comox,2025-05-19,12:10:00,12.58
Comox,2025-05-19,12:20:00,12.67
Comox,2025-05-19,12:30:00,12.76
Comox,2025-05-19,12:40:00,12.79
Comox,2025-05-19,12:50:00,12.84
Comox,2025-05-19,13:00:00,12.93
Comox,2025-05-19,13:10:00,13.01
Comox,2025-05-19,13:20:00,13.07
Comox,2025-05-19,13:30:00,13.15
Comox,2025-05-19,13:40:00,13.1
Comox,2025-05-19,13:50:00,13.16
Comox,2025-05-19,14:00:00,13.18
Comox,2025-05-19,14:10:00,13.19
Comox,2025-05-19,14:20:00,13.22
Comox,2025-05-19,14:30:00,13.25
Comox,2025-05-19,14:40:00,13.31
Comox,2025-05-19,14:50:00,13.32
Comox,2025-05-19,15:00:00,13.37
Comox,2025-05-19,15:10:00,13.44
Comox,2025-05-19,15:20:00,13.5
Comox,2025-05-19,15:30:00,13.54
Comox,2025-05-19,15:40:00,13.66
Comox,2025-05-19,15:50:00,13.76
Comox,2025-05-19,16:00:00,13.83
Comox,2025-05-19,16:10:00,13.98
Comox,2025-05-19,16:20:00,14.05
Comox,2025-05-19,16:30:00,14.11
Comox,2025-05-19,16:40:00,14.14
Comox,2025-05-19,16:50:00,14.18
Comox,2025-05-19,17:00:00,14.14
Comox,2025-05-19,17:10:00,14.17
Comox,2025-05-19,17:20:00,14.18
Comox,2025-05-19,17:30:00,14.15
Comox,2025-05-19,17:40:00,14.2
Comox,2025-05-19,17:50:00,14.21
Comox,2025-05-19,18:00:00,14.11
Comox,2025-05-19,18:10:00,14.03
Comox,2025-05-19,18:20:00,14.14
Comox,2025-05-19,18:30:00,14.21
Comox,2025-05-19,18:40:00,14.23
Comox,2025-05-19,18:50:00,14.13
Comox,2025-05-19,19:00:00,14.03
Comox,2025-05-19,19:10:00,13.99
Comox,2025-05-19,19:20:00,14.03
Comox,2025-05-19,19:30:00,14.03
Comox,2025-05-19,19:40:00,14.03
Comox,2025-05-19,19:50:00,13.99
Comox,2025-05-19,20:00:00,13.98
Comox,2025-05-19,20:10:00,13.92
Comox,2025-05-19,20:20:00,13.86
Comox,2025-05-19,20:30:00,13.78
Comox,2025-05-19,20:40:00,13.63
Comox,2025-05-19,20:50:00,13.88
Comox,2025-05-19,21:00:00,13.71
Comox,2025-05-19,21:10:00,13.49
Comox,2025-05-19,21:20:00,13.36
Comox,2025-05-19,21:30:00,13.23
Comox,2025-05-19,21:40:00,13.17
Comox,2025-05-19,21:50:00,13.14
Comox,2025-05-19,22:00:00,13.17
Comox,2025-05-19,22:10:00,13.26
Comox,2025-05-19,22:20:00,13.41
Comox,2025-05-19,22:30:00,13.41
Comox,2025-05-19,22:40:00,13.37
Comox,2025-05-19,22:50:00,13.38
Comox,2025-05-19,23:00:00,13.38
Comox,2025-05-19,23:10:00,13.43
Comox,2025-05-19,23:20:00,13.44
Comox,2025-05-19,23:30:00,13.36
Comox,2025-05-19,23:40:00,13.34
Comox,2025-05-19,23:50:00,13.34
Comox,2025-05-20,0:00:00,13.23
Comox,2025-05-20,0:10:00,13.25
Comox,2025-05-20,0:20:00,13.15
Comox,2025-05-20,0:30:00,13.07
Comox,2025-05-20,0:40:00,13.12
Comox,2025-05-20,0:50:00,13.1
Comox,2025-05-20,1:00:00,13.07
Comox,2025-05-20,1:10:00,13.07
Comox,2025-05-20,1:20:00,13.02
Comox,2025-05-20,1:30:00,12.96
Comox,2025-05-20,1:40:00,12.99
Comox,2025-05-20,1:50:00,12.95
Comox,2025-05-20,2:00:00,12.94
Comox,2025-05-20,2:10:00,12.99
Comox,2025-05-20,2:20:00,12.97
Comox,2025-05-20,2:30:00,12.99
Comox,2025-05-20,2:40:00,12.91
Comox,2025-05-20,2:50:00,12.92
Comox,2025-05-20,3:00:00,12.88
Comox,2025-05-20,3:10:00,12.86
Comox,2025-05-20,3:20:00,12.86
Comox,2025-05-20,3:30:00,12.85
Comox,2025-05-20,3:40:00,12.79
Comox,2025-05-20,3:50:00,12.8
Comox,2025-05-20,4:00:00,12.82
Comox,2025-05-20,4:10:00,12.8
Comox,2025-05-20,4:20:00,12.84
Comox,2025-05-20,4:30:00,12.85
Comox,2025-05-20,4:40:00,12.85
Comox,2025-05-20,4:50:00,12.84
Comox,2025-05-20,5:00:00,12.86
Comox,2025-05-20,5:10:00,12.85
Comox,2025-05-20,5:20:00,12.84
Comox,2025-05-20,5:30:00,12.85
Comox,2025-05-20,5:40:00,12.81
Comox,2025-05-20,5:50:00,12.77
Comox,2025-05-20,6:00:00,12.8
Comox,2025-05-20,6:10:00,12.81
Comox,2025-05-20,6:20:00,12.85
Comox,2025-05-20,6:30:00,12.85
Comox,2025-05-20,6:40:00,12.85
Comox,2025-05-20,6:50:00,12.85
Comox,2025-05-20,7:00:00,12.87
Comox,2025-05-20,7:10:00,12.85
Comox,2025-05-20,7:20:00,12.82
Comox,2025-05-20,7:30:00,12.84
Comox,2025-05-20,7:40:00,12.85
Comox,2025-05-20,7:50:00,12.94
Comox,2025-05-20,8:00:00,13.01
Comox,2025-05-20,8:10:00,12.93
Comox,2025-05-20,8:20:00,12.92
Comox,2025-05-20,8:30:00,12.88
Comox,2025-05-20,8:40:00,12.88
Comox,2025-05-20,8:50:00,12.92
Comox,2025-05-20,9:00:00,12.92
Comox,2025-05-20,9:10:00,12.91
Comox,2025-05-20,9:20:00,12.82
Comox,2025-05-20,9:30:00,12.87
Comox,2025-05-20,9:40:00,12.84
Comox,2025-05-20,9:50:00,12.8
Comox,2025-05-20,10:00:00,12.81
Comox,2025-05-20,10:10:00,12.82
Comox,2025-05-20,10:20:00,12.86
Comox,2025-05-20,10:30:00,12.91
Comox,2025-05-20,10:40:00,13.03
Comox,2025-05-20,10:50:00,13.04
Comox,2025-05-20,11:00:00,12.96
Comox,2025-05-20,11:10:00,12.96
Comox,2025-05-20,11:20:00,12.85
Comox,2025-05-20,11:30:00,12.8
Comox,2025-05-20,11:40:00,12.85
Comox,2025-05-20,11:50:00,12.85
Comox,2025-05-20,12:00:00,12.77
Comox,2025-05-20,12:10:00,12.81
Comox,2025-05-20,12:20:00,12.89
Comox,2025-05-20,12:30:00,12.99
Comox,2025-05-20,12:40:00,13.07
Comox,2025-05-20,12:50:00,13.22
Comox,2025-05-20,13:00:00,13.3
Comox,2025-05-20,13:10:00,13.4
Comox,2025-05-20,13:20:00,13.59
Comox,2025-05-20,13:30:00,13.51
Comox,2025-05-20,13:40:00,13.48
Comox,2025-05-20,13:50:00,13.49
Comox,2025-05-20,14:00:00,13.49
Comox,2025-05-20,14:10:00,13.53
Comox,2025-05-20,14:20:00,13.6
Comox,2025-05-20,14:30:00,13.63
Comox,2025-05-20,14:40:00,13.65
Comox,2025-05-20,14:50:00,13.65
Comox,2025-05-20,15:00:00,13.64
Comox,2025-05-20,15:10:00,13.56
Comox,2025-05-20,15:20:00,13.55
Comox,2025-05-20,15:30:00,13.64
Comox,2025-05-20,15:40:00,13.68
Comox,2025-05-20,15:50:00,13.8
Comox,2025-05-20,16:00:00,13.78
Comox,2025-05-20,16:10:00,13.85
Comox,2025-05-20,16:20:00,13.93
Comox,2025-05-20,16:30:00,14
Comox,2025-05-20,16:40:00,14.03
Comox,2025-05-20,16:50:00,14.04
Comox,2025-05-20,17:00:00,14.07
Comox,2025-05-20,17:10:00,14.13
Comox,2025-05-20,17:20:00,14.19
Comox,2025-05-20,17:30:00,14.24
Comox,2025-05-20,17:40:00,14.29
Comox,2025-05-20,17:50:00,14.34
Comox,2025-05-20,18:00:00,14.32
Comox,2025-05-20,18:10:00,14.24
Comox,2025-05-20,18:20:00,14.27
Comox,2025-05-20,18:30:00,14.27
Comox,2025-05-20,18:40:00,14.29
Comox,2025-05-20,18:50:00,14.34
Comox,2025-05-20,19:00:00,14.26
Comox,2025-05-20,19:10:00,14.01
Comox,2025-05-20,19:20:00,14.01
Comox,2025-05-20,19:30:00,13.88
Comox,2025-05-20,19:40:00,13.83
Comox,2025-05-20,19:50:00,13.85
Comox,2025-05-20,20:00:00,13.85
Comox,2025-05-20,20:10:00,13.78
Comox,2025-05-20,20:20:00,13.75
Comox,2025-05-20,20:30:00,13.74
Comox,2025-05-20,20:40:00,13.79
Comox,2025-05-20,20:50:00,13.8
Comox,2025-05-20,21:00:00,13.8
Comox,2025-05-20,21:10:00,13.77
Comox,2025-05-20,21:20:00,13.76
Comox,2025-05-20,21:30:00,13.76
Comox,2025-05-20,21:40:00,13.67
Comox,2025-05-20,21:50:00,13.61
Comox,2025-05-20,22:00:00,13.55
Comox,2025-05-20,22:10:00,13.48
Comox,2025-05-20,22:20:00,13.39
Comox,2025-05-20,22:30:00,13.24
Comox,2025-05-20,22:40:00,13.16
Comox,2025-05-20,22:50:00,13.2
Comox,2025-05-20,23:00:00,13.21
Comox,2025-05-20,23:10:00,13.18
Comox,2025-05-20,23:20:00,13.07
Comox,2025-05-20,23:30:00,13.03
Comox,2025-05-20,23:40:00,13.03
Comox,2025-05-20,23:50:00,12.96
Comox,2025-05-21,0:00:00,12.94
Comox,2025-05-21,0:10:00,12.9
Comox,2025-05-21,0:20:00,12.85
Comox,2025-05-21,0:30:00,12.87
Comox,2025-05-21,0:40:00,12.78
Comox,2025-05-21,0:50:00,12.73
Comox,2025-05-21,1:00:00,12.77
Comox,2025-05-21,1:10:00,12.74
Comox,2025-05-21,1:20:00,12.8
Comox,2025-05-21,1:30:00,12.78
Comox,2025-05-21,1:40:00,12.79
Comox,2025-05-21,1:50:00,12.73
Comox,2025-05-21,2:00:00,12.72
Comox,2025-05-21,2:10:00,12.72
Comox,2025-05-21,2:20:00,12.7
Comox,2025-05-21,2:30:00,12.66
Comox,2025-05-21,2:40:00,12.65
Comox,2025-05-21,2:50:00,12.65
Comox,2025-05-21,3:00:00,12.66
Comox,2025-05-21,3:10:00,12.66
Comox,2025-05-21,3:20:00,12.58
Comox,2025-05-21,3:30:00,12.51
Comox,2025-05-21,3:40:00,12.5
Comox,2025-05-21,3:50:00,12.53
Comox,2025-05-21,4:00:00,12.53
Comox,2025-05-21,4:10:00,12.56
Comox,2025-05-21,4:20:00,12.61
Comox,2025-05-21,4:30:00,12.61
Comox,2025-05-21,4:40:00,12.61
Comox,2025-05-21,4:50:00,12.62
Comox,2025-05-21,5:00:00,12.61
Comox,2025-05-21,5:10:00,12.6
Comox,2025-05-21,5:20:00,12.62
Comox,2025-05-21,5:30:00,12.59
Comox,2025-05-21,5:40:00,12.6
Comox,2025-05-21,5:50:00,12.59
Comox,2025-05-21,6:00:00,12.57
Comox,2025-05-21,6:10:00,12.59
Comox,2025-05-21,6:20:00,12.59
Comox,2025-05-21,6:30:00,12.57
Comox,2025-05-21,6:40:00,12.59
Comox,2025-05-21,6:50:00,12.62
Comox,2025-05-21,7:00:00,12.6
Comox,2025-05-21,7:10:00,12.6
Comox,2025-05-21,7:20:00,12.61
Comox,2025-05-21,7:30:00,12.57
Comox,2025-05-21,7:40:00,12.57
Comox,2025-05-21,7:50:00,12.6
Comox,2025-05-21,8:00:00,12.61
Comox,2025-05-21,8:10:00,12.63
Comox,2025-05-21,8:20:00,12.63
Comox,2025-05-21,8:30:00,12.63
Comox,2025-05-21,8:40:00,12.64
Comox,2025-05-21,8:50:00,12.64
Comox,2025-05-21,9:00:00,12.66
Comox,2025-05-21,9:10:00,12.64
Comox,2025-05-21,9:20:00,12.65
Comox,2025-05-21,9:30:00,12.62
Comox,2025-05-21,9:40:00,12.62
Comox,2025-05-21,9:50:00,12.63
Comox,2025-05-21,10:00:00,12.65
Comox,2025-05-21,10:10:00,12.65
Comox,2025-05-21,10:20:00,12.67
Comox,2025-05-21,10:30:00,12.77
Comox,2025-05-21,10:40:00,12.78
Comox,2025-05-21,10:50:00,12.75
Comox,2025-05-21,11:00:00,12.74
Comox,2025-05-21,11:10:00,12.7
Comox,2025-05-21,11:20:00,12.76
Comox,2025-05-21,11:30:00,12.69
Comox,2025-05-21,11:40:00,12.69
Comox,2025-05-21,11:50:00,12.69
Comox,2025-05-21,12:00:00,12.65
Comox,2025-05-21,12:10:00,12.66
Comox,2025-05-21,12:20:00,12.57
Comox,2025-05-21,12:30:00,12.57
Comox,2025-05-21,12:40:00,12.61
Comox,2025-05-21,12:50:00,12.58
Comox,2025-05-21,13:00:00,12.67
Comox,2025-05-21,13:10:00,12.86
Comox,2025-05-21,13:20:00,12.97
Comox,2025-05-21,13:30:00,13.18
Comox,2025-05-21,13:40:00,13.46
Comox,2025-05-21,13:50:00,13.7
Comox,2025-05-21,14:00:00,14.08
Comox,2025-05-21,14:10:00,14.25
Comox,2025-05-21,14:20:00,14.35
Comox,2025-05-21,14:30:00,14.25
Comox,2025-05-21,14:40:00,14.28
Comox,2025-05-21,14:50:00,14.35
Comox,2025-05-21,15:00:00,14.24
Comox,2025-05-21,15:10:00,14.2
Comox,2025-05-21,15:20:00,14.24
Comox,2025-05-21,15:30:00,14.48
Comox,2025-05-21,15:40:00,14.56
Comox,2025-05-21,15:50:00,14.58
Comox,2025-05-21,16:00:00,14.53
Comox,2025-05-21,16:10:00,14.51
Comox,2025-05-21,16:20:00,14.52
Comox,2025-05-21,16:30:00,14.42
Comox,2025-05-21,16:40:00,14.4
Comox,2025-05-21,16:50:00,14.34
Comox,2025-05-21,17:00:00,14.28
Comox,2025-05-21,17:10:00,14.22
Comox,2025-05-21,17:20:00,14.33
Comox,2025-05-21,17:30:00,14.39
Comox,2025-05-21,17:40:00,14.49
Comox,2025-05-21,17:50:00,14.63
Comox,2025-05-21,18:00:00,14.79
Comox,2025-05-21,18:10:00,15.04
Comox,2025-05-21,18:20:00,15.16
Comox,2025-05-21,18:30:00,15.22
Comox,2025-05-21,18:40:00,15.3
Comox,2025-05-21,18:50:00,15.3
Comox,2025-05-21,19:00:00,15.34
Comox,2025-05-21,19:10:00,15.32
Comox,2025-05-21,19:20:00,15.41
Comox,2025-05-21,19:30:00,15.38
Comox,2025-05-21,19:40:00,15.34
Comox,2025-05-21,19:50:00,15.32
Comox,2025-05-21,20:00:00,15.33
Comox,2025-05-21,20:10:00,15.23
Comox,2025-05-21,20:20:00,15.13
Comox,2025-05-21,20:30:00,14.78
Comox,2025-05-21,20:40:00,14.65
Comox,2025-05-21,20:50:00,14.58
Comox,2025-05-21,21:00:00,14.42
Comox,2025-05-21,21:10:00,14.45
Comox,2025-05-21,21:20:00,14.25
Comox,2025-05-21,21:30:00,14.13
Comox,2025-05-21,21:40:00,14.03
Comox,2025-05-21,21:50:00,13.71
Comox,2025-05-21,22:00:00,13.38
Comox,2025-05-21,22:10:00,13.32
Comox,2025-05-21,22:20:00,13.27
Comox,2025-05-21,22:30:00,13.17
Comox,2025-05-21,22:40:00,13.11
Comox,2025-05-21,22:50:00,12.94
Comox,2025-05-21,23:00:00,12.79
Comox,2025-05-21,23:10:00,12.63
Comox,2025-05-21,23:20:00,12.5
Comox,2025-05-21,23:30:00,12.95
Comox,2025-05-21,23:40:00,13.17
Comox,2025-05-21,23:50:00,13
Comox,2025-05-22,0:00:00,13.21
Comox,2025-05-22,0:10:00,13.32
Comox,2025-05-22,0:20:00,13.38
Comox,2025-05-22,0:30:00,13.52
Comox,2025-05-22,0:40:00,13.56
Comox,2025-05-22,0:50:00,13.64
Comox,2025-05-22,1:00:00,13.76
Comox,2025-05-22,1:10:00,13.65
Comox,2025-05-22,1:20:00,13.56
Comox,2025-05-22,1:30:00,13.6
Comox,2025-05-22,1:40:00,13.61
Comox,2025-05-22,1:50:00,13.61
Comox,2025-05-22,2:00:00,13.58
Comox,2025-05-22,2:10:00,13.6
Comox,2025-05-22,2:20:00,13.58
Comox,2025-05-22,2:30:00,13.59
Comox,2025-05-22,2:40:00,13.6
Comox,2025-05-22,2:50:00,13.53
Comox,2025-05-22,3:00:00,13.47
Comox,2025-05-22,3:10:00,13.43
Comox,2025-05-22,3:20:00,13.4
Comox,2025-05-22,3:30:00,13.44
Comox,2025-05-22,3:40:00,13.41
Comox,2025-05-22,3:50:00,13.39
Comox,2025-05-22,4:00:00,13.31
Comox,2025-05-22,4:10:00,13.25
Comox,2025-05-22,4:20:00,13.17
Comox,2025-05-22,4:30:00,13.15
Comox,2025-05-22,4:40:00,13.12
Comox,2025-05-22,4:50:00,13.11
Comox,2025-05-22,5:00:00,13.05
Comox,2025-05-22,5:10:00,12.99
Comox,2025-05-22,5:20:00,12.96
Comox,2025-05-22,5:30:00,13.04
Comox,2025-05-22,5:40:00,12.88
Comox,2025-05-22,5:50:00,12.78
Comox,2025-05-22,6:00:00,12.99
Comox,2025-05-22,6:10:00,12.97
Comox,2025-05-22,6:20:00,12.96
Comox,2025-05-22,6:30:00,12.94
Comox,2025-05-22,6:40:00,12.92
Comox,2025-05-22,6:50:00,12.95
Comox,2025-05-22,7:00:00,12.85
Comox,2025-05-22,7:10:00,12.82
Comox,2025-05-22,7:20:00,12.88
Comox,2025-05-22,7:30:00,12.91
Comox,2025-05-22,7:40:00,12.93
Comox,2025-05-22,7:50:00,12.94
Comox,2025-05-22,8:00:00,12.97
Comox,2025-05-22,8:10:00,12.94
Comox,2025-05-22,8:20:00,12.87
Comox,2025-05-22,8:30:00,12.9
Comox,2025-05-22,8:40:00,12.94
Comox,2025-05-22,8:50:00,12.8
Comox,2025-05-22,9:00:00,12.67
Comox,2025-05-22,9:10:00,12.79
Comox,2025-05-22,9:20:00,12.89
Comox,2025-05-22,9:30:00,12.94
Comox,2025-05-22,9:40:00,13.07
Comox,2025-05-22,9:50:00,13.22
Comox,2025-05-22,10:00:00,13.25
Comox,2025-05-22,10:10:00,13.32
Comox,2025-05-22,10:20:00,13.31
Comox,2025-05-22,10:30:00,13.29
Comox,2025-05-22,10:40:00,13.34
Comox,2025-05-22,10:50:00,13.29
Comox,2025-05-22,11:00:00,13.25
Comox,2025-05-22,11:10:00,13.22
Comox,2025-05-22,11:20:00,13.25
Comox,2025-05-22,11:30:00,13.24
Comox,2025-05-22,11:40:00,13.09
Comox,2025-05-22,11:50:00,13.17
Comox,2025-05-22,12:00:00,13.2
Comox,2025-05-22,12:10:00,13.22
Comox,2025-05-22,12:20:00,13.18
Comox,2025-05-22,12:30:00,13.23
Comox,2025-05-22,12:40:00,13.26
Comox,2025-05-22,12:50:00,13.27
Comox,2025-05-22,13:00:00,13.26
Comox,2025-05-22,13:10:00,13.17
Comox,2025-05-22,13:20:00,13.17
Comox,2025-05-22,13:30:00,13.12
Comox,2025-05-22,13:40:00,13
Comox,2025-05-22,13:50:00,12.91
Comox,2025-05-22,14:00:00,12.96
Comox,2025-05-22,14:10:00,13
Comox,2025-05-22,14:20:00,13.09
Comox,2025-05-22,14:30:00,13.24
Comox,2025-05-22,14:40:00,13.51
Comox,2025-05-22,14:50:00,13.75
Comox,2025-05-22,15:00:00,14.32
Comox,2025-05-22,15:10:00,14.51
Comox,2025-05-22,15:20:00,14.59
Comox,2025-05-22,15:30:00,14.4
Comox,2025-05-22,15:40:00,14.41
Comox,2025-05-22,15:50:00,14.53
Comox,2025-05-22,16:00:00,14.52
Comox,2025-05-22,16:10:00,14.36
Comox,2025-05-22,16:20:00,14.23
Comox,2025-05-22,16:30:00,14.2
Comox,2025-05-22,16:40:00,14.22
Comox,2025-05-22,16:50:00,14.18
Comox,2025-05-22,17:00:00,14.08
Comox,2025-05-22,17:10:00,14.07
Comox,2025-05-22,17:20:00,14.07
Comox,2025-05-22,17:30:00,14.06
Comox,2025-05-22,17:40:00,14.1
Comox,2025-05-22,17:50:00,14.13
Comox,2025-05-22,18:00:00,14.23
Comox,2025-05-22,18:10:00,14.29
Comox,2025-05-22,18:20:00,14.33
Comox,2025-05-22,18:30:00,14.35
Comox,2025-05-22,18:40:00,14.38
Comox,2025-05-22,18:50:00,14.39
Comox,2025-05-22,19:00:00,14.36
Comox,2025-05-22,19:10:00,14.32
Comox,2025-05-22,19:20:00,14.3
Comox,2025-05-22,19:30:00,14.29
Comox,2025-05-22,19:40:00,14.28
Comox,2025-05-22,19:50:00,14.29
Comox,2025-05-22,20:00:00,14.28
Comox,2025-05-22,20:10:00,14.26
Comox,2025-05-22,20:20:00,14.25
Comox,2025-05-22,20:30:00,14.28
Comox,2025-05-22,20:40:00,14.3
Comox,2025-05-22,20:50:00,14.28
Comox,2025-05-22,21:00:00,14.3
Comox,2025-05-22,21:10:00,14.32
Comox,2025-05-22,21:20:00,14.34
Comox,2025-05-22,21:30:00,14.35
Comox,2025-05-22,21:40:00,14.36
Comox,2025-05-22,21:50:00,14.36
Comox,2025-05-22,22:00:00,14.25
Comox,2025-05-22,22:10:00,14.12
Comox,2025-05-22,22:20:00,14.09
Comox,2025-05-22,22:30:00,14.11
Comox,2025-05-22,22:40:00,14.11
Comox,2025-05-22,22:50:00,14.03
Comox,2025-05-22,23:00:00,13.93
Comox,2025-05-22,23:10:00,13.85
Comox,2025-05-22,23:20:00,13.78
Comox,2025-05-22,23:30:00,13.67
Comox,2025-05-22,23:40:00,13.56
Comox,2025-05-22,23:50:00,13.53
Comox,2025-05-23,0:00:00,13.53
Comox,2025-05-23,0:10:00,13.6
Comox,2025-05-23,0:20:00,13.65
Comox,2025-05-23,0:30:00,13.6
Comox,2025-05-23,0:40:00,13.63
Comox,2025-05-23,0:50:00,13.65
Comox,2025-05-23,1:00:00,13.67
Comox,2025-05-23,1:10:00,13.74
Comox,2025-05-23,1:20:00,13.76
Comox,2025-05-23,1:30:00,13.73
Comox,2025-05-23,1:40:00,13.71
Comox,2025-05-23,1:50:00,13.71
Comox,2025-05-23,2:00:00,13.69
Comox,2025-05-23,2:10:00,13.7
Comox,2025-05-23,2:20:00,13.67
Comox,2025-05-23,2:30:00,13.68
Comox,2025-05-23,2:40:00,13.63
Comox,2025-05-23,2:50:00,13.63
Comox,2025-05-23,3:00:00,13.61
Comox,2025-05-23,3:10:00,13.61
Comox,2025-05-23,3:20:00,13.61
Comox,2025-05-23,3:30:00,13.62
Comox,2025-05-23,3:40:00,13.58
Comox,2025-05-23,3:50:00,13.6
Comox,2025-05-23,4:00:00,13.56
Comox,2025-05-23,4:10:00,13.51
Comox,2025-05-23,4:20:00,13.52
Comox,2025-05-23,4:30:00,13.49
Comox,2025-05-23,4:40:00,13.48
Comox,2025-05-23,4:50:00,13.51
Comox,2025-05-23,5:00:00,13.53
Comox,2025-05-23,5:10:00,13.52
Comox,2025-05-23,5:20:00,13.47
Comox,2025-05-23,5:30:00,13.47
Comox,2025-05-23,5:40:00,13.45
Comox,2025-05-23,5:50:00,13.48
Comox,2025-05-23,6:00:00,13.5
Comox,2025-05-23,6:10:00,13.48
Comox,2025-05-23,6:20:00,13.35
Comox,2025-05-23,6:30:00,13.33
Comox,2025-05-23,6:40:00,13.34
Comox,2025-05-23,6:50:00,13.35
Comox,2025-05-23,7:00:00,13.4
Comox,2025-05-23,7:10:00,13.46
Comox,2025-05-23,7:20:00,13.44
Comox,2025-05-23,7:30:00,13.47
Comox,2025-05-23,7:40:00,13.45
Comox,2025-05-23,7:50:00,13.4
Comox,2025-05-23,8:00:00,13.41
Comox,2025-05-23,8:10:00,13.4
Comox,2025-05-23,8:20:00,13.41
Comox,2025-05-23,8:30:00,13.43
Comox,2025-05-23,8:40:00,13.4
Comox,2025-05-23,8:50:00,13.35
Comox,2025-05-23,9:00:00,13.27
Comox,2025-05-23,9:10:00,13.11
Comox,2025-05-23,9:20:00,12.97
Comox,2025-05-23,9:30:00,12.95
Comox,2025-05-23,9:40:00,12.92
Comox,2025-05-23,9:50:00,12.84
Comox,2025-05-23,10:00:00,12.78
Comox,2025-05-23,10:10:00,12.78
Comox,2025-05-23,10:20:00,12.77
Comox,2025-05-23,10:30:00,12.79
Comox,2025-05-23,10:40:00,12.81
Comox,2025-05-23,10:50:00,12.86
Comox,2025-05-23,11:00:00,12.92
Comox,2025-05-23,11:10:00,12.95
Comox,2025-05-23,11:20:00,13
Comox,2025-05-23,11:30:00,13.01
Comox,2025-05-23,11:40:00,13.04
Comox,2025-05-23,11:50:00,13.06
Comox,2025-05-23,12:00:00,13.08
Comox,2025-05-23,12:10:00,13.11
Comox,2025-05-23,12:20:00,13.12
Comox,2025-05-23,12:30:00,13.17
Comox,2025-05-23,12:40:00,13.18
Comox,2025-05-23,12:50:00,13.17
Comox,2025-05-23,13:00:00,13.17
Comox,2025-05-23,13:10:00,13.14
Comox,2025-05-23,13:20:00,13.12
Comox,2025-05-23,13:30:00,13.07
Comox,2025-05-23,13:40:00,12.97
Comox,2025-05-23,13:50:00,12.81
Comox,2025-05-23,14:00:00,12.78
Comox,2025-05-23,14:10:00,12.71
Comox,2025-05-23,14:20:00,12.69
Comox,2025-05-23,14:30:00,12.73
Comox,2025-05-23,14:40:00,12.81
Comox,2025-05-23,14:50:00,12.88
Comox,2025-05-23,15:00:00,12.84
Comox,2025-05-23,15:10:00,13.07
Comox,2025-05-23,15:20:00,13.24
Comox,2025-05-23,15:30:00,13.32
Comox,2025-05-23,15:40:00,13.33
Comox,2025-05-23,15:50:00,13.34
Comox,2025-05-23,16:00:00,13.4
Comox,2025-05-23,16:10:00,13.44
Comox,2025-05-23,16:20:00,13.43
Comox,2025-05-23,16:30:00,13.38
Comox,2025-05-23,16:40:00,13.33
Comox,2025-05-23,16:50:00,13.3
Comox,2025-05-23,17:00:00,13.32
Comox,2025-05-23,17:10:00,13.19
Comox,2025-05-23,17:20:00,13.2
Comox,2025-05-23,17:30:00,13.18
Comox,2025-05-23,17:40:00,13.12
Comox,2025-05-23,17:50:00,13.11
Comox,2025-05-23,18:00:00,13.08
Comox,2025-05-23,18:10:00,13.05
Comox,2025-05-23,18:20:00,13.06
Comox,2025-05-23,18:30:00,13.03
Comox,2025-05-23,18:40:00,13.02
Comox,2025-05-23,18:50:00,13.01
Comox,2025-05-23,19:00:00,13.03
Comox,2025-05-23,19:10:00,13.03
Comox,2025-05-23,19:20:00,13.03
Comox,2025-05-23,19:30:00,13.04
Comox,2025-05-23,19:40:00,13.07
Comox,2025-05-23,19:50:00,13.1
Comox,2025-05-23,20:00:00,13.12
Comox,2025-05-23,20:10:00,13.14
Comox,2025-05-23,20:20:00,13.14
Comox,2025-05-23,20:30:00,13.11
Comox,2025-05-23,20:40:00,13.11
Comox,2025-05-23,20:50:00,13.12
Comox,2025-05-23,21:00:00,13.14
Comox,2025-05-23,21:10:00,13.09
Comox,2025-05-23,21:20:00,13.1
Comox,2025-05-23,21:30:00,13.12
Comox,2025-05-23,21:40:00,13.08
Comox,2025-05-23,21:50:00,13.07
Comox,2025-05-23,22:00:00,13.08
Comox,2025-05-23,22:10:00,13.11
Comox,2025-05-23,22:20:00,13.07
Comox,2025-05-23,22:30:00,13.01
Comox,2025-05-23,22:40:00,12.96
Comox,2025-05-23,22:50:00,12.94
Comox,2025-05-23,23:00:00,12.94
Comox,2025-05-23,23:10:00,12.94
Comox,2025-05-23,23:20:00,12.95
Comox,2025-05-23,23:30:00,12.93
Comox,2025-05-23,23:40:00,12.92
Comox,2025-05-23,23:50:00,12.93
Comox,2025-05-24,0:00:00,12.9
Comox,2025-05-24,0:10:00,12.9
Comox,2025-05-24,0:20:00,12.87
Comox,2025-05-24,0:30:00,12.85
Comox,2025-05-24,0:40:00,12.87
Comox,2025-05-24,0:50:00,12.88
Comox,2025-05-24,1:00:00,12.86
Comox,2025-05-24,1:10:00,12.85
Comox,2025-05-24,1:20:00,12.71
Comox,2025-05-24,1:30:00,12.7
Comox,2025-05-24,1:40:00,12.78
Comox,2025-05-24,1:50:00,12.79
Comox,2025-05-24,2:00:00,12.71
Comox,2025-05-24,2:10:00,12.7
Comox,2025-05-24,2:20:00,12.67
Comox,2025-05-24,2:30:00,12.72
Comox,2025-05-24,2:40:00,12.72
Comox,2025-05-24,2:50:00,12.69
Comox,2025-05-24,3:00:00,12.67
Comox,2025-05-24,3:10:00,12.69
Comox,2025-05-24,3:20:00,12.69
Comox,2025-05-24,3:30:00,12.65
Comox,2025-05-24,3:40:00,12.58
Comox,2025-05-24,3:50:00,12.59
Comox,2025-05-24,4:00:00,12.6
Comox,2025-05-24,4:10:00,12.61
Comox,2025-05-24,4:20:00,12.62
Comox,2025-05-24,4:30:00,12.61
Comox,2025-05-24,4:40:00,12.63
Comox,2025-05-24,4:50:00,12.59
Comox,2025-05-24,5:00:00,12.6
Comox,2025-05-24,5:10:00,12.61
Comox,2025-05-24,5:20:00,12.64
Comox,2025-05-24,5:30:00,12.64
Comox,2025-05-24,5:40:00,12.64
Comox,2025-05-24,5:50:00,12.65
Comox,2025-05-24,6:00:00,12.64
Comox,2025-05-24,6:10:00,12.62
Comox,2025-05-24,6:20:00,12.63
Comox,2025-05-24,6:30:00,12.55
Comox,2025-05-24,6:40:00,12.57
Comox,2025-05-24,6:50:00,12.61
Comox,2025-05-24,7:00:00,12.66
Comox,2025-05-24,7:10:00,12.65
Comox,2025-05-24,7:20:00,12.67
Comox,2025-05-24,7:30:00,12.64
Comox,2025-05-24,7:40:00,12.67
Comox,2025-05-24,7:50:00,12.66
Comox,2025-05-24,8:00:00,12.65
Comox,2025-05-24,8:10:00,12.62
Comox,2025-05-24,8:20:00,12.61
Comox,2025-05-24,8:30:00,12.61
Comox,2025-05-24,8:40:00,12.61
Comox,2025-05-24,8:50:00,12.6
Comox,2025-05-24,9:00:00,12.6
Comox,2025-05-24,9:10:00,12.63
Comox,2025-05-24,9:20:00,12.53
Comox,2025-05-24,9:30:00,12.56
Comox,2025-05-24,9:40:00,12.51
Comox,2025-05-24,9:50:00,12.52
Comox,2025-05-24,10:00:00,12.59
Comox,2025-05-24,10:10:00,12.57
Comox,2025-05-24,10:20:00,12.47
Comox,2025-05-24,10:30:00,12.61
Comox,2025-05-24,10:40:00,12.69
Comox,2025-05-24,10:50:00,12.7
Comox,2025-05-24,11:00:00,12.71
Comox,2025-05-24,11:10:00,12.64
Comox,2025-05-24,11:20:00,12.63
Comox,2025-05-24,11:30:00,12.66
Comox,2025-05-24,11:40:00,12.71
Comox,2025-05-24,11:50:00,12.76
Comox,2025-05-24,12:00:00,12.76
Comox,2025-05-24,12:10:00,12.78
Comox,2025-05-24,12:20:00,12.82
Comox,2025-05-24,12:30:00,12.85
Comox,2025-05-24,12:40:00,12.87
Comox,2025-05-24,12:50:00,12.86
Comox,2025-05-24,13:00:00,12.84
Comox,2025-05-24,13:10:00,12.85
Comox,2025-05-24,13:20:00,12.86
Comox,2025-05-24,13:30:00,12.88
Comox,2025-05-24,13:40:00,12.89
Comox,2025-05-24,13:50:00,12.91
Comox,2025-05-24,14:00:00,12.93
Comox,2025-05-24,14:10:00,12.97
Comox,2025-05-24,14:20:00,12.85
Comox,2025-05-24,14:30:00,12.79
Comox,2025-05-24,14:40:00,12.81
Comox,2025-05-24,14:50:00,13.09
Comox,2025-05-24,15:00:00,13.14
Comox,2025-05-24,15:10:00,13.1
Comox,2025-05-24,15:20:00,13.27
Comox,2025-05-24,15:30:00,13.31
Comox,2025-05-24,15:40:00,13.38
Comox,2025-05-24,15:50:00,13.38
Comox,2025-05-24,16:00:00,13.46
Comox,2025-05-24,16:10:00,13.52
Comox,2025-05-24,16:20:00,13.59
Comox,2025-05-24,16:30:00,13.66
Comox,2025-05-24,16:40:00,13.63
Comox,2025-05-24,16:50:00,13.61
Comox,2025-05-24,17:00:00,13.61
Comox,2025-05-24,17:10:00,13.67
Comox,2025-05-24,17:20:00,13.68
Comox,2025-05-24,17:30:00,13.63
Comox,2025-05-24,17:40:00,13.53
Comox,2025-05-24,17:50:00,13.45
Comox,2025-05-24,18:00:00,13.4
Comox,2025-05-24,18:10:00,13.35
Comox,2025-05-24,18:20:00,13.34
Comox,2025-05-24,18:30:00,13.29
Comox,2025-05-24,18:40:00,13.24
Comox,2025-05-24,18:50:00,13.25
Comox,2025-05-24,19:00:00,13.39
Comox,2025-05-24,19:10:00,13.4
Comox,2025-05-24,19:20:00,13.36
Comox,2025-05-24,19:30:00,13.35
Comox,2025-05-24,19:40:00,13.32
Comox,2025-05-24,19:50:00,13.32
Comox,2025-05-24,20:00:00,13.33
Comox,2025-05-24,20:10:00,13.33
Comox,2025-05-24,20:20:00,13.36
Comox,2025-05-24,20:30:00,13.37
Comox,2025-05-24,20:40:00,13.34
Comox,2025-05-24,20:50:00,13.36
Comox,2025-05-24,21:00:00,13.41
Comox,2025-05-24,21:10:00,13.47
Comox,2025-05-24,21:20:00,13.5
Comox,2025-05-24,21:30:00,13.49
Comox,2025-05-24,21:40:00,13.51
Comox,2025-05-24,21:50:00,13.51
Comox,2025-05-24,22:00:00,13.52
Comox,2025-05-24,22:10:00,13.47
Comox,2025-05-24,22:20:00,13.51
Comox,2025-05-24,22:30:00,13.52
Comox,2025-05-24,22:40:00,13.53
Comox,2025-05-24,22:50:00,13.46
Comox,2025-05-24,23:00:00,13.45
Comox,2025-05-24,23:10:00,13.45
Comox,2025-05-24,23:20:00,13.41
Comox,2025-05-24,23:30:00,13.38
Comox,2025-05-24,23:40:00,13.37
Comox,2025-05-24,23:50:00,13.39
Comox,2025-05-25,0:00:00,13.37
Comox,2025-05-25,0:10:00,13.33
Comox,2025-05-25,0:20:00,13.34
Comox,2025-05-25,0:30:00,13.33
Comox,2025-05-25,0:40:00,13.31
Comox,2025-05-25,0:50:00,13.29
Comox,2025-05-25,1:00:00,13.19
Comox,2025-05-25,1:10:00,13.04
Comox,2025-05-25,1:20:00,12.97
Comox,2025-05-25,1:30:00,12.91
Comox,2025-05-25,1:40:00,13.25
Comox,2025-05-25,1:50:00,13.2
Comox,2025-05-25,2:00:00,13.18
Comox,2025-05-25,2:10:00,13.15
Comox,2025-05-25,2:20:00,13.32
Comox,2025-05-25,2:30:00,13.39
Comox,2025-05-25,2:40:00,13.39
Comox,2025-05-25,2:50:00,13.4
Comox,2025-05-25,3:00:00,13.38
Comox,2025-05-25,3:10:00,13.46
Comox,2025-05-25,3:20:00,13.38
Comox,2025-05-25,3:30:00,13.46
Comox,2025-05-25,3:40:00,13.52
Comox,2025-05-25,3:50:00,13.59
Comox,2025-05-25,4:00:00,13.64
Comox,2025-05-25,4:10:00,13.65
Comox,2025-05-25,4:20:00,13.59
Comox,2025-05-25,4:30:00,13.61
Comox,2025-05-25,4:40:00,13.74
Comox,2025-05-25,4:50:00,13.73
Comox,2025-05-25,5:00:00,13.67
Comox,2025-05-25,5:10:00,13.77
Comox,2025-05-25,5:20:00,13.77
Comox,2025-05-25,5:30:00,13.74
Comox,2025-05-25,5:40:00,13.74
Comox,2025-05-25,5:50:00,13.71
Comox,2025-05-25,6:00:00,13.62
Comox,2025-05-25,6:10:00,13.55
Comox,2025-05-25,6:20:00,13.54
Comox,2025-05-25,6:30:00,13.6
Comox,2025-05-25,6:40:00,13.61
Comox,2025-05-25,6:50:00,13.62
Comox,2025-05-25,7:00:00,13.63
Comox,2025-05-25,7:10:00,13.61
Comox,2025-05-25,7:20:00,13.59
Comox,2025-05-25,7:30:00,13.56
Comox,2025-05-25,7:40:00,13.56
Comox,2025-05-25,7:50:00,13.62
Comox,2025-05-25,8:00:00,13.6
Comox,2025-05-25,8:10:00,13.64
Comox,2025-05-25,8:20:00,13.7
Comox,2025-05-25,8:30:00,13.65
Comox,2025-05-25,8:40:00,13.64
Comox,2025-05-25,8:50:00,13.64
Comox,2025-05-25,9:00:00,13.62
Comox,2025-05-25,9:10:00,13.62
Comox,2025-05-25,9:20:00,13.52
Comox,2025-05-25,9:30:00,13.34
Comox,2025-05-25,9:40:00,13.3
Comox,2025-05-25,9:50:00,13.24
Comox,2025-05-25,10:00:00,13.23
Comox,2025-05-25,10:10:00,13.21
Comox,2025-05-25,10:20:00,13.25
Comox,2025-05-25,10:30:00,13.25
Comox,2025-05-25,10:40:00,13.25
Comox,2025-05-25,10:50:00,13.23
Comox,2025-05-25,11:00:00,13.22
Comox,2025-05-25,11:10:00,13.23
Comox,2025-05-25,11:20:00,13.22
Comox,2025-05-25,11:30:00,13.22
Comox,2025-05-25,11:40:00,13.25
Comox,2025-05-25,11:50:00,13.27
Comox,2025-05-25,12:00:00,13.31
Comox,2025-05-25,12:10:00,13.34
Comox,2025-05-25,12:20:00,13.34
Comox,2025-05-25,12:30:00,13.38
Comox,2025-05-25,12:40:00,13.38
Comox,2025-05-25,12:50:00,13.36
Comox,2025-05-25,13:00:00,13.36
Comox,2025-05-25,13:10:00,13.39
Comox,2025-05-25,13:20:00,13.35
Comox,2025-05-25,13:30:00,13.34
Comox,2025-05-25,13:40:00,13.32
Comox,2025-05-25,13:50:00,13.29
Comox,2025-05-25,14:00:00,13.25
Comox,2025-05-25,14:10:00,13.21
Comox,2025-05-25,14:20:00,13.2
Comox,2025-05-25,14:30:00,13.25
Comox,2025-05-25,14:40:00,13.34
Comox,2025-05-25,14:50:00,13.38
Comox,2025-05-25,15:00:00,13.4
Comox,2025-05-25,15:10:00,13.43
Comox,2025-05-25,15:20:00,13.47
Comox,2025-05-25,15:30:00,13.49
Comox,2025-05-25,15:40:00,13.59
Comox,2025-05-25,15:50:00,13.6
Comox,2025-05-25,16:00:00,13.52
Comox,2025-05-25,16:10:00,13.39
Comox,2025-05-25,16:20:00,13.38
Comox,2025-05-25,16:30:00,13.34
Comox,2025-05-25,16:40:00,13.32
Comox,2025-05-25,16:50:00,13.37
Comox,2025-05-25,17:00:00,13.4
Comox,2025-05-25,17:10:00,13.38
Comox,2025-05-25,17:20:00,13.41
Comox,2025-05-25,17:30:00,13.4
Comox,2025-05-25,17:40:00,13.38
Comox,2025-05-25,17:50:00,13.34
Comox,2025-05-25,18:00:00,13.33
Comox,2025-05-25,18:10:00,13.36
Comox,2025-05-25,18:20:00,13.36
Comox,2025-05-25,18:30:00,13.36
Comox,2025-05-25,18:40:00,13.34
Comox,2025-05-25,18:50:00,13.33
Comox,2025-05-25,19:00:00,13.31
Comox,2025-05-25,19:10:00,13.3
Comox,2025-05-25,19:20:00,13.25
Comox,2025-05-25,19:30:00,13.22
Comox,2025-05-25,19:40:00,13.19
Comox,2025-05-25,19:50:00,13.27
Comox,2025-05-25,20:00:00,13.29
Comox,2025-05-25,20:10:00,13.29
Comox,2025-05-25,20:20:00,13.3
Comox,2025-05-25,20:30:00,13.26
Comox,2025-05-25,20:40:00,13.23
Comox,2025-05-25,20:50:00,13.26
Comox,2025-05-25,21:00:00,13.23
Comox,2025-05-25,21:10:00,13.21
Comox,2025-05-25,21:20:00,13.22
Comox,2025-05-25,21:30:00,13.19
Comox,2025-05-25,21:40:00,13.21
Comox,2025-05-25,21:50:00,13.22
Comox,2025-05-25,22:00:00,13.22
Comox,2025-05-25,22:10:00,13.25
Comox,2025-05-25,22:20:00,13.27
Comox,2025-05-25,22:30:00,13.26
Comox,2025-05-25,22:40:00,13.26
Comox,2025-05-25,22:50:00,13.26
Comox,2025-05-25,23:00:00,13.24
Comox,2025-05-25,23:10:00,13.21
Comox,2025-05-25,23:20:00,13.22
Comox,2025-05-25,23:30:00,13.21
Comox,2025-05-25,23:40:00,13.21
Comox,2025-05-25,23:50:00,13.24
Comox,2025-05-26,0:00:00,13.22
Comox,2025-05-26,0:10:00,13.17
Comox,2025-05-26,0:20:00,13.09
Comox,2025-05-26,0:30:00,13.05
Comox,2025-05-26,0:40:00,12.96
Comox,2025-05-26,0:50:00,12.92
Comox,2025-05-26,1:00:00,12.89
Comox,2025-05-26,1:10:00,12.85
Comox,2025-05-26,1:20:00,12.86
Comox,2025-05-26,1:30:00,12.87
Comox,2025-05-26,1:40:00,12.86
Comox,2025-05-26,1:50:00,12.9
Comox,2025-05-26,2:00:00,13.01
Comox,2025-05-26,2:10:00,13.04
Comox,2025-05-26,2:20:00,13.06
Comox,2025-05-26,2:30:00,13.05
Comox,2025-05-26,2:40:00,13.03
Comox,2025-05-26,2:50:00,13.06
Comox,2025-05-26,3:00:00,13.06
Comox,2025-05-26,3:10:00,13.08
Comox,2025-05-26,3:20:00,13.08
Comox,2025-05-26,3:30:00,13.08
Comox,2025-05-26,3:40:00,13.07
Comox,2025-05-26,3:50:00,13.07
Comox,2025-05-26,4:00:00,13.07
Comox,2025-05-26,4:10:00,13.09
Comox,2025-05-26,4:20:00,13.08
Comox,2025-05-26,4:30:00,13.09
Comox,2025-05-26,4:40:00,13.08
Comox,2025-05-26,4:50:00,13.07
Comox,2025-05-26,5:00:00,13.09
Comox,2025-05-26,5:10:00,13.07
Comox,2025-05-26,5:20:00,13.09
Comox,2025-05-26,5:30:00,13.09
Comox,2025-05-26,5:40:00,13.09
Comox,2025-05-26,5:50:00,13.08
Comox,2025-05-26,6:00:00,13.04
Comox,2025-05-26,6:10:00,13.05
Comox,2025-05-26,6:20:00,13.06
Comox,2025-05-26,6:30:00,13.04
Comox,2025-05-26,6:40:00,13.01
Comox,2025-05-26,6:50:00,12.97
Comox,2025-05-26,7:00:00,12.95
Comox,2025-05-26,7:10:00,12.93
Comox,2025-05-26,7:20:00,12.91
Comox,2025-05-26,7:30:00,12.9
Comox,2025-05-26,7:40:00,12.94
Comox,2025-05-26,7:50:00,13.01
Comox,2025-05-26,8:00:00,12.96
Comox,2025-05-26,8:10:00,13
Comox,2025-05-26,8:20:00,13.04
Comox,2025-05-26,8:30:00,13.09
Comox,2025-05-26,8:40:00,13.09
Comox,2025-05-26,8:50:00,13.09
Comox,2025-05-26,9:00:00,13.15
Comox,2025-05-26,9:10:00,13.12
Comox,2025-05-26,9:20:00,13.16
Comox,2025-05-26,9:30:00,13.31
Comox,2025-05-26,9:40:00,13.35
Comox,2025-05-26,9:50:00,13.5
Comox,2025-05-26,10:00:00,13.54
Comox,2025-05-26,10:10:00,13.64
Comox,2025-05-26,10:20:00,13.65
Comox,2025-05-26,10:30:00,13.69
Comox,2025-05-26,10:40:00,13.71
Comox,2025-05-26,10:50:00,13.67
Comox,2025-05-26,11:00:00,13.64
Comox,2025-05-26,11:10:00,13.68
Comox,2025-05-26,11:20:00,13.7
Comox,2025-05-26,11:30:00,13.93
Comox,2025-05-26,11:40:00,14.15
Comox,2025-05-26,11:50:00,14.27
Comox,2025-05-26,12:00:00,14.56
Comox,2025-05-26,12:10:00,14.57
Comox,2025-05-26,12:20:00,14.58
Comox,2025-05-26,12:30:00,14.66
Comox,2025-05-26,12:40:00,14.69
Comox,2025-05-26,12:50:00,14.75
Comox,2025-05-26,13:00:00,14.73
Comox,2025-05-26,13:10:00,14.68
Comox,2025-05-26,13:20:00,14.56
Comox,2025-05-26,13:30:00,14.45
Comox,2025-05-26,13:40:00,14.42
Comox,2025-05-26,13:50:00,14.34
Comox,2025-05-26,14:00:00,14.28
Comox,2025-05-26,14:10:00,14.27
Comox,2025-05-26,14:20:00,14.2
Comox,2025-05-26,14:30:00,14.24
Comox,2025-05-26,14:40:00,14.29
Comox,2025-05-26,14:50:00,14.24
Comox,2025-05-26,15:00:00,14.24
Comox,2025-05-26,15:10:00,14.07
Comox,2025-05-26,15:20:00,14.06
Comox,2025-05-26,15:30:00,14.05
Comox,2025-05-26,15:40:00,14
Comox,2025-05-26,15:50:00,14.05
Comox,2025-05-26,16:00:00,14.06
Comox,2025-05-26,16:10:00,14.07
Comox,2025-05-26,16:20:00,14.12
Comox,2025-05-26,16:30:00,14.08
Comox,2025-05-26,16:40:00,13.98
Comox,2025-05-26,16:50:00,13.97
Comox,2025-05-26,17:00:00,13.99
Comox,2025-05-26,17:10:00,13.88
Comox,2025-05-26,17:20:00,13.73
Comox,2025-05-26,17:30:00,13.65
Comox,2025-05-26,17:40:00,13.47
Comox,2025-05-26,17:50:00,13.35
Comox,2025-05-26,18:00:00,13.23
Comox,2025-05-26,18:10:00,13.25
Comox,2025-05-26,18:20:00,13.26
Comox,2025-05-26,18:30:00,13.16
Comox,2025-05-26,18:40:00,13.14
Comox,2025-05-26,18:50:00,13.11
Comox,2025-05-26,19:00:00,13.06
Comox,2025-05-26,19:10:00,13.05
Comox,2025-05-26,19:20:00,13.03
Comox,2025-05-26,19:30:00,12.97
Comox,2025-05-26,19:40:00,12.99
Comox,2025-05-26,19:50:00,12.97
Comox,2025-05-26,20:00:00,13.03
Comox,2025-05-26,20:10:00,13.01
Comox,2025-05-26,20:20:00,13
Comox,2025-05-26,20:30:00,13.01
Comox,2025-05-26,20:40:00,12.97
Comox,2025-05-26,20:50:00,13.03
Comox,2025-05-26,21:00:00,13.02
Comox,2025-05-26,21:10:00,12.97
Comox,2025-05-26,21:20:00,13.26
Comox,2025-05-26,21:30:00,13.34
Comox,2025-05-26,21:40:00,13.38
Comox,2025-05-26,21:50:00,13.43
Comox,2025-05-26,22:00:00,13.45
Comox,2025-05-26,22:10:00,13.38
Comox,2025-05-26,22:20:00,13.34
Comox,2025-05-26,22:30:00,13.35
Comox,2025-05-26,22:40:00,13.35
Comox,2025-05-26,22:50:00,13.34
Comox,2025-05-26,23:00:00,13.3
Comox,2025-05-26,23:10:00,13.21
Comox,2025-05-26,23:20:00,13.1
Comox,2025-05-26,23:30:00,13.05
Comox,2025-05-26,23:40:00,12.92
Comox,2025-05-26,23:50:00,12.84
Comox,2025-05-27,0:00:00,12.76
Comox,2025-05-27,0:10:00,12.72
Comox,2025-05-27,0:20:00,12.63
Comox,2025-05-27,0:30:00,12.6
Comox,2025-05-27,0:40:00,12.59
Comox,2025-05-27,0:50:00,12.59
Comox,2025-05-27,1:00:00,12.59
Comox,2025-05-27,1:10:00,12.63
Comox,2025-05-27,1:20:00,12.93
Comox,2025-05-27,1:30:00,13.05
Comox,2025-05-27,1:40:00,13.05
Comox,2025-05-27,1:50:00,13.05
Comox,2025-05-27,2:00:00,13.05
Comox,2025-05-27,2:10:00,13.14
Comox,2025-05-27,2:20:00,13.15
Comox,2025-05-27,2:30:00,13.11
Comox,2025-05-27,2:40:00,13.09
Comox,2025-05-27,2:50:00,13.07
Comox,2025-05-27,3:00:00,13.08
Comox,2025-05-27,3:10:00,13.07
Comox,2025-05-27,3:20:00,13.08
Comox,2025-05-27,3:30:00,13.11
Comox,2025-05-27,3:40:00,13.09
Comox,2025-05-27,3:50:00,13.12
Comox,2025-05-27,4:00:00,13.11
Comox,2025-05-27,4:10:00,13.11
Comox,2025-05-27,4:20:00,13.11
Comox,2025-05-27,4:30:00,13.11
Comox,2025-05-27,4:40:00,13.11
Comox,2025-05-27,4:50:00,13.09
Comox,2025-05-27,5:00:00,13.05
Comox,2025-05-27,5:10:00,12.95
Comox,2025-05-27,5:20:00,12.81
Comox,2025-05-27,5:30:00,12.96
Comox,2025-05-27,5:40:00,13.03
Comox,2025-05-27,5:50:00,13.09
Comox,2025-05-27,6:00:00,13.09
Comox,2025-05-27,6:10:00,13.1
Comox,2025-05-27,6:20:00,13.1
Comox,2025-05-27,6:30:00,13.09
Comox,2025-05-27,6:40:00,13.04
Comox,2025-05-27,6:50:00,12.94
Comox,2025-05-27,7:00:00,12.92
Comox,2025-05-27,7:10:00,12.91
Comox,2025-05-27,7:20:00,12.88
Comox,2025-05-27,7:30:00,12.9
Comox,2025-05-27,7:40:00,12.95
Comox,2025-05-27,7:50:00,12.96
Comox,2025-05-27,8:00:00,12.92
Comox,2025-05-27,8:10:00,13.01
Comox,2025-05-27,8:20:00,12.71
Comox,2025-05-27,8:30:00,12.42
Comox,2025-05-27,8:40:00,12.34
Comox,2025-05-27,8:50:00,12.42
Comox,2025-05-27,9:00:00,12.62
Comox,2025-05-27,9:10:00,12.72
Comox,2025-05-27,9:20:00,12.91
Comox,2025-05-27,9:30:00,12.85
Comox,2025-05-27,9:40:00,12.72
Comox,2025-05-27,9:50:00,12.62
Comox,2025-05-27,10:00:00,12.61
Comox,2025-05-27,10:10:00,12.6
Comox,2025-05-27,10:20:00,12.72
Comox,2025-05-27,10:30:00,12.76
Comox,2025-05-27,10:40:00,12.8
Comox,2025-05-27,10:50:00,12.78
Comox,2025-05-27,11:00:00,12.79
Comox,2025-05-27,11:10:00,12.79
Comox,2025-05-27,11:20:00,12.77
Comox,2025-05-27,11:30:00,12.79
Comox,2025-05-27,11:40:00,12.79
Comox,2025-05-27,11:50:00,12.76
Comox,2025-05-27,12:00:00,12.76
Comox,2025-05-27,12:10:00,12.75
Comox,2025-05-27,12:20:00,12.77
Comox,2025-05-27,12:30:00,12.78
Comox,2025-05-27,12:40:00,12.81
Comox,2025-05-27,12:50:00,12.88
Comox,2025-05-27,13:00:00,12.94
Comox,2025-05-27,13:10:00,12.95
Comox,2025-05-27,13:20:00,13.02
Comox,2025-05-27,13:30:00,13.05
Comox,2025-05-27,13:40:00,13.05
Comox,2025-05-27,13:50:00,13.07
Comox,2025-05-27,14:00:00,13.07
Comox,2025-05-27,14:10:00,13.12
Comox,2025-05-27,14:20:00,13.11
Comox,2025-05-27,14:30:00,13.11
Comox,2025-05-27,14:40:00,13.11
Comox,2025-05-27,14:50:00,13.11
Comox,2025-05-27,15:00:00,13.11
Comox,2025-05-27,15:10:00,13.1
Comox,2025-05-27,15:20:00,13.05
Comox,2025-05-27,15:30:00,13.02
Comox,2025-05-27,15:40:00,13.02
Comox,2025-05-27,15:50:00,13.09
Comox,2025-05-27,16:00:00,13.05
Comox,2025-05-27,16:10:00,13
Comox,2025-05-27,16:20:00,13
Comox,2025-05-27,16:30:00,13.02
Comox,2025-05-27,16:40:00,12.94
Comox,2025-05-27,16:50:00,13.02
Comox,2025-05-27,17:00:00,13.23
Comox,2025-05-27,17:10:00,13.31
Comox,2025-05-27,17:20:00,13.38
Comox,2025-05-27,17:30:00,13.23
Comox,2025-05-27,17:40:00,13.2
Comox,2025-05-27,17:50:00,13.27
Comox,2025-05-27,18:00:00,13.33
Comox,2025-05-27,18:10:00,13.31
Comox,2025-05-27,18:20:00,13.27
Comox,2025-05-27,18:30:00,13.22
Comox,2025-05-27,18:40:00,13.12
Comox,2025-05-27,18:50:00,13.03
Comox,2025-05-27,19:00:00,13.04
Comox,2025-05-27,19:10:00,13.1
Comox,2025-05-27,19:20:00,13.17
Comox,2025-05-27,19:30:00,13.14
Comox,2025-05-27,19:40:00,12.99
Comox,2025-05-27,19:50:00,12.94
Comox,2025-05-27,20:00:00,12.84
Comox,2025-05-27,20:10:00,12.78
Comox,2025-05-27,20:20:00,12.73
Comox,2025-05-27,20:30:00,12.69
Comox,2025-05-27,20:40:00,12.61
Comox,2025-05-27,20:50:00,12.59
Comox,2025-05-27,21:00:00,12.57
Comox,2025-05-27,21:10:00,12.57
Comox,2025-05-27,21:20:00,12.56
Comox,2025-05-27,21:30:00,12.55
Comox,2025-05-27,21:40:00,12.49
Comox,2025-05-27,21:50:00,12.42
Comox,2025-05-27,22:00:00,12.4
Comox,2025-05-27,22:10:00,12.33
Comox,2025-05-27,22:20:00,12.38
Comox,2025-05-27,22:30:00,12.5
Comox,2025-05-27,22:40:00,12.63
Comox,2025-05-27,22:50:00,12.74
Comox,2025-05-27,23:00:00,12.81
Comox,2025-05-27,23:10:00,12.87
Comox,2025-05-27,23:20:00,12.9
Comox,2025-05-27,23:30:00,12.93
Comox,2025-05-27,23:40:00,12.91
Comox,2025-05-27,23:50:00,12.92
Comox,2025-05-28,0:00:00,12.9
Comox,2025-05-28,0:10:00,12.91
Comox,2025-05-28,0:20:00,12.9
Comox,2025-05-28,0:30:00,12.91
Comox,2025-05-28,0:40:00,12.92
Comox,2025-05-28,0:50:00,12.9
Comox,2025-05-28,1:00:00,12.89
Comox,2025-05-28,1:10:00,12.85
Comox,2025-05-28,1:20:00,12.82
Comox,2025-05-28,1:30:00,12.76
Comox,2025-05-28,1:40:00,12.66
Comox,2025-05-28,1:50:00,12.59
Comox,2025-05-28,2:00:00,12.55
Comox,2025-05-28,2:10:00,12.47
Comox,2025-05-28,2:20:00,12.37
Comox,2025-05-28,2:30:00,12.35
Comox,2025-05-28,2:40:00,12.3
Comox,2025-05-28,2:50:00,12.29
Comox,2025-05-28,3:00:00,12.26
Comox,2025-05-28,3:10:00,12.26
Comox,2025-05-28,3:20:00,12.22
Comox,2025-05-28,3:30:00,12.19
Comox,2025-05-28,3:40:00,12.08
Comox,2025-05-28,3:50:00,12.05
Comox,2025-05-28,4:00:00,12.04
Comox,2025-05-28,4:10:00,12.08
Comox,2025-05-28,4:20:00,12.18
Comox,2025-05-28,4:30:00,12.19
Comox,2025-05-28,4:40:00,12.16
Comox,2025-05-28,4:50:00,12.15
Comox,2025-05-28,5:00:00,12.12
Comox,2025-05-28,5:10:00,12.1
Comox,2025-05-28,5:20:00,12.1
Comox,2025-05-28,5:30:00,12.13
Comox,2025-05-28,5:40:00,12.11
Comox,2025-05-28,5:50:00,12.06
Comox,2025-05-28,6:00:00,12.02
Comox,2025-05-28,6:10:00,12.05
Comox,2025-05-28,6:20:00,12.1
Comox,2025-05-28,6:30:00,12.15
Comox,2025-05-28,6:40:00,12.16
Comox,2025-05-28,6:50:00,12.17
Comox,2025-05-28,7:00:00,12.22
Comox,2025-05-28,7:10:00,12.22
Comox,2025-05-28,7:20:00,12.12
Comox,2025-05-28,7:30:00,12.01
Comox,2025-05-28,7:40:00,12.03
Comox,2025-05-28,7:50:00,12.05
Comox,2025-05-28,8:00:00,12.05
Comox,2025-05-28,8:10:00,12.04
Comox,2025-05-28,8:20:00,12.04
Comox,2025-05-28,8:30:00,12.04
Comox,2025-05-28,8:40:00,12.04
Comox,2025-05-28,8:50:00,12.04
Comox,2025-05-28,9:00:00,12.1
Comox,2025-05-28,9:10:00,12.07
Comox,2025-05-28,9:20:00,12.08
Comox,2025-05-28,9:30:00,12.32
Comox,2025-05-28,9:40:00,12.47
Comox,2025-05-28,9:50:00,12.5
Comox,2025-05-28,10:00:00,12.57
Comox,2025-05-28,10:10:00,12.64
Comox,2025-05-28,10:20:00,12.75
Comox,2025-05-28,10:30:00,12.81
Comox,2025-05-28,10:40:00,12.88
Comox,2025-05-28,10:50:00,13.02
Comox,2025-05-28,11:00:00,13.19
Comox,2025-05-28,11:10:00,13.34
Comox,2025-05-28,11:20:00,13.36
Comox,2025-05-28,11:30:00,13.45
Comox,2025-05-28,11:40:00,13.73
Comox,2025-05-28,11:50:00,13.9
Comox,2025-05-28,12:00:00,13.96
Comox,2025-05-28,12:10:00,13.86
Comox,2025-05-28,12:20:00,14.14
Comox,2025-05-28,12:30:00,14.06
Comox,2025-05-28,12:40:00,14.05
Comox,2025-05-28,12:50:00,14.05
Comox,2025-05-28,13:00:00,13.99
Comox,2025-05-28,13:10:00,14.14
Comox,2025-05-28,13:20:00,14.68
Comox,2025-05-28,13:30:00,15.51
Comox,2025-05-28,13:40:00,15.59
Comox,2025-05-28,13:50:00,15.63
Comox,2025-05-28,14:00:00,15.68
Comox,2025-05-28,14:10:00,15.61
Comox,2025-05-28,14:20:00,15.67
Comox,2025-05-28,14:30:00,15.72
Comox,2025-05-28,14:40:00,15.78
Comox,2025-05-28,14:50:00,15.85
Comox,2025-05-28,15:00:00,15.98
Comox,2025-05-28,15:10:00,16
Comox,2025-05-28,15:20:00,15.99
Comox,2025-05-28,15:30:00,16
Comox,2025-05-28,15:40:00,15.95
Comox,2025-05-28,15:50:00,15.99
Comox,2025-05-28,16:00:00,15.99
Comox,2025-05-28,16:10:00,15.44
Comox,2025-05-28,16:20:00,14.82
Comox,2025-05-28,16:30:00,14.32
Comox,2025-05-28,16:40:00,14.23
Comox,2025-05-28,16:50:00,13.88
Comox,2025-05-28,17:00:00,13.55
Comox,2025-05-28,17:10:00,13.83
Comox,2025-05-28,17:20:00,13.59
Comox,2025-05-28,17:30:00,14.28
Comox,2025-05-28,17:40:00,14.52
Comox,2025-05-28,17:50:00,14.67
Comox,2025-05-28,18:00:00,14.43
Comox,2025-05-28,18:10:00,14.05
Comox,2025-05-28,18:20:00,14.07
Comox,2025-05-28,18:30:00,14.09
Comox,2025-05-28,18:40:00,13.98
Comox,2025-05-28,18:50:00,13.94
Comox,2025-05-28,19:00:00,14.1
Comox,2025-05-28,19:10:00,14.06
Comox,2025-05-28,19:20:00,13.89
Comox,2025-05-28,19:30:00,13.86
Comox,2025-05-28,19:40:00,13.81
Comox,2025-05-28,19:50:00,13.78
Comox,2025-05-28,20:00:00,13.68
Comox,2025-05-28,20:10:00,13.74
Comox,2025-05-28,20:20:00,13.74
Comox,2025-05-28,20:30:00,13.67
Comox,2025-05-28,20:40:00,13.65
Comox,2025-05-28,20:50:00,13.73
Comox,2025-05-28,21:00:00,13.68
Comox,2025-05-28,21:10:00,13.61
Comox,2025-05-28,21:20:00,13.56
Comox,2025-05-28,21:30:00,13.53
Comox,2025-05-28,21:40:00,13.46
Comox,2025-05-28,21:50:00,13.43
Comox,2025-05-28,22:00:00,13.4
Comox,2025-05-28,22:10:00,13.36
Comox,2025-05-28,22:20:00,13.36
Comox,2025-05-28,22:30:00,13.36
Comox,2025-05-28,22:40:00,13.32
Comox,2025-05-28,22:50:00,13.38
Comox,2025-05-28,23:00:00,13.3
Comox,2025-05-28,23:10:00,13.33
Comox,2025-05-28,23:20:00,13.27
Comox,2025-05-28,23:30:00,13.31
Comox,2025-05-28,23:40:00,13.37
Comox,2025-05-28,23:50:00,13.52
Comox,2025-05-29,0:00:00,13.56
Comox,2025-05-29,0:10:00,13.56
Comox,2025-05-29,0:20:00,13.52
Comox,2025-05-29,0:30:00,13.51
Comox,2025-05-29,0:40:00,13.54
Comox,2025-05-29,0:50:00,13.58
Comox,2025-05-29,1:00:00,13.52
Comox,2025-05-29,1:10:00,13.5
Comox,2025-05-29,1:20:00,13.52
Comox,2025-05-29,1:30:00,13.5
Comox,2025-05-29,1:40:00,13.47
Comox,2025-05-29,1:50:00,13.46
Comox,2025-05-29,2:00:00,13.47
Comox,2025-05-29,2:10:00,13.44
Comox,2025-05-29,2:20:00,13.39
Comox,2025-05-29,2:30:00,13.34
Comox,2025-05-29,2:40:00,13.25
Comox,2025-05-29,2:50:00,13.19
Comox,2025-05-29,3:00:00,13.07
Comox,2025-05-29,3:10:00,12.97
Comox,2025-05-29,3:20:00,13.01
Comox,2025-05-29,3:30:00,12.91
Comox,2025-05-29,3:40:00,12.82
Comox,2025-05-29,3:50:00,12.75
Comox,2025-05-29,4:00:00,12.71
Comox,2025-05-29,4:10:00,12.64
Comox,2025-05-29,4:20:00,12.61
Comox,2025-05-29,4:30:00,12.52
Comox,2025-05-29,4:40:00,12.52
Comox,2025-05-29,4:50:00,12.48
Comox,2025-05-29,5:00:00,12.44
Comox,2025-05-29,5:10:00,12.44
Comox,2025-05-29,5:20:00,12.43
Comox,2025-05-29,5:30:00,12.5
Comox,2025-05-29,5:40:00,12.57
Comox,2025-05-29,5:50:00,12.58
Comox,2025-05-29,6:00:00,12.47
Comox,2025-05-29,6:10:00,12.5
Comox,2025-05-29,6:20:00,12.49
Comox,2025-05-29,6:30:00,12.52
Comox,2025-05-29,6:40:00,12.67
Comox,2025-05-29,6:50:00,12.61
Comox,2025-05-29,7:00:00,12.62
Comox,2025-05-29,7:10:00,12.72
Comox,2025-05-29,7:20:00,12.77
Comox,2025-05-29,7:30:00,12.88
Comox,2025-05-29,7:40:00,12.91
Comox,2025-05-29,7:50:00,12.96
Comox,2025-05-29,8:00:00,13.03
Comox,2025-05-29,8:10:00,13.07
Comox,2025-05-29,8:20:00,13.11
Comox,2025-05-29,8:30:00,13.21
Comox,2025-05-29,8:40:00,13.22
Comox,2025-05-29,8:50:00,13.31
Comox,2025-05-29,9:00:00,13.3
Comox,2025-05-29,9:10:00,13.31
Comox,2025-05-29,9:20:00,13.34
Comox,2025-05-29,9:30:00,13.58
Comox,2025-05-29,9:40:00,13.54
Comox,2025-05-29,9:50:00,13.64
Comox,2025-05-29,10:00:00,13.58
Comox,2025-05-29,10:10:00,13.54
Comox,2025-05-29,10:20:00,13.53
Comox,2025-05-29,10:30:00,13.49
Comox,2025-05-29,10:40:00,13.45
Comox,2025-05-29,10:50:00,13.44
Comox,2025-05-29,11:00:00,13.49
Comox,2025-05-29,11:10:00,13.5
Comox,2025-05-29,11:20:00,13.53
Comox,2025-05-29,11:30:00,13.6
Comox,2025-05-29,11:40:00,13.67
Comox,2025-05-29,11:50:00,13.85
Comox,2025-05-29,12:00:00,13.98
Comox,2025-05-29,12:10:00,14.08
Comox,2025-05-29,12:20:00,13.71
Comox,2025-05-29,12:30:00,13.5
Comox,2025-05-29,12:40:00,13.53
Comox,2025-05-29,12:50:00,13.6
Comox,2025-05-29,13:00:00,13.51
Comox,2025-05-29,13:10:00,13.52
Comox,2025-05-29,13:20:00,13.52
Comox,2025-05-29,13:30:00,13.69
Comox,2025-05-29,13:40:00,13.71
Comox,2025-05-29,13:50:00,13.75
Comox,2025-05-29,14:00:00,13.97
Comox,2025-05-29,14:10:00,13.95
Comox,2025-05-29,14:20:00,13.98
Comox,2025-05-29,14:30:00,14.09
Comox,2025-05-29,14:40:00,14.19
Comox,2025-05-29,14:50:00,14.27
Comox,2025-05-29,15:00:00,14.53
Comox,2025-05-29,15:10:00,14.45
Comox,2025-05-29,15:20:00,14.38
Comox,2025-05-29,15:30:00,14.35
Comox,2025-05-29,15:40:00,14.52
Comox,2025-05-29,15:50:00,14.58
Comox,2025-05-29,16:00:00,14.68
Comox,2025-05-29,16:10:00,14.62
Comox,2025-05-29,16:20:00,14.45
Comox,2025-05-29,16:30:00,14.32
Comox,2025-05-29,16:40:00,14.24
Comox,2025-05-29,16:50:00,14.21
Comox,2025-05-29,17:00:00,14.19
Comox,2025-05-29,17:10:00,14.1
Comox,2025-05-29,17:20:00,13.99
Comox,2025-05-29,17:30:00,13.7
Comox,2025-05-29,17:40:00,13.68
Comox,2025-05-29,17:50:00,13.65
Comox,2025-05-29,18:00:00,13.63
Comox,2025-05-29,18:10:00,13.39
Comox,2025-05-29,18:20:00,13.3
Comox,2025-05-29,18:30:00,13.22
Comox,2025-05-29,18:40:00,13.25
Comox,2025-05-29,18:50:00,13.14
Comox,2025-05-29,19:00:00,13.08
Comox,2025-05-29,19:10:00,13.11
Comox,2025-05-29,19:20:00,13.49
Comox,2025-05-29,19:30:00,13.4
Comox,2025-05-29,19:40:00,13.46
Comox,2025-05-29,19:50:00,13.78
Comox,2025-05-29,20:00:00,14.03
Comox,2025-05-29,20:10:00,14.06
Comox,2025-05-29,20:20:00,14.27
Comox,2025-05-29,20:30:00,14.24
Comox,2025-05-29,20:40:00,14.21
Comox,2025-05-29,20:50:00,14.32
Comox,2025-05-29,21:00:00,14.43
Comox,2025-05-29,21:10:00,14.29
Comox,2025-05-29,21:20:00,14.03
Comox,2025-05-29,21:30:00,13.94
Comox,2025-05-29,21:40:00,13.66
Comox,2025-05-29,21:50:00,13.66
Comox,2025-05-29,22:00:00,13.9
Comox,2025-05-29,22:10:00,13.7
Comox,2025-05-29,22:20:00,13.64
Comox,2025-05-29,22:30:00,13.61
Comox,2025-05-29,22:40:00,13.49
Comox,2025-05-29,22:50:00,13.38
Comox,2025-05-29,23:00:00,13.34
Comox,2025-05-29,23:10:00,13.27
Comox,2025-05-29,23:20:00,13.25
Comox,2025-05-29,23:30:00,13.24
Comox,2025-05-29,23:40:00,13.22
Comox,2025-05-29,23:50:00,13.19
Comox,2025-05-30,0:00:00,13.19
Comox,2025-05-30,0:10:00,13.18
Comox,2025-05-30,0:20:00,13.15
Comox,2025-05-30,0:30:00,13.09
Comox,2025-05-30,0:40:00,13.05
Comox,2025-05-30,0:50:00,13.04
Comox,2025-05-30,1:00:00,13.12
Comox,2025-05-30,1:10:00,13.15
Comox,2025-05-30,1:20:00,13.16
Comox,2025-05-30,1:30:00,13.15
Comox,2025-05-30,1:40:00,13.18
Comox,2025-05-30,1:50:00,13.17
Comox,2025-05-30,2:00:00,13.19
Comox,2025-05-30,2:10:00,13.21
Comox,2025-05-30,2:20:00,13.2
Comox,2025-05-30,2:30:00,13.21
Comox,2025-05-30,2:40:00,13.25
Comox,2025-05-30,2:50:00,13.32
Comox,2025-05-30,3:00:00,13.35
Comox,2025-05-30,3:10:00,13.36
Comox,2025-05-30,3:20:00,13.36
Comox,2025-05-30,3:30:00,13.44
Comox,2025-05-30,3:40:00,13.37
Comox,2025-05-30,3:50:00,13.33
Comox,2025-05-30,4:00:00,13.27
Comox,2025-05-30,4:10:00,13.27
Comox,2025-05-30,4:20:00,13.22
Comox,2025-05-30,4:30:00,13.18
Comox,2025-05-30,4:40:00,13.15
Comox,2025-05-30,4:50:00,13.15
Comox,2025-05-30,5:00:00,13.12
Comox,2025-05-30,5:10:00,13.09
Comox,2025-05-30,5:20:00,13.05
Comox,2025-05-30,5:30:00,13.07
Comox,2025-05-30,5:40:00,13.02
Comox,2025-05-30,5:50:00,13.04
Comox,2025-05-30,6:00:00,13.07
Comox,2025-05-30,6:10:00,13.15
Comox,2025-05-30,6:20:00,13.09
Comox,2025-05-30,6:30:00,13.06
Comox,2025-05-30,6:40:00,13.04
Comox,2025-05-30,6:50:00,13.07
Comox,2025-05-30,7:00:00,13.07
Comox,2025-05-30,7:10:00,13.07
Comox,2025-05-30,7:20:00,13.11
Comox,2025-05-30,7:30:00,13.2
Comox,2025-05-30,7:40:00,13.2
Comox,2025-05-30,7:50:00,13.17
Comox,2025-05-30,8:00:00,13.11
Comox,2025-05-30,8:10:00,13.15
Comox,2025-05-30,8:20:00,13.15
Comox,2025-05-30,8:30:00,13.2
Comox,2025-05-30,8:40:00,13.2
Comox,2025-05-30,8:50:00,13.15
Comox,2025-05-30,9:00:00,13.16
Comox,2025-05-30,9:10:00,13.24
Comox,2025-05-30,9:20:00,13.24
Comox,2025-05-30,9:30:00,13.2
Comox,2025-05-30,9:40:00,13.17
Comox,2025-05-30,9:50:00,13.15
Comox,2025-05-30,10:00:00,13.19
Comox,2025-05-30,10:10:00,13.15
Comox,2025-05-30,10:20:00,13.17
Comox,2025-05-30,10:30:00,13.4
Comox,2025-05-30,10:40:00,13.24
Comox,2025-05-30,10:50:00,13.24
Comox,2025-05-30,11:00:00,13.29
Comox,2025-05-30,11:10:00,13.35
Comox,2025-05-30,11:20:00,13.34
Comox,2025-05-30,11:30:00,13.44
Comox,2025-05-30,11:40:00,13.61
Comox,2025-05-30,11:50:00,13.66
Comox,2025-05-30,12:00:00,13.69
Comox,2025-05-30,12:10:00,13.77
Comox,2025-05-30,12:20:00,13.91
Comox,2025-05-30,12:30:00,14.01
Comox,2025-05-30,12:40:00,14.25
Comox,2025-05-30,12:50:00,14.34
Comox,2025-05-30,13:00:00,14.24
Comox,2025-05-30,13:10:00,14.23
Comox,2025-05-30,13:20:00,14.26
Comox,2025-05-30,13:30:00,14.32
Comox,2025-05-30,13:40:00,14.42
Comox,2025-05-30,13:50:00,14.41
Comox,2025-05-30,14:00:00,14.45
Comox,2025-05-30,14:10:00,14.67
Comox,2025-05-30,14:20:00,14.64
Comox,2025-05-30,14:30:00,14.48
Comox,2025-05-30,14:40:00,14.52
Comox,2025-05-30,14:50:00,14.62
Comox,2025-05-30,15:00:00,14.85
Comox,2025-05-30,15:10:00,14.93
Comox,2025-05-30,15:20:00,14.97
Comox,2025-05-30,15:30:00,14.92
Comox,2025-05-30,15:40:00,14.93
Comox,2025-05-30,15:50:00,14.91
Comox,2025-05-30,16:00:00,14.92
Comox,2025-05-30,16:10:00,14.93
Comox,2025-05-30,16:20:00,14.92
Comox,2025-05-30,16:30:00,14.94
Comox,2025-05-30,16:40:00,14.93
Comox,2025-05-30,16:50:00,14.94
Comox,2025-05-30,17:00:00,14.94
Comox,2025-05-30,17:10:00,14.89
Comox,2025-05-30,17:20:00,14.88
Comox,2025-05-30,17:30:00,14.73
Comox,2025-05-30,17:40:00,14.42
Comox,2025-05-30,17:50:00,14.28
Comox,2025-05-30,18:00:00,14.21
Comox,2025-05-30,18:10:00,14.12
Comox,2025-05-30,18:20:00,14.14
Comox,2025-05-30,18:30:00,14.24
Comox,2025-05-30,18:40:00,14.17
Comox,2025-05-30,18:50:00,14.07
Comox,2025-05-30,19:00:00,14.11
Comox,2025-05-30,19:10:00,14.12
Comox,2025-05-30,19:20:00,14.14
Comox,2025-05-30,19:30:00,14.01
Comox,2025-05-30,19:40:00,13.94
Comox,2025-05-30,19:50:00,13.9
Comox,2025-05-30,20:00:00,13.85
Comox,2025-05-30,20:10:00,13.78
Comox,2025-05-30,20:20:00,13.64
Comox,2025-05-30,20:30:00,13.55
Comox,2025-05-30,20:40:00,13.54
Comox,2025-05-30,20:50:00,13.49
Comox,2025-05-30,21:00:00,13.49
Comox,2025-05-30,21:10:00,13.32
Comox,2025-05-30,21:20:00,13.25
Comox,2025-05-30,21:30:00,13.2
Comox,2025-05-30,21:40:00,13.18
Comox,2025-05-30,21:50:00,13.16
Comox,2025-05-30,22:00:00,13.26
Comox,2025-05-30,22:10:00,13.26
Comox,2025-05-30,22:20:00,13.24
Comox,2025-05-30,22:30:00,13.22
Comox,2025-05-30,22:40:00,13.19
Comox,2025-05-30,22:50:00,13.19
Comox,2025-05-30,23:00:00,13.2
Comox,2025-05-30,23:10:00,13.17
Comox,2025-05-30,23:20:00,13.15
Comox,2025-05-30,23:30:00,13.15
Comox,2025-05-30,23:40:00,13.17
Comox,2025-05-30,23:50:00,13.19
Comox,2025-05-31,0:00:00,13.17
Comox,2025-05-31,0:10:00,13.16
Comox,2025-05-31,0:20:00,13.15
Comox,2025-05-31,0:30:00,13.15
Comox,2025-05-31,0:40:00,13.15
Comox,2025-05-31,0:50:00,13.14
Comox,2025-05-31,1:00:00,13.16
Comox,2025-05-31,1:10:00,13.15
Comox,2025-05-31,1:20:00,13.05
Comox,2025-05-31,1:30:00,13.05
Comox,2025-05-31,1:40:00,13.05
Comox,2025-05-31,1:50:00,13.06
Comox,2025-05-31,2:00:00,13.06
Comox,2025-05-31,2:10:00,13.03
Comox,2025-05-31,2:20:00,13.12
Comox,2025-05-31,2:30:00,13.27
Comox,2025-05-31,2:40:00,13.31
Comox,2025-05-31,2:50:00,13.31
Comox,2025-05-31,3:00:00,13.3
Comox,2025-05-31,3:10:00,13.3
Comox,2025-05-31,3:20:00,13.27
Comox,2025-05-31,3:30:00,13.23
Comox,2025-05-31,3:40:00,13.25
Comox,2025-05-31,3:50:00,13.27
Comox,2025-05-31,4:00:00,13.26
Comox,2025-05-31,4:10:00,13.26
Comox,2025-05-31,4:20:00,13.26
Comox,2025-05-31,4:30:00,13.22
Comox,2025-05-31,4:40:00,13.21
Comox,2025-05-31,4:50:00,13.2
Comox,2025-05-31,5:00:00,13.19
Comox,2025-05-31,5:10:00,13.22
Comox,2025-05-31,5:20:00,13.22
Comox,2025-05-31,5:30:00,13.11
Comox,2025-05-31,5:40:00,13.12
Comox,2025-05-31,5:50:00,13.07
Comox,2025-05-31,6:00:00,13.05
Comox,2025-05-31,6:10:00,13
Comox,2025-05-31,6:20:00,12.95
Comox,2025-05-31,6:30:00,12.95
Comox,2025-05-31,6:40:00,12.95
Comox,2025-05-31,6:50:00,12.95
Comox,2025-05-31,7:00:00,12.92
Comox,2025-05-31,7:10:00,12.96
Comox,2025-05-31,7:20:00,12.97
Comox,2025-05-31,7:30:00,12.96
Comox,2025-05-31,7:40:00,12.93
Comox,2025-05-31,7:50:00,12.93
Comox,2025-05-31,8:00:00,12.9
Comox,2025-05-31,8:10:00,12.91
Comox,2025-05-31,8:20:00,12.93
Comox,2025-05-31,8:30:00,12.97
Comox,2025-05-31,8:40:00,13.03
Comox,2025-05-31,8:50:00,13.07
Comox,2025-05-31,9:00:00,13.05
Comox,2025-05-31,9:10:00,13.11
Comox,2025-05-31,9:20:00,13.14
Comox,2025-05-31,9:30:00,13.16
Comox,2025-05-31,9:40:00,13.17
Comox,2025-05-31,9:50:00,13.17
Comox,2025-05-31,10:00:00,13.16
Comox,2025-05-31,10:10:00,13.08
Comox,2025-05-31,10:20:00,13.11
Comox,2025-05-31,10:30:00,13.1
Comox,2025-05-31,10:40:00,13.09
Comox,2025-05-31,10:50:00,13.11
Comox,2025-05-31,11:00:00,13.14
Comox,2025-05-31,11:10:00,13.08
Comox,2025-05-31,11:20:00,13.07
Comox,2025-05-31,11:30:00,13.06
Comox,2025-05-31,11:40:00,13.11
Comox,2025-05-31,11:50:00,13.15
Comox,2025-05-31,12:00:00,13.11
Comox,2025-05-31,12:10:00,13.15
Comox,2025-05-31,12:20:00,13.22
Comox,2025-05-31,12:30:00,13.27
Comox,2025-05-31,12:40:00,13.34
Comox,2025-05-31,12:50:00,13.36
Comox,2025-05-31,13:00:00,13.37
Comox,2025-05-31,13:10:00,13.44
Comox,2025-05-31,13:20:00,13.48
Comox,2025-05-31,13:30:00,13.54
Comox,2025-05-31,13:40:00,13.56
Comox,2025-05-31,13:50:00,13.5
Comox,2025-05-31,14:00:00,13.54
Comox,2025-05-31,14:10:00,13.52
Comox,2025-05-31,14:20:00,13.5
Comox,2025-05-31,14:30:00,13.52
Comox,2025-05-31,14:40:00,13.44
Comox,2025-05-31,14:50:00,13.44
Comox,2025-05-31,15:00:00,13.52
Comox,2025-05-31,15:10:00,13.56
Comox,2025-05-31,15:20:00,13.54
Comox,2025-05-31,15:30:00,13.52
Comox,2025-05-31,15:40:00,13.53
Comox,2025-05-31,15:50:00,13.59
Comox,2025-05-31,16:00:00,13.63
Comox,2025-05-31,16:10:00,13.64
Comox,2025-05-31,16:20:00,13.71
Comox,2025-05-31,16:30:00,13.65
Comox,2025-05-31,16:40:00,13.68
Comox,2025-05-31,16:50:00,13.65
Comox,2025-05-31,17:00:00,13.64
Comox,2025-05-31,17:10:00,13.5
Comox,2025-05-31,17:20:00,13.53
Comox,2025-05-31,17:30:00,13.53
Comox,2025-05-31,17:40:00,13.55
Comox,2025-05-31,17:50:00,13.51
Comox,2025-05-31,18:00:00,13.47
Comox,2025-05-31,18:10:00,13.43
Comox,2025-05-31,18:20:00,13.38
Comox,2025-05-31,18:30:00,13.33
Comox,2025-05-31,18:40:00,13.34
Comox,2025-05-31,18:50:00,13.3
Comox,2025-05-31,19:00:00,13.24
Comox,2025-05-31,19:10:00,13.14
Comox,2025-05-31,19:20:00,13.11
Comox,2025-05-31,19:30:00,13.06
Comox,2025-05-31,19:40:00,13.03
Comox,2025-05-31,19:50:00,13.07
Comox,2025-05-31,20:00:00,12.96
Comox,2025-05-31,20:10:00,12.94
Comox,2025-05-31,20:20:00,12.87
Comox,2025-05-31,20:30:00,12.81
Comox,2025-05-31,20:40:00,12.76
Comox,2025-05-31,20:50:00,12.63
Comox,2025-05-31,21:00:00,12.49
Comox,2025-05-31,21:10:00,12.51
Comox,2025-05-31,21:20:00,12.53
Comox,2025-05-31,21:30:00,12.47
Comox,2025-05-31,21:40:00,12.23
Comox,2025-05-31,21:50:00,12.17
Comox,2025-05-31,22:00:00,12.1
Comox,2025-05-31,22:10:00,12.14
Comox,2025-05-31,22:20:00,12.4
Comox,2025-05-31,22:30:00,12.32
Comox,2025-05-31,22:40:00,11.97
Comox,2025-05-31,22:50:00,11.93
Comox,2025-05-31,23:00:00,11.9
Comox,2025-05-31,23:10:00,11.86
Comox,2025-05-31,23:20:00,11.87
Comox,2025-05-31,23:30:00,11.91
Comox,2025-05-31,23:40:00,11.97
Comox,2025-05-31,23:50:00,11.97
Comox,2025-06-01,0:00:00,12.07
Comox,2025-06-01,0:10:00,12.05
Comox,2025-06-01,0:20:00,12.03
Comox,2025-06-01,0:30:00,11.98
Comox,2025-06-01,0:40:00,11.96
Comox,2025-06-01,0:50:00,11.93
Comox,2025-06-01,1:00:00,11.94
Comox,2025-06-01,1:10:00,11.97
Comox,2025-06-01,1:20:00,11.9
Comox,2025-06-01,1:30:00,11.91
Comox,2025-06-01,1:40:00,11.91
Comox,2025-06-01,1:50:00,11.91
Comox,2025-06-01,2:00:00,11.9
Comox,2025-06-01,2:10:00,11.93
Comox,2025-06-01,2:20:00,11.92
Comox,2025-06-01,2:30:00,11.92
Comox,2025-06-01,2:40:00,11.94
Comox,2025-06-01,2:50:00,11.91
Comox,2025-06-01,3:00:00,11.86
Comox,2025-06-01,3:10:00,11.72
Comox,2025-06-01,3:20:00,11.55
Comox,2025-06-01,3:30:00,11.43
Comox,2025-06-01,3:40:00,11.38
Comox,2025-06-01,3:50:00,11.41
Comox,2025-06-01,4:00:00,11.42
Comox,2025-06-01,4:10:00,11.47
Comox,2025-06-01,4:20:00,11.52
Comox,2025-06-01,4:30:00,11.54
Comox,2025-06-01,4:40:00,11.6
Comox,2025-06-01,4:50:00,11.59
Comox,2025-06-01,5:00:00,11.58
Comox,2025-06-01,5:10:00,11.68
Comox,2025-06-01,5:20:00,11.76
Comox,2025-06-01,5:30:00,11.77
Comox,2025-06-01,5:40:00,11.73
Comox,2025-06-01,5:50:00,11.63
Comox,2025-06-01,6:00:00,11.55
Comox,2025-06-01,6:10:00,11.37
Comox,2025-06-01,6:20:00,11.38
Comox,2025-06-01,6:30:00,11.31
Comox,2025-06-01,6:40:00,11
Comox,2025-06-01,6:50:00,10.99
Comox,2025-06-01,7:00:00,11.08
Comox,2025-06-01,7:10:00,11.12
Comox,2025-06-01,7:20:00,11.14
Comox,2025-06-01,7:30:00,11
Comox,2025-06-01,7:40:00,10.98
Comox,2025-06-01,7:50:00,10.81
Comox,2025-06-01,8:00:00,10.93
Comox,2025-06-01,8:10:00,10.88
Comox,2025-06-01,8:20:00,10.78
Comox,2025-06-01,8:30:00,10.51
Comox,2025-06-01,8:40:00,11.24
Comox,2025-06-01,8:50:00,12.21
Comox,2025-06-01,9:00:00,12.36
Comox,2025-06-01,9:10:00,12.43
Comox,2025-06-01,9:20:00,12.61
Comox,2025-06-01,9:30:00,12.97
Comox,2025-06-01,9:40:00,13.07
Comox,2025-06-01,9:50:00,13.21
Comox,2025-06-01,10:00:00,13.3
Comox,2025-06-01,10:10:00,13.35
Comox,2025-06-01,10:20:00,13.47
Comox,2025-06-01,10:30:00,13.58
Comox,2025-06-01,10:40:00,13.65
Comox,2025-06-01,10:50:00,13.71
Comox,2025-06-01,11:00:00,13.73
Comox,2025-06-01,11:10:00,13.67
Comox,2025-06-01,11:20:00,13.68
Comox,2025-06-01,11:30:00,13.75
Comox,2025-06-01,11:40:00,13.85
Comox,2025-06-01,11:50:00,13.78
Comox,2025-06-01,12:00:00,13.66
Comox,2025-06-01,12:10:00,13.67
Comox,2025-06-01,12:20:00,13.69
Comox,2025-06-01,12:30:00,13.7
Comox,2025-06-01,12:40:00,13.81
Comox,2025-06-01,12:50:00,13.75
Comox,2025-06-01,13:00:00,13.88
Comox,2025-06-01,13:10:00,13.91
Comox,2025-06-01,13:20:00,13.97
Comox,2025-06-01,13:30:00,13.93
Comox,2025-06-01,13:40:00,14.12
Comox,2025-06-01,13:50:00,14.24
Comox,2025-06-01,14:00:00,14.33
Comox,2025-06-01,14:10:00,14.17
Comox,2025-06-01,14:20:00,13.91
Comox,2025-06-01,14:30:00,14.23
Comox,2025-06-01,14:40:00,14.07
Comox,2025-06-01,14:50:00,13.9
Comox,2025-06-01,15:00:00,13.9
Comox,2025-06-01,15:10:00,13.91
Comox,2025-06-01,15:20:00,13.94
Comox,2025-06-01,15:30:00,13.99
Comox,2025-06-01,15:40:00,14.12
Comox,2025-06-01,15:50:00,14.14
Comox,2025-06-01,16:00:00,14.26
Comox,2025-06-01,16:10:00,14.15
Comox,2025-06-01,16:20:00,14.22
Comox,2025-06-01,16:30:00,14.33
Comox,2025-06-01,16:40:00,14.3
Comox,2025-06-01,16:50:00,14.32
Comox,2025-06-01,17:00:00,14.73
Comox,2025-06-01,17:10:00,14.85
Comox,2025-06-01,17:20:00,15.03
Comox,2025-06-01,17:30:00,14.59
Comox,2025-06-01,17:40:00,14.43
Comox,2025-06-01,17:50:00,14.2
Comox,2025-06-01,18:00:00,14.2
Comox,2025-06-01,18:10:00,14.38
Comox,2025-06-01,18:20:00,14.54
Comox,2025-06-01,18:30:00,15.1
Comox,2025-06-01,18:40:00,15.15
Comox,2025-06-01,18:50:00,14.99
Comox,2025-06-01,19:00:00,14.92
Comox,2025-06-01,19:10:00,14.81
Comox,2025-06-01,19:20:00,14.38
Comox,2025-06-01,19:30:00,14.28
Comox,2025-06-01,19:40:00,14.19
Comox,2025-06-01,19:50:00,14.03
Comox,2025-06-01,20:00:00,13.83
Comox,2025-06-01,20:10:00,13.7
Comox,2025-06-01,20:20:00,13.86
Comox,2025-06-01,20:30:00,13.93
Comox,2025-06-01,20:40:00,13.94
Comox,2025-06-01,20:50:00,13.98
Comox,2025-06-01,21:00:00,13.93
Comox,2025-06-01,21:10:00,13.83
Comox,2025-06-01,21:20:00,13.77
Comox,2025-06-01,21:30:00,13.77
Comox,2025-06-01,21:40:00,13.76
Comox,2025-06-01,21:50:00,13.7
Comox,2025-06-01,22:00:00,13.63
Comox,2025-06-01,22:10:00,13.56
Comox,2025-06-01,22:20:00,13.53
Comox,2025-06-01,22:30:00,13.61
Comox,2025-06-01,22:40:00,13.68
Comox,2025-06-01,22:50:00,13.73
Comox,2025-06-01,23:00:00,13.71
Comox,2025-06-01,23:10:00,13.67
Comox,2025-06-01,23:20:00,13.69
Comox,2025-06-01,23:30:00,13.62
Comox,2025-06-01,23:40:00,13.58
Comox,2025-06-01,23:50:00,13.53
Comox,2025-06-02,0:00:00,13.51
Comox,2025-06-02,0:10:00,13.52
Comox,2025-06-02,0:20:00,13.5
Comox,2025-06-02,0:30:00,13.52
Comox,2025-06-02,0:40:00,13.51
Comox,2025-06-02,0:50:00,13.51
Comox,2025-06-02,1:00:00,13.51
Comox,2025-06-02,1:10:00,13.46
Comox,2025-06-02,1:20:00,13.45
Comox,2025-06-02,1:30:00,13.41
Comox,2025-06-02,1:40:00,13.36
Comox,2025-06-02,1:50:00,13.38
Comox,2025-06-02,2:00:00,13.36
Comox,2025-06-02,2:10:00,13.37
Comox,2025-06-02,2:20:00,13.34
Comox,2025-06-02,2:30:00,13.29
Comox,2025-06-02,2:40:00,13.24
Comox,2025-06-02,2:50:00,13.22
Comox,2025-06-02,3:00:00,13.19
Comox,2025-06-02,3:10:00,13.21
Comox,2025-06-02,3:20:00,13.26
Comox,2025-06-02,3:30:00,13.27
Comox,2025-06-02,3:40:00,13.29
Comox,2025-06-02,3:50:00,13.23
Comox,2025-06-02,4:00:00,13.17
Comox,2025-06-02,4:10:00,13.18
Comox,2025-06-02,4:20:00,13.18
Comox,2025-06-02,4:30:00,13.16
Comox,2025-06-02,4:40:00,13.15
Comox,2025-06-02,4:50:00,13.16
Comox,2025-06-02,5:00:00,13.15
Comox,2025-06-02,5:10:00,13.11
Comox,2025-06-02,5:20:00,13.16
Comox,2025-06-02,5:30:00,13.18
Comox,2025-06-02,5:40:00,13.23
Comox,2025-06-02,5:50:00,13.23
Comox,2025-06-02,6:00:00,13.29
Comox,2025-06-02,6:10:00,13.29
Comox,2025-06-02,6:20:00,13.3
Comox,2025-06-02,6:30:00,13.32
Comox,2025-06-02,6:40:00,13.25
Comox,2025-06-02,6:50:00,13.29
Comox,2025-06-02,7:00:00,13.3
Comox,2025-06-02,7:10:00,13.22
Comox,2025-06-02,7:20:00,13.15
Comox,2025-06-02,7:30:00,13.03
Comox,2025-06-02,7:40:00,12.95
Comox,2025-06-02,7:50:00,12.94
Comox,2025-06-02,8:00:00,12.96
Comox,2025-06-02,8:10:00,12.94
Comox,2025-06-02,8:20:00,12.89
Comox,2025-06-02,8:30:00,12.85
Comox,2025-06-02,8:40:00,12.86
Comox,2025-06-02,8:50:00,12.78
Comox,2025-06-02,9:00:00,12.9
Comox,2025-06-02,9:10:00,13
Comox,2025-06-02,9:20:00,13.08
Comox,2025-06-02,9:30:00,13.24
Comox,2025-06-02,9:40:00,13.56
Comox,2025-06-02,9:50:00,13.52
Comox,2025-06-02,10:00:00,13.56
Comox,2025-06-02,10:10:00,13.65
Comox,2025-06-02,10:20:00,13.68
Comox,2025-06-02,10:30:00,13.7
Comox,2025-06-02,10:40:00,13.78
Comox,2025-06-02,10:50:00,13.78
Comox,2025-06-02,11:00:00,13.83
Comox,2025-06-02,11:10:00,13.78
Comox,2025-06-02,11:20:00,13.77
Comox,2025-06-02,11:30:00,13.84
Comox,2025-06-02,11:40:00,13.89
Comox,2025-06-02,11:50:00,13.86
Comox,2025-06-02,12:00:00,13.83
Comox,2025-06-02,12:10:00,13.85
Comox,2025-06-02,12:20:00,13.97
Comox,2025-06-02,12:30:00,13.99
Comox,2025-06-02,12:40:00,14.12
Comox,2025-06-02,12:50:00,14.15
Comox,2025-06-02,13:00:00,14.18
Comox,2025-06-02,13:10:00,14.3
Comox,2025-06-02,13:20:00,14.22
Comox,2025-06-02,13:30:00,14.28
Comox,2025-06-02,13:40:00,14.21
Comox,2025-06-02,13:50:00,14.12
Comox,2025-06-02,14:00:00,14.2
Comox,2025-06-02,14:10:00,14.37
Comox,2025-06-02,14:20:00,14.41
Comox,2025-06-02,14:30:00,14.54
Comox,2025-06-02,14:40:00,14.53
Comox,2025-06-02,14:50:00,14.6
Comox,2025-06-02,15:00:00,14.68
Comox,2025-06-02,15:10:00,14.65
Comox,2025-06-02,15:20:00,14.67
Comox,2025-06-02,15:30:00,14.85
Comox,2025-06-02,15:40:00,14.86
Comox,2025-06-02,15:50:00,14.99
Comox,2025-06-02,16:00:00,15.02
Comox,2025-06-02,16:10:00,15.09
Comox,2025-06-02,16:20:00,15.09
Comox,2025-06-02,16:30:00,15
Comox,2025-06-02,16:40:00,15.09
Comox,2025-06-02,16:50:00,15.24
Comox,2025-06-02,17:00:00,15.17
Comox,2025-06-02,17:10:00,15.09
Comox,2025-06-02,17:20:00,15.15
Comox,2025-06-02,17:30:00,15.16
Comox,2025-06-02,17:40:00,15.1
Comox,2025-06-02,17:50:00,15.15
Comox,2025-06-02,18:00:00,15.24
Comox,2025-06-02,18:10:00,15.28
Comox,2025-06-02,18:20:00,15.31
Comox,2025-06-02,18:30:00,15.22
Comox,2025-06-02,18:40:00,14.98
Comox,2025-06-02,18:50:00,14.93
Comox,2025-06-02,19:00:00,15
Comox,2025-06-02,19:10:00,14.87
Comox,2025-06-02,19:20:00,14.73
Comox,2025-06-02,19:30:00,14.65
Comox,2025-06-02,19:40:00,14.57
Comox,2025-06-02,19:50:00,14.52
Comox,2025-06-02,20:00:00,14.39
Comox,2025-06-02,20:10:00,14.33
Comox,2025-06-02,20:20:00,14.28
Comox,2025-06-02,20:30:00,14.12
Comox,2025-06-02,20:40:00,14
Comox,2025-06-02,20:50:00,13.94
Comox,2025-06-02,21:00:00,14.05
Comox,2025-06-02,21:10:00,14.15
Comox,2025-06-02,21:20:00,14.17
Comox,2025-06-02,21:30:00,14.18
Comox,2025-06-02,21:40:00,14.09
Comox,2025-06-02,21:50:00,14.08
Comox,2025-06-02,22:00:00,14.05
Comox,2025-06-02,22:10:00,14.03
Comox,2025-06-02,22:20:00,13.98
Comox,2025-06-02,22:30:00,13.98
Comox,2025-06-02,22:40:00,13.93
Comox,2025-06-02,22:50:00,13.91
Comox,2025-06-02,23:00:00,13.85
Comox,2025-06-02,23:10:00,13.83
Comox,2025-06-02,23:20:00,13.89
Comox,2025-06-02,23:30:00,13.85
Comox,2025-06-02,23:40:00,13.85
Comox,2025-06-02,23:50:00,13.89
Comox,2025-06-03,0:00:00,13.96
Comox,2025-06-03,0:10:00,13.95
Comox,2025-06-03,0:20:00,13.92
Comox,2025-06-03,0:30:00,13.91
Comox,2025-06-03,0:40:00,13.9
Comox,2025-06-03,0:50:00,13.88
Comox,2025-06-03,1:00:00,13.9
Comox,2025-06-03,1:10:00,13.88
Comox,2025-06-03,1:20:00,13.84
Comox,2025-06-03,1:30:00,13.81
Comox,2025-06-03,1:40:00,13.79
Comox,2025-06-03,1:50:00,13.77
Comox,2025-06-03,2:00:00,13.78
Comox,2025-06-03,2:10:00,13.78
Comox,2025-06-03,2:20:00,13.79
Comox,2025-06-03,2:30:00,13.79
Comox,2025-06-03,2:40:00,13.78
Comox,2025-06-03,2:50:00,13.77
Comox,2025-06-03,3:00:00,13.74
Comox,2025-06-03,3:10:00,13.67
Comox,2025-06-03,3:20:00,13.6
Comox,2025-06-03,3:30:00,13.54
Comox,2025-06-03,3:40:00,13.51
Comox,2025-06-03,3:50:00,13.51
Comox,2025-06-03,4:00:00,13.52
Comox,2025-06-03,4:10:00,13.53
Comox,2025-06-03,4:20:00,13.53
Comox,2025-06-03,4:30:00,13.52
Comox,2025-06-03,4:40:00,13.53
Comox,2025-06-03,4:50:00,13.53
Comox,2025-06-03,5:00:00,13.5
Comox,2025-06-03,5:10:00,13.5
Comox,2025-06-03,5:20:00,13.48
Comox,2025-06-03,5:30:00,13.47
Comox,2025-06-03,5:40:00,13.48
Comox,2025-06-03,5:50:00,13.52
Comox,2025-06-03,6:00:00,13.5
Comox,2025-06-03,6:10:00,13.52
Comox,2025-06-03,6:20:00,13.48
Comox,2025-06-03,6:30:00,13.48
Comox,2025-06-03,6:40:00,13.47
Comox,2025-06-03,6:50:00,13.47
Comox,2025-06-03,7:00:00,13.44
Comox,2025-06-03,7:10:00,13.43
Comox,2025-06-03,7:20:00,13.4
Comox,2025-06-03,7:30:00,13.33
Comox,2025-06-03,7:40:00,13.26
Comox,2025-06-03,7:50:00,13.18
Comox,2025-06-03,8:00:00,13.1
Comox,2025-06-03,8:10:00,13.15
Comox,2025-06-03,8:20:00,13.16
Comox,2025-06-03,8:30:00,13.16
Comox,2025-06-03,8:40:00,13.17
Comox,2025-06-03,8:50:00,13.25
Comox,2025-06-03,9:00:00,13.27
Comox,2025-06-03,9:10:00,13.34
Comox,2025-06-03,9:20:00,13.37
Comox,2025-06-03,9:30:00,13.63
Comox,2025-06-03,9:40:00,13.98
Comox,2025-06-03,9:50:00,14.15
Comox,2025-06-03,10:00:00,14.26
Comox,2025-06-03,10:10:00,14.26
Comox,2025-06-03,10:20:00,14.24
Comox,2025-06-03,10:30:00,14.21
Comox,2025-06-03,10:40:00,14.24
Comox,2025-06-03,10:50:00,14.32
Comox,2025-06-03,11:00:00,14.33
Comox,2025-06-03,11:10:00,14.3
Comox,2025-06-03,11:20:00,14.32
Comox,2025-06-03,11:30:00,14.23
Comox,2025-06-03,11:40:00,14.13
Comox,2025-06-03,11:50:00,14.14
Comox,2025-06-03,12:00:00,14.15
Comox,2025-06-03,12:10:00,14.14
Comox,2025-06-03,12:20:00,14.19
Comox,2025-06-03,12:30:00,14.24
Comox,2025-06-03,12:40:00,14.29
Comox,2025-06-03,12:50:00,14.35
Comox,2025-06-03,13:00:00,14.43
Comox,2025-06-03,13:10:00,14.52
Comox,2025-06-03,13:20:00,14.59
Comox,2025-06-03,13:30:00,14.73
Comox,2025-06-03,13:40:00,14.83
Comox,2025-06-03,13:50:00,14.93
Comox,2025-06-03,14:00:00,14.99
Comox,2025-06-03,14:10:00,15.34
Comox,2025-06-03,14:20:00,15.73
Comox,2025-06-03,14:30:00,15.85
Comox,2025-06-03,14:40:00,15.93
Comox,2025-06-03,14:50:00,16.03
Comox,2025-06-03,15:00:00,16.07
Comox,2025-06-03,15:10:00,16.17
Comox,2025-06-03,15:20:00,16.31
Comox,2025-06-03,15:30:00,16.37
Comox,2025-06-03,15:40:00,16.37
Comox,2025-06-03,15:50:00,16.29
Comox,2025-06-03,16:00:00,16.17
Comox,2025-06-03,16:10:00,16.12
Comox,2025-06-03,16:20:00,16.17
Comox,2025-06-03,16:30:00,16.28
Comox,2025-06-03,16:40:00,16.31
Comox,2025-06-03,16:50:00,16.31
Comox,2025-06-03,17:00:00,16.32
Comox,2025-06-03,17:10:00,16.34
Comox,2025-06-03,17:20:00,16.41
Comox,2025-06-03,17:30:00,16.48
Comox,2025-06-03,17:40:00,16.43
Comox,2025-06-03,17:50:00,16.41
Comox,2025-06-03,18:00:00,16.41
Comox,2025-06-03,18:10:00,16.34
Comox,2025-06-03,18:20:00,16.3
Comox,2025-06-03,18:30:00,16.28
Comox,2025-06-03,18:40:00,16.26
Comox,2025-06-03,18:50:00,16.27
Comox,2025-06-03,19:00:00,16.26
Comox,2025-06-03,19:10:00,16.25
Comox,2025-06-03,19:20:00,16.2
Comox,2025-06-03,19:30:00,16.16
Comox,2025-06-03,19:40:00,16.15
Comox,2025-06-03,19:50:00,16.13
Comox,2025-06-03,20:00:00,16.07
Comox,2025-06-03,20:10:00,16.01
Comox,2025-06-03,20:20:00,16.03
Comox,2025-06-03,20:30:00,16.03
Comox,2025-06-03,20:40:00,16.07
Comox,2025-06-03,20:50:00,16.11
Comox,2025-06-03,21:00:00,16.14
Comox,2025-06-03,21:10:00,16.14
Comox,2025-06-03,21:20:00,16.07
Comox,2025-06-03,21:30:00,15.96
Comox,2025-06-03,21:40:00,15.89
Comox,2025-06-03,21:50:00,15.81
Comox,2025-06-03,22:00:00,15.73
Comox,2025-06-03,22:10:00,15.65
Comox,2025-06-03,22:20:00,15.57
Comox,2025-06-03,22:30:00,15.52
Comox,2025-06-03,22:40:00,15.47
Comox,2025-06-03,22:50:00,15.46
Comox,2025-06-03,23:00:00,15.43
Comox,2025-06-03,23:10:00,15.4
Comox,2025-06-03,23:20:00,15.41
Comox,2025-06-03,23:30:00,15.37
Comox,2025-06-03,23:40:00,15.29
Comox,2025-06-03,23:50:00,15.24
Comox,2025-06-04,0:00:00,15.22
Comox,2025-06-04,0:10:00,15.23
Comox,2025-06-04,0:20:00,15.25
Comox,2025-06-04,0:30:00,15.28
Comox,2025-06-04,0:40:00,15.29
Comox,2025-06-04,0:50:00,15.29
Comox,2025-06-04,1:00:00,15.28
Comox,2025-06-04,1:10:00,15.26
Comox,2025-06-04,1:20:00,15.24
Comox,2025-06-04,1:30:00,15.25
Comox,2025-06-04,1:40:00,15.28
Comox,2025-06-04,1:50:00,15.32
Comox,2025-06-04,2:00:00,15.4
Comox,2025-06-04,2:10:00,15.54
Comox,2025-06-04,2:20:00,15.56
Comox,2025-06-04,2:30:00,15.55
Comox,2025-06-04,2:40:00,15.52
Comox,2025-06-04,2:50:00,15.49
Comox,2025-06-04,3:00:00,15.51
Comox,2025-06-04,3:10:00,15.47
Comox,2025-06-04,3:20:00,15.48
Comox,2025-06-04,3:30:00,15.52
Comox,2025-06-04,3:40:00,15.57
Comox,2025-06-04,3:50:00,15.62
Comox,2025-06-04,4:00:00,15.63
Comox,2025-06-04,4:10:00,15.58
Comox,2025-06-04,4:20:00,15.57
Comox,2025-06-04,4:30:00,15.57
Comox,2025-06-04,4:40:00,15.54
Comox,2025-06-04,4:50:00,15.58
Comox,2025-06-04,5:00:00,15.61
Comox,2025-06-04,5:10:00,15.66
Comox,2025-06-04,5:20:00,15.65
Comox,2025-06-04,5:30:00,15.62
Comox,2025-06-04,5:40:00,15.6
Comox,2025-06-04,5:50:00,15.6
Comox,2025-06-04,6:00:00,15.57
Comox,2025-06-04,6:10:00,15.56
Comox,2025-06-04,6:20:00,15.55
Comox,2025-06-04,6:30:00,15.56
Comox,2025-06-04,6:40:00,15.57
Comox,2025-06-04,6:50:00,15.58
Comox,2025-06-04,7:00:00,15.56
Comox,2025-06-04,7:10:00,15.47
Comox,2025-06-04,7:20:00,15.44
Comox,2025-06-04,7:30:00,15.39
Comox,2025-06-04,7:40:00,15.43
Comox,2025-06-04,7:50:00,15.46
Comox,2025-06-04,8:00:00,15.49
Comox,2025-06-04,8:10:00,15.42
Comox,2025-06-04,8:20:00,15.33
Comox,2025-06-04,8:30:00,15.42
Comox,2025-06-04,8:40:00,15.46
Comox,2025-06-04,8:50:00,15.49
Comox,2025-06-04,9:00:00,15.55
Comox,2025-06-04,9:10:00,15.59
Comox,2025-06-04,9:20:00,15.63
Comox,2025-06-04,9:30:00,15.74
Comox,2025-06-04,9:40:00,15.86
Comox,2025-06-04,9:50:00,15.97
Comox,2025-06-04,10:00:00,16.11
Comox,2025-06-04,10:10:00,16.02
Comox,2025-06-04,10:20:00,16.06
Comox,2025-06-04,10:30:00,16.11
Comox,2025-06-04,10:40:00,16.18
Comox,2025-06-04,10:50:00,16.05
Comox,2025-06-04,11:00:00,15.67
Comox,2025-06-04,11:10:00,15.33
Comox,2025-06-04,11:20:00,15.62
Comox,2025-06-04,11:30:00,15.63
Comox,2025-06-04,11:40:00,15.65
Comox,2025-06-04,11:50:00,15.51
Comox,2025-06-04,12:00:00,15.47
Comox,2025-06-04,12:10:00,15.54
Comox,2025-06-04,12:20:00,15.53
Comox,2025-06-04,12:30:00,15.46
Comox,2025-06-04,12:40:00,15.63
Comox,2025-06-04,12:50:00,16.07
Comox,2025-06-04,13:00:00,16.46
Comox,2025-06-04,13:10:00,16.84
Comox,2025-06-04,13:20:00,17
Comox,2025-06-04,13:30:00,16.98
Comox,2025-06-04,13:40:00,17.08
Comox,2025-06-04,13:50:00,16.86
Comox,2025-06-04,14:00:00,16.49
Comox,2025-06-04,14:10:00,16.32
Comox,2025-06-04,14:20:00,16.19
Comox,2025-06-04,14:30:00,16.17
Comox,2025-06-04,14:40:00,16.69
Comox,2025-06-04,14:50:00,17.48
Comox,2025-06-04,15:00:00,17.88
Comox,2025-06-04,15:10:00,17.87
Comox,2025-06-04,15:20:00,17.82
Comox,2025-06-04,15:30:00,17.92
Comox,2025-06-04,15:40:00,17.99
Comox,2025-06-04,15:50:00,17.66
Comox,2025-06-04,16:00:00,17.52
Comox,2025-06-04,16:10:00,17.52
Comox,2025-06-04,16:20:00,17.51
Comox,2025-06-04,16:30:00,17.5
Comox,2025-06-04,16:40:00,17.44
Comox,2025-06-04,16:50:00,17.41
Comox,2025-06-04,17:00:00,17.43
Comox,2025-06-04,17:10:00,17.46
Comox,2025-06-04,17:20:00,17.5
Comox,2025-06-04,17:30:00,17.73
Comox,2025-06-04,17:40:00,18.09
Comox,2025-06-04,17:50:00,18.4
Comox,2025-06-04,18:00:00,18.67
Comox,2025-06-04,18:10:00,18.7
Comox,2025-06-04,18:20:00,18.77
Comox,2025-06-04,18:30:00,18.74
Comox,2025-06-04,18:40:00,18.86
Comox,2025-06-04,18:50:00,18.99
Comox,2025-06-04,19:00:00,19.02
Comox,2025-06-04,19:10:00,18.94
Comox,2025-06-04,19:20:00,18.21
Comox,2025-06-04,19:30:00,17.83
Comox,2025-06-04,19:40:00,17.26
Comox,2025-06-04,19:50:00,17.09
Comox,2025-06-04,20:00:00,17.07
Comox,2025-06-04,20:10:00,17.02
Comox,2025-06-04,20:20:00,16.95
Comox,2025-06-04,20:30:00,16.9
Comox,2025-06-04,20:40:00,16.8
Comox,2025-06-04,20:50:00,16.8
Comox,2025-06-04,21:00:00,16.8
Comox,2025-06-04,21:10:00,16.6
Comox,2025-06-04,21:20:00,16.32
Comox,2025-06-04,21:30:00,16.24
Comox,2025-06-04,21:40:00,16.15
Comox,2025-06-04,21:50:00,16.13
Comox,2025-06-04,22:00:00,16.1
Comox,2025-06-04,22:10:00,16.14
Comox,2025-06-04,22:20:00,16.14
Comox,2025-06-04,22:30:00,16.08
Comox,2025-06-04,22:40:00,16
Comox,2025-06-04,22:50:00,15.91
Comox,2025-06-04,23:00:00,15.82
Comox,2025-06-04,23:10:00,15.67
Comox,2025-06-04,23:20:00,15.56
Comox,2025-06-04,23:30:00,15.58
Comox,2025-06-04,23:40:00,15.61
Comox,2025-06-04,23:50:00,15.62
Comox,2025-06-05,0:00:00,15.52
Comox,2025-06-05,0:10:00,15.49
Comox,2025-06-05,0:20:00,15.51
Comox,2025-06-05,0:30:00,15.51
Comox,2025-06-05,0:40:00,15.53
Comox,2025-06-05,0:50:00,15.52
Comox,2025-06-05,1:00:00,15.47
Comox,2025-06-05,1:10:00,15.45
Comox,2025-06-05,1:20:00,15.68
Comox,2025-06-05,1:30:00,15.75
Comox,2025-06-05,1:40:00,15.74
Comox,2025-06-05,1:50:00,15.74
Comox,2025-06-05,2:00:00,15.77
Comox,2025-06-05,2:10:00,15.82
Comox,2025-06-05,2:20:00,15.88
Comox,2025-06-05,2:30:00,15.95
Comox,2025-06-05,2:40:00,15.93
Comox,2025-06-05,2:50:00,15.9
Comox,2025-06-05,3:00:00,15.89
Comox,2025-06-05,3:10:00,15.8
Comox,2025-06-05,3:20:00,15.83
Comox,2025-06-05,3:30:00,15.86
Comox,2025-06-05,3:40:00,15.86
Comox,2025-06-05,3:50:00,15.84
Comox,2025-06-05,4:00:00,15.86
Comox,2025-06-05,4:10:00,15.87
Comox,2025-06-05,4:20:00,15.88
Comox,2025-06-05,4:30:00,15.92
Comox,2025-06-05,4:40:00,15.9
Comox,2025-06-05,4:50:00,15.86
Comox,2025-06-05,5:00:00,15.83
Comox,2025-06-05,5:10:00,15.73
Comox,2025-06-05,5:20:00,15.71
Comox,2025-06-05,5:30:00,15.66
Comox,2025-06-05,5:40:00,15.66
Comox,2025-06-05,5:50:00,15.59
Comox,2025-06-05,6:00:00,15.65
Comox,2025-06-05,6:10:00,15.63
Comox,2025-06-05,6:20:00,15.63
Comox,2025-06-05,6:30:00,15.67
Comox,2025-06-05,6:40:00,15.67
Comox,2025-06-05,6:50:00,15.69
Comox,2025-06-05,7:00:00,15.69
Comox,2025-06-05,7:10:00,15.52
Comox,2025-06-05,7:20:00,15.25
Comox,2025-06-05,7:30:00,15.24
Comox,2025-06-05,7:40:00,15.08
Comox,2025-06-05,7:50:00,15.03
Comox,2025-06-05,8:00:00,15.09
Comox,2025-06-05,8:10:00,15.14
Comox,2025-06-05,8:20:00,15.15
Comox,2025-06-05,8:30:00,15.12
Comox,2025-06-05,8:40:00,15.12
Comox,2025-06-05,8:50:00,15.09
Comox,2025-06-05,9:00:00,15.11
Comox,2025-06-05,9:10:00,15.17
Comox,2025-06-05,9:20:00,15.23
Comox,2025-06-05,9:30:00,15.45
Comox,2025-06-05,9:40:00,15.65
Comox,2025-06-05,9:50:00,15.78
Comox,2025-06-05,10:00:00,15.76
Comox,2025-06-05,10:10:00,15.83
Comox,2025-06-05,10:20:00,15.89
Comox,2025-06-05,10:30:00,15.86
Comox,2025-06-05,10:40:00,15.86
Comox,2025-06-05,10:50:00,15.88
Comox,2025-06-05,11:00:00,16.03
Comox,2025-06-05,11:10:00,16.08
Comox,2025-06-05,11:20:00,16.08
Comox,2025-06-05,11:30:00,16.11
Comox,2025-06-05,11:40:00,16.2
Comox,2025-06-05,11:50:00,16.21
Comox,2025-06-05,12:00:00,16.18
Comox,2025-06-05,12:10:00,16.16
Comox,2025-06-05,12:20:00,16.07
Comox,2025-06-05,12:30:00,16.08
Comox,2025-06-05,12:40:00,16.08
Comox,2025-06-05,12:50:00,16.07
Comox,2025-06-05,13:00:00,16.08
Comox,2025-06-05,13:10:00,16.16
Comox,2025-06-05,13:20:00,16.34
Comox,2025-06-05,13:30:00,16.65
Comox,2025-06-05,13:40:00,16.86
Comox,2025-06-05,13:50:00,17.26
Comox,2025-06-05,14:00:00,17.67
Comox,2025-06-05,14:10:00,17.99
Comox,2025-06-05,14:20:00,18.28
Comox,2025-06-05,14:30:00,18.29
Comox,2025-06-05,14:40:00,18.1
Comox,2025-06-05,14:50:00,18.12
Comox,2025-06-05,15:00:00,17.96
Comox,2025-06-05,15:10:00,17.47
Comox,2025-06-05,15:20:00,17.25
Comox,2025-06-05,15:30:00,17.39
Comox,2025-06-05,15:40:00,18.14
Comox,2025-06-05,15:50:00,18.14
Comox,2025-06-05,16:00:00,18.32
Comox,2025-06-05,16:10:00,18.58
Comox,2025-06-05,16:20:00,18.21
Comox,2025-06-05,16:30:00,17.98
Comox,2025-06-05,16:40:00,17.99
Comox,2025-06-05,16:50:00,17.87
Comox,2025-06-05,17:00:00,17.64
Comox,2025-06-05,17:10:00,17.67
Comox,2025-06-05,17:20:00,17.62
Comox,2025-06-05,17:30:00,17.52
Comox,2025-06-05,17:40:00,17.56
Comox,2025-06-05,17:50:00,17.5
Comox,2025-06-05,18:00:00,17.48
Comox,2025-06-05,18:10:00,17.43
Comox,2025-06-05,18:20:00,17.39
Comox,2025-06-05,18:30:00,17.34
Comox,2025-06-05,18:40:00,17.39
Comox,2025-06-05,18:50:00,17.4
Comox,2025-06-05,19:00:00,17.37
Comox,2025-06-05,19:10:00,17.38
Comox,2025-06-05,19:20:00,17.38
Comox,2025-06-05,19:30:00,17.33
Comox,2025-06-05,19:40:00,17.29
Comox,2025-06-05,19:50:00,17.29
Comox,2025-06-05,20:00:00,17.25
Comox,2025-06-05,20:10:00,17.25
Comox,2025-06-05,20:20:00,17.23
Comox,2025-06-05,20:30:00,17.21
Comox,2025-06-05,20:40:00,17.18
Comox,2025-06-05,20:50:00,17.1
Comox,2025-06-05,21:00:00,17.05
Comox,2025-06-05,21:10:00,17.06
Comox,2025-06-05,21:20:00,17.07
Comox,2025-06-05,21:30:00,17.07
Comox,2025-06-05,21:40:00,17.06
Comox,2025-06-05,21:50:00,17.04
Comox,2025-06-05,22:00:00,17
Comox,2025-06-05,22:10:00,16.95
Comox,2025-06-05,22:20:00,16.91
Comox,2025-06-05,22:30:00,16.78
Comox,2025-06-05,22:40:00,16.63
Comox,2025-06-05,22:50:00,16.56
Comox,2025-06-05,23:00:00,16.56
Comox,2025-06-05,23:10:00,16.49
Comox,2025-06-05,23:20:00,16.45
Comox,2025-06-05,23:30:00,16.36
Comox,2025-06-05,23:40:00,16.33
Comox,2025-06-05,23:50:00,16.24
Comox,2025-06-06,0:00:00,16.25
Comox,2025-06-06,0:10:00,16.17
Comox,2025-06-06,0:20:00,16.1
Comox,2025-06-06,0:30:00,16.1
Comox,2025-06-06,0:40:00,16.12
Comox,2025-06-06,0:50:00,16.12
Comox,2025-06-06,1:00:00,16.05
Comox,2025-06-06,1:10:00,15.96
Comox,2025-06-06,1:20:00,15.95
Comox,2025-06-06,1:30:00,15.98
Comox,2025-06-06,1:40:00,15.99
Comox,2025-06-06,1:50:00,15.98
Comox,2025-06-06,2:00:00,15.95
Comox,2025-06-06,2:10:00,15.96
Comox,2025-06-06,2:20:00,15.95
Comox,2025-06-06,2:30:00,16
Comox,2025-06-06,2:40:00,15.95
Comox,2025-06-06,2:50:00,15.92
Comox,2025-06-06,3:00:00,15.92
Comox,2025-06-06,3:10:00,15.88
Comox,2025-06-06,3:20:00,15.86
Comox,2025-06-06,3:30:00,15.95
Comox,2025-06-06,3:40:00,15.93
Comox,2025-06-06,3:50:00,15.87
Comox,2025-06-06,4:00:00,15.89
Comox,2025-06-06,4:10:00,15.85
Comox,2025-06-06,4:20:00,15.8
Comox,2025-06-06,4:30:00,15.76
Comox,2025-06-06,4:40:00,15.77
Comox,2025-06-06,4:50:00,15.73
Comox,2025-06-06,5:00:00,15.82
Comox,2025-06-06,5:10:00,15.9
Comox,2025-06-06,5:20:00,15.9
Comox,2025-06-06,5:30:00,15.89
Comox,2025-06-06,5:40:00,15.86
Comox,2025-06-06,5:50:00,15.81
Comox,2025-06-06,6:00:00,15.75
Comox,2025-06-06,6:10:00,15.69
Comox,2025-06-06,6:20:00,15.61
Comox,2025-06-06,6:30:00,15.48
Comox,2025-06-06,6:40:00,15.47
Comox,2025-06-06,6:50:00,15.54
Comox,2025-06-06,7:00:00,15.57
Comox,2025-06-06,7:10:00,15.53
Comox,2025-06-06,7:20:00,15.54
Comox,2025-06-06,7:30:00,15.58
Comox,2025-06-06,7:40:00,15.6
Comox,2025-06-06,7:50:00,15.49
Comox,2025-06-06,8:00:00,15.51
Comox,2025-06-06,8:10:00,15.55
Comox,2025-06-06,8:20:00,15.46
Comox,2025-06-06,8:30:00,15.61
Comox,2025-06-06,8:40:00,16.06
Comox,2025-06-06,8:50:00,16.36
Comox,2025-06-06,9:00:00,16.61
Comox,2025-06-06,9:10:00,16.76
Comox,2025-06-06,9:20:00,16.86
Comox,2025-06-06,9:30:00,17.08
Comox,2025-06-06,9:40:00,17.35
Comox,2025-06-06,9:50:00,17.41
Comox,2025-06-06,10:00:00,17.43
Comox,2025-06-06,10:10:00,17.43
Comox,2025-06-06,10:20:00,17.34
Comox,2025-06-06,10:30:00,17.37
Comox,2025-06-06,10:40:00,17.38
Comox,2025-06-06,10:50:00,17.46
Comox,2025-06-06,11:00:00,17.34
Comox,2025-06-06,11:10:00,17.4
Comox,2025-06-06,11:20:00,17.26
Comox,2025-06-06,11:30:00,17.07
Comox,2025-06-06,11:40:00,16.95
Comox,2025-06-06,11:50:00,16.78
Comox,2025-06-06,12:00:00,16.7
Comox,2025-06-06,12:10:00,16.69
Comox,2025-06-06,12:20:00,16.45
Comox,2025-06-06,12:30:00,16.41
Comox,2025-06-06,12:40:00,16.35
Comox,2025-06-06,12:50:00,16.24
Comox,2025-06-06,13:00:00,16.13
Comox,2025-06-06,13:10:00,16.11
Comox,2025-06-06,13:20:00,16
Comox,2025-06-06,13:30:00,15.99
Comox,2025-06-06,13:40:00,15.93
Comox,2025-06-06,13:50:00,15.88
Comox,2025-06-06,14:00:00,15.81
Comox,2025-06-06,14:10:00,15.73
Comox,2025-06-06,14:20:00,15.7
Comox,2025-06-06,14:30:00,15.78
Comox,2025-06-06,14:40:00,15.65
Comox,2025-06-06,14:50:00,15.66
Comox,2025-06-06,15:00:00,15.61
Comox,2025-06-06,15:10:00,15.52
Comox,2025-06-06,15:20:00,15.6
Comox,2025-06-06,15:30:00,15.53
Comox,2025-06-06,15:40:00,15.52
Comox,2025-06-06,15:50:00,15.45
Comox,2025-06-06,16:00:00,15.66
Comox,2025-06-06,16:10:00,15.81
Comox,2025-06-06,16:20:00,15.77
Comox,2025-06-06,16:30:00,15.95
Comox,2025-06-06,16:40:00,16.04
Comox,2025-06-06,16:50:00,15.96
Comox,2025-06-06,17:00:00,15.9
Comox,2025-06-06,17:10:00,15.91
Comox,2025-06-06,17:20:00,15.93
Comox,2025-06-06,17:30:00,15.96
Comox,2025-06-06,17:40:00,15.99
Comox,2025-06-06,17:50:00,15.97
Comox,2025-06-06,18:00:00,15.99
Comox,2025-06-06,18:10:00,15.99
Comox,2025-06-06,18:20:00,16.04
Comox,2025-06-06,18:30:00,15.96
Comox,2025-06-06,18:40:00,16.07
Comox,2025-06-06,18:50:00,16.21
Comox,2025-06-06,19:00:00,16.26
Comox,2025-06-06,19:10:00,16.28
Comox,2025-06-06,19:20:00,16.34
Comox,2025-06-06,19:30:00,16.32
Comox,2025-06-06,19:40:00,16.35
Comox,2025-06-06,19:50:00,16.39
Comox,2025-06-06,20:00:00,16.42
Comox,2025-06-06,20:10:00,16.41
Comox,2025-06-06,20:20:00,16.4
Comox,2025-06-06,20:30:00,16.4
Comox,2025-06-06,20:40:00,16.37
Comox,2025-06-06,20:50:00,16.39
Comox,2025-06-06,21:00:00,16.41
Comox,2025-06-06,21:10:00,16.42
Comox,2025-06-06,21:20:00,16.43
Comox,2025-06-06,21:30:00,16.43
Comox,2025-06-06,21:40:00,16.39
Comox,2025-06-06,21:50:00,16.36
Comox,2025-06-06,22:00:00,16.36
Comox,2025-06-06,22:10:00,16.34
Comox,2025-06-06,22:20:00,16.32
Comox,2025-06-06,22:30:00,16.34
Comox,2025-06-06,22:40:00,16.36
Comox,2025-06-06,22:50:00,16.35
Comox,2025-06-06,23:00:00,16.32
Comox,2025-06-06,23:10:00,16.31
Comox,2025-06-06,23:20:00,16.3
Comox,2025-06-06,23:30:00,16.29
Comox,2025-06-06,23:40:00,16.26
Comox,2025-06-06,23:50:00,16.28
Comox,2025-06-07,0:00:00,16.21
Comox,2025-06-07,0:10:00,16.14
Comox,2025-06-07,0:20:00,16.05
Comox,2025-06-07,0:30:00,16.04
Comox,2025-06-07,0:40:00,16.04
Comox,2025-06-07,0:50:00,16.04
Comox,2025-06-07,1:00:00,16.06
Comox,2025-06-07,1:10:00,16.05
Comox,2025-06-07,1:20:00,16.03
Comox,2025-06-07,1:30:00,16.04
Comox,2025-06-07,1:40:00,16.04
Comox,2025-06-07,1:50:00,16.06
Comox,2025-06-07,2:00:00,16.08
Comox,2025-06-07,2:10:00,16.04
Comox,2025-06-07,2:20:00,15.95
Comox,2025-06-07,2:30:00,15.97
Comox,2025-06-07,2:40:00,16.01
Comox,2025-06-07,2:50:00,16.02
Comox,2025-06-07,3:00:00,16.03
Comox,2025-06-07,3:10:00,16.03
Comox,2025-06-07,3:20:00,16.05
Comox,2025-06-07,3:30:00,16.02
Comox,2025-06-07,3:40:00,16.01
Comox,2025-06-07,3:50:00,16.02
Comox,2025-06-07,4:00:00,16.03
Comox,2025-06-07,4:10:00,16.04
Comox,2025-06-07,4:20:00,16.03
Comox,2025-06-07,4:30:00,16.02
Comox,2025-06-07,4:40:00,16.01
Comox,2025-06-07,4:50:00,16.04
Comox,2025-06-07,5:00:00,16.06
Comox,2025-06-07,5:10:00,16.05
Comox,2025-06-07,5:20:00,16.08
Comox,2025-06-07,5:30:00,16.06
Comox,2025-06-07,5:40:00,16.07
Comox,2025-06-07,5:50:00,16.08
Comox,2025-06-07,6:00:00,16.08
Comox,2025-06-07,6:10:00,16.05
Comox,2025-06-07,6:20:00,16.03
Comox,2025-06-07,6:30:00,16
Comox,2025-06-07,6:40:00,15.97
Comox,2025-06-07,6:50:00,15.9
Comox,2025-06-07,7:00:00,15.89
Comox,2025-06-07,7:10:00,15.87
Comox,2025-06-07,7:20:00,15.88
Comox,2025-06-07,7:30:00,15.88
Comox,2025-06-07,7:40:00,15.88
Comox,2025-06-07,7:50:00,15.86
Comox,2025-06-07,8:00:00,15.82
Comox,2025-06-07,8:10:00,15.71
Comox,2025-06-07,8:20:00,15.71
Comox,2025-06-07,8:30:00,15.68
Comox,2025-06-07,8:40:00,15.56
Comox,2025-06-07,8:50:00,15.48
Comox,2025-06-07,9:00:00,15.46
Comox,2025-06-07,9:10:00,15.51
Comox,2025-06-07,9:20:00,15.57
Comox,2025-06-07,9:30:00,15.78
Comox,2025-06-07,9:40:00,16.03
Comox,2025-06-07,9:50:00,16.08
Comox,2025-06-07,10:00:00,16.24
Comox,2025-06-07,10:10:00,16.36
Comox,2025-06-07,10:20:00,16.29
Comox,2025-06-07,10:30:00,16.44
Comox,2025-06-07,10:40:00,16.6
Comox,2025-06-07,10:50:00,16.64
Comox,2025-06-07,11:00:00,16.67
Comox,2025-06-07,11:10:00,16.66
Comox,2025-06-07,11:20:00,16.88
Comox,2025-06-07,11:30:00,16.9
Comox,2025-06-07,11:40:00,17.02
Comox,2025-06-07,11:50:00,17.22
Comox,2025-06-07,12:00:00,17.33
Comox,2025-06-07,12:10:00,17.41
Comox,2025-06-07,12:20:00,17.31
Comox,2025-06-07,12:30:00,17.16
Comox,2025-06-07,12:40:00,17.03
Comox,2025-06-07,12:50:00,16.92
Comox,2025-06-07,13:00:00,16.71
Comox,2025-06-07,13:10:00,16.58
Comox,2025-06-07,13:20:00,16.49
Comox,2025-06-07,13:30:00,16.45
Comox,2025-06-07,13:40:00,16.46
Comox,2025-06-07,13:50:00,16.45
Comox,2025-06-07,14:00:00,16.51
Comox,2025-06-07,14:10:00,16.72
Comox,2025-06-07,14:20:00,16.93
Comox,2025-06-07,14:30:00,17.17
Comox,2025-06-07,14:40:00,17.2
Comox,2025-06-07,14:50:00,17.22
Comox,2025-06-07,15:00:00,17.3
Comox,2025-06-07,15:10:00,17.3
Comox,2025-06-07,15:20:00,17.21
Comox,2025-06-07,15:30:00,17.24
Comox,2025-06-07,15:40:00,17.38
Comox,2025-06-07,15:50:00,17.3
Comox,2025-06-07,16:00:00,17.31
Comox,2025-06-07,16:10:00,17.46
Comox,2025-06-07,16:20:00,17.46
Comox,2025-06-07,16:30:00,17.49
Comox,2025-06-07,16:40:00,17.6
Comox,2025-06-07,16:50:00,17.58
Comox,2025-06-07,17:00:00,17.47
Comox,2025-06-07,17:10:00,17.47
Comox,2025-06-07,17:20:00,17.48
Comox,2025-06-07,17:30:00,17.48
Comox,2025-06-07,17:40:00,17.55
Comox,2025-06-07,17:50:00,17.59
Comox,2025-06-07,18:00:00,17.68
Comox,2025-06-07,18:10:00,17.8
Comox,2025-06-07,18:20:00,17.87
Comox,2025-06-07,18:30:00,17.9
Comox,2025-06-07,18:40:00,17.88
Comox,2025-06-07,18:50:00,17.83
Comox,2025-06-07,19:00:00,17.82
Comox,2025-06-07,19:10:00,17.84
Comox,2025-06-07,19:20:00,17.87
Comox,2025-06-07,19:30:00,17.85
Comox,2025-06-07,19:40:00,17.84
Comox,2025-06-07,19:50:00,17.9
Comox,2025-06-07,20:00:00,17.85
Comox,2025-06-07,20:10:00,17.79
Comox,2025-06-07,20:20:00,17.64
Comox,2025-06-07,20:30:00,17.58
Comox,2025-06-07,20:40:00,17.45
Comox,2025-06-07,20:50:00,17.39
Comox,2025-06-07,21:00:00,17.39
Comox,2025-06-07,21:10:00,17.46
Comox,2025-06-07,21:20:00,17.52
Comox,2025-06-07,21:30:00,17.51
Comox,2025-06-07,21:40:00,17.49
Comox,2025-06-07,21:50:00,17.46
Comox,2025-06-07,22:00:00,17.5
Comox,2025-06-07,22:10:00,17.58
Comox,2025-06-07,22:20:00,17.63
Comox,2025-06-07,22:30:00,17.53
Comox,2025-06-07,22:40:00,17.37
Comox,2025-06-07,22:50:00,17.3
Comox,2025-06-07,23:00:00,17.21
Comox,2025-06-07,23:10:00,17.06
Comox,2025-06-07,23:20:00,16.95
Comox,2025-06-07,23:30:00,16.94
Comox,2025-06-07,23:40:00,16.88
Comox,2025-06-07,23:50:00,16.92
Comox,2025-06-08,0:00:00,16.94
Comox,2025-06-08,0:10:00,16.92
Comox,2025-06-08,0:20:00,16.93
Comox,2025-06-08,0:30:00,16.87
Comox,2025-06-08,0:40:00,16.85
Comox,2025-06-08,0:50:00,16.78
Comox,2025-06-08,1:00:00,16.72
Comox,2025-06-08,1:10:00,16.64
Comox,2025-06-08,1:20:00,16.63
Comox,2025-06-08,1:30:00,16.46
Comox,2025-06-08,1:40:00,16.37
Comox,2025-06-08,1:50:00,16.36
Comox,2025-06-08,2:00:00,16.41
Comox,2025-06-08,2:10:00,16.4
Comox,2025-06-08,2:20:00,16.33
Comox,2025-06-08,2:30:00,16.24
Comox,2025-06-08,2:40:00,16.22
Comox,2025-06-08,2:50:00,16.25
Comox,2025-06-08,3:00:00,16.2
Comox,2025-06-08,3:10:00,16.17
Comox,2025-06-08,3:20:00,16.2
Comox,2025-06-08,3:30:00,16.27
Comox,2025-06-08,3:40:00,16.26
Comox,2025-06-08,3:50:00,16.31
Comox,2025-06-08,4:00:00,16.3
Comox,2025-06-08,4:10:00,16.35
Comox,2025-06-08,4:20:00,16.39
Comox,2025-06-08,4:30:00,16.39
Comox,2025-06-08,4:40:00,16.42
Comox,2025-06-08,4:50:00,16.48
Comox,2025-06-08,5:00:00,16.62
Comox,2025-06-08,5:10:00,16.75
Comox,2025-06-08,5:20:00,16.81
Comox,2025-06-08,5:30:00,16.98
Comox,2025-06-08,5:40:00,17
Comox,2025-06-08,5:50:00,16.96
Comox,2025-06-08,6:00:00,16.86
Comox,2025-06-08,6:10:00,16.67
Comox,2025-06-08,6:20:00,16.54
Comox,2025-06-08,6:30:00,16.48
Comox,2025-06-08,6:40:00,16.44
Comox,2025-06-08,6:50:00,16.42
Comox,2025-06-08,7:00:00,16.39
Comox,2025-06-08,7:10:00,16.44
Comox,2025-06-08,7:20:00,16.5
Comox,2025-06-08,7:30:00,16.63
Comox,2025-06-08,7:40:00,16.66
Comox,2025-06-08,7:50:00,16.67
Comox,2025-06-08,8:00:00,16.69
Comox,2025-06-08,8:10:00,16.72
Comox,2025-06-08,8:20:00,16.69
Comox,2025-06-08,8:30:00,16.58
Comox,2025-06-08,8:40:00,16.44
Comox,2025-06-08,8:50:00,16.42
Comox,2025-06-08,9:00:00,16.43
Comox,2025-06-08,9:10:00,16.52
Comox,2025-06-08,9:20:00,16.73
Comox,2025-06-08,9:30:00,16.58
Comox,2025-06-08,9:40:00,16.67
Comox,2025-06-08,9:50:00,16.9
Comox,2025-06-08,10:00:00,17.05
Comox,2025-06-08,10:10:00,17.19
Comox,2025-06-08,10:20:00,17.31
Comox,2025-06-08,10:30:00,17.6
Comox,2025-06-08,10:40:00,17.87
Comox,2025-06-08,10:50:00,17.96
Comox,2025-06-08,11:00:00,17.89
Comox,2025-06-08,11:10:00,17.9
Comox,2025-06-08,11:20:00,17.87
Comox,2025-06-08,11:30:00,17.8
Comox,2025-06-08,11:40:00,17.76
Comox,2025-06-08,11:50:00,17.64
Comox,2025-06-08,12:00:00,17.61
Comox,2025-06-08,12:10:00,17.83
Comox,2025-06-08,12:20:00,18.02
Comox,2025-06-08,12:30:00,17.91
Comox,2025-06-08,12:40:00,17.8
Comox,2025-06-08,12:50:00,17.81
Comox,2025-06-08,13:00:00,17.82
Comox,2025-06-08,13:10:00,17.77
Comox,2025-06-08,13:20:00,17.7
Comox,2025-06-08,13:30:00,17.52
Comox,2025-06-08,13:40:00,17.4
Comox,2025-06-08,13:50:00,17.36
Comox,2025-06-08,14:00:00,17.28
Comox,2025-06-08,14:10:00,17.38
Comox,2025-06-08,14:20:00,17.95
Comox,2025-06-08,14:30:00,18.62
Comox,2025-06-08,14:40:00,19.27
Comox,2025-06-08,14:50:00,19.91
Comox,2025-06-08,15:00:00,19.96
Comox,2025-06-08,15:10:00,19.74
Comox,2025-06-08,15:20:00,19.51
Comox,2025-06-08,15:30:00,19.67
Comox,2025-06-08,15:40:00,19.44
Comox,2025-06-08,15:50:00,19.37
Comox,2025-06-08,16:00:00,19.11
Comox,2025-06-08,16:10:00,19.06
Comox,2025-06-08,16:20:00,18.99
Comox,2025-06-08,16:30:00,18.94
Comox,2025-06-08,16:40:00,18.97
Comox,2025-06-08,16:50:00,19.18
Comox,2025-06-08,17:00:00,19.25
Comox,2025-06-08,17:10:00,19.22
Comox,2025-06-08,17:20:00,19.23
Comox,2025-06-08,17:30:00,19.25
Comox,2025-06-08,17:40:00,19.12
Comox,2025-06-08,17:50:00,18.87
Comox,2025-06-08,18:00:00,18.8
Comox,2025-06-08,18:10:00,18.77
Comox,2025-06-08,18:20:00,18.83
Comox,2025-06-08,18:30:00,18.83
Comox,2025-06-08,18:40:00,18.79
Comox,2025-06-08,18:50:00,18.84
Comox,2025-06-08,19:00:00,18.66
Comox,2025-06-08,19:10:00,18.66
Comox,2025-06-08,19:20:00,18.7
Comox,2025-06-08,19:30:00,18.68
Comox,2025-06-08,19:40:00,18.57
Comox,2025-06-08,19:50:00,18.43
Comox,2025-06-08,20:00:00,18.37
Comox,2025-06-08,20:10:00,18.34
Comox,2025-06-08,20:20:00,18.3
Comox,2025-06-08,20:30:00,18.2
Comox,2025-06-08,20:40:00,18.17
Comox,2025-06-08,20:50:00,18.09
Comox,2025-06-08,21:00:00,18.08
Comox,2025-06-08,21:10:00,18.03
Comox,2025-06-08,21:20:00,18.13
Comox,2025-06-08,21:30:00,18.18
Comox,2025-06-08,21:40:00,18.11
Comox,2025-06-08,21:50:00,18.06
Comox,2025-06-08,22:00:00,17.98
Comox,2025-06-08,22:10:00,17.94
Comox,2025-06-08,22:20:00,17.99
Comox,2025-06-08,22:30:00,18.03
Comox,2025-06-08,22:40:00,18
Comox,2025-06-08,22:50:00,17.96
Comox,2025-06-08,23:00:00,17.94
Comox,2025-06-08,23:10:00,17.83
Comox,2025-06-08,23:20:00,17.77
Comox,2025-06-08,23:30:00,17.64
Comox,2025-06-08,23:40:00,17.5
Comox,2025-06-08,23:50:00,17.33
Comox,2025-06-09,0:00:00,17.23
Comox,2025-06-09,0:10:00,17.16
Comox,2025-06-09,0:20:00,17.11
Comox,2025-06-09,0:30:00,17.06
Comox,2025-06-09,0:40:00,16.96
Comox,2025-06-09,0:50:00,16.9
Comox,2025-06-09,1:00:00,16.82
Comox,2025-06-09,1:10:00,16.81
Comox,2025-06-09,1:20:00,16.73
Comox,2025-06-09,1:30:00,16.57
Comox,2025-06-09,1:40:00,16.47
Comox,2025-06-09,1:50:00,16.45
Comox,2025-06-09,2:00:00,16.44
Comox,2025-06-09,2:10:00,16.42
Comox,2025-06-09,2:20:00,16.4
Comox,2025-06-09,2:30:00,16.39
Comox,2025-06-09,2:40:00,16.4
Comox,2025-06-09,2:50:00,16.41
Comox,2025-06-09,3:00:00,16.46
Comox,2025-06-09,3:10:00,16.52
Comox,2025-06-09,3:20:00,16.62
Comox,2025-06-09,3:30:00,16.65
Comox,2025-06-09,3:40:00,16.69
Comox,2025-06-09,3:50:00,16.7
Comox,2025-06-09,4:00:00,16.47
Comox,2025-06-09,4:10:00,16.21
Comox,2025-06-09,4:20:00,16.16
Comox,2025-06-09,4:30:00,16.05
Comox,2025-06-09,4:40:00,15.97
Comox,2025-06-09,4:50:00,15.92
Comox,2025-06-09,5:00:00,15.9
Comox,2025-06-09,5:10:00,15.87
Comox,2025-06-09,5:20:00,15.86
Comox,2025-06-09,5:30:00,15.85
Comox,2025-06-09,5:40:00,15.82
Comox,2025-06-09,5:50:00,15.76
Comox,2025-06-09,6:00:00,15.75
Comox,2025-06-09,6:10:00,15.71
Comox,2025-06-09,6:20:00,15.72
Comox,2025-06-09,6:30:00,15.65
Comox,2025-06-09,6:40:00,15.72
Comox,2025-06-09,6:50:00,15.81
Comox,2025-06-09,7:00:00,15.95
Comox,2025-06-09,7:10:00,15.99
Comox,2025-06-09,7:20:00,15.91
Comox,2025-06-09,7:30:00,15.87
Comox,2025-06-09,7:40:00,15.88
Comox,2025-06-09,7:50:00,15.7
Comox,2025-06-09,8:00:00,15.61
Comox,2025-06-09,8:10:00,15.44
Comox,2025-06-09,8:20:00,15.33
Comox,2025-06-09,8:30:00,15.36
Comox,2025-06-09,8:40:00,15.37
Comox,2025-06-09,8:50:00,15.41
Comox,2025-06-09,9:00:00,15.46
Comox,2025-06-09,9:10:00,15.47
Comox,2025-06-09,9:20:00,15.45
Comox,2025-06-09,9:30:00,15.59
Comox,2025-06-09,9:40:00,16
Comox,2025-06-09,9:50:00,16.2
Comox,2025-06-09,10:00:00,16.25
Comox,2025-06-09,10:10:00,16.55
Comox,2025-06-09,10:20:00,16.37
Comox,2025-06-09,10:30:00,16.32
Comox,2025-06-09,10:40:00,16.42
Comox,2025-06-09,10:50:00,16.44
Comox,2025-06-09,11:00:00,16.47
Comox,2025-06-09,11:10:00,16.71
Comox,2025-06-09,11:20:00,16.71
Comox,2025-06-09,11:30:00,16.63
Comox,2025-06-09,11:40:00,16.66
Comox,2025-06-09,11:50:00,16.73
Comox,2025-06-09,12:00:00,16.67
Comox,2025-06-09,12:10:00,16.65
Comox,2025-06-09,12:20:00,16.64
Comox,2025-06-09,12:30:00,16.56
Comox,2025-06-09,12:40:00,16.46
Comox,2025-06-09,12:50:00,16.58
Comox,2025-06-09,13:00:00,16.72
Comox,2025-06-09,13:10:00,16.66
Comox,2025-06-09,13:20:00,16.58
Comox,2025-06-09,13:30:00,16.6
Comox,2025-06-09,13:40:00,16.63
Comox,2025-06-09,13:50:00,16.64
Comox,2025-06-09,14:00:00,16.66
Comox,2025-06-09,14:10:00,16.82
Comox,2025-06-09,14:20:00,16.91
Comox,2025-06-09,14:30:00,16.67
Comox,2025-06-09,14:40:00,16.86
Comox,2025-06-09,14:50:00,17.06
Comox,2025-06-09,15:00:00,17.3
Comox,2025-06-09,15:10:00,17.29
Comox,2025-06-09,15:20:00,16.94
Comox,2025-06-09,15:30:00,16.84
Comox,2025-06-09,15:40:00,16.99
Comox,2025-06-09,15:50:00,17.05
Comox,2025-06-09,16:00:00,17.09
Comox,2025-06-09,16:10:00,17.19
Comox,2025-06-09,16:20:00,17.14
Comox,2025-06-09,16:30:00,17.1
Comox,2025-06-09,16:40:00,17.07
Comox,2025-06-09,16:50:00,17.11
Comox,2025-06-09,17:00:00,17.16
Comox,2025-06-09,17:10:00,17.1
Comox,2025-06-09,17:20:00,17.08
Comox,2025-06-09,17:30:00,17.21
Comox,2025-06-09,17:40:00,17.18
Comox,2025-06-09,17:50:00,17.02
Comox,2025-06-09,18:00:00,16.93
Comox,2025-06-09,18:10:00,16.78
Comox,2025-06-09,18:20:00,16.7
Comox,2025-06-09,18:30:00,16.67
Comox,2025-06-09,18:40:00,16.76
Comox,2025-06-09,18:50:00,16.74
Comox,2025-06-09,19:00:00,16.65
Comox,2025-06-09,19:10:00,16.72
Comox,2025-06-09,19:20:00,16.75
Comox,2025-06-09,19:30:00,16.62
Comox,2025-06-09,19:40:00,16.59
Comox,2025-06-09,19:50:00,16.57
Comox,2025-06-09,20:00:00,16.57
Comox,2025-06-09,20:10:00,16.49
Comox,2025-06-09,20:20:00,16.47
Comox,2025-06-09,20:30:00,16.5
Comox,2025-06-09,20:40:00,16.54
Comox,2025-06-09,20:50:00,16.56
Comox,2025-06-09,21:00:00,16.49
Comox,2025-06-09,21:10:00,16.47
Comox,2025-06-09,21:20:00,16.39
Comox,2025-06-09,21:30:00,16.32
Comox,2025-06-09,21:40:00,16.28
Comox,2025-06-09,21:50:00,16.27
Comox,2025-06-09,22:00:00,16.28
Comox,2025-06-09,22:10:00,16.24
Comox,2025-06-09,22:20:00,16.14
Comox,2025-06-09,22:30:00,16.08
Comox,2025-06-09,22:40:00,16.02
Comox,2025-06-09,22:50:00,15.9
Comox,2025-06-09,23:00:00,15.86
Comox,2025-06-09,23:10:00,15.86
Comox,2025-06-09,23:20:00,15.85
Comox,2025-06-09,23:30:00,15.8
Comox,2025-06-09,23:40:00,15.83
Comox,2025-06-09,23:50:00,15.89
Comox,2025-06-10,0:00:00,15.95
Comox,2025-06-10,0:10:00,15.93
Comox,2025-06-10,0:20:00,15.88
Comox,2025-06-10,0:30:00,15.82
Comox,2025-06-10,0:40:00,15.76
Comox,2025-06-10,0:50:00,15.74
Comox,2025-06-10,1:00:00,15.72
Comox,2025-06-10,1:10:00,15.72
Comox,2025-06-10,1:20:00,15.82
Comox,2025-06-10,1:30:00,15.87
Comox,2025-06-10,1:40:00,15.86
Comox,2025-06-10,1:50:00,15.8
Comox,2025-06-10,2:00:00,15.76
Comox,2025-06-10,2:10:00,15.73
Comox,2025-06-10,2:20:00,15.8
Comox,2025-06-10,2:30:00,15.78
Comox,2025-06-10,2:40:00,15.8
Comox,2025-06-10,2:50:00,15.8
Comox,2025-06-10,3:00:00,15.74
Comox,2025-06-10,3:10:00,15.74
Comox,2025-06-10,3:20:00,15.74
Comox,2025-06-10,3:30:00,15.68
Comox,2025-06-10,3:40:00,15.47
Comox,2025-06-10,3:50:00,15.48
Comox,2025-06-10,4:00:00,15.56
Comox,2025-06-10,4:10:00,15.54
Comox,2025-06-10,4:20:00,15.48
Comox,2025-06-10,4:30:00,15.38
Comox,2025-06-10,4:40:00,15.38
Comox,2025-06-10,4:50:00,15.47
Comox,2025-06-10,5:00:00,15.52
Comox,2025-06-10,5:10:00,15.65
Comox,2025-06-10,5:20:00,15.71
Comox,2025-06-10,5:30:00,15.67
Comox,2025-06-10,5:40:00,15.63
Comox,2025-06-10,5:50:00,15.57
Comox,2025-06-10,6:00:00,15.55
Comox,2025-06-10,6:10:00,15.53
Comox,2025-06-10,6:20:00,15.52
Comox,2025-06-10,6:30:00,15.54
Comox,2025-06-10,6:40:00,15.6
Comox,2025-06-10,6:50:00,15.58
Comox,2025-06-10,7:00:00,15.01
Comox,2025-06-10,7:10:00,14.45
Comox,2025-06-10,7:20:00,14.27
Comox,2025-06-10,7:30:00,14.34
Comox,2025-06-10,7:40:00,14.75
Comox,2025-06-10,7:50:00,14.94
Comox,2025-06-10,8:00:00,15.22
Comox,2025-06-10,8:10:00,15.15
Comox,2025-06-10,8:20:00,14.99
Comox,2025-06-10,8:30:00,15.24
Comox,2025-06-10,8:40:00,15.4
Comox,2025-06-10,8:50:00,15.41
Comox,2025-06-10,9:00:00,15.16
Comox,2025-06-10,9:10:00,15.15
Comox,2025-06-10,9:20:00,15.57
Comox,2025-06-10,9:30:00,15.7
Comox,2025-06-10,9:40:00,15.63
Comox,2025-06-10,9:50:00,15.82
Comox,2025-06-10,10:00:00,15.88
Comox,2025-06-10,10:10:00,15.78
Comox,2025-06-10,10:20:00,15.66
Comox,2025-06-10,10:30:00,15.67
Comox,2025-06-10,10:40:00,15.99
Comox,2025-06-10,10:50:00,16.49
Comox,2025-06-10,11:00:00,16.67
Comox,2025-06-10,11:10:00,16.77
Comox,2025-06-10,11:20:00,16.95
Comox,2025-06-10,11:30:00,16.79
Comox,2025-06-10,11:40:00,16.72
Comox,2025-06-10,11:50:00,16.72
Comox,2025-06-10,12:00:00,16.67
Comox,2025-06-10,12:10:00,16.71
Comox,2025-06-10,12:20:00,16.92
Comox,2025-06-10,12:30:00,17.18
Comox,2025-06-10,12:40:00,17.15
Comox,2025-06-10,12:50:00,17
Comox,2025-06-10,13:00:00,17.02
Comox,2025-06-10,13:10:00,17.02
Comox,2025-06-10,13:20:00,16.91
Comox,2025-06-10,13:30:00,16.94
Comox,2025-06-10,13:40:00,17.07
Comox,2025-06-10,13:50:00,17.3
Comox,2025-06-10,14:00:00,17.17
Comox,2025-06-10,14:10:00,17.06
Comox,2025-06-10,14:20:00,17.15
Comox,2025-06-10,14:30:00,17.17
Comox,2025-06-10,14:40:00,17.11
Comox,2025-06-10,14:50:00,17.01
Comox,2025-06-10,15:00:00,16.85
Comox,2025-06-10,15:10:00,16.76
Comox,2025-06-10,15:20:00,16.71
Comox,2025-06-10,15:30:00,16.78
Comox,2025-06-10,15:40:00,16.76
Comox,2025-06-10,15:50:00,16.88
Comox,2025-06-10,16:00:00,17.07
Comox,2025-06-10,16:10:00,17.22
Comox,2025-06-10,16:20:00,17.19
Comox,2025-06-10,16:30:00,17.61
Comox,2025-06-10,16:40:00,17.84
Comox,2025-06-10,16:50:00,17.9
Comox,2025-06-10,17:00:00,17.93
Comox,2025-06-10,17:10:00,17.82
Comox,2025-06-10,17:20:00,17.73
Comox,2025-06-10,17:30:00,17.76
Comox,2025-06-10,17:40:00,17.7
Comox,2025-06-10,17:50:00,17.67
Comox,2025-06-10,18:00:00,17.56
Comox,2025-06-10,18:10:00,17.58
Comox,2025-06-10,18:20:00,17.52
Comox,2025-06-10,18:30:00,17.48
Comox,2025-06-10,18:40:00,17.36
Comox,2025-06-10,18:50:00,17.34
Comox,2025-06-10,19:00:00,17.28
Comox,2025-06-10,19:10:00,17.34
Comox,2025-06-10,19:20:00,17.36
Comox,2025-06-10,19:30:00,17.34
Comox,2025-06-10,19:40:00,17.23
Comox,2025-06-10,19:50:00,17.18
Comox,2025-06-10,20:00:00,17.1
Comox,2025-06-10,20:10:00,17.13
Comox,2025-06-10,20:20:00,17.2
Comox,2025-06-10,20:30:00,17.21
Comox,2025-06-10,20:40:00,16.92
Comox,2025-06-10,20:50:00,16.73
Comox,2025-06-10,21:00:00,16.69
Comox,2025-06-10,21:10:00,16.62
Comox,2025-06-10,21:20:00,16.55
Comox,2025-06-10,21:30:00,16.63
Comox,2025-06-10,21:40:00,16.39
Comox,2025-06-10,21:50:00,16.32
Comox,2025-06-10,22:00:00,16.27
Comox,2025-06-10,22:10:00,16.18
Comox,2025-06-10,22:20:00,16.08
Comox,2025-06-10,22:30:00,16.04
Comox,2025-06-10,22:40:00,16.12
Comox,2025-06-10,22:50:00,16.06
Comox,2025-06-10,23:00:00,16.06
Comox,2025-06-10,23:10:00,16
Comox,2025-06-10,23:20:00,15.98
Comox,2025-06-10,23:30:00,15.95
Comox,2025-06-10,23:40:00,15.95
Comox,2025-06-10,23:50:00,15.99
Comox,2025-06-11,0:00:00,15.99
Comox,2025-06-11,0:10:00,15.95
Comox,2025-06-11,0:20:00,16.02
Comox,2025-06-11,0:30:00,16.04
Comox,2025-06-11,0:40:00,16.08
Comox,2025-06-11,0:50:00,16.04
Comox,2025-06-11,1:00:00,16
Comox,2025-06-11,1:10:00,15.96
Comox,2025-06-11,1:20:00,15.99
Comox,2025-06-11,1:30:00,15.9
Comox,2025-06-11,1:40:00,15.9
Comox,2025-06-11,1:50:00,15.92
Comox,2025-06-11,2:00:00,15.91
Comox,2025-06-11,2:10:00,15.9
Comox,2025-06-11,2:20:00,15.87
Comox,2025-06-11,2:30:00,15.84
Comox,2025-06-11,2:40:00,15.85
Comox,2025-06-11,2:50:00,15.84
Comox,2025-06-11,3:00:00,15.82
Comox,2025-06-11,3:10:00,15.78
Comox,2025-06-11,3:20:00,15.74
Comox,2025-06-11,3:30:00,15.76
Comox,2025-06-11,3:40:00,15.77
Comox,2025-06-11,3:50:00,15.75
Comox,2025-06-11,4:00:00,15.75
Comox,2025-06-11,4:10:00,15.71
Comox,2025-06-11,4:20:00,15.68
Comox,2025-06-11,4:30:00,15.67
Comox,2025-06-11,4:40:00,15.66
Comox,2025-06-11,4:50:00,15.62
Comox,2025-06-11,5:00:00,15.6
Comox,2025-06-11,5:10:00,15.54
Comox,2025-06-11,5:20:00,15.53
Comox,2025-06-11,5:30:00,15.53
Comox,2025-06-11,5:40:00,15.58
Comox,2025-06-11,5:50:00,15.6
Comox,2025-06-11,6:00:00,15.61
Comox,2025-06-11,6:10:00,15.59
Comox,2025-06-11,6:20:00,15.6
Comox,2025-06-11,6:30:00,15.62
Comox,2025-06-11,6:40:00,15.61
Comox,2025-06-11,6:50:00,15.61
Comox,2025-06-11,7:00:00,15.57
Comox,2025-06-11,7:10:00,15.58
Comox,2025-06-11,7:20:00,15.6
Comox,2025-06-11,7:30:00,15.6
Comox,2025-06-11,7:40:00,15.58
Comox,2025-06-11,7:50:00,15.59
Comox,2025-06-11,8:00:00,15.59
Comox,2025-06-11,8:10:00,15.61
Comox,2025-06-11,8:20:00,15.59
Comox,2025-06-11,8:30:00,15.47
Comox,2025-06-11,8:40:00,15.37
Comox,2025-06-11,8:50:00,15.36
Comox,2025-06-11,9:00:00,15.37
Comox,2025-06-11,9:10:00,15.34
Comox,2025-06-11,9:20:00,15.32
Comox,2025-06-11,9:30:00,15.19
Comox,2025-06-11,9:40:00,15.13
Comox,2025-06-11,9:50:00,15.01
Comox,2025-06-11,10:00:00,14.98
Comox,2025-06-11,10:10:00,15
Comox,2025-06-11,10:20:00,15.03
Comox,2025-06-11,10:30:00,15.12
Comox,2025-06-11,10:40:00,15.18
Comox,2025-06-11,10:50:00,15.33
Comox,2025-06-11,11:00:00,15.48
Comox,2025-06-11,11:10:00,15.61
Comox,2025-06-11,11:20:00,15.73
Comox,2025-06-11,11:30:00,16
Comox,2025-06-11,11:40:00,16.25
Comox,2025-06-11,11:50:00,16.26
Comox,2025-06-11,12:00:00,16.2
Comox,2025-06-11,12:10:00,16.35
Comox,2025-06-11,12:20:00,16.41
Comox,2025-06-11,12:30:00,16.37
Comox,2025-06-11,12:40:00,16.54
Comox,2025-06-11,12:50:00,16.64
Comox,2025-06-11,13:00:00,16.72
Comox,2025-06-11,13:10:00,16.76
Comox,2025-06-11,13:20:00,16.65
Comox,2025-06-11,13:30:00,16.61
Comox,2025-06-11,13:40:00,16.6
Comox,2025-06-11,13:50:00,16.59
Comox,2025-06-11,14:00:00,16.66
Comox,2025-06-11,14:10:00,16.74
Comox,2025-06-11,14:20:00,16.7
Comox,2025-06-11,14:30:00,16.6
Comox,2025-06-11,14:40:00,16.49
Comox,2025-06-11,14:50:00,16.39
Comox,2025-06-11,15:00:00,16.31
Comox,2025-06-11,15:10:00,16.21
Comox,2025-06-11,15:20:00,16.22
Comox,2025-06-11,15:30:00,16.15
Comox,2025-06-11,15:40:00,16.17
Comox,2025-06-11,15:50:00,16.13
Comox,2025-06-11,16:00:00,16.14
Comox,2025-06-11,16:10:00,16.16
Comox,2025-06-11,16:20:00,16.19
Comox,2025-06-11,16:30:00,16.31
Comox,2025-06-11,16:40:00,16.39
Comox,2025-06-11,16:50:00,16.35
Comox,2025-06-11,17:00:00,16.3
Comox,2025-06-11,17:10:00,16.28
Comox,2025-06-11,17:20:00,16.19
Comox,2025-06-11,17:30:00,16.24
Comox,2025-06-11,17:40:00,16.24
Comox,2025-06-11,17:50:00,16.26
Comox,2025-06-11,18:00:00,16.35
Comox,2025-06-11,18:10:00,16.41
Comox,2025-06-11,18:20:00,16.37
Comox,2025-06-11,18:30:00,16.37
Comox,2025-06-11,18:40:00,16.36
Comox,2025-06-11,18:50:00,16.33
Comox,2025-06-11,19:00:00,16.35
Comox,2025-06-11,19:10:00,16.35
Comox,2025-06-11,19:20:00,16.37
Comox,2025-06-11,19:30:00,16.41
Comox,2025-06-11,19:40:00,16.37
Comox,2025-06-11,19:50:00,16.35
Comox,2025-06-11,20:00:00,16.28
Comox,2025-06-11,20:10:00,16.18
Comox,2025-06-11,20:20:00,16.14
Comox,2025-06-11,20:30:00,16.13
Comox,2025-06-11,20:40:00,16.15
Comox,2025-06-11,20:50:00,16.16
Comox,2025-06-11,21:00:00,16.15
Comox,2025-06-11,21:10:00,16.13
Comox,2025-06-11,21:20:00,16.15
Comox,2025-06-11,21:30:00,16.12
Comox,2025-06-11,21:40:00,16.1
Comox,2025-06-11,21:50:00,16.07
Comox,2025-06-11,22:00:00,15.98
Comox,2025-06-11,22:10:00,15.88
Comox,2025-06-11,22:20:00,15.78
Comox,2025-06-11,22:30:00,15.76
Comox,2025-06-11,22:40:00,15.73
Comox,2025-06-11,22:50:00,15.7
Comox,2025-06-11,23:00:00,15.67
Comox,2025-06-11,23:10:00,15.6
Comox,2025-06-11,23:20:00,15.59
Comox,2025-06-11,23:30:00,15.55
Comox,2025-06-11,23:40:00,15.49
Comox,2025-06-11,23:50:00,15.52
Comox,2025-06-12,0:00:00,15.51
Comox,2025-06-12,0:10:00,15.48
Comox,2025-06-12,0:20:00,15.51
Comox,2025-06-12,0:30:00,15.51
Comox,2025-06-12,0:40:00,15.48
Comox,2025-06-12,0:50:00,15.52
Comox,2025-06-12,1:00:00,15.47
Comox,2025-06-12,1:10:00,15.46
Comox,2025-06-12,1:20:00,15.45
Comox,2025-06-12,1:30:00,15.45
Comox,2025-06-12,1:40:00,15.4
Comox,2025-06-12,1:50:00,15.41
Comox,2025-06-12,2:00:00,15.43
Comox,2025-06-12,2:10:00,15.38
Comox,2025-06-12,2:20:00,15.26
Comox,2025-06-12,2:30:00,15.24
Comox,2025-06-12,2:40:00,15.16
Comox,2025-06-12,2:50:00,15.07
Comox,2025-06-12,3:00:00,14.98
Comox,2025-06-12,3:10:00,15.04
Comox,2025-06-12,3:20:00,15.19
Comox,2025-06-12,3:30:00,15.11
Comox,2025-06-12,3:40:00,15
Comox,2025-06-12,3:50:00,15.01
Comox,2025-06-12,4:00:00,15.04
Comox,2025-06-12,4:10:00,15.09
Comox,2025-06-12,4:20:00,15.15
Comox,2025-06-12,4:30:00,15.25
Comox,2025-06-12,4:40:00,15.25
Comox,2025-06-12,4:50:00,15.27
Comox,2025-06-12,5:00:00,15.18
Comox,2025-06-12,5:10:00,15.04
Comox,2025-06-12,5:20:00,15.09
Comox,2025-06-12,5:30:00,15.18
Comox,2025-06-12,5:40:00,15.26
Comox,2025-06-12,5:50:00,15.19
Comox,2025-06-12,6:00:00,15.12
Comox,2025-06-12,6:10:00,15.13
Comox,2025-06-12,6:20:00,15.13
Comox,2025-06-12,6:30:00,15.1
Comox,2025-06-12,6:40:00,15.16
Comox,2025-06-12,6:50:00,15.13
Comox,2025-06-12,7:00:00,15.15
Comox,2025-06-12,7:10:00,15.09
Comox,2025-06-12,7:20:00,15
Comox,2025-06-12,7:30:00,14.96
Comox,2025-06-12,7:40:00,14.96
Comox,2025-06-12,7:50:00,14.99
Comox,2025-06-12,8:00:00,14.95
Comox,2025-06-12,8:10:00,14.88
Comox,2025-06-12,8:20:00,14.84
Comox,2025-06-12,8:30:00,14.84
Comox,2025-06-12,8:40:00,14.84
Comox,2025-06-12,8:50:00,14.85
Comox,2025-06-12,9:00:00,14.92
Comox,2025-06-12,9:10:00,14.94
Comox,2025-06-12,9:20:00,14.92
Comox,2025-06-12,9:30:00,14.94
Comox,2025-06-12,9:40:00,14.93
Comox,2025-06-12,9:50:00,14.95
Comox,2025-06-12,10:00:00,15
Comox,2025-06-12,10:10:00,14.99
Comox,2025-06-12,10:20:00,15.08
Comox,2025-06-12,10:30:00,15.09
Comox,2025-06-12,10:40:00,15.1
Comox,2025-06-12,10:50:00,15.08
Comox,2025-06-12,11:00:00,15.07
Comox,2025-06-12,11:10:00,15.08
Comox,2025-06-12,11:20:00,15.09
Comox,2025-06-12,11:30:00,15.13
Comox,2025-06-12,11:40:00,15.13
Comox,2025-06-12,11:50:00,15.24
Comox,2025-06-12,12:00:00,15.4
Comox,2025-06-12,12:10:00,15.51
Comox,2025-06-12,12:20:00,15.54
Comox,2025-06-12,12:30:00,15.56
Comox,2025-06-12,12:40:00,15.63
Comox,2025-06-12,12:50:00,15.67
Comox,2025-06-12,13:00:00,15.72
Comox,2025-06-12,13:10:00,15.76
Comox,2025-06-12,13:20:00,15.82
Comox,2025-06-12,13:30:00,15.86
Comox,2025-06-12,13:40:00,15.89
Comox,2025-06-12,13:50:00,15.84
Comox,2025-06-12,14:00:00,15.89
Comox,2025-06-12,14:10:00,16.05
Comox,2025-06-12,14:20:00,16.07
Comox,2025-06-12,14:30:00,16.11
Comox,2025-06-12,14:40:00,16.05
Comox,2025-06-12,14:50:00,16.05
Comox,2025-06-12,15:00:00,16.05
Comox,2025-06-12,15:10:00,16.11
Comox,2025-06-12,15:20:00,16.08
Comox,2025-06-12,15:30:00,16.06
Comox,2025-06-12,15:40:00,15.98
Comox,2025-06-12,15:50:00,15.91
Comox,2025-06-12,16:00:00,15.92
Comox,2025-06-12,16:10:00,15.91
Comox,2025-06-12,16:20:00,15.93
Comox,2025-06-12,16:30:00,15.99
Comox,2025-06-12,16:40:00,16.05
Comox,2025-06-12,16:50:00,16.08
Comox,2025-06-12,17:00:00,16.07
Comox,2025-06-12,17:10:00,16.1
Comox,2025-06-12,17:20:00,16.18
Comox,2025-06-12,17:30:00,16.33
Comox,2025-06-12,17:40:00,16.51
Comox,2025-06-12,17:50:00,16.46
Comox,2025-06-12,18:00:00,16.49
Comox,2025-06-12,18:10:00,16.49
Comox,2025-06-12,18:20:00,16.46
Comox,2025-06-12,18:30:00,16.47
Comox,2025-06-12,18:40:00,16.42
Comox,2025-06-12,18:50:00,16.43
Comox,2025-06-12,19:00:00,16.46
Comox,2025-06-12,19:10:00,16.5
Comox,2025-06-12,19:20:00,16.48
Comox,2025-06-12,19:30:00,16.49
Comox,2025-06-12,19:40:00,16.48
Comox,2025-06-12,19:50:00,16.43
Comox,2025-06-12,20:00:00,16.44
Comox,2025-06-12,20:10:00,16.44
Comox,2025-06-12,20:20:00,16.41
Comox,2025-06-12,20:30:00,16.39
Comox,2025-06-12,20:40:00,16.35
Comox,2025-06-12,20:50:00,16.4
Comox,2025-06-12,21:00:00,16.37
Comox,2025-06-12,21:10:00,16.35
Comox,2025-06-12,21:20:00,16.34
Comox,2025-06-12,21:30:00,16.32
Comox,2025-06-12,21:40:00,16.32
Comox,2025-06-12,21:50:00,16.33
Comox,2025-06-12,22:00:00,16.29
Comox,2025-06-12,22:10:00,16.28
Comox,2025-06-12,22:20:00,16.24
Comox,2025-06-12,22:30:00,16.22
Comox,2025-06-12,22:40:00,16.2
Comox,2025-06-12,22:50:00,16.19
Comox,2025-06-12,23:00:00,16.16
Comox,2025-06-12,23:10:00,16.13
Comox,2025-06-12,23:20:00,16.13
Comox,2025-06-12,23:30:00,16.13
Comox,2025-06-12,23:40:00,16.13
Comox,2025-06-12,23:50:00,16.1
Comox,2025-06-13,0:00:00,16.07
Comox,2025-06-13,0:10:00,16.02
Comox,2025-06-13,0:20:00,15.95
Comox,2025-06-13,0:30:00,15.95
Comox,2025-06-13,0:40:00,15.95
Comox,2025-06-13,0:50:00,15.96
Comox,2025-06-13,1:00:00,15.93
Comox,2025-06-13,1:10:00,15.86
Comox,2025-06-13,1:20:00,15.8
Comox,2025-06-13,1:30:00,15.76
Comox,2025-06-13,1:40:00,15.76
Comox,2025-06-13,1:50:00,15.73
Comox,2025-06-13,2:00:00,15.71
Comox,2025-06-13,2:10:00,15.69
Comox,2025-06-13,2:20:00,15.67
Comox,2025-06-13,2:30:00,15.68
Comox,2025-06-13,2:40:00,15.63
Comox,2025-06-13,2:50:00,15.62
Comox,2025-06-13,3:00:00,15.6
Comox,2025-06-13,3:10:00,15.6
Comox,2025-06-13,3:20:00,15.58
Comox,2025-06-13,3:30:00,15.57
Comox,2025-06-13,3:40:00,15.57
Comox,2025-06-13,3:50:00,15.57
Comox,2025-06-13,4:00:00,15.56
Comox,2025-06-13,4:10:00,15.56
Comox,2025-06-13,4:20:00,15.54
Comox,2025-06-13,4:30:00,15.51
Comox,2025-06-13,4:40:00,15.51
Comox,2025-06-13,4:50:00,15.46
Comox,2025-06-13,5:00:00,15.46
Comox,2025-06-13,5:10:00,15.43
Comox,2025-06-13,5:20:00,15.38
Comox,2025-06-13,5:30:00,15.31
Comox,2025-06-13,5:40:00,15.29
Comox,2025-06-13,5:50:00,15.23
Comox,2025-06-13,6:00:00,15.19
Comox,2025-06-13,6:10:00,15.16
Comox,2025-06-13,6:20:00,15.23
Comox,2025-06-13,6:30:00,15.3
Comox,2025-06-13,6:40:00,15.32
Comox,2025-06-13,6:50:00,15.34
Comox,2025-06-13,7:00:00,15.33
Comox,2025-06-13,7:10:00,15.32
Comox,2025-06-13,7:20:00,15.3
Comox,2025-06-13,7:30:00,15.25
Comox,2025-06-13,7:40:00,15.25
Comox,2025-06-13,7:50:00,15.29
Comox,2025-06-13,8:00:00,15.3
Comox,2025-06-13,8:10:00,15.32
Comox,2025-06-13,8:20:00,15.37
Comox,2025-06-13,8:30:00,15.39
Comox,2025-06-13,8:40:00,15.37
Comox,2025-06-13,8:50:00,15.32
Comox,2025-06-13,9:00:00,15.24
Comox,2025-06-13,9:10:00,15
Comox,2025-06-13,9:20:00,14.91
Comox,2025-06-13,9:30:00,14.92
Comox,2025-06-13,9:40:00,15.04
Comox,2025-06-13,9:50:00,15.15
Comox,2025-06-13,10:00:00,15.24
Comox,2025-06-13,10:10:00,15.31
Comox,2025-06-13,10:20:00,15.38
Comox,2025-06-13,10:30:00,15.43
Comox,2025-06-13,10:40:00,15.25
Comox,2025-06-13,10:50:00,15.13
Comox,2025-06-13,11:00:00,15.15
Comox,2025-06-13,11:10:00,15.18
Comox,2025-06-13,11:20:00,15.24
Comox,2025-06-13,11:30:00,15.32
Comox,2025-06-13,11:40:00,15.37
Comox,2025-06-13,11:50:00,15.46
Comox,2025-06-13,12:00:00,15.47
Comox,2025-06-13,12:10:00,15.58
Comox,2025-06-13,12:20:00,15.6
Comox,2025-06-13,12:30:00,15.89
Comox,2025-06-13,12:40:00,15.96
Comox,2025-06-13,12:50:00,16
Comox,2025-06-13,13:00:00,16.07
Comox,2025-06-13,13:10:00,16.14
Comox,2025-06-13,13:20:00,16.19
Comox,2025-06-13,13:30:00,16.28
Comox,2025-06-13,13:40:00,16.4
Comox,2025-06-13,13:50:00,16.5
Comox,2025-06-13,14:00:00,16.56
Comox,2025-06-13,14:10:00,16.63
Comox,2025-06-13,14:20:00,16.72
Comox,2025-06-13,14:30:00,16.77
Comox,2025-06-13,14:40:00,16.81
Comox,2025-06-13,14:50:00,16.89
Comox,2025-06-13,15:00:00,16.93
Comox,2025-06-13,15:10:00,16.95
Comox,2025-06-13,15:20:00,16.94
Comox,2025-06-13,15:30:00,16.94
Comox,2025-06-13,15:40:00,16.98
Comox,2025-06-13,15:50:00,17.04
Comox,2025-06-13,16:00:00,17
Comox,2025-06-13,16:10:00,16.92
Comox,2025-06-13,16:20:00,16.72
Comox,2025-06-13,16:30:00,16.63
Comox,2025-06-13,16:40:00,16.61
Comox,2025-06-13,16:50:00,16.57
Comox,2025-06-13,17:00:00,16.76
Comox,2025-06-13,17:10:00,17.1
Comox,2025-06-13,17:20:00,17.1
Comox,2025-06-13,17:30:00,16.92
Comox,2025-06-13,17:40:00,16.81
Comox,2025-06-13,17:50:00,16.65
Comox,2025-06-13,18:00:00,16.73
Comox,2025-06-13,18:10:00,16.74
Comox,2025-06-13,18:20:00,16.56
Comox,2025-06-13,18:30:00,16.5
Comox,2025-06-13,18:40:00,16.51
Comox,2025-06-13,18:50:00,16.62
Comox,2025-06-13,19:00:00,16.65
Comox,2025-06-13,19:10:00,16.63
Comox,2025-06-13,19:20:00,16.58
Comox,2025-06-13,19:30:00,16.51
Comox,2025-06-13,19:40:00,16.54
Comox,2025-06-13,19:50:00,16.61
Comox,2025-06-13,20:00:00,16.62
Comox,2025-06-13,20:10:00,16.67
Comox,2025-06-13,20:20:00,16.67
Comox,2025-06-13,20:30:00,16.67
Comox,2025-06-13,20:40:00,16.67
Comox,2025-06-13,20:50:00,16.61
Comox,2025-06-13,21:00:00,16.61
Comox,2025-06-13,21:10:00,16.59
Comox,2025-06-13,21:20:00,16.6
Comox,2025-06-13,21:30:00,16.59
Comox,2025-06-13,21:40:00,16.56
Comox,2025-06-13,21:50:00,16.54
Comox,2025-06-13,22:00:00,16.54
Comox,2025-06-13,22:10:00,16.51
Comox,2025-06-13,22:20:00,16.47
Comox,2025-06-13,22:30:00,16.46
Comox,2025-06-13,22:40:00,16.46
Comox,2025-06-13,22:50:00,16.48
Comox,2025-06-13,23:00:00,16.43
Comox,2025-06-13,23:10:00,16.36
Comox,2025-06-13,23:20:00,16.3
Comox,2025-06-13,23:30:00,16.27
Comox,2025-06-13,23:40:00,16.28
Comox,2025-06-13,23:50:00,16.2
Comox,2025-06-14,0:00:00,16.2
Comox,2025-06-14,0:10:00,16.15
Comox,2025-06-14,0:20:00,16.16
Comox,2025-06-14,0:30:00,16.18
Comox,2025-06-14,0:40:00,16.19
Comox,2025-06-14,0:50:00,16.19
Comox,2025-06-14,1:00:00,16.19
Comox,2025-06-14,1:10:00,16.18
Comox,2025-06-14,1:20:00,16.27
Comox,2025-06-14,1:30:00,16.25
Comox,2025-06-14,1:40:00,16.21
Comox,2025-06-14,1:50:00,16.21
Comox,2025-06-14,2:00:00,16.19
Comox,2025-06-14,2:10:00,16.18
Comox,2025-06-14,2:20:00,16.14
Comox,2025-06-14,2:30:00,16.08
Comox,2025-06-14,2:40:00,16.07
Comox,2025-06-14,2:50:00,16.06
Comox,2025-06-14,3:00:00,16.04
Comox,2025-06-14,3:10:00,16.05
Comox,2025-06-14,3:20:00,16.06
Comox,2025-06-14,3:30:00,16.06
Comox,2025-06-14,3:40:00,16.05
Comox,2025-06-14,3:50:00,16.03
Comox,2025-06-14,4:00:00,15.99
Comox,2025-06-14,4:10:00,15.99
Comox,2025-06-14,4:20:00,15.99
Comox,2025-06-14,4:30:00,15.98
Comox,2025-06-14,4:40:00,15.87
Comox,2025-06-14,4:50:00,15.77
Comox,2025-06-14,5:00:00,15.67
Comox,2025-06-14,5:10:00,15.6
Comox,2025-06-14,5:20:00,15.54
Comox,2025-06-14,5:30:00,15.57
Comox,2025-06-14,5:40:00,15.6
Comox,2025-06-14,5:50:00,15.69
Comox,2025-06-14,6:00:00,15.73
Comox,2025-06-14,6:10:00,15.72
Comox,2025-06-14,6:20:00,15.71
Comox,2025-06-14,6:30:00,15.69
Comox,2025-06-14,6:40:00,15.62
Comox,2025-06-14,6:50:00,15.59
Comox,2025-06-14,7:00:00,15.61
Comox,2025-06-14,7:10:00,15.62
Comox,2025-06-14,7:20:00,15.6
Comox,2025-06-14,7:30:00,15.57
Comox,2025-06-14,7:40:00,15.54
Comox,2025-06-14,7:50:00,15.56
Comox,2025-06-14,8:00:00,15.55
Comox,2025-06-14,8:10:00,15.54
Comox,2025-06-14,8:20:00,15.6
Comox,2025-06-14,8:30:00,15.6
Comox,2025-06-14,8:40:00,15.63
Comox,2025-06-14,8:50:00,15.66
Comox,2025-06-14,9:00:00,15.63
Comox,2025-06-14,9:10:00,15.59
Comox,2025-06-14,9:20:00,15.46
Comox,2025-06-14,9:30:00,15.44
Comox,2025-06-14,9:40:00,15.46
Comox,2025-06-14,9:50:00,15.47
Comox,2025-06-14,10:00:00,15.49
Comox,2025-06-14,10:10:00,15.54
Comox,2025-06-14,10:20:00,15.59
Comox,2025-06-14,10:30:00,15.66
Comox,2025-06-14,10:40:00,15.72
Comox,2025-06-14,10:50:00,15.75
Comox,2025-06-14,11:00:00,15.84
Comox,2025-06-14,11:10:00,15.99
Comox,2025-06-14,11:20:00,16.11
Comox,2025-06-14,11:30:00,16.14
Comox,2025-06-14,11:40:00,16.2
Comox,2025-06-14,11:50:00,16.22
Comox,2025-06-14,12:00:00,16.31
Comox,2025-06-14,12:10:00,16.3
Comox,2025-06-14,12:20:00,16.25
Comox,2025-06-14,12:30:00,16.2
Comox,2025-06-14,12:40:00,16.22
Comox,2025-06-14,12:50:00,16.34
Comox,2025-06-14,13:00:00,16.44
Comox,2025-06-14,13:10:00,16.54
Comox,2025-06-14,13:20:00,16.67
Comox,2025-06-14,13:30:00,16.74
Comox,2025-06-14,13:40:00,16.82
Comox,2025-06-14,13:50:00,16.86
Comox,2025-06-14,14:00:00,16.94
Comox,2025-06-14,14:10:00,16.96
Comox,2025-06-14,14:20:00,16.92
Comox,2025-06-14,14:30:00,16.9
Comox,2025-06-14,14:40:00,16.89
Comox,2025-06-14,14:50:00,16.9
Comox,2025-06-14,15:00:00,16.99
Comox,2025-06-14,15:10:00,17.21
Comox,2025-06-14,15:20:00,17.35
Comox,2025-06-14,15:30:00,17.5
Comox,2025-06-14,15:40:00,17.62
Comox,2025-06-14,15:50:00,17.58
Comox,2025-06-14,16:00:00,17.67
Comox,2025-06-14,16:10:00,17.76
Comox,2025-06-14,16:20:00,17.79
Comox,2025-06-14,16:30:00,17.79
Comox,2025-06-14,16:40:00,17.84
Comox,2025-06-14,16:50:00,17.87
Comox,2025-06-14,17:00:00,17.89
Comox,2025-06-14,17:10:00,18.02
Comox,2025-06-14,17:20:00,18.22
Comox,2025-06-14,17:30:00,18.18
Comox,2025-06-14,17:40:00,18.15
Comox,2025-06-14,17:50:00,18.12
Comox,2025-06-14,18:00:00,18.14
Comox,2025-06-14,18:10:00,18.12
Comox,2025-06-14,18:20:00,17.91
Comox,2025-06-14,18:30:00,17.73
Comox,2025-06-14,18:40:00,17.58
Comox,2025-06-14,18:50:00,17.47
Comox,2025-06-14,19:00:00,17.37
Comox,2025-06-14,19:10:00,17.37
Comox,2025-06-14,19:20:00,17.36
Comox,2025-06-14,19:30:00,17.28
Comox,2025-06-14,19:40:00,17.25
Comox,2025-06-14,19:50:00,17.28
Comox,2025-06-14,20:00:00,17.26
Comox,2025-06-14,20:10:00,17.29
Comox,2025-06-14,20:20:00,17.2
Comox,2025-06-14,20:30:00,17.11
Comox,2025-06-14,20:40:00,16.95
Comox,2025-06-14,20:50:00,16.86
Comox,2025-06-14,21:00:00,16.78
Comox,2025-06-14,21:10:00,16.76
Comox,2025-06-14,21:20:00,16.66
Comox,2025-06-14,21:30:00,16.59
Comox,2025-06-14,21:40:00,16.51
Comox,2025-06-14,21:50:00,16.54
Comox,2025-06-14,22:00:00,16.5
Comox,2025-06-14,22:10:00,16.44
Comox,2025-06-14,22:20:00,16.36
Comox,2025-06-14,22:30:00,16.36
Comox,2025-06-14,22:40:00,16.35
Comox,2025-06-14,22:50:00,16.36
Comox,2025-06-14,23:00:00,16.36
Comox,2025-06-14,23:10:00,16.35
Comox,2025-06-14,23:20:00,16.35
Comox,2025-06-14,23:30:00,16.34
Comox,2025-06-14,23:40:00,16.31
Comox,2025-06-14,23:50:00,16.29
Comox,2025-06-15,0:00:00,16.25
Comox,2025-06-15,0:10:00,16.22
Comox,2025-06-15,0:20:00,16.24
Comox,2025-06-15,0:30:00,16.13
Comox,2025-06-15,0:40:00,16.04
Comox,2025-06-15,0:50:00,16
Comox,2025-06-15,1:00:00,16
Comox,2025-06-15,1:10:00,15.97
Comox,2025-06-15,1:20:00,15.97
Comox,2025-06-15,1:30:00,16
Comox,2025-06-15,1:40:00,16.01
Comox,2025-06-15,1:50:00,16
Comox,2025-06-15,2:00:00,15.95
Comox,2025-06-15,2:10:00,16.02
Comox,2025-06-15,2:20:00,16.04
Comox,2025-06-15,2:30:00,16.07
Comox,2025-06-15,2:40:00,16.07
Comox,2025-06-15,2:50:00,16.06
Comox,2025-06-15,3:00:00,16.03
Comox,2025-06-15,3:10:00,16.08
Comox,2025-06-15,3:20:00,16.08
Comox,2025-06-15,3:30:00,16.07
Comox,2025-06-15,3:40:00,16.04
Comox,2025-06-15,3:50:00,16.05
Comox,2025-06-15,4:00:00,16.01
Comox,2025-06-15,4:10:00,15.95
Comox,2025-06-15,4:20:00,15.87
Comox,2025-06-15,4:30:00,15.8
Comox,2025-06-15,4:40:00,15.74
Comox,2025-06-15,4:50:00,15.74
Comox,2025-06-15,5:00:00,15.76
Comox,2025-06-15,5:10:00,15.77
Comox,2025-06-15,5:20:00,15.76
Comox,2025-06-15,5:30:00,15.76
Comox,2025-06-15,5:40:00,15.75
Comox,2025-06-15,5:50:00,15.76
Comox,2025-06-15,6:00:00,15.77
Comox,2025-06-15,6:10:00,15.8
Comox,2025-06-15,6:20:00,15.8
Comox,2025-06-15,6:30:00,15.75
Comox,2025-06-15,6:40:00,15.74
Comox,2025-06-15,6:50:00,15.73
Comox,2025-06-15,7:00:00,15.69
Comox,2025-06-15,7:10:00,15.71
Comox,2025-06-15,7:20:00,15.7
Comox,2025-06-15,7:30:00,15.7
Comox,2025-06-15,7:40:00,15.65
Comox,2025-06-15,7:50:00,15.62
Comox,2025-06-15,8:00:00,15.63
Comox,2025-06-15,8:10:00,15.63
Comox,2025-06-15,8:20:00,15.61
Comox,2025-06-15,8:30:00,15.59
Comox,2025-06-15,8:40:00,15.57
Comox,2025-06-15,8:50:00,15.43
Comox,2025-06-15,9:00:00,15.39
Comox,2025-06-15,9:10:00,15.39
Comox,2025-06-15,9:20:00,15.46
Comox,2025-06-15,9:30:00,15.49
Comox,2025-06-15,9:40:00,15.49
Comox,2025-06-15,9:50:00,15.53
Comox,2025-06-15,10:00:00,15.55
Comox,2025-06-15,10:10:00,15.61
Comox,2025-06-15,10:20:00,15.69
Comox,2025-06-15,10:30:00,15.74
Comox,2025-06-15,10:40:00,15.81
Comox,2025-06-15,10:50:00,15.82
Comox,2025-06-15,11:00:00,15.86
Comox,2025-06-15,11:10:00,15.88
Comox,2025-06-15,11:20:00,15.98
Comox,2025-06-15,11:30:00,16.05
Comox,2025-06-15,11:40:00,16.25
Comox,2025-06-15,11:50:00,16.39
Comox,2025-06-15,12:00:00,16.45
Comox,2025-06-15,12:10:00,16.57
Comox,2025-06-15,12:20:00,16.64
Comox,2025-06-15,12:30:00,16.7
Comox,2025-06-15,12:40:00,16.76
Comox,2025-06-15,12:50:00,16.85
Comox,2025-06-15,13:00:00,16.99
Comox,2025-06-15,13:10:00,17.06
Comox,2025-06-15,13:20:00,17.17
Comox,2025-06-15,13:30:00,17.25
Comox,2025-06-15,13:40:00,17.36
Comox,2025-06-15,13:50:00,17.39
Comox,2025-06-15,14:00:00,17.49
Comox,2025-06-15,14:10:00,17.6
Comox,2025-06-15,14:20:00,17.67
Comox,2025-06-15,14:30:00,17.7
Comox,2025-06-15,14:40:00,17.78
Comox,2025-06-15,14:50:00,17.85
Comox,2025-06-15,15:00:00,17.91
Comox,2025-06-15,15:10:00,18.04
Comox,2025-06-15,15:20:00,18.1
Comox,2025-06-15,15:30:00,18.27
Comox,2025-06-15,15:40:00,18.24
Comox,2025-06-15,15:50:00,18.24
Comox,2025-06-15,16:00:00,18.27
Comox,2025-06-15,16:10:00,18.33
Comox,2025-06-15,16:20:00,18.38
Comox,2025-06-15,16:30:00,18.42
Comox,2025-06-15,16:40:00,18.48
Comox,2025-06-15,16:50:00,18.51
Comox,2025-06-15,17:00:00,18.56
Comox,2025-06-15,17:10:00,18.57
Comox,2025-06-15,17:20:00,18.62
Comox,2025-06-15,17:30:00,18.25
Comox,2025-06-15,17:40:00,17.88
Comox,2025-06-15,17:50:00,18.29
Comox,2025-06-15,18:00:00,18.78
Comox,2025-06-15,18:10:00,19.01
Comox,2025-06-15,18:20:00,19.09
Comox,2025-06-15,18:30:00,18.95
Comox,2025-06-15,18:40:00,18.97
Comox,2025-06-15,18:50:00,18.88
Comox,2025-06-15,19:00:00,18.74
Comox,2025-06-15,19:10:00,18.7
Comox,2025-06-15,19:20:00,18.62
Comox,2025-06-15,19:30:00,18.25
Comox,2025-06-15,19:40:00,18.08
Comox,2025-06-15,19:50:00,18.15
Comox,2025-06-15,20:00:00,17.97
Comox,2025-06-15,20:10:00,17.79
Comox,2025-06-15,20:20:00,17.73
Comox,2025-06-15,20:30:00,17.56
Comox,2025-06-15,20:40:00,17.35
Comox,2025-06-15,20:50:00,17.15
Comox,2025-06-15,21:00:00,17.05
Comox,2025-06-15,21:10:00,17.04
Comox,2025-06-15,21:20:00,17.06
Comox,2025-06-15,21:30:00,16.95
Comox,2025-06-15,21:40:00,16.81
Comox,2025-06-15,21:50:00,16.8
Comox,2025-06-15,22:00:00,16.8
Comox,2025-06-15,22:10:00,16.8
Comox,2025-06-15,22:20:00,16.76
Comox,2025-06-15,22:30:00,16.7
Comox,2025-06-15,22:40:00,16.64
Comox,2025-06-15,22:50:00,16.62
Comox,2025-06-15,23:00:00,16.61
Comox,2025-06-15,23:10:00,16.63
Comox,2025-06-15,23:20:00,16.62
Comox,2025-06-15,23:30:00,16.55
Comox,2025-06-15,23:40:00,16.49
Comox,2025-06-15,23:50:00,16.47
Comox,2025-06-16,0:00:00,16.45
Comox,2025-06-16,0:10:00,16.46
Comox,2025-06-16,0:20:00,16.72
Comox,2025-06-16,0:30:00,16.92
Comox,2025-06-16,0:40:00,17.09
Comox,2025-06-16,0:50:00,17.08
Comox,2025-06-16,1:00:00,17.07
Comox,2025-06-16,1:10:00,17.1
Comox,2025-06-16,1:20:00,17.1
Comox,2025-06-16,1:30:00,17.07
Comox,2025-06-16,1:40:00,17.05
Comox,2025-06-16,1:50:00,17.14
Comox,2025-06-16,2:00:00,17.11
Comox,2025-06-16,2:10:00,16.99
Comox,2025-06-16,2:20:00,16.8
Comox,2025-06-16,2:30:00,16.63
Comox,2025-06-16,2:40:00,16.54
Comox,2025-06-16,2:50:00,16.31
Comox,2025-06-16,3:00:00,16.17
Comox,2025-06-16,3:10:00,16.32
Comox,2025-06-16,3:20:00,16.39
Comox,2025-06-16,3:30:00,16.44
Comox,2025-06-16,3:40:00,16.43
Comox,2025-06-16,3:50:00,16.33
Comox,2025-06-16,4:00:00,16.31
Comox,2025-06-16,4:10:00,16.24
Comox,2025-06-16,4:20:00,16.26
Comox,2025-06-16,4:30:00,16.27
Comox,2025-06-16,4:40:00,16.26
Comox,2025-06-16,4:50:00,16.25
Comox,2025-06-16,5:00:00,16.2
Comox,2025-06-16,5:10:00,16.19
Comox,2025-06-16,5:20:00,16.19
Comox,2025-06-16,5:30:00,16.17
Comox,2025-06-16,5:40:00,16.12
Comox,2025-06-16,5:50:00,16.12
Comox,2025-06-16,6:00:00,16.02
Comox,2025-06-16,6:10:00,15.99
Comox,2025-06-16,6:20:00,15.99
Comox,2025-06-16,6:30:00,15.99
Comox,2025-06-16,6:40:00,15.95
Comox,2025-06-16,6:50:00,15.96
Comox,2025-06-16,7:00:00,15.9
Comox,2025-06-16,7:10:00,15.91
Comox,2025-06-16,7:20:00,15.9
Comox,2025-06-16,7:30:00,15.9
Comox,2025-06-16,7:40:00,15.87
Comox,2025-06-16,7:50:00,15.86
Comox,2025-06-16,8:00:00,15.82
Comox,2025-06-16,8:10:00,15.82
Comox,2025-06-16,8:20:00,15.8
Comox,2025-06-16,8:30:00,15.83
Comox,2025-06-16,8:40:00,15.84
Comox,2025-06-16,8:50:00,15.86
Comox,2025-06-16,9:00:00,15.85
Comox,2025-06-16,9:10:00,15.87
Comox,2025-06-16,9:20:00,15.86
Comox,2025-06-16,9:30:00,15.85
Comox,2025-06-16,9:40:00,15.86
Comox,2025-06-16,9:50:00,15.88
Comox,2025-06-16,10:00:00,15.91
Comox,2025-06-16,10:10:00,15.93
Comox,2025-06-16,10:20:00,15.97
Comox,2025-06-16,10:30:00,15.97
Comox,2025-06-16,10:40:00,15.95
Comox,2025-06-16,10:50:00,15.84
Comox,2025-06-16,11:00:00,15.86
Comox,2025-06-16,11:10:00,15.92
Comox,2025-06-16,11:20:00,16
Comox,2025-06-16,11:30:00,16.13
Comox,2025-06-16,11:40:00,16.26
Comox,2025-06-16,11:50:00,16.25
Comox,2025-06-16,12:00:00,16.36
Comox,2025-06-16,12:10:00,16.37
Comox,2025-06-16,12:20:00,16.46
Comox,2025-06-16,12:30:00,16.62
Comox,2025-06-16,12:40:00,16.75
Comox,2025-06-16,12:50:00,16.86
Comox,2025-06-16,13:00:00,17.01
Comox,2025-06-16,13:10:00,17.14
Comox,2025-06-16,13:20:00,17.18
Comox,2025-06-16,13:30:00,17.23
Comox,2025-06-16,13:40:00,17.25
Comox,2025-06-16,13:50:00,17.24
Comox,2025-06-16,14:00:00,17.17
Comox,2025-06-16,14:10:00,17.13
Comox,2025-06-16,14:20:00,17.05
Comox,2025-06-16,14:30:00,17.05
Comox,2025-06-16,14:40:00,17.17
Comox,2025-06-16,14:50:00,17.31
Comox,2025-06-16,15:00:00,17.41
Comox,2025-06-16,15:10:00,17.56
Comox,2025-06-16,15:20:00,17.68
Comox,2025-06-16,15:30:00,17.77
Comox,2025-06-16,15:40:00,17.81
Comox,2025-06-16,15:50:00,17.85
Comox,2025-06-16,16:00:00,17.87
Comox,2025-06-16,16:10:00,17.9
Comox,2025-06-16,16:20:00,17.97
Comox,2025-06-16,16:30:00,18.06
Comox,2025-06-16,16:40:00,18.06
Comox,2025-06-16,16:50:00,18
Comox,2025-06-16,17:00:00,18.03
Comox,2025-06-16,17:10:00,18.06
Comox,2025-06-16,17:20:00,18.09
Comox,2025-06-16,17:30:00,18.14
Comox,2025-06-16,17:40:00,18.28
Comox,2025-06-16,17:50:00,18.38
Comox,2025-06-16,18:00:00,18.47
Comox,2025-06-16,18:10:00,18.51
Comox,2025-06-16,18:20:00,18.51
Comox,2025-06-16,18:30:00,18.59
Comox,2025-06-16,18:40:00,18.63
Comox,2025-06-16,18:50:00,18.68
Comox,2025-06-16,19:00:00,18.76
Comox,2025-06-16,19:10:00,18.76
Comox,2025-06-16,19:20:00,18.74
Comox,2025-06-16,19:30:00,18.69
Comox,2025-06-16,19:40:00,18.57
Comox,2025-06-16,19:50:00,18.51
Comox,2025-06-16,20:00:00,18.44
Comox,2025-06-16,20:10:00,18.4
Comox,2025-06-16,20:20:00,18.44
Comox,2025-06-16,20:30:00,18.42
Comox,2025-06-16,20:40:00,18.3
Comox,2025-06-16,20:50:00,18.15
Comox,2025-06-16,21:00:00,17.91
Comox,2025-06-16,21:10:00,18.02
Comox,2025-06-16,21:20:00,17.81
Comox,2025-06-16,21:30:00,17.59
Comox,2025-06-16,21:40:00,17.46
Comox,2025-06-16,21:50:00,17.34
Comox,2025-06-16,22:00:00,17.22
Comox,2025-06-16,22:10:00,17.17
Comox,2025-06-16,22:20:00,17.03
Comox,2025-06-16,22:30:00,16.91
Comox,2025-06-16,22:40:00,17.01
Comox,2025-06-16,22:50:00,17.06
Comox,2025-06-16,23:00:00,17.04
Comox,2025-06-16,23:10:00,17.09
Comox,2025-06-16,23:20:00,17.11
Comox,2025-06-16,23:30:00,17.03
Comox,2025-06-16,23:40:00,17.02
Comox,2025-06-16,23:50:00,17.03
Comox,2025-06-17,0:00:00,17
Comox,2025-06-17,0:10:00,17.03
Comox,2025-06-17,0:20:00,16.99
Comox,2025-06-17,0:30:00,16.98
Comox,2025-06-17,0:40:00,16.93
Comox,2025-06-17,0:50:00,16.94
Comox,2025-06-17,1:00:00,16.98
Comox,2025-06-17,1:10:00,16.98
Comox,2025-06-17,1:20:00,16.89
Comox,2025-06-17,1:30:00,16.81
Comox,2025-06-17,1:40:00,16.77
Comox,2025-06-17,1:50:00,16.78
Comox,2025-06-17,2:00:00,16.81
Comox,2025-06-17,2:10:00,16.8
Comox,2025-06-17,2:20:00,16.81
Comox,2025-06-17,2:30:00,16.77
Comox,2025-06-17,2:40:00,16.82
Comox,2025-06-17,2:50:00,16.79
Comox,2025-06-17,3:00:00,16.72
Comox,2025-06-17,3:10:00,16.6
Comox,2025-06-17,3:20:00,16.58
Comox,2025-06-17,3:30:00,16.73
Comox,2025-06-17,3:40:00,16.69
Comox,2025-06-17,3:50:00,16.6
Comox,2025-06-17,4:00:00,16.61
Comox,2025-06-17,4:10:00,16.61
Comox,2025-06-17,4:20:00,16.56
Comox,2025-06-17,4:30:00,16.51
Comox,2025-06-17,4:40:00,16.51
Comox,2025-06-17,4:50:00,16.5
Comox,2025-06-17,5:00:00,16.48
Comox,2025-06-17,5:10:00,16.46
Comox,2025-06-17,5:20:00,16.49
Comox,2025-06-17,5:30:00,16.51
Comox,2025-06-17,5:40:00,16.52
Comox,2025-06-17,5:50:00,16.51
Comox,2025-06-17,6:00:00,16.51
Comox,2025-06-17,6:10:00,16.5
Comox,2025-06-17,6:20:00,16.54
Comox,2025-06-17,6:30:00,16.52
Comox,2025-06-17,6:40:00,16.56
Comox,2025-06-17,6:50:00,16.54
Comox,2025-06-17,7:00:00,16.55
Comox,2025-06-17,7:10:00,16.55
Comox,2025-06-17,7:20:00,16.59
Comox,2025-06-17,7:30:00,16.61
Comox,2025-06-17,7:40:00,16.61
Comox,2025-06-17,7:50:00,16.62
Comox,2025-06-17,8:00:00,16.61
Comox,2025-06-17,8:10:00,16.61
Comox,2025-06-17,8:20:00,16.61
Comox,2025-06-17,8:30:00,16.59
Comox,2025-06-17,8:40:00,16.57
Comox,2025-06-17,8:50:00,16.55
Comox,2025-06-17,9:00:00,16.54
Comox,2025-06-17,9:10:00,16.45
Comox,2025-06-17,9:20:00,16.37
Comox,2025-06-17,9:30:00,16.42
Comox,2025-06-17,9:40:00,16.35
Comox,2025-06-17,9:50:00,16.36
Comox,2025-06-17,10:00:00,16.37
Comox,2025-06-17,10:10:00,16.4
Comox,2025-06-17,10:20:00,16.47
Comox,2025-06-17,10:30:00,16.56
Comox,2025-06-17,10:40:00,16.63
Comox,2025-06-17,10:50:00,16.63
Comox,2025-06-17,11:00:00,16.56
Comox,2025-06-17,11:10:00,16.63
Comox,2025-06-17,11:20:00,16.59
Comox,2025-06-17,11:30:00,16.59
Comox,2025-06-17,11:40:00,16.61
Comox,2025-06-17,11:50:00,16.56
Comox,2025-06-17,12:00:00,16.54
Comox,2025-06-17,12:10:00,16.51
Comox,2025-06-17,12:20:00,16.52
Comox,2025-06-17,12:30:00,16.52
Comox,2025-06-17,12:40:00,16.51
Comox,2025-06-17,12:50:00,16.55
Comox,2025-06-17,13:00:00,16.59
Comox,2025-06-17,13:10:00,16.62
Comox,2025-06-17,13:20:00,16.65
Comox,2025-06-17,13:30:00,16.7
Comox,2025-06-17,13:40:00,16.71
Comox,2025-06-17,13:50:00,16.66
Comox,2025-06-17,14:00:00,16.69
Comox,2025-06-17,14:10:00,16.73
Comox,2025-06-17,14:20:00,16.73
Comox,2025-06-17,14:30:00,16.74
Comox,2025-06-17,14:40:00,16.76
Comox,2025-06-17,14:50:00,16.76
Comox,2025-06-17,15:00:00,16.9
Comox,2025-06-17,15:10:00,17.04
Comox,2025-06-17,15:20:00,17.1
Comox,2025-06-17,15:30:00,17.1
Comox,2025-06-17,15:40:00,17.15
Comox,2025-06-17,15:50:00,17.17
Comox,2025-06-17,16:00:00,17.17
Comox,2025-06-17,16:10:00,17.17
Comox,2025-06-17,16:20:00,17.16
Comox,2025-06-17,16:30:00,17.17
Comox,2025-06-17,16:40:00,17.16
Comox,2025-06-17,16:50:00,17.17
Comox,2025-06-17,17:00:00,17.18
Comox,2025-06-17,17:10:00,17.19
Comox,2025-06-17,17:20:00,17.17
Comox,2025-06-17,17:30:00,17.17
Comox,2025-06-17,17:40:00,17.2
Comox,2025-06-17,17:50:00,17.23
Comox,2025-06-17,18:00:00,17.24
Comox,2025-06-17,18:10:00,17.25
Comox,2025-06-17,18:20:00,17.22
Comox,2025-06-17,18:30:00,17.19
Comox,2025-06-17,18:40:00,17.18
Comox,2025-06-17,18:50:00,17.17
Comox,2025-06-17,19:00:00,17.21
Comox,2025-06-17,19:10:00,17.19
Comox,2025-06-17,19:20:00,17.15
Comox,2025-06-17,19:30:00,17.1
Comox,2025-06-17,19:40:00,17.11
Comox,2025-06-17,19:50:00,17.09
Comox,2025-06-17,20:00:00,17.08
Comox,2025-06-17,20:10:00,17.06
Comox,2025-06-17,20:20:00,17.09
Comox,2025-06-17,20:30:00,17.06
Comox,2025-06-17,20:40:00,17.07
Comox,2025-06-17,20:50:00,17
Comox,2025-06-17,21:00:00,16.99
Comox,2025-06-17,21:10:00,16.98
Comox,2025-06-17,21:20:00,16.94
Comox,2025-06-17,21:30:00,16.98
Comox,2025-06-17,21:40:00,16.94
Comox,2025-06-17,21:50:00,16.87
Comox,2025-06-17,22:00:00,16.85
Comox,2025-06-17,22:10:00,16.86
Comox,2025-06-17,22:20:00,16.82
Comox,2025-06-17,22:30:00,16.74
Comox,2025-06-17,22:40:00,16.63
Comox,2025-06-17,22:50:00,16.56
Comox,2025-06-17,23:00:00,16.54
Comox,2025-06-17,23:10:00,16.57
Comox,2025-06-17,23:20:00,16.52
Comox,2025-06-17,23:30:00,16.41
Comox,2025-06-17,23:40:00,16.35
Comox,2025-06-17,23:50:00,16.36
Comox,2025-06-18,0:00:00,16.32
Comox,2025-06-18,0:10:00,16.27
Comox,2025-06-18,0:20:00,16.24
Comox,2025-06-18,0:30:00,16.26
Comox,2025-06-18,0:40:00,16.29
Comox,2025-06-18,0:50:00,16.26
Comox,2025-06-18,1:00:00,16.18
Comox,2025-06-18,1:10:00,16.13
Comox,2025-06-18,1:20:00,16.12
Comox,2025-06-18,1:30:00,16.08
Comox,2025-06-18,1:40:00,16.11
Comox,2025-06-18,1:50:00,16.1
Comox,2025-06-18,2:00:00,16.06
Comox,2025-06-18,2:10:00,16.03
Comox,2025-06-18,2:20:00,16.01
Comox,2025-06-18,2:30:00,15.98
Comox,2025-06-18,2:40:00,15.98
Comox,2025-06-18,2:50:00,15.97
Comox,2025-06-18,3:00:00,15.95
Comox,2025-06-18,3:10:00,15.95
Comox,2025-06-18,3:20:00,15.96
Comox,2025-06-18,3:30:00,15.93
Comox,2025-06-18,3:40:00,15.9
Comox,2025-06-18,3:50:00,15.87
Comox,2025-06-18,4:00:00,15.85
Comox,2025-06-18,4:10:00,15.85
Comox,2025-06-18,4:20:00,15.83
Comox,2025-06-18,4:30:00,15.83
Comox,2025-06-18,4:40:00,15.81
Comox,2025-06-18,4:50:00,15.85
Comox,2025-06-18,5:00:00,15.9
Comox,2025-06-18,5:10:00,15.9
Comox,2025-06-18,5:20:00,15.9
Comox,2025-06-18,5:30:00,15.9
Comox,2025-06-18,5:40:00,15.92
Comox,2025-06-18,5:50:00,15.93
Comox,2025-06-18,6:00:00,15.92
Comox,2025-06-18,6:10:00,15.9
Comox,2025-06-18,6:20:00,15.91
Comox,2025-06-18,6:30:00,15.87
Comox,2025-06-18,6:40:00,15.89
Comox,2025-06-18,6:50:00,15.89
Comox,2025-06-18,7:00:00,15.91
Comox,2025-06-18,7:10:00,15.9
Comox,2025-06-18,7:20:00,15.89
Comox,2025-06-18,7:30:00,15.89
Comox,2025-06-18,7:40:00,15.9
Comox,2025-06-18,7:50:00,15.9
Comox,2025-06-18,8:00:00,15.91
Comox,2025-06-18,8:10:00,15.87
Comox,2025-06-18,8:20:00,15.87
Comox,2025-06-18,8:30:00,15.89
Comox,2025-06-18,8:40:00,15.86
Comox,2025-06-18,8:50:00,15.83
Comox,2025-06-18,9:00:00,15.82
Comox,2025-06-18,9:10:00,15.8
Comox,2025-06-18,9:20:00,15.82
Comox,2025-06-18,9:30:00,15.74
Comox,2025-06-18,9:40:00,15.73
Comox,2025-06-18,9:50:00,15.7
Comox,2025-06-18,10:00:00,15.65
Comox,2025-06-18,10:10:00,15.53
Comox,2025-06-18,10:20:00,15.39
Comox,2025-06-18,10:30:00,15.38
Comox,2025-06-18,10:40:00,15.41
Comox,2025-06-18,10:50:00,15.38
Comox,2025-06-18,11:00:00,15.32
Comox,2025-06-18,11:10:00,15.31
Comox,2025-06-18,11:20:00,15.3
Comox,2025-06-18,11:30:00,15.32
Comox,2025-06-18,11:40:00,15.34
Comox,2025-06-18,11:50:00,15.51
Comox,2025-06-18,12:00:00,15.71
Comox,2025-06-18,12:10:00,16.08
Comox,2025-06-18,12:20:00,16.33
Comox,2025-06-18,12:30:00,16.4
Comox,2025-06-18,12:40:00,16.45
Comox,2025-06-18,12:50:00,16.42
Comox,2025-06-18,13:00:00,16.42
Comox,2025-06-18,13:10:00,16.41
Comox,2025-06-18,13:20:00,16.28
Comox,2025-06-18,13:30:00,16.2
Comox,2025-06-18,13:40:00,16.28
Comox,2025-06-18,13:50:00,16.42
Comox,2025-06-18,14:00:00,16.54
Comox,2025-06-18,14:10:00,16.65
Comox,2025-06-18,14:20:00,16.7
Comox,2025-06-18,14:30:00,16.76
Comox,2025-06-18,14:40:00,16.77
Comox,2025-06-18,14:50:00,16.78
Comox,2025-06-18,15:00:00,16.81
Comox,2025-06-18,15:10:00,16.89
Comox,2025-06-18,15:20:00,16.92
Comox,2025-06-18,15:30:00,17
Comox,2025-06-18,15:40:00,17.07
Comox,2025-06-18,15:50:00,17.06
Comox,2025-06-18,16:00:00,16.92
Comox,2025-06-18,16:10:00,16.85
Comox,2025-06-18,16:20:00,16.86
Comox,2025-06-18,16:30:00,16.81
Comox,2025-06-18,16:40:00,16.78
Comox,2025-06-18,16:50:00,16.76
Comox,2025-06-18,17:00:00,16.71
Comox,2025-06-18,17:10:00,16.74
Comox,2025-06-18,17:20:00,16.7
Comox,2025-06-18,17:30:00,16.64
Comox,2025-06-18,17:40:00,16.59
Comox,2025-06-18,17:50:00,16.55
Comox,2025-06-18,18:00:00,16.5
Comox,2025-06-18,18:10:00,16.48
Comox,2025-06-18,18:20:00,16.37
Comox,2025-06-18,18:30:00,16.36
Comox,2025-06-18,18:40:00,16.32
Comox,2025-06-18,18:50:00,16.31
Comox,2025-06-18,19:00:00,16.29
Comox,2025-06-18,19:10:00,16.24
Comox,2025-06-18,19:20:00,16.15
Comox,2025-06-18,19:30:00,16.04
Comox,2025-06-18,19:40:00,15.96
Comox,2025-06-18,19:50:00,15.87
Comox,2025-06-18,20:00:00,15.76
Comox,2025-06-18,20:10:00,15.74
Comox,2025-06-18,20:20:00,15.65
Comox,2025-06-18,20:30:00,15.54
Comox,2025-06-18,20:40:00,15.37
Comox,2025-06-18,20:50:00,15.17
Comox,2025-06-18,21:00:00,14.91
Comox,2025-06-18,21:10:00,14.48
Comox,2025-06-18,21:20:00,14.23
Comox,2025-06-18,21:30:00,14.09
Comox,2025-06-18,21:40:00,13.96
Comox,2025-06-18,21:50:00,13.9
Comox,2025-06-18,22:00:00,13.94
Comox,2025-06-18,22:10:00,14.06
Comox,2025-06-18,22:20:00,14.35
Comox,2025-06-18,22:30:00,14.99
Comox,2025-06-18,22:40:00,15.47
Comox,2025-06-18,22:50:00,15.77
Comox,2025-06-18,23:00:00,15.77
Comox,2025-06-18,23:10:00,15.72
Comox,2025-06-18,23:20:00,15.56
Comox,2025-06-18,23:30:00,15.57
Comox,2025-06-18,23:40:00,15.47
Comox,2025-06-18,23:50:00,15.29
Comox,2025-06-19,0:00:00,15.19
Comox,2025-06-19,0:10:00,15.18
Comox,2025-06-19,0:20:00,15.11
Comox,2025-06-19,0:30:00,15.08
Comox,2025-06-19,0:40:00,15
Comox,2025-06-19,0:50:00,15.02
Comox,2025-06-19,1:00:00,15.01
Comox,2025-06-19,1:10:00,15.02
Comox,2025-06-19,1:20:00,15.03
Comox,2025-06-19,1:30:00,14.98
Comox,2025-06-19,1:40:00,14.93
Comox,2025-06-19,1:50:00,14.92
Comox,2025-06-19,2:00:00,14.92
Comox,2025-06-19,2:10:00,14.86
Comox,2025-06-19,2:20:00,14.85
Comox,2025-06-19,2:30:00,14.89
Comox,2025-06-19,2:40:00,14.99
Comox,2025-06-19,2:50:00,14.98
Comox,2025-06-19,3:00:00,14.92
Comox,2025-06-19,3:10:00,14.74
Comox,2025-06-19,3:20:00,14.78
Comox,2025-06-19,3:30:00,14.69
Comox,2025-06-19,3:40:00,14.64
Comox,2025-06-19,3:50:00,14.51
Comox,2025-06-19,4:00:00,14.48
Comox,2025-06-19,4:10:00,14.5
Comox,2025-06-19,4:20:00,14.48
Comox,2025-06-19,4:30:00,14.48
Comox,2025-06-19,4:40:00,14.52
Comox,2025-06-19,4:50:00,14.52
Comox,2025-06-19,5:00:00,14.49
Comox,2025-06-19,5:10:00,14.49
Comox,2025-06-19,5:20:00,14.47
Comox,2025-06-19,5:30:00,14.48
Comox,2025-06-19,5:40:00,14.49
Comox,2025-06-19,5:50:00,14.5
Comox,2025-06-19,6:00:00,14.49
Comox,2025-06-19,6:10:00,14.44
Comox,2025-06-19,6:20:00,14.45
Comox,2025-06-19,6:30:00,14.48
Comox,2025-06-19,6:40:00,14.49
Comox,2025-06-19,6:50:00,14.48
Comox,2025-06-19,7:00:00,14.47
Comox,2025-06-19,7:10:00,14.5
Comox,2025-06-19,7:20:00,14.51
Comox,2025-06-19,7:30:00,14.5
Comox,2025-06-19,7:40:00,14.51
Comox,2025-06-19,7:50:00,14.56
Comox,2025-06-19,8:00:00,14.56
Comox,2025-06-19,8:10:00,14.55
Comox,2025-06-19,8:20:00,14.58
Comox,2025-06-19,8:30:00,14.55
Comox,2025-06-19,8:40:00,14.55
Comox,2025-06-19,8:50:00,14.57
Comox,2025-06-19,9:00:00,14.56
Comox,2025-06-19,9:10:00,14.53
Comox,2025-06-19,9:20:00,14.47
Comox,2025-06-19,9:30:00,14.44
Comox,2025-06-19,9:40:00,14.42
Comox,2025-06-19,9:50:00,14.44
Comox,2025-06-19,10:00:00,14.49
Comox,2025-06-19,10:10:00,14.54
Comox,2025-06-19,10:20:00,14.54
Comox,2025-06-19,10:30:00,14.56
Comox,2025-06-19,10:40:00,14.56
Comox,2025-06-19,10:50:00,14.52
Comox,2025-06-19,11:00:00,14.45
Comox,2025-06-19,11:10:00,14.44
Comox,2025-06-19,11:20:00,14.38
Comox,2025-06-19,11:30:00,14.41
Comox,2025-06-19,11:40:00,14.53
Comox,2025-06-19,11:50:00,14.39
Comox,2025-06-19,12:00:00,14.14
Comox,2025-06-19,12:10:00,14.05
Comox,2025-06-19,12:20:00,14.08
Comox,2025-06-19,12:30:00,14.24
Comox,2025-06-19,12:40:00,14.29
Comox,2025-06-19,12:50:00,14.33
Comox,2025-06-19,13:00:00,14.56
Comox,2025-06-19,13:10:00,14.77
Comox,2025-06-19,13:20:00,14.97
Comox,2025-06-19,13:30:00,15.13
Comox,2025-06-19,13:40:00,15.27
Comox,2025-06-19,13:50:00,15.43
Comox,2025-06-19,14:00:00,15.52
Comox,2025-06-19,14:10:00,15.15
Comox,2025-06-19,14:20:00,14.99
Comox,2025-06-19,14:30:00,14.91
Comox,2025-06-19,14:40:00,14.92
Comox,2025-06-19,14:50:00,15.01
Comox,2025-06-19,15:00:00,15.06
Comox,2025-06-19,15:10:00,15.11
Comox,2025-06-19,15:20:00,15.16
Comox,2025-06-19,15:30:00,15.33
Comox,2025-06-19,15:40:00,15.39
Comox,2025-06-19,15:50:00,15.48
Comox,2025-06-19,16:00:00,15.59
Comox,2025-06-19,16:10:00,15.65
Comox,2025-06-19,16:20:00,15.7
Comox,2025-06-19,16:30:00,15.73
Comox,2025-06-19,16:40:00,15.8
Comox,2025-06-19,16:50:00,15.86
Comox,2025-06-19,17:00:00,15.87
Comox,2025-06-19,17:10:00,15.91
Comox,2025-06-19,17:20:00,15.95
Comox,2025-06-19,17:30:00,15.99
Comox,2025-06-19,17:40:00,16
Comox,2025-06-19,17:50:00,16.04
Comox,2025-06-19,18:00:00,16.04
Comox,2025-06-19,18:10:00,16.04
Comox,2025-06-19,18:20:00,16.08
Comox,2025-06-19,18:30:00,16.14
Comox,2025-06-19,18:40:00,16.18
Comox,2025-06-19,18:50:00,16.21
Comox,2025-06-19,19:00:00,16.2
Comox,2025-06-19,19:10:00,16.21
Comox,2025-06-19,19:20:00,16.3
Comox,2025-06-19,19:30:00,16.31
Comox,2025-06-19,19:40:00,16.26
Comox,2025-06-19,19:50:00,16.12
Comox,2025-06-19,20:00:00,15.98
Comox,2025-06-19,20:10:00,15.91
Comox,2025-06-19,20:20:00,15.9
Comox,2025-06-19,20:30:00,15.87
Comox,2025-06-19,20:40:00,15.83
Comox,2025-06-19,20:50:00,15.76
Comox,2025-06-19,21:00:00,15.54
Comox,2025-06-19,21:10:00,15.31
Comox,2025-06-19,21:20:00,15.07
Comox,2025-06-19,21:30:00,14.79
Comox,2025-06-19,21:40:00,14.56
Comox,2025-06-19,21:50:00,14.53
Comox,2025-06-19,22:00:00,14.44
Comox,2025-06-19,22:10:00,14.34
Comox,2025-06-19,22:20:00,14.23
Comox,2025-06-19,22:30:00,14.19
Comox,2025-06-19,22:40:00,14.2
Comox,2025-06-19,22:50:00,14.87
Comox,2025-06-19,23:00:00,15.09
Comox,2025-06-19,23:10:00,15.19
Comox,2025-06-19,23:20:00,15.37
Comox,2025-06-19,23:30:00,15.48
Comox,2025-06-19,23:40:00,15.6
Comox,2025-06-19,23:50:00,15.76
Comox,2025-06-20,0:00:00,15.81
Comox,2025-06-20,0:10:00,15.88
Comox,2025-06-20,0:20:00,15.85
Comox,2025-06-20,0:30:00,15.84
Comox,2025-06-20,0:40:00,15.8
Comox,2025-06-20,0:50:00,15.75
Comox,2025-06-20,1:00:00,15.74
Comox,2025-06-20,1:10:00,15.8
Comox,2025-06-20,1:20:00,15.8
Comox,2025-06-20,1:30:00,15.77
Comox,2025-06-20,1:40:00,15.76
Comox,2025-06-20,1:50:00,15.75
Comox,2025-06-20,2:00:00,15.68
Comox,2025-06-20,2:10:00,15.63
Comox,2025-06-20,2:20:00,15.6
Comox,2025-06-20,2:30:00,15.59
Comox,2025-06-20,2:40:00,15.57
Comox,2025-06-20,2:50:00,15.58
Comox,2025-06-20,3:00:00,15.59
Comox,2025-06-20,3:10:00,15.66
Comox,2025-06-20,3:20:00,15.59
Comox,2025-06-20,3:30:00,15.51
Comox,2025-06-20,3:40:00,15.45
Comox,2025-06-20,3:50:00,15.38
Comox,2025-06-20,4:00:00,15.34
Comox,2025-06-20,4:10:00,15.29
Comox,2025-06-20,4:20:00,15.25
Comox,2025-06-20,4:30:00,15.19
Comox,2025-06-20,4:40:00,15.18
Comox,2025-06-20,4:50:00,15.17
Comox,2025-06-20,5:00:00,15.21
Comox,2025-06-20,5:10:00,15.21
Comox,2025-06-20,5:20:00,15.22
Comox,2025-06-20,5:30:00,15.23
Comox,2025-06-20,5:40:00,15.23
Comox,2025-06-20,5:50:00,15.19
Comox,2025-06-20,6:00:00,15.17
Comox,2025-06-20,6:10:00,15.14
Comox,2025-06-20,6:20:00,15.22
Comox,2025-06-20,6:30:00,15.24
Comox,2025-06-20,6:40:00,15.21
Comox,2025-06-20,6:50:00,15.19
Comox,2025-06-20,7:00:00,15.19
Comox,2025-06-20,7:10:00,15.19
Comox,2025-06-20,7:20:00,15.16
Comox,2025-06-20,7:30:00,15.13
Comox,2025-06-20,7:40:00,15.12
Comox,2025-06-20,7:50:00,15.15
Comox,2025-06-20,8:00:00,15.18
Comox,2025-06-20,8:10:00,15.16
Comox,2025-06-20,8:20:00,15.13
Comox,2025-06-20,8:30:00,15.1
Comox,2025-06-20,8:40:00,15.14
Comox,2025-06-20,8:50:00,15.17
Comox,2025-06-20,9:00:00,15.12
Comox,2025-06-20,9:10:00,15.06
Comox,2025-06-20,9:20:00,14.98
Comox,2025-06-20,9:30:00,14.99
Comox,2025-06-20,9:40:00,14.97
Comox,2025-06-20,9:50:00,15.02
Comox,2025-06-20,10:00:00,15.01
Comox,2025-06-20,10:10:00,15.02
Comox,2025-06-20,10:20:00,15.06
Comox,2025-06-20,10:30:00,15.06
Comox,2025-06-20,10:40:00,15.07
Comox,2025-06-20,10:50:00,15.12
Comox,2025-06-20,11:00:00,15.09
Comox,2025-06-20,11:10:00,15.01
Comox,2025-06-20,11:20:00,15.02
Comox,2025-06-20,11:30:00,15.18
Comox,2025-06-20,11:40:00,15.18
Comox,2025-06-20,11:50:00,15.11
Comox,2025-06-20,12:00:00,14.97
Comox,2025-06-20,12:10:00,14.95
Comox,2025-06-20,12:20:00,14.87
Comox,2025-06-20,12:30:00,14.78
Comox,2025-06-20,12:40:00,14.75
Comox,2025-06-20,12:50:00,14.69
Comox,2025-06-20,13:00:00,14.49
Comox,2025-06-20,13:10:00,14.3
Comox,2025-06-20,13:20:00,14.24
Comox,2025-06-20,13:30:00,14.15
Comox,2025-06-20,13:40:00,14.06
Comox,2025-06-20,13:50:00,13.96
Comox,2025-06-20,14:00:00,13.97
Comox,2025-06-20,14:10:00,13.9
Comox,2025-06-20,14:20:00,14.3
Comox,2025-06-20,14:30:00,14.35
Comox,2025-06-20,14:40:00,14.24
Comox,2025-06-20,14:50:00,13.94
Comox,2025-06-20,15:00:00,13.99
Comox,2025-06-20,15:10:00,13.97
Comox,2025-06-20,15:20:00,14.6
Comox,2025-06-20,15:30:00,14.38
Comox,2025-06-20,15:40:00,14.29
Comox,2025-06-20,15:50:00,14.15
Comox,2025-06-20,16:00:00,14.28
Comox,2025-06-20,16:10:00,14.34
Comox,2025-06-20,16:20:00,14.38
Comox,2025-06-20,16:30:00,14.51
Comox,2025-06-20,16:40:00,14.69
Comox,2025-06-20,16:50:00,14.81
Comox,2025-06-20,17:00:00,14.8
Comox,2025-06-20,17:10:00,14.79
Comox,2025-06-20,17:20:00,14.73
Comox,2025-06-20,17:30:00,14.78
Comox,2025-06-20,17:40:00,14.84
Comox,2025-06-20,17:50:00,14.92
Comox,2025-06-20,18:00:00,14.97
Comox,2025-06-20,18:10:00,15
Comox,2025-06-20,18:20:00,15.27
Comox,2025-06-20,18:30:00,15.32
Comox,2025-06-20,18:40:00,15.57
Comox,2025-06-20,18:50:00,15.93
Comox,2025-06-20,19:00:00,16.12
Comox,2025-06-20,19:10:00,16.17
Comox,2025-06-20,19:20:00,16.19
Comox,2025-06-20,19:30:00,16.28
Comox,2025-06-20,19:40:00,16.36
Comox,2025-06-20,19:50:00,16.44
Comox,2025-06-20,20:00:00,16.45
Comox,2025-06-20,20:10:00,16.5
Comox,2025-06-20,20:20:00,16.46
Comox,2025-06-20,20:30:00,16.4
Comox,2025-06-20,20:40:00,16.35
Comox,2025-06-20,20:50:00,16.31
Comox,2025-06-20,21:00:00,16.2
Comox,2025-06-20,21:10:00,16.14
Comox,2025-06-20,21:20:00,16.01
Comox,2025-06-20,21:30:00,16
Comox,2025-06-20,21:40:00,15.99
Comox,2025-06-20,21:50:00,15.89
Comox,2025-06-20,22:00:00,15.8
Comox,2025-06-20,22:10:00,15.78
Comox,2025-06-20,22:20:00,15.99
Comox,2025-06-20,22:30:00,15.99
Comox,2025-06-20,22:40:00,15.91
Comox,2025-06-20,22:50:00,15.88
Comox,2025-06-20,23:00:00,15.9
Comox,2025-06-20,23:10:00,16.13
Comox,2025-06-20,23:20:00,16.16
Comox,2025-06-20,23:30:00,16.08
Comox,2025-06-20,23:40:00,16.04
Comox,2025-06-20,23:50:00,16.04
Comox,2025-06-21,0:00:00,16.08
Comox,2025-06-21,0:10:00,16.07
Comox,2025-06-21,0:20:00,16.07
Comox,2025-06-21,0:30:00,16.05
Comox,2025-06-21,0:40:00,16.07
Comox,2025-06-21,0:50:00,16.04
Comox,2025-06-21,1:00:00,16
Comox,2025-06-21,1:10:00,15.99
Comox,2025-06-21,1:20:00,15.99
Comox,2025-06-21,1:30:00,15.92
Comox,2025-06-21,1:40:00,15.9
Comox,2025-06-21,1:50:00,15.87
Comox,2025-06-21,2:00:00,15.88
Comox,2025-06-21,2:10:00,15.89
Comox,2025-06-21,2:20:00,15.88
Comox,2025-06-21,2:30:00,15.89
Comox,2025-06-21,2:40:00,15.86
Comox,2025-06-21,2:50:00,15.85
Comox,2025-06-21,3:00:00,15.8
Comox,2025-06-21,3:10:00,15.81
Comox,2025-06-21,3:20:00,15.76
Comox,2025-06-21,3:30:00,15.76
Comox,2025-06-21,3:40:00,15.75
Comox,2025-06-21,3:50:00,15.73
Comox,2025-06-21,4:00:00,15.72
Comox,2025-06-21,4:10:00,15.72
Comox,2025-06-21,4:20:00,15.71
Comox,2025-06-21,4:30:00,15.7
Comox,2025-06-21,4:40:00,15.66
Comox,2025-06-21,4:50:00,15.69
Comox,2025-06-21,5:00:00,15.69
Comox,2025-06-21,5:10:00,15.67
Comox,2025-06-21,5:20:00,15.67
Comox,2025-06-21,5:30:00,15.7
Comox,2025-06-21,5:40:00,15.69
Comox,2025-06-21,5:50:00,15.69
Comox,2025-06-21,6:00:00,15.69
Comox,2025-06-21,6:10:00,15.66
Comox,2025-06-21,6:20:00,15.67
Comox,2025-06-21,6:30:00,15.69
Comox,2025-06-21,6:40:00,15.74
Comox,2025-06-21,6:50:00,15.8
Comox,2025-06-21,7:00:00,15.8
Comox,2025-06-21,7:10:00,15.78
Comox,2025-06-21,7:20:00,15.77
Comox,2025-06-21,7:30:00,15.72
Comox,2025-06-21,7:40:00,15.48
Comox,2025-06-21,7:50:00,15.33
Comox,2025-06-21,8:00:00,15.31
Comox,2025-06-21,8:10:00,15.32
Comox,2025-06-21,8:20:00,15.32
Comox,2025-06-21,8:30:00,15.32
Comox,2025-06-21,8:40:00,15.34
Comox,2025-06-21,8:50:00,15.37
Comox,2025-06-21,9:00:00,15.39
Comox,2025-06-21,9:10:00,15.42
Comox,2025-06-21,9:20:00,15.41
Comox,2025-06-21,9:30:00,15.42
Comox,2025-06-21,9:40:00,15.43
Comox,2025-06-21,9:50:00,15.46
Comox,2025-06-21,10:00:00,15.53
Comox,2025-06-21,10:10:00,15.59
Comox,2025-06-21,10:20:00,15.59
Comox,2025-06-21,10:30:00,15.6
Comox,2025-06-21,10:40:00,15.6
Comox,2025-06-21,10:50:00,15.59
Comox,2025-06-21,11:00:00,15.61
Comox,2025-06-21,11:10:00,15.67
Comox,2025-06-21,11:20:00,15.66
Comox,2025-06-21,11:30:00,15.7
Comox,2025-06-21,11:40:00,15.69
Comox,2025-06-21,11:50:00,15.63
Comox,2025-06-21,12:00:00,15.58
Comox,2025-06-21,12:10:00,15.56
Comox,2025-06-21,12:20:00,15.51
Comox,2025-06-21,12:30:00,15.42
Comox,2025-06-21,12:40:00,15.48
Comox,2025-06-21,12:50:00,15.66
Comox,2025-06-21,13:00:00,15.6
Comox,2025-06-21,13:10:00,15.59
Comox,2025-06-21,13:20:00,15.71
Comox,2025-06-21,13:30:00,15.62
Comox,2025-06-21,13:40:00,15.65
Comox,2025-06-21,13:50:00,15.65
Comox,2025-06-21,14:00:00,15.53
Comox,2025-06-21,14:10:00,15.73
Comox,2025-06-21,14:20:00,15.66
Comox,2025-06-21,14:30:00,15.47
Comox,2025-06-21,14:40:00,15.56
Comox,2025-06-21,14:50:00,15.54
Comox,2025-06-21,15:00:00,15.53
Comox,2025-06-21,15:10:00,15.54
Comox,2025-06-21,15:20:00,15.62
Comox,2025-06-21,15:30:00,15.73
Comox,2025-06-21,15:40:00,15.78
Comox,2025-06-21,15:50:00,15.88
Comox,2025-06-21,16:00:00,15.83
Comox,2025-06-21,16:10:00,15.8
Comox,2025-06-21,16:20:00,15.85
Comox,2025-06-21,16:30:00,15.86
Comox,2025-06-21,16:40:00,15.86
Comox,2025-06-21,16:50:00,15.85
Comox,2025-06-21,17:00:00,15.93
Comox,2025-06-21,17:10:00,15.92
Comox,2025-06-21,17:20:00,15.84
Comox,2025-06-21,17:30:00,15.77
Comox,2025-06-21,17:40:00,15.85
Comox,2025-06-21,17:50:00,15.81
Comox,2025-06-21,18:00:00,15.77
Comox,2025-06-21,18:10:00,15.76
Comox,2025-06-21,18:20:00,15.74
Comox,2025-06-21,18:30:00,15.76
Comox,2025-06-21,18:40:00,15.73
Comox,2025-06-21,18:50:00,15.71
Comox,2025-06-21,19:00:00,15.72
Comox,2025-06-21,19:10:00,15.8
Comox,2025-06-21,19:20:00,15.82
Comox,2025-06-21,19:30:00,15.82
Comox,2025-06-21,19:40:00,15.82
Comox,2025-06-21,19:50:00,15.83
Comox,2025-06-21,20:00:00,15.85
Comox,2025-06-21,20:10:00,15.85
Comox,2025-06-21,20:20:00,15.86
Comox,2025-06-21,20:30:00,15.85
Comox,2025-06-21,20:40:00,15.84
Comox,2025-06-21,20:50:00,15.82
Comox,2025-06-21,21:00:00,15.8
Comox,2025-06-21,21:10:00,15.8
Comox,2025-06-21,21:20:00,15.76
Comox,2025-06-21,21:30:00,15.8
Comox,2025-06-21,21:40:00,15.75
Comox,2025-06-21,21:50:00,15.74
Comox,2025-06-21,22:00:00,15.76
Comox,2025-06-21,22:10:00,15.78
Comox,2025-06-21,22:20:00,15.77
Comox,2025-06-21,22:30:00,15.73
Comox,2025-06-21,22:40:00,15.74
Comox,2025-06-21,22:50:00,15.71
Comox,2025-06-21,23:00:00,15.71
Comox,2025-06-21,23:10:00,15.71
Comox,2025-06-21,23:20:00,15.74
Comox,2025-06-21,23:30:00,15.73
Comox,2025-06-21,23:40:00,15.72
Comox,2025-06-21,23:50:00,15.74
Comox,2025-06-22,0:00:00,15.77
Comox,2025-06-22,0:10:00,15.77
Comox,2025-06-22,0:20:00,15.68
Comox,2025-06-22,0:30:00,15.71
Comox,2025-06-22,0:40:00,15.76
Comox,2025-06-22,0:50:00,15.83
Comox,2025-06-22,1:00:00,15.85
Comox,2025-06-22,1:10:00,15.83
Comox,2025-06-22,1:20:00,15.81
Comox,2025-06-22,1:30:00,15.81
Comox,2025-06-22,1:40:00,15.78
Comox,2025-06-22,1:50:00,15.8
Comox,2025-06-22,2:00:00,15.81
Comox,2025-06-22,2:10:00,15.82
Comox,2025-06-22,2:20:00,15.82
Comox,2025-06-22,2:30:00,15.82
Comox,2025-06-22,2:40:00,15.82
Comox,2025-06-22,2:50:00,15.8
Comox,2025-06-22,3:00:00,15.82
Comox,2025-06-22,3:10:00,15.78
Comox,2025-06-22,3:20:00,15.81
Comox,2025-06-22,3:30:00,15.8
Comox,2025-06-22,3:40:00,15.65
Comox,2025-06-22,3:50:00,15.53
Comox,2025-06-22,4:00:00,15.55
Comox,2025-06-22,4:10:00,15.62
Comox,2025-06-22,4:20:00,15.63
Comox,2025-06-22,4:30:00,15.68
Comox,2025-06-22,4:40:00,15.7
Comox,2025-06-22,4:50:00,15.71
Comox,2025-06-22,5:00:00,15.72
Comox,2025-06-22,5:10:00,15.7
Comox,2025-06-22,5:20:00,15.69
Comox,2025-06-22,5:30:00,15.69
Comox,2025-06-22,5:40:00,15.67
Comox,2025-06-22,5:50:00,15.67
Comox,2025-06-22,6:00:00,15.66
Comox,2025-06-22,6:10:00,15.68
Comox,2025-06-22,6:20:00,15.69
Comox,2025-06-22,6:30:00,15.69
Comox,2025-06-22,6:40:00,15.69
Comox,2025-06-22,6:50:00,15.69
Comox,2025-06-22,7:00:00,15.71
Comox,2025-06-22,7:10:00,15.69
Comox,2025-06-22,7:20:00,15.65
Comox,2025-06-22,7:30:00,15.45
Comox,2025-06-22,7:40:00,15.33
Comox,2025-06-22,7:50:00,15.36
Comox,2025-06-22,8:00:00,15.72
Comox,2025-06-22,8:10:00,15.77
Comox,2025-06-22,8:20:00,15.81
Comox,2025-06-22,8:30:00,15.81
Comox,2025-06-22,8:40:00,15.83
Comox,2025-06-22,8:50:00,15.83
Comox,2025-06-22,9:00:00,15.84
Comox,2025-06-22,9:10:00,15.87
Comox,2025-06-22,9:20:00,15.88
Comox,2025-06-22,9:30:00,15.86
Comox,2025-06-22,9:40:00,15.85
Comox,2025-06-22,9:50:00,15.84
Comox,2025-06-22,10:00:00,15.86
Comox,2025-06-22,10:10:00,15.91
Comox,2025-06-22,10:20:00,15.92
Comox,2025-06-22,10:30:00,15.98
Comox,2025-06-22,10:40:00,15.96
Comox,2025-06-22,10:50:00,15.95
Comox,2025-06-22,11:00:00,15.99
Comox,2025-06-22,11:10:00,15.95
Comox,2025-06-22,11:20:00,15.99
Comox,2025-06-22,11:30:00,16.04
Comox,2025-06-22,11:40:00,16.05
Comox,2025-06-22,11:50:00,16.18
Comox,2025-06-22,12:00:00,16.17
Comox,2025-06-22,12:10:00,16.18
Comox,2025-06-22,12:20:00,16.17
Comox,2025-06-22,12:30:00,16.17
Comox,2025-06-22,12:40:00,16.07
Comox,2025-06-22,12:50:00,16.12
Comox,2025-06-22,13:00:00,16.18
Comox,2025-06-22,13:10:00,16.32
Comox,2025-06-22,13:20:00,16.28
Comox,2025-06-22,13:30:00,16.36
Comox,2025-06-22,13:40:00,16.25
Comox,2025-06-22,13:50:00,16.21
Comox,2025-06-22,14:00:00,16.15
Comox,2025-06-22,14:10:00,16.08
Comox,2025-06-22,14:20:00,16.19
Comox,2025-06-22,14:30:00,16.2
Comox,2025-06-22,14:40:00,16.24
Comox,2025-06-22,14:50:00,16.29
Comox,2025-06-22,15:00:00,16.25
Comox,2025-06-22,15:10:00,16.12
Comox,2025-06-22,15:20:00,16.2
Comox,2025-06-22,15:30:00,16.13
Comox,2025-06-22,15:40:00,16.08
Comox,2025-06-22,15:50:00,16.08
Comox,2025-06-22,16:00:00,16.1
Comox,2025-06-22,16:10:00,16.12
Comox,2025-06-22,16:20:00,16.14
Comox,2025-06-22,16:30:00,16.13
Comox,2025-06-22,16:40:00,16.1
Comox,2025-06-22,16:50:00,16.1
Comox,2025-06-22,17:00:00,16.12
Comox,2025-06-22,17:10:00,16.08
Comox,2025-06-22,17:20:00,16.05
Comox,2025-06-22,17:30:00,16.01
Comox,2025-06-22,17:40:00,16.03
Comox,2025-06-22,17:50:00,16.08
Comox,2025-06-22,18:00:00,16.13
Comox,2025-06-22,18:10:00,16.17
Comox,2025-06-22,18:20:00,16.14
Comox,2025-06-22,18:30:00,16.14
Comox,2025-06-22,18:40:00,16.12
Comox,2025-06-22,18:50:00,16.13
Comox,2025-06-22,19:00:00,16.14
Comox,2025-06-22,19:10:00,16.13
Comox,2025-06-22,19:20:00,16.15
Comox,2025-06-22,19:30:00,16.17
Comox,2025-06-22,19:40:00,16.19
Comox,2025-06-22,19:50:00,16.17
Comox,2025-06-22,20:00:00,16.13
Comox,2025-06-22,20:10:00,16.13
Comox,2025-06-22,20:20:00,16.14
Comox,2025-06-22,20:30:00,16.12
Comox,2025-06-22,20:40:00,16.13
Comox,2025-06-22,20:50:00,16.12
Comox,2025-06-22,21:00:00,16.13
Comox,2025-06-22,21:10:00,16.11
Comox,2025-06-22,21:20:00,16.08
Comox,2025-06-22,21:30:00,16.11
Comox,2025-06-22,21:40:00,16.12
Comox,2025-06-22,21:50:00,16.08
Comox,2025-06-22,22:00:00,16.1
Comox,2025-06-22,22:10:00,16.07
Comox,2025-06-22,22:20:00,16.08
Comox,2025-06-22,22:30:00,16.08
Comox,2025-06-22,22:40:00,16.1
Comox,2025-06-22,22:50:00,16.1
Comox,2025-06-22,23:00:00,16.07
Comox,2025-06-22,23:10:00,16.07
Comox,2025-06-22,23:20:00,16.07
Comox,2025-06-22,23:30:00,16.02
Comox,2025-06-22,23:40:00,15.98
Comox,2025-06-22,23:50:00,15.96
Comox,2025-06-23,0:00:00,15.98
Comox,2025-06-23,0:10:00,15.95
Comox,2025-06-23,0:20:00,15.86
Comox,2025-06-23,0:30:00,15.81
Comox,2025-06-23,0:40:00,15.83
Comox,2025-06-23,0:50:00,15.81
Comox,2025-06-23,1:00:00,15.76
Comox,2025-06-23,1:10:00,15.82
Comox,2025-06-23,1:20:00,15.95
Comox,2025-06-23,1:30:00,15.95
Comox,2025-06-23,1:40:00,15.88
Comox,2025-06-23,1:50:00,15.91
Comox,2025-06-23,2:00:00,15.91
Comox,2025-06-23,2:10:00,15.86
Comox,2025-06-23,2:20:00,15.69
Comox,2025-06-23,2:30:00,15.62
Comox,2025-06-23,2:40:00,15.68
Comox,2025-06-23,2:50:00,15.67
Comox,2025-06-23,3:00:00,15.65
Comox,2025-06-23,3:10:00,15.71
Comox,2025-06-23,3:20:00,15.76
Comox,2025-06-23,3:30:00,15.76
Comox,2025-06-23,3:40:00,15.78
Comox,2025-06-23,3:50:00,15.76
Comox,2025-06-23,4:00:00,15.75
Comox,2025-06-23,4:10:00,15.76
Comox,2025-06-23,4:20:00,15.8
Comox,2025-06-23,4:30:00,15.77
Comox,2025-06-23,4:40:00,15.77
Comox,2025-06-23,4:50:00,15.81
Comox,2025-06-23,5:00:00,15.82
Comox,2025-06-23,5:10:00,15.83
Comox,2025-06-23,5:20:00,15.84
Comox,2025-06-23,5:30:00,15.82
Comox,2025-06-23,5:40:00,15.83
Comox,2025-06-23,5:50:00,15.84
Comox,2025-06-23,6:00:00,15.83
Comox,2025-06-23,6:10:00,15.83
Comox,2025-06-23,6:20:00,15.85
Comox,2025-06-23,6:30:00,15.86
Comox,2025-06-23,6:40:00,15.84
Comox,2025-06-23,6:50:00,15.86
Comox,2025-06-23,7:00:00,15.86
Comox,2025-06-23,7:10:00,15.9
Comox,2025-06-23,7:20:00,15.88
Comox,2025-06-23,7:30:00,15.9
Comox,2025-06-23,7:40:00,15.74
Comox,2025-06-23,7:50:00,15.62
Comox,2025-06-23,8:00:00,15.58
Comox,2025-06-23,8:10:00,15.83
Comox,2025-06-23,8:20:00,16.02
Comox,2025-06-23,8:30:00,16.17
Comox,2025-06-23,8:40:00,16.22
Comox,2025-06-23,8:50:00,16.27
Comox,2025-06-23,9:00:00,16.29
Comox,2025-06-23,9:10:00,16.27
Comox,2025-06-23,9:20:00,16.31
Comox,2025-06-23,9:30:00,16.32
Comox,2025-06-23,9:40:00,16.32
Comox,2025-06-23,9:50:00,16.33
Comox,2025-06-23,10:00:00,16.35
Comox,2025-06-23,10:10:00,16.35
Comox,2025-06-23,10:20:00,16.33
Comox,2025-06-23,10:30:00,16.37
Comox,2025-06-23,10:40:00,16.45
Comox,2025-06-23,10:50:00,16.55
Comox,2025-06-23,11:00:00,16.61
Comox,2025-06-23,11:10:00,16.66
Comox,2025-06-23,11:20:00,16.74
Comox,2025-06-23,11:30:00,16.81
Comox,2025-06-23,11:40:00,17.1
Comox,2025-06-23,11:50:00,17.28
Comox,2025-06-23,12:00:00,17.41
Comox,2025-06-23,12:10:00,17.47
Comox,2025-06-23,12:20:00,17.54
Comox,2025-06-23,12:30:00,17.54
Comox,2025-06-23,12:40:00,17.56
Comox,2025-06-23,12:50:00,17.58
Comox,2025-06-23,13:00:00,17.55
Comox,2025-06-23,13:10:00,17.46
Comox,2025-06-23,13:20:00,17.46
Comox,2025-06-23,13:30:00,17.35
Comox,2025-06-23,13:40:00,17.13
Comox,2025-06-23,13:50:00,17.37
Comox,2025-06-23,14:00:00,17.64
Comox,2025-06-23,14:10:00,17.4
Comox,2025-06-23,14:20:00,17.13
Comox,2025-06-23,14:30:00,17.44
Comox,2025-06-23,14:40:00,17.48
Comox,2025-06-23,14:50:00,17.53
Comox,2025-06-23,15:00:00,17.48
Comox,2025-06-23,15:10:00,17.38
Comox,2025-06-23,15:20:00,17.07
Comox,2025-06-23,15:30:00,17.02
Comox,2025-06-23,15:40:00,17.09
Comox,2025-06-23,15:50:00,16.77
Comox,2025-06-23,16:00:00,16.74
Comox,2025-06-23,16:10:00,16.63
Comox,2025-06-23,16:20:00,16.66
Comox,2025-06-23,16:30:00,16.67
Comox,2025-06-23,16:40:00,16.77
Comox,2025-06-23,16:50:00,16.73
Comox,2025-06-23,17:00:00,16.7
Comox,2025-06-23,17:10:00,16.71
Comox,2025-06-23,17:20:00,16.57
Comox,2025-06-23,17:30:00,16.49
Comox,2025-06-23,17:40:00,16.47
Comox,2025-06-23,17:50:00,16.52
Comox,2025-06-23,18:00:00,16.62
Comox,2025-06-23,18:10:00,16.61
Comox,2025-06-23,18:20:00,16.63
Comox,2025-06-23,18:30:00,16.67
Comox,2025-06-23,18:40:00,16.51
Comox,2025-06-23,18:50:00,16.39
Comox,2025-06-23,19:00:00,16.36
Comox,2025-06-23,19:10:00,16.41
Comox,2025-06-23,19:20:00,16.48
Comox,2025-06-23,19:30:00,16.54
Comox,2025-06-23,19:40:00,16.48
Comox,2025-06-23,19:50:00,16.57
Comox,2025-06-23,20:00:00,16.59
Comox,2025-06-23,20:10:00,16.5
Comox,2025-06-23,20:20:00,16.41
Comox,2025-06-23,20:30:00,16.39
Comox,2025-06-23,20:40:00,16.42
Comox,2025-06-23,20:50:00,16.37
Comox,2025-06-23,21:00:00,16.35
Comox,2025-06-23,21:10:00,16.36
Comox,2025-06-23,21:20:00,16.36
Comox,2025-06-23,21:30:00,16.33
Comox,2025-06-23,21:40:00,16.31
Comox,2025-06-23,21:50:00,16.24
Comox,2025-06-23,22:00:00,16.16
Comox,2025-06-23,22:10:00,16.17
Comox,2025-06-23,22:20:00,16.2
Comox,2025-06-23,22:30:00,16.24
Comox,2025-06-23,22:40:00,16.26
Comox,2025-06-23,22:50:00,16.26
Comox,2025-06-23,23:00:00,16.24
Comox,2025-06-23,23:10:00,16.24
Comox,2025-06-23,23:20:00,16.17
Comox,2025-06-23,23:30:00,16.17
Comox,2025-06-23,23:40:00,16.21
Comox,2025-06-23,23:50:00,16.21
Comox,2025-06-24,0:00:00,16.22
Comox,2025-06-24,0:10:00,16.21
Comox,2025-06-24,0:20:00,16.21
Comox,2025-06-24,0:30:00,16.21
Comox,2025-06-24,0:40:00,16.1
Comox,2025-06-24,0:50:00,15.95
Comox,2025-06-24,1:00:00,15.89
Comox,2025-06-24,1:10:00,15.91
Comox,2025-06-24,1:20:00,16.01
Comox,2025-06-24,1:30:00,16.06
Comox,2025-06-24,1:40:00,16.05
Comox,2025-06-24,1:50:00,16.03
Comox,2025-06-24,2:00:00,15.95
Comox,2025-06-24,2:10:00,16.01
Comox,2025-06-24,2:20:00,15.89
Comox,2025-06-24,2:30:00,15.89
Comox,2025-06-24,2:40:00,15.91
Comox,2025-06-24,2:50:00,15.84
Comox,2025-06-24,3:00:00,15.81
Comox,2025-06-24,3:10:00,15.82
Comox,2025-06-24,3:20:00,15.84
Comox,2025-06-24,3:30:00,15.89
Comox,2025-06-24,3:40:00,15.85
Comox,2025-06-24,3:50:00,15.67
Comox,2025-06-24,4:00:00,15.69
Comox,2025-06-24,4:10:00,15.75
Comox,2025-06-24,4:20:00,15.78
Comox,2025-06-24,4:30:00,15.77
Comox,2025-06-24,4:40:00,15.76
Comox,2025-06-24,4:50:00,15.72
Comox,2025-06-24,5:00:00,15.71
Comox,2025-06-24,5:10:00,15.6
Comox,2025-06-24,5:20:00,15.59
Comox,2025-06-24,5:30:00,15.62
Comox,2025-06-24,5:40:00,15.68
Comox,2025-06-24,5:50:00,15.71
Comox,2025-06-24,6:00:00,15.73
Comox,2025-06-24,6:10:00,15.72
Comox,2025-06-24,6:20:00,15.67
Comox,2025-06-24,6:30:00,15.67
Comox,2025-06-24,6:40:00,15.67
Comox,2025-06-24,6:50:00,15.7
Comox,2025-06-24,7:00:00,15.7
Comox,2025-06-24,7:10:00,15.73
Comox,2025-06-24,7:20:00,15.7
Comox,2025-06-24,7:30:00,15.68
Comox,2025-06-24,7:40:00,15.68
Comox,2025-06-24,7:50:00,15.71
Comox,2025-06-24,8:00:00,15.72
Comox,2025-06-24,8:10:00,15.71
Comox,2025-06-24,8:20:00,15.62
Comox,2025-06-24,8:30:00,15.7
Comox,2025-06-24,8:40:00,15.74
Comox,2025-06-24,8:50:00,15.76
Comox,2025-06-24,9:00:00,15.84
Comox,2025-06-24,9:10:00,15.99
Comox,2025-06-24,9:20:00,16.08
Comox,2025-06-24,9:30:00,16.12
Comox,2025-06-24,9:40:00,16.17
Comox,2025-06-24,9:50:00,16.26
Comox,2025-06-24,10:00:00,16.33
Comox,2025-06-24,10:10:00,16.44
Comox,2025-06-24,10:20:00,16.55
Comox,2025-06-24,10:30:00,16.59
Comox,2025-06-24,10:40:00,16.62
Comox,2025-06-24,10:50:00,16.62
Comox,2025-06-24,11:00:00,16.73
Comox,2025-06-24,11:10:00,16.85
Comox,2025-06-24,11:20:00,16.95
Comox,2025-06-24,11:30:00,16.99
Comox,2025-06-24,11:40:00,17.03
Comox,2025-06-24,11:50:00,17.01
Comox,2025-06-24,12:00:00,16.93
Comox,2025-06-24,12:10:00,16.98
Comox,2025-06-24,12:20:00,17.04
Comox,2025-06-24,12:30:00,17.08
Comox,2025-06-24,12:40:00,17.14
Comox,2025-06-24,12:50:00,17.11
Comox,2025-06-24,13:00:00,17.18
Comox,2025-06-24,13:10:00,17.28
Comox,2025-06-24,13:20:00,17.32
Comox,2025-06-24,13:30:00,17.34
Comox,2025-06-24,13:40:00,17.35
Comox,2025-06-24,13:50:00,17.28
Comox,2025-06-24,14:00:00,17.14
Comox,2025-06-24,14:10:00,17.09
Comox,2025-06-24,14:20:00,16.99
Comox,2025-06-24,14:30:00,16.91
Comox,2025-06-24,14:40:00,16.71
Comox,2025-06-24,14:50:00,16.66
Comox,2025-06-24,15:00:00,16.33
Comox,2025-06-24,15:10:00,16.28
Comox,2025-06-24,15:20:00,16.25
Comox,2025-06-24,15:30:00,16.43
Comox,2025-06-24,15:40:00,16.59
Comox,2025-06-24,15:50:00,16.41
Comox,2025-06-24,16:00:00,16.94
Comox,2025-06-24,16:10:00,16.72
Comox,2025-06-24,16:20:00,16.54
Comox,2025-06-24,16:30:00,16.78
Comox,2025-06-24,16:40:00,16.76
Comox,2025-06-24,16:50:00,16.8
Comox,2025-06-24,17:00:00,16.88
Comox,2025-06-24,17:10:00,16.9
Comox,2025-06-24,17:20:00,16.96
Comox,2025-06-24,17:30:00,16.91
Comox,2025-06-24,17:40:00,16.73
Comox,2025-06-24,17:50:00,16.64
Comox,2025-06-24,18:00:00,16.61
Comox,2025-06-24,18:10:00,16.69
Comox,2025-06-24,18:20:00,16.71
Comox,2025-06-24,18:30:00,16.7
Comox,2025-06-24,18:40:00,16.65
Comox,2025-06-24,18:50:00,16.61
Comox,2025-06-24,19:00:00,16.57
Comox,2025-06-24,19:10:00,16.5
Comox,2025-06-24,19:20:00,16.55
Comox,2025-06-24,19:30:00,16.46
Comox,2025-06-24,19:40:00,16.3
Comox,2025-06-24,19:50:00,16.24
Comox,2025-06-24,20:00:00,16.16
Comox,2025-06-24,20:10:00,16.04
Comox,2025-06-24,20:20:00,16.04
Comox,2025-06-24,20:30:00,15.92
Comox,2025-06-24,20:40:00,15.88
Comox,2025-06-24,20:50:00,15.83
Comox,2025-06-24,21:00:00,15.82
Comox,2025-06-24,21:10:00,15.76
Comox,2025-06-24,21:20:00,15.74
Comox,2025-06-24,21:30:00,15.75
Comox,2025-06-24,21:40:00,15.68
Comox,2025-06-24,21:50:00,15.57
Comox,2025-06-24,22:00:00,15.56
Comox,2025-06-24,22:10:00,15.53
Comox,2025-06-24,22:20:00,15.52
Comox,2025-06-24,22:30:00,15.55
Comox,2025-06-24,22:40:00,15.67
Comox,2025-06-24,22:50:00,15.74
Comox,2025-06-24,23:00:00,15.74
Comox,2025-06-24,23:10:00,15.73
Comox,2025-06-24,23:20:00,15.66
Comox,2025-06-24,23:30:00,15.65
Comox,2025-06-24,23:40:00,15.66
Comox,2025-06-24,23:50:00,15.57
Comox,2025-06-25,0:00:00,15.42
Comox,2025-06-25,0:10:00,15.47
Comox,2025-06-25,0:20:00,15.39
Comox,2025-06-25,0:30:00,15.37
Comox,2025-06-25,0:40:00,15.28
Comox,2025-06-25,0:50:00,15.21
Comox,2025-06-25,1:00:00,15.25
Comox,2025-06-25,1:10:00,15.24
Comox,2025-06-25,1:20:00,15.23
Comox,2025-06-25,1:30:00,15.21
Comox,2025-06-25,1:40:00,15.16
Comox,2025-06-25,1:50:00,15.11
Comox,2025-06-25,2:00:00,15.02
Comox,2025-06-25,2:10:00,15.04
Comox,2025-06-25,2:20:00,15.02
Comox,2025-06-25,2:30:00,15
Comox,2025-06-25,2:40:00,14.95
Comox,2025-06-25,2:50:00,14.94
Comox,2025-06-25,3:00:00,14.88
Comox,2025-06-25,3:10:00,14.86
Comox,2025-06-25,3:20:00,14.92
Comox,2025-06-25,3:30:00,14.97
Comox,2025-06-25,3:40:00,14.97
Comox,2025-06-25,3:50:00,14.96
Comox,2025-06-25,4:00:00,15.03
Comox,2025-06-25,4:10:00,15.13
Comox,2025-06-25,4:20:00,15.15
Comox,2025-06-25,4:30:00,15.17
Comox,2025-06-25,4:40:00,15.1
Comox,2025-06-25,4:50:00,15.04
Comox,2025-06-25,5:00:00,15.12
Comox,2025-06-25,5:10:00,15.22
Comox,2025-06-25,5:20:00,15.25
Comox,2025-06-25,5:30:00,15.29
Comox,2025-06-25,5:40:00,15.34
Comox,2025-06-25,5:50:00,15.49
Comox,2025-06-25,6:00:00,15.36
Comox,2025-06-25,6:10:00,15.25
Comox,2025-06-25,6:20:00,15.21
Comox,2025-06-25,6:30:00,15.15
Comox,2025-06-25,6:40:00,15.18
Comox,2025-06-25,6:50:00,15.24
Comox,2025-06-25,7:00:00,15.27
Comox,2025-06-25,7:10:00,15.25
Comox,2025-06-25,7:20:00,15.22
Comox,2025-06-25,7:30:00,15.27
Comox,2025-06-25,7:40:00,15.19
Comox,2025-06-25,7:50:00,15.13
Comox,2025-06-25,8:00:00,15.13
Comox,2025-06-25,8:10:00,15.19
Comox,2025-06-25,8:20:00,15.18
Comox,2025-06-25,8:30:00,15.16
Comox,2025-06-25,8:40:00,15.17
Comox,2025-06-25,8:50:00,15.19
Comox,2025-06-25,9:00:00,15.17
Comox,2025-06-25,9:10:00,15.22
Comox,2025-06-25,9:20:00,15.21
Comox,2025-06-25,9:30:00,15.24
Comox,2025-06-25,9:40:00,15.38
Comox,2025-06-25,9:50:00,15.42
Comox,2025-06-25,10:00:00,15.43
Comox,2025-06-25,10:10:00,15.53
Comox,2025-06-25,10:20:00,15.6
Comox,2025-06-25,10:30:00,15.81
Comox,2025-06-25,10:40:00,15.91
Comox,2025-06-25,10:50:00,15.88
Comox,2025-06-25,11:00:00,15.89
Comox,2025-06-25,11:10:00,16.02
Comox,2025-06-25,11:20:00,16.3
Comox,2025-06-25,11:30:00,16.3
Comox,2025-06-25,11:40:00,16.35
Comox,2025-06-25,11:50:00,16.1
Comox,2025-06-25,12:00:00,15.96
Comox,2025-06-25,12:10:00,16.01
Comox,2025-06-25,12:20:00,16.11
Comox,2025-06-25,12:30:00,16.39
Comox,2025-06-25,12:40:00,16.6
Comox,2025-06-25,12:50:00,16.76
Comox,2025-06-25,13:00:00,16.99
Comox,2025-06-25,13:10:00,16.93
Comox,2025-06-25,13:20:00,17.03
Comox,2025-06-25,13:30:00,17.21
Comox,2025-06-25,13:40:00,17.17
Comox,2025-06-25,13:50:00,17.23
Comox,2025-06-25,14:00:00,17.29
Comox,2025-06-25,14:10:00,17.34
Comox,2025-06-25,14:20:00,17.48
Comox,2025-06-25,14:30:00,17.44
Comox,2025-06-25,14:40:00,17.43
Comox,2025-06-25,14:50:00,17.19
Comox,2025-06-25,15:00:00,17.24
Comox,2025-06-25,15:10:00,17.03
Comox,2025-06-25,15:20:00,16.8
Comox,2025-06-25,15:30:00,16.77
Comox,2025-06-25,15:40:00,16.55
Comox,2025-06-25,15:50:00,16.44
Comox,2025-06-25,16:00:00,16.57
Comox,2025-06-25,16:10:00,16.77
Comox,2025-06-25,16:20:00,16.76
Comox,2025-06-25,16:30:00,16.5
Comox,2025-06-25,16:40:00,16.33
Comox,2025-06-25,16:50:00,16.29
Comox,2025-06-25,17:00:00,16.17
Comox,2025-06-25,17:10:00,16.11
Comox,2025-06-25,17:20:00,15.99
Comox,2025-06-25,17:30:00,16.13
Comox,2025-06-25,17:40:00,15.97
Comox,2025-06-25,17:50:00,15.85
Comox,2025-06-25,18:00:00,15.83
Comox,2025-06-25,18:10:00,15.78
Comox,2025-06-25,18:20:00,15.75
Comox,2025-06-25,18:30:00,15.77
Comox,2025-06-25,18:40:00,15.86
Comox,2025-06-25,18:50:00,15.78
Comox,2025-06-25,19:00:00,15.91
Comox,2025-06-25,19:10:00,16.01
Comox,2025-06-25,19:20:00,16.02
Comox,2025-06-25,19:30:00,16.01
Comox,2025-06-25,19:40:00,15.9
Comox,2025-06-25,19:50:00,15.86
Comox,2025-06-25,20:00:00,15.87
Comox,2025-06-25,20:10:00,15.85
Comox,2025-06-25,20:20:00,15.84
Comox,2025-06-25,20:30:00,15.81
Comox,2025-06-25,20:40:00,15.8
Comox,2025-06-25,20:50:00,15.78
Comox,2025-06-25,21:00:00,15.74
Comox,2025-06-25,21:10:00,15.76
Comox,2025-06-25,21:20:00,15.7
Comox,2025-06-25,21:30:00,15.69
Comox,2025-06-25,21:40:00,15.7
Comox,2025-06-25,21:50:00,15.71
Comox,2025-06-25,22:00:00,15.67
Comox,2025-06-25,22:10:00,15.69
Comox,2025-06-25,22:20:00,15.74
Comox,2025-06-25,22:30:00,15.67
Comox,2025-06-25,22:40:00,15.69
Comox,2025-06-25,22:50:00,15.65
Comox,2025-06-25,23:00:00,15.53
Comox,2025-06-25,23:10:00,15.49
Comox,2025-06-25,23:20:00,15.43
Comox,2025-06-25,23:30:00,15.61
Comox,2025-06-25,23:40:00,15.7
Comox,2025-06-25,23:50:00,15.71
Comox,2025-06-26,0:00:00,15.71
Comox,2025-06-26,0:10:00,15.63
Comox,2025-06-26,0:20:00,15.68
Comox,2025-06-26,0:30:00,15.61
Comox,2025-06-26,0:40:00,15.66
Comox,2025-06-26,0:50:00,15.63
Comox,2025-06-26,1:00:00,15.63
Comox,2025-06-26,1:10:00,15.61
Comox,2025-06-26,1:20:00,15.52
Comox,2025-06-26,1:30:00,15.36
Comox,2025-06-26,1:40:00,15.57
Comox,2025-06-26,1:50:00,15.71
Comox,2025-06-26,2:00:00,15.7
Comox,2025-06-26,2:10:00,15.73
Comox,2025-06-26,2:20:00,15.69
Comox,2025-06-26,2:30:00,15.56
Comox,2025-06-26,2:40:00,15.51
Comox,2025-06-26,2:50:00,15.39
Comox,2025-06-26,3:00:00,15.39
Comox,2025-06-26,3:10:00,15.44
Comox,2025-06-26,3:20:00,15.51
Comox,2025-06-26,3:30:00,15.51
Comox,2025-06-26,3:40:00,15.48
Comox,2025-06-26,3:50:00,15.47
Comox,2025-06-26,4:00:00,15.52
Comox,2025-06-26,4:10:00,15.51
Comox,2025-06-26,4:20:00,15.49
Comox,2025-06-26,4:30:00,15.51
Comox,2025-06-26,4:40:00,15.34
Comox,2025-06-26,4:50:00,15.34
Comox,2025-06-26,5:00:00,15.34
Comox,2025-06-26,5:10:00,15.29
Comox,2025-06-26,5:20:00,15.26
Comox,2025-06-26,5:30:00,15.24
Comox,2025-06-26,5:40:00,15.24
Comox,2025-06-26,5:50:00,15.29
Comox,2025-06-26,6:00:00,15.31
Comox,2025-06-26,6:10:00,15.31
Comox,2025-06-26,6:20:00,15.31
Comox,2025-06-26,6:30:00,15.33
Comox,2025-06-26,6:40:00,15.36
Comox,2025-06-26,6:50:00,15.36
Comox,2025-06-26,7:00:00,15.37
Comox,2025-06-26,7:10:00,15.37
Comox,2025-06-26,7:20:00,15.37
Comox,2025-06-26,7:30:00,15.38
Comox,2025-06-26,7:40:00,15.38
Comox,2025-06-26,7:50:00,15.42
Comox,2025-06-26,8:00:00,15.43
Comox,2025-06-26,8:10:00,15.44
Comox,2025-06-26,8:20:00,15.46
Comox,2025-06-26,8:30:00,15.44
Comox,2025-06-26,8:40:00,15.42
Comox,2025-06-26,8:50:00,15.4
Comox,2025-06-26,9:00:00,15.45
Comox,2025-06-26,9:10:00,15.47
Comox,2025-06-26,9:20:00,15.46
Comox,2025-06-26,9:30:00,15.46
Comox,2025-06-26,9:40:00,15.46
Comox,2025-06-26,9:50:00,15.44
Comox,2025-06-26,10:00:00,15.44
Comox,2025-06-26,10:10:00,15.42
Comox,2025-06-26,10:20:00,15.48
Comox,2025-06-26,10:30:00,15.54
Comox,2025-06-26,10:40:00,15.69
Comox,2025-06-26,10:50:00,15.83
Comox,2025-06-26,11:00:00,15.97
Comox,2025-06-26,11:10:00,15.96
Comox,2025-06-26,11:20:00,16.08
Comox,2025-06-26,11:30:00,16.11
Comox,2025-06-26,11:40:00,16.02
Comox,2025-06-26,11:50:00,16.01
Comox,2025-06-26,12:00:00,16.1
Comox,2025-06-26,12:10:00,16.07
Comox,2025-06-26,12:20:00,16.06
Comox,2025-06-26,12:30:00,16.15
Comox,2025-06-26,12:40:00,16.19
Comox,2025-06-26,12:50:00,16.28
Comox,2025-06-26,13:00:00,16.39
Comox,2025-06-26,13:10:00,16.43
Comox,2025-06-26,13:20:00,16.46
Comox,2025-06-26,13:30:00,16.43
Comox,2025-06-26,13:40:00,16.43
Comox,2025-06-26,13:50:00,16.35
Comox,2025-06-26,14:00:00,16.37
Comox,2025-06-26,14:10:00,16.41
Comox,2025-06-26,14:20:00,16.43
Comox,2025-06-26,14:30:00,16.47
Comox,2025-06-26,14:40:00,16.47
Comox,2025-06-26,14:50:00,16.45
Comox,2025-06-26,15:00:00,16.43
Comox,2025-06-26,15:10:00,16.43
Comox,2025-06-26,15:20:00,16.44
Comox,2025-06-26,15:30:00,16.45
Comox,2025-06-26,15:40:00,16.46
Comox,2025-06-26,15:50:00,16.25
Comox,2025-06-26,16:00:00,16.01
Comox,2025-06-26,16:10:00,16.1
Comox,2025-06-26,16:20:00,16.17
Comox,2025-06-26,16:30:00,16.36
Comox,2025-06-26,16:40:00,16.35
Comox,2025-06-26,16:50:00,16.34
Comox,2025-06-26,17:00:00,16.22
Comox,2025-06-26,17:10:00,16.13
Comox,2025-06-26,17:20:00,16.07
Comox,2025-06-26,17:30:00,16.04
Comox,2025-06-26,17:40:00,15.97
Comox,2025-06-26,17:50:00,15.91
Comox,2025-06-26,18:00:00,15.86
Comox,2025-06-26,18:10:00,15.83
Comox,2025-06-26,18:20:00,15.82
Comox,2025-06-26,18:30:00,15.9
Comox,2025-06-26,18:40:00,15.85
Comox,2025-06-26,18:50:00,15.83
Comox,2025-06-26,19:00:00,15.82
Comox,2025-06-26,19:10:00,15.81
Comox,2025-06-26,19:20:00,15.81
Comox,2025-06-26,19:30:00,15.82
Comox,2025-06-26,19:40:00,15.82
Comox,2025-06-26,19:50:00,15.81
Comox,2025-06-26,20:00:00,15.77
Comox,2025-06-26,20:10:00,15.8
Comox,2025-06-26,20:20:00,15.76
Comox,2025-06-26,20:30:00,15.75
Comox,2025-06-26,20:40:00,15.78
Comox,2025-06-26,20:50:00,15.77
Comox,2025-06-26,21:00:00,15.74
Comox,2025-06-26,21:10:00,15.75
Comox,2025-06-26,21:20:00,15.75
Comox,2025-06-26,21:30:00,15.76
Comox,2025-06-26,21:40:00,15.74
Comox,2025-06-26,21:50:00,15.73
Comox,2025-06-26,22:00:00,15.76
Comox,2025-06-26,22:10:00,15.73
Comox,2025-06-26,22:20:00,15.73
Comox,2025-06-26,22:30:00,15.69
Comox,2025-06-26,22:40:00,15.67
Comox,2025-06-26,22:50:00,15.67
Comox,2025-06-26,23:00:00,15.62
Comox,2025-06-26,23:10:00,15.58
Comox,2025-06-26,23:20:00,15.57
Comox,2025-06-26,23:30:00,15.55
Comox,2025-06-26,23:40:00,15.55
Comox,2025-06-26,23:50:00,15.52
Comox,2025-06-27,0:00:00,15.51
Comox,2025-06-27,0:10:00,15.53
Comox,2025-06-27,0:20:00,15.54
Comox,2025-06-27,0:30:00,15.54
Comox,2025-06-27,0:40:00,15.55
Comox,2025-06-27,0:50:00,15.53
Comox,2025-06-27,1:00:00,15.48
Comox,2025-06-27,1:10:00,15.48
Comox,2025-06-27,1:20:00,15.47
Comox,2025-06-27,1:30:00,15.49
Comox,2025-06-27,1:40:00,15.48
Comox,2025-06-27,1:50:00,15.49
Comox,2025-06-27,2:00:00,15.51
Comox,2025-06-27,2:10:00,15.52
Comox,2025-06-27,2:20:00,15.52
Comox,2025-06-27,2:30:00,15.48
Comox,2025-06-27,2:40:00,15.46
Comox,2025-06-27,2:50:00,15.47
Comox,2025-06-27,3:00:00,15.45
Comox,2025-06-27,3:10:00,15.44
Comox,2025-06-27,3:20:00,15.43
Comox,2025-06-27,3:30:00,15.44
Comox,2025-06-27,3:40:00,15.43
Comox,2025-06-27,3:50:00,15.4
Comox,2025-06-27,4:00:00,15.33
Comox,2025-06-27,4:10:00,15.3
Comox,2025-06-27,4:20:00,15.28
Comox,2025-06-27,4:30:00,15.26
Comox,2025-06-27,4:40:00,15.25
Comox,2025-06-27,4:50:00,15.25
Comox,2025-06-27,5:00:00,15.21
Comox,2025-06-27,5:10:00,15.19
Comox,2025-06-27,5:20:00,15.21
Comox,2025-06-27,5:30:00,15.22
Comox,2025-06-27,5:40:00,15.24
Comox,2025-06-27,5:50:00,15.23
Comox,2025-06-27,6:00:00,15.25
Comox,2025-06-27,6:10:00,15.26
Comox,2025-06-27,6:20:00,15.28
Comox,2025-06-27,6:30:00,15.32
Comox,2025-06-27,6:40:00,15.36
Comox,2025-06-27,6:50:00,15.34
Comox,2025-06-27,7:00:00,15.32
Comox,2025-06-27,7:10:00,15.17
Comox,2025-06-27,7:20:00,15.17
Comox,2025-06-27,7:30:00,15.11
Comox,2025-06-27,7:40:00,15.1
Comox,2025-06-27,7:50:00,15.03
Comox,2025-06-27,8:00:00,14.92
Comox,2025-06-27,8:10:00,15
Comox,2025-06-27,8:20:00,14.98
Comox,2025-06-27,8:30:00,15.04
Comox,2025-06-27,8:40:00,15.02
Comox,2025-06-27,8:50:00,15.03
Comox,2025-06-27,9:00:00,15.07
Comox,2025-06-27,9:10:00,15.12
Comox,2025-06-27,9:20:00,15.14
Comox,2025-06-27,9:30:00,15.16
Comox,2025-06-27,9:40:00,15.17
Comox,2025-06-27,9:50:00,15.16
Comox,2025-06-27,10:00:00,15.17
Comox,2025-06-27,10:10:00,15.17
Comox,2025-06-27,10:20:00,15.21
Comox,2025-06-27,10:30:00,15.18
Comox,2025-06-27,10:40:00,15.19
Comox,2025-06-27,10:50:00,15.16
Comox,2025-06-27,11:00:00,15.17
Comox,2025-06-27,11:10:00,15.13
Comox,2025-06-27,11:20:00,15.13
Comox,2025-06-27,11:30:00,15.08
Comox,2025-06-27,11:40:00,15.13
Comox,2025-06-27,11:50:00,15.23
Comox,2025-06-27,12:00:00,15.29
Comox,2025-06-27,12:10:00,15.31
Comox,2025-06-27,12:20:00,15.29
Comox,2025-06-27,12:30:00,15.24
Comox,2025-06-27,12:40:00,15.15
Comox,2025-06-27,12:50:00,15.13
Comox,2025-06-27,13:00:00,15.15
Comox,2025-06-27,13:10:00,15.24
Comox,2025-06-27,13:20:00,15.34
Comox,2025-06-27,13:30:00,15.38
Comox,2025-06-27,13:40:00,15.38
Comox,2025-06-27,13:50:00,15.42
Comox,2025-06-27,14:00:00,15.29
Comox,2025-06-27,14:10:00,15.28
Comox,2025-06-27,14:20:00,15.36
Comox,2025-06-27,14:30:00,15.4
Comox,2025-06-27,14:40:00,15.38
Comox,2025-06-27,14:50:00,15.36
Comox,2025-06-27,15:00:00,15.32
Comox,2025-06-27,15:10:00,15.39
Comox,2025-06-27,15:20:00,15.51
Comox,2025-06-27,15:30:00,15.55
Comox,2025-06-27,15:40:00,15.58
Comox,2025-06-27,15:50:00,15.58
Comox,2025-06-27,16:00:00,15.58
Comox,2025-06-27,16:10:00,15.59
Comox,2025-06-27,16:20:00,15.52
Comox,2025-06-27,16:30:00,15.51
Comox,2025-06-27,16:40:00,15.41
Comox,2025-06-27,16:50:00,15.39
Comox,2025-06-27,17:00:00,15.38
Comox,2025-06-27,17:10:00,15.42
Comox,2025-06-27,17:20:00,15.45
Comox,2025-06-27,17:30:00,15.47
Comox,2025-06-27,17:40:00,15.49
Comox,2025-06-27,17:50:00,15.45
Comox,2025-06-27,18:00:00,15.37
Comox,2025-06-27,18:10:00,15.33
Comox,2025-06-27,18:20:00,15.39
Comox,2025-06-27,18:30:00,15.42
Comox,2025-06-27,18:40:00,15.36
Comox,2025-06-27,18:50:00,15.33
Comox,2025-06-27,19:00:00,15.3
Comox,2025-06-27,19:10:00,15.29
Comox,2025-06-27,19:20:00,15.28
Comox,2025-06-27,19:30:00,15.28
Comox,2025-06-27,19:40:00,15.25
Comox,2025-06-27,19:50:00,15.25
Comox,2025-06-27,20:00:00,15.23
Comox,2025-06-27,20:10:00,15.18
Comox,2025-06-27,20:20:00,15.16
Comox,2025-06-27,20:30:00,15.17
Comox,2025-06-27,20:40:00,15.18
Comox,2025-06-27,20:50:00,15.19
Comox,2025-06-27,21:00:00,15.19
Comox,2025-06-27,21:10:00,15.17
Comox,2025-06-27,21:20:00,15.15
Comox,2025-06-27,21:30:00,15.15
Comox,2025-06-27,21:40:00,15.12
Comox,2025-06-27,21:50:00,15.13
Comox,2025-06-27,22:00:00,15.1
Comox,2025-06-27,22:10:00,15.12
Comox,2025-06-27,22:20:00,15.1
Comox,2025-06-27,22:30:00,15.1
Comox,2025-06-27,22:40:00,15.12
Comox,2025-06-27,22:50:00,15.1
Comox,2025-06-27,23:00:00,15.07
Comox,2025-06-27,23:10:00,15.06
Comox,2025-06-27,23:20:00,15.03
Comox,2025-06-27,23:30:00,15.04
Comox,2025-06-27,23:40:00,15.03
Comox,2025-06-27,23:50:00,15.04
Comox,2025-06-28,0:00:00,15.04
Comox,2025-06-28,0:10:00,15.01
Comox,2025-06-28,0:20:00,14.97
Comox,2025-06-28,0:30:00,14.97
Comox,2025-06-28,0:40:00,15
Comox,2025-06-28,0:50:00,14.98
Comox,2025-06-28,1:00:00,14.99
Comox,2025-06-28,1:10:00,14.99
Comox,2025-06-28,1:20:00,14.97
Comox,2025-06-28,1:30:00,14.97
Comox,2025-06-28,1:40:00,14.97
Comox,2025-06-28,1:50:00,14.96
Comox,2025-06-28,2:00:00,14.95
Comox,2025-06-28,2:10:00,14.95
Comox,2025-06-28,2:20:00,14.94
Comox,2025-06-28,2:30:00,14.94
Comox,2025-06-28,2:40:00,14.97
Comox,2025-06-28,2:50:00,14.95
Comox,2025-06-28,3:00:00,14.93
Comox,2025-06-28,3:10:00,14.88
Comox,2025-06-28,3:20:00,14.91
Comox,2025-06-28,3:30:00,14.91
Comox,2025-06-28,3:40:00,14.94
Comox,2025-06-28,3:50:00,14.89
Comox,2025-06-28,4:00:00,14.93
Comox,2025-06-28,4:10:00,14.92
Comox,2025-06-28,4:20:00,14.89
Comox,2025-06-28,4:30:00,14.87
Comox,2025-06-28,4:40:00,14.85
Comox,2025-06-28,4:50:00,14.82
Comox,2025-06-28,5:00:00,14.79
Comox,2025-06-28,5:10:00,14.85
Comox,2025-06-28,5:20:00,14.88
Comox,2025-06-28,5:30:00,14.91
Comox,2025-06-28,5:40:00,14.89
Comox,2025-06-28,5:50:00,14.91
Comox,2025-06-28,6:00:00,14.88
Comox,2025-06-28,6:10:00,14.82
Comox,2025-06-28,6:20:00,14.82
Comox,2025-06-28,6:30:00,14.84
Comox,2025-06-28,6:40:00,14.81
Comox,2025-06-28,6:50:00,14.83
Comox,2025-06-28,7:00:00,14.83
Comox,2025-06-28,7:10:00,14.77
Comox,2025-06-28,7:20:00,14.78
Comox,2025-06-28,7:30:00,14.78
Comox,2025-06-28,7:40:00,14.74
Comox,2025-06-28,7:50:00,14.74
Comox,2025-06-28,8:00:00,14.7
Comox,2025-06-28,8:10:00,14.65
Comox,2025-06-28,8:20:00,14.65
Comox,2025-06-28,8:30:00,14.77
Comox,2025-06-28,8:40:00,14.79
Comox,2025-06-28,8:50:00,14.92
Comox,2025-06-28,9:00:00,14.98
Comox,2025-06-28,9:10:00,15.07
Comox,2025-06-28,9:20:00,15.08
Comox,2025-06-28,9:30:00,15.12
Comox,2025-06-28,9:40:00,15.17
Comox,2025-06-28,9:50:00,15.26
Comox,2025-06-28,10:00:00,15.25
Comox,2025-06-28,10:10:00,15.18
Comox,2025-06-28,10:20:00,14.97
Comox,2025-06-28,10:30:00,15.07
Comox,2025-06-28,10:40:00,15.16
Comox,2025-06-28,10:50:00,15.22
Comox,2025-06-28,11:00:00,15.31
Comox,2025-06-28,11:10:00,15.45
Comox,2025-06-28,11:20:00,15.44
Comox,2025-06-28,11:30:00,15.48
Comox,2025-06-28,11:40:00,15.42
Comox,2025-06-28,11:50:00,15.58
Comox,2025-06-28,12:00:00,15.61
Comox,2025-06-28,12:10:00,15.69
Comox,2025-06-28,12:20:00,15.74
Comox,2025-06-28,12:30:00,16
Comox,2025-06-28,12:40:00,16.36
Comox,2025-06-28,12:50:00,16.82
Comox,2025-06-28,13:00:00,16.88
Comox,2025-06-28,13:10:00,16.78
Comox,2025-06-28,13:20:00,16.78
Comox,2025-06-28,13:30:00,16.88
Comox,2025-06-28,13:40:00,16.87
Comox,2025-06-28,13:50:00,16.96
Comox,2025-06-28,14:00:00,17
Comox,2025-06-28,14:10:00,17.07
Comox,2025-06-28,14:20:00,17.15
Comox,2025-06-28,14:30:00,17.17
Comox,2025-06-28,14:40:00,17.35
Comox,2025-06-28,14:50:00,17.43
Comox,2025-06-28,15:00:00,17.92
Comox,2025-06-28,15:10:00,17.99
Comox,2025-06-28,15:20:00,17.96
Comox,2025-06-28,15:30:00,17.87
Comox,2025-06-28,15:40:00,17.74
Comox,2025-06-28,15:50:00,17.97
Comox,2025-06-28,16:00:00,18.25
Comox,2025-06-28,16:10:00,18.3
Comox,2025-06-28,16:20:00,18.28
Comox,2025-06-28,16:30:00,18.22
Comox,2025-06-28,16:40:00,18.22
Comox,2025-06-28,16:50:00,18.13
Comox,2025-06-28,17:00:00,17.97
Comox,2025-06-28,17:10:00,17.76
Comox,2025-06-28,17:20:00,17.03
Comox,2025-06-28,17:30:00,16.67
Comox,2025-06-28,17:40:00,16.54
Comox,2025-06-28,17:50:00,16.44
Comox,2025-06-28,18:00:00,16.43
Comox,2025-06-28,18:10:00,16.55
Comox,2025-06-28,18:20:00,16.46
Comox,2025-06-28,18:30:00,16.74
Comox,2025-06-28,18:40:00,17.24
Comox,2025-06-28,18:50:00,17.97
Comox,2025-06-28,19:00:00,18.08
Comox,2025-06-28,19:10:00,17.93
Comox,2025-06-28,19:20:00,17.69
Comox,2025-06-28,19:30:00,17.64
Comox,2025-06-28,19:40:00,17.51
Comox,2025-06-28,19:50:00,17.53
Comox,2025-06-28,20:00:00,17.56
Comox,2025-06-28,20:10:00,17.56
Comox,2025-06-28,20:20:00,17.52
Comox,2025-06-28,20:30:00,17.48
Comox,2025-06-28,20:40:00,17.41
Comox,2025-06-28,20:50:00,17.45
Comox,2025-06-28,21:00:00,17.41
Comox,2025-06-28,21:10:00,17.45
Comox,2025-06-28,21:20:00,17.4
Comox,2025-06-28,21:30:00,17.3
Comox,2025-06-28,21:40:00,17.22
Comox,2025-06-28,21:50:00,17.14
Comox,2025-06-28,22:00:00,16.88
Comox,2025-06-28,22:10:00,16.67
Comox,2025-06-28,22:20:00,16.66
Comox,2025-06-28,22:30:00,16.48
Comox,2025-06-28,22:40:00,16.26
Comox,2025-06-28,22:50:00,16.01
Comox,2025-06-28,23:00:00,15.95
Comox,2025-06-28,23:10:00,15.88
Comox,2025-06-28,23:20:00,15.8
Comox,2025-06-28,23:30:00,15.69
Comox,2025-06-28,23:40:00,15.74
Comox,2025-06-28,23:50:00,15.72
Comox,2025-06-29,0:00:00,15.7
Comox,2025-06-29,0:10:00,15.78
Comox,2025-06-29,0:20:00,15.95
Comox,2025-06-29,0:30:00,16.04
Comox,2025-06-29,0:40:00,16.1
Comox,2025-06-29,0:50:00,16.15
Comox,2025-06-29,1:00:00,16.11
Comox,2025-06-29,1:10:00,16.04
Comox,2025-06-29,1:20:00,15.99
Comox,2025-06-29,1:30:00,16.04
Comox,2025-06-29,1:40:00,16.02
Comox,2025-06-29,1:50:00,15.99
Comox,2025-06-29,2:00:00,15.89
Comox,2025-06-29,2:10:00,15.85
Comox,2025-06-29,2:20:00,15.83
Comox,2025-06-29,2:30:00,15.77
Comox,2025-06-29,2:40:00,15.71
Comox,2025-06-29,2:50:00,15.69
Comox,2025-06-29,3:00:00,15.67
Comox,2025-06-29,3:10:00,15.67
Comox,2025-06-29,3:20:00,15.61
Comox,2025-06-29,3:30:00,15.57
Comox,2025-06-29,3:40:00,15.45
Comox,2025-06-29,3:50:00,15.39
Comox,2025-06-29,4:00:00,15.3
Comox,2025-06-29,4:10:00,15.3
Comox,2025-06-29,4:20:00,15.19
Comox,2025-06-29,4:30:00,15.08
Comox,2025-06-29,4:40:00,15.04
Comox,2025-06-29,4:50:00,14.98
Comox,2025-06-29,5:00:00,14.98
Comox,2025-06-29,5:10:00,15.01
Comox,2025-06-29,5:20:00,15.01
Comox,2025-06-29,5:30:00,15
Comox,2025-06-29,5:40:00,14.95
Comox,2025-06-29,5:50:00,14.95
Comox,2025-06-29,6:00:00,14.95
Comox,2025-06-29,6:10:00,14.98
Comox,2025-06-29,6:20:00,15.03
Comox,2025-06-29,6:30:00,15.03
Comox,2025-06-29,6:40:00,14.96
Comox,2025-06-29,6:50:00,14.91
Comox,2025-06-29,7:00:00,15
Comox,2025-06-29,7:10:00,15.08
Comox,2025-06-29,7:20:00,15.13
Comox,2025-06-29,7:30:00,15.12
Comox,2025-06-29,7:40:00,15.1
Comox,2025-06-29,7:50:00,15.11
Comox,2025-06-29,8:00:00,15.15
Comox,2025-06-29,8:10:00,15.21
Comox,2025-06-29,8:20:00,15.18
Comox,2025-06-29,8:30:00,15.25
Comox,2025-06-29,8:40:00,15.41
Comox,2025-06-29,8:50:00,15.48
Comox,2025-06-29,9:00:00,15.57
Comox,2025-06-29,9:10:00,15.61
Comox,2025-06-29,9:20:00,15.62
Comox,2025-06-29,9:30:00,15.68
Comox,2025-06-29,9:40:00,15.77
Comox,2025-06-29,9:50:00,15.8
Comox,2025-06-29,10:00:00,15.88
Comox,2025-06-29,10:10:00,15.92
Comox,2025-06-29,10:20:00,16.02
Comox,2025-06-29,10:30:00,15.96
Comox,2025-06-29,10:40:00,15.86
Comox,2025-06-29,10:50:00,15.83
Comox,2025-06-29,11:00:00,15.83
Comox,2025-06-29,11:10:00,15.77
Comox,2025-06-29,11:20:00,15.78
Comox,2025-06-29,11:30:00,15.8
Comox,2025-06-29,11:40:00,15.89
Comox,2025-06-29,11:50:00,16.07
Comox,2025-06-29,12:00:00,16.5
Comox,2025-06-29,12:10:00,16.8
Comox,2025-06-29,12:20:00,16.81
Comox,2025-06-29,12:30:00,16.99
Comox,2025-06-29,12:40:00,17.28
Comox,2025-06-29,12:50:00,17.33
Comox,2025-06-29,13:00:00,17.41
Comox,2025-06-29,13:10:00,17.76
Comox,2025-06-29,13:20:00,17.84
Comox,2025-06-29,13:30:00,17.91
Comox,2025-06-29,13:40:00,17.97
Comox,2025-06-29,13:50:00,18.05
Comox,2025-06-29,14:00:00,18.09
Comox,2025-06-29,14:10:00,18.18
Comox,2025-06-29,14:20:00,18.05
Comox,2025-06-29,14:30:00,18.15
Comox,2025-06-29,14:40:00,18.17
Comox,2025-06-29,14:50:00,18.14
Comox,2025-06-29,15:00:00,18.18
Comox,2025-06-29,15:10:00,18.28
Comox,2025-06-29,15:20:00,18.47
Comox,2025-06-29,15:30:00,18.33
Comox,2025-06-29,15:40:00,18.32
Comox,2025-06-29,15:50:00,18.41
Comox,2025-06-29,16:00:00,18.57
Comox,2025-06-29,16:10:00,18.72
Comox,2025-06-29,16:20:00,18.71
Comox,2025-06-29,16:30:00,18.76
Comox,2025-06-29,16:40:00,18.76
Comox,2025-06-29,16:50:00,18.81
Comox,2025-06-29,17:00:00,18.95
Comox,2025-06-29,17:10:00,19.01
Comox,2025-06-29,17:20:00,18.95
Comox,2025-06-29,17:30:00,18.66
Comox,2025-06-29,17:40:00,18.36
Comox,2025-06-29,17:50:00,18.13
Comox,2025-06-29,18:00:00,17.97
Comox,2025-06-29,18:10:00,17.82
Comox,2025-06-29,18:20:00,17.52
Comox,2025-06-29,18:30:00,17.11
Comox,2025-06-29,18:40:00,17.23
Comox,2025-06-29,18:50:00,17.55
Comox,2025-06-29,19:00:00,18.26
Comox,2025-06-29,19:10:00,18.46
Comox,2025-06-29,19:20:00,19.06
Comox,2025-06-29,19:30:00,19.27
Comox,2025-06-29,19:40:00,19.01
Comox,2025-06-29,19:50:00,18.56
Comox,2025-06-29,20:00:00,18.44
Comox,2025-06-29,20:10:00,18.4
Comox,2025-06-29,20:20:00,18.43
Comox,2025-06-29,20:30:00,18.27
Comox,2025-06-29,20:40:00,17.98
Comox,2025-06-29,20:50:00,18.04
Comox,2025-06-29,21:00:00,18.04
Comox,2025-06-29,21:10:00,17.88
Comox,2025-06-29,21:20:00,17.66
Comox,2025-06-29,21:30:00,17.53
Comox,2025-06-29,21:40:00,17.55
Comox,2025-06-29,21:50:00,17.54
Comox,2025-06-29,22:00:00,17.94
Comox,2025-06-29,22:10:00,18.07
Comox,2025-06-29,22:20:00,18.13
Comox,2025-06-29,22:30:00,17.8
Comox,2025-06-29,22:40:00,17.73
Comox,2025-06-29,22:50:00,17.56
Comox,2025-06-29,23:00:00,17.45
Comox,2025-06-29,23:10:00,17.41
Comox,2025-06-29,23:20:00,17.03
Comox,2025-06-29,23:30:00,16.94
Comox,2025-06-29,23:40:00,16.87
Comox,2025-06-29,23:50:00,16.85
Comox,2025-06-30,0:00:00,16.8
Comox,2025-06-30,0:10:00,16.8
Comox,2025-06-30,0:20:00,16.79
Comox,2025-06-30,0:30:00,16.76
Comox,2025-06-30,0:40:00,16.75
Comox,2025-06-30,0:50:00,16.74
Comox,2025-06-30,1:00:00,16.78
Comox,2025-06-30,1:10:00,16.76
Comox,2025-06-30,1:20:00,16.76
Comox,2025-06-30,1:30:00,16.75
Comox,2025-06-30,1:40:00,16.72
Comox,2025-06-30,1:50:00,16.72
Comox,2025-06-30,2:00:00,16.74
Comox,2025-06-30,2:10:00,16.76
Comox,2025-06-30,2:20:00,16.76
Comox,2025-06-30,2:30:00,16.76
Comox,2025-06-30,2:40:00,16.77
Comox,2025-06-30,2:50:00,16.73
Comox,2025-06-30,3:00:00,16.64
Comox,2025-06-30,3:10:00,16.65
Comox,2025-06-30,3:20:00,16.63
Comox,2025-06-30,3:30:00,16.59
Comox,2025-06-30,3:40:00,16.6
Comox,2025-06-30,3:50:00,16.64
Comox,2025-06-30,4:00:00,16.64
Comox,2025-06-30,4:10:00,16.63
Comox,2025-06-30,4:20:00,16.56
Comox,2025-06-30,4:30:00,16.61
Comox,2025-06-30,4:40:00,16.65
Comox,2025-06-30,4:50:00,16.7
Comox,2025-06-30,5:00:00,16.71
Comox,2025-06-30,5:10:00,16.67
Comox,2025-06-30,5:20:00,16.65
Comox,2025-06-30,5:30:00,16.64
Comox,2025-06-30,5:40:00,16.63
Comox,2025-06-30,5:50:00,16.61
Comox,2025-06-30,6:00:00,16.6
Comox,2025-06-30,6:10:00,16.67
Comox,2025-06-30,6:20:00,16.69
Comox,2025-06-30,6:30:00,16.73
Comox,2025-06-30,6:40:00,16.75
Comox,2025-06-30,6:50:00,16.78
Comox,2025-06-30,7:00:00,16.79
Comox,2025-06-30,7:10:00,16.74
Comox,2025-06-30,7:20:00,16.57
Comox,2025-06-30,7:30:00,16.55
Comox,2025-06-30,7:40:00,16.66
Comox,2025-06-30,7:50:00,16.92
Comox,2025-06-30,8:00:00,17.05
Comox,2025-06-30,8:10:00,17.1
Comox,2025-06-30,8:20:00,17.17
Comox,2025-06-30,8:30:00,17.25
Comox,2025-06-30,8:40:00,17.26
Comox,2025-06-30,8:50:00,17.38
Comox,2025-06-30,9:00:00,17.44
Comox,2025-06-30,9:10:00,17.56
Comox,2025-06-30,9:20:00,17.69
Comox,2025-06-30,9:30:00,17.81
Comox,2025-06-30,9:40:00,17.87
Comox,2025-06-30,9:50:00,17.91
Comox,2025-06-30,10:00:00,18.02
Comox,2025-06-30,10:10:00,18.02
Comox,2025-06-30,10:20:00,18.07
Comox,2025-06-30,10:30:00,18.09
Comox,2025-06-30,10:40:00,18.12
Comox,2025-06-30,10:50:00,18.18
Comox,2025-06-30,11:00:00,18.12
Comox,2025-06-30,11:10:00,18.23
Comox,2025-06-30,11:20:00,18.34
Comox,2025-06-30,11:30:00,18.24
Comox,2025-06-30,11:40:00,18.21
Comox,2025-06-30,11:50:00,18.21
Comox,2025-06-30,12:00:00,18.2
Comox,2025-06-30,12:10:00,18.05
Comox,2025-06-30,12:20:00,18.09
Comox,2025-06-30,12:30:00,17.96
Comox,2025-06-30,12:40:00,17.9
Comox,2025-06-30,12:50:00,17.94
Comox,2025-06-30,13:00:00,17.98
Comox,2025-06-30,13:10:00,18.08
Comox,2025-06-30,13:20:00,18.23
Comox,2025-06-30,13:30:00,18.28
Comox,2025-06-30,13:40:00,18.38
Comox,2025-06-30,13:50:00,18.93
Comox,2025-06-30,14:00:00,19.24
Comox,2025-06-30,14:10:00,19.36
Comox,2025-06-30,14:20:00,19.54
Comox,2025-06-30,14:30:00,19.87
Comox,2025-06-30,14:40:00,20.3
Comox,2025-06-30,14:50:00,20.45
Comox,2025-06-30,15:00:00,20.55
Comox,2025-06-30,15:10:00,20.69
Comox,2025-06-30,15:20:00,20.73
Comox,2025-06-30,15:30:00,20.77
Comox,2025-06-30,15:40:00,20.86
Comox,2025-06-30,15:50:00,20.87
Comox,2025-06-30,16:00:00,20.83
Comox,2025-06-30,16:10:00,20.85
Comox,2025-06-30,16:20:00,20.92
Comox,2025-06-30,16:30:00,21
Comox,2025-06-30,16:40:00,21.08
Comox,2025-06-30,16:50:00,21.34
Comox,2025-06-30,17:00:00,21.25
Comox,2025-06-30,17:10:00,20.98
Comox,2025-06-30,17:20:00,20.64
Comox,2025-06-30,17:30:00,20.36
Comox,2025-06-30,17:40:00,20.66
Comox,2025-06-30,17:50:00,21.14
Comox,2025-06-30,18:00:00,21.67
Comox,2025-06-30,18:10:00,22.06
Comox,2025-06-30,18:20:00,21.76
Comox,2025-06-30,18:30:00,21.82
Comox,2025-06-30,18:40:00,21.87
Comox,2025-06-30,18:50:00,21.84
Comox,2025-06-30,19:00:00,21.51
Comox,2025-06-30,19:10:00,21.11
Comox,2025-06-30,19:20:00,20.9
Comox,2025-06-30,19:30:00,20.7
Comox,2025-06-30,19:40:00,20.42
Comox,2025-06-30,19:50:00,19.97
Comox,2025-06-30,20:00:00,19.77
Comox,2025-06-30,20:10:00,19.8
Comox,2025-06-30,20:20:00,19.8
Comox,2025-06-30,20:30:00,19.84
Comox,2025-06-30,20:40:00,19.69
Comox,2025-06-30,20:50:00,19.81
Comox,2025-06-30,21:00:00,19.69
Comox,2025-06-30,21:10:00,19.89
Comox,2025-06-30,21:20:00,19.65
Comox,2025-06-30,21:30:00,19.54
Comox,2025-06-30,21:40:00,19.37
Comox,2025-06-30,21:50:00,19.28
Comox,2025-06-30,22:00:00,19.27
Comox,2025-06-30,22:10:00,19.42
Comox,2025-06-30,22:20:00,19.4
Comox,2025-06-30,22:30:00,19.35
Comox,2025-06-30,22:40:00,19.24
Comox,2025-06-30,22:50:00,19.14
Comox,2025-06-30,23:00:00,19.08
Comox,2025-06-30,23:10:00,19.26
Comox,2025-06-30,23:20:00,19.3
Comox,2025-06-30,23:30:00,19.22
Comox,2025-06-30,23:40:00,19.18
Comox,2025-06-30,23:50:00,19.13
Comox,2025-07-01,0:00:00,19.11
Comox,2025-07-01,0:10:00,19.02
Comox,2025-07-01,0:20:00,18.95
Comox,2025-07-01,0:30:00,18.92
Comox,2025-07-01,0:40:00,18.88
Comox,2025-07-01,0:50:00,18.86
Comox,2025-07-01,1:00:00,18.85
Comox,2025-07-01,1:10:00,18.86
Comox,2025-07-01,1:20:00,18.91
Comox,2025-07-01,1:30:00,18.88
Comox,2025-07-01,1:40:00,18.84
Comox,2025-07-01,1:50:00,18.83
Comox,2025-07-01,2:00:00,18.83
Comox,2025-07-01,2:10:00,18.83
Comox,2025-07-01,2:20:00,18.84
Comox,2025-07-01,2:30:00,18.85
Comox,2025-07-01,2:40:00,18.86
Comox,2025-07-01,2:50:00,18.85
Comox,2025-07-01,3:00:00,18.86
Comox,2025-07-01,3:10:00,18.86
Comox,2025-07-01,3:20:00,18.83
Comox,2025-07-01,3:30:00,18.8
Comox,2025-07-01,3:40:00,18.8
Comox,2025-07-01,3:50:00,18.78
Comox,2025-07-01,4:00:00,18.77
Comox,2025-07-01,4:10:00,18.81
Comox,2025-07-01,4:20:00,18.83
Comox,2025-07-01,4:30:00,18.83
Comox,2025-07-01,4:40:00,18.83
Comox,2025-07-01,4:50:00,18.85
Comox,2025-07-01,5:00:00,18.8
Comox,2025-07-01,5:10:00,18.8
Comox,2025-07-01,5:20:00,18.73
Comox,2025-07-01,5:30:00,18.73
Comox,2025-07-01,5:40:00,18.72
Comox,2025-07-01,5:50:00,18.72
Comox,2025-07-01,6:00:00,18.72
Comox,2025-07-01,6:10:00,18.72
Comox,2025-07-01,6:20:00,18.73
Comox,2025-07-01,6:30:00,18.77
Comox,2025-07-01,6:40:00,18.78
Comox,2025-07-01,6:50:00,18.85
Comox,2025-07-01,7:00:00,18.84
Comox,2025-07-01,7:10:00,18.87
Comox,2025-07-01,7:20:00,18.86
Comox,2025-07-01,7:30:00,18.87
Comox,2025-07-01,7:40:00,18.92
Comox,2025-07-01,7:50:00,18.98
Comox,2025-07-01,8:00:00,18.99
Comox,2025-07-01,8:10:00,19.07
Comox,2025-07-01,8:20:00,18.95
Comox,2025-07-01,8:30:00,18.94
Comox,2025-07-01,8:40:00,18.94
Comox,2025-07-01,8:50:00,18.8
Comox,2025-07-01,9:00:00,18.81
Comox,2025-07-01,9:10:00,18.92
Comox,2025-07-01,9:20:00,18.94
Comox,2025-07-01,9:30:00,19
Comox,2025-07-01,9:40:00,19.11
Comox,2025-07-01,9:50:00,19.1
Comox,2025-07-01,10:00:00,19.07
Comox,2025-07-01,10:10:00,19.17
Comox,2025-07-01,10:20:00,19.38
Comox,2025-07-01,10:30:00,19.44
Comox,2025-07-01,10:40:00,19.44
Comox,2025-07-01,10:50:00,19.5
Comox,2025-07-01,11:00:00,19.53
Comox,2025-07-01,11:10:00,19.57
Comox,2025-07-01,11:20:00,19.55
Comox,2025-07-01,11:30:00,19.58
Comox,2025-07-01,11:40:00,19.54
Comox,2025-07-01,11:50:00,19.6
Comox,2025-07-01,12:00:00,19.61
Comox,2025-07-01,12:10:00,19.57
Comox,2025-07-01,12:20:00,19.59
Comox,2025-07-01,12:30:00,19.5
Comox,2025-07-01,12:40:00,19.51
Comox,2025-07-01,12:50:00,19.52
Comox,2025-07-01,13:00:00,19.56
Comox,2025-07-01,13:10:00,19.58
Comox,2025-07-01,13:20:00,19.62
Comox,2025-07-01,13:30:00,19.69
Comox,2025-07-01,13:40:00,19.83
Comox,2025-07-01,13:50:00,20.06
Comox,2025-07-01,14:00:00,20.28
Comox,2025-07-01,14:10:00,20.46
Comox,2025-07-01,14:20:00,20.59
Comox,2025-07-01,14:30:00,20.71
Comox,2025-07-01,14:40:00,20.85
Comox,2025-07-01,14:50:00,21.06
Comox,2025-07-01,15:00:00,21.2
Comox,2025-07-01,15:10:00,21.2
Comox,2025-07-01,15:20:00,21.42
Comox,2025-07-01,15:30:00,21.54
Comox,2025-07-01,15:40:00,21.64
Comox,2025-07-01,15:50:00,21.75
Comox,2025-07-01,16:00:00,21.82
Comox,2025-07-01,16:10:00,21.78
Comox,2025-07-01,16:20:00,21.81
Comox,2025-07-01,16:30:00,21.91
Comox,2025-07-01,16:40:00,21.96
Comox,2025-07-01,16:50:00,21.81
Comox,2025-07-01,17:00:00,22.02
Comox,2025-07-01,17:10:00,21.79
Comox,2025-07-01,17:20:00,21.75
Comox,2025-07-01,17:30:00,21.62
Comox,2025-07-01,17:40:00,21.74
Comox,2025-07-01,17:50:00,21.99
Comox,2025-07-01,18:00:00,22.26
Comox,2025-07-01,18:10:00,22.47
Comox,2025-07-01,18:20:00,22.53
Comox,2025-07-01,18:30:00,22.61
Comox,2025-07-01,18:40:00,22.56
Comox,2025-07-01,18:50:00,22.61
Comox,2025-07-01,19:00:00,22.21
Comox,2025-07-01,19:10:00,22.09
Comox,2025-07-01,19:20:00,21.9
Comox,2025-07-01,19:30:00,21.6
Comox,2025-07-01,19:40:00,21.23
Comox,2025-07-01,19:50:00,20.61
Comox,2025-07-01,20:00:00,20.37
Comox,2025-07-01,20:10:00,20.11
Comox,2025-07-01,20:20:00,19.98
Comox,2025-07-01,20:30:00,19.57
Comox,2025-07-01,20:40:00,19.42
Comox,2025-07-01,20:50:00,19.03
Comox,2025-07-01,21:00:00,18.92
Comox,2025-07-01,21:10:00,18.88
Comox,2025-07-01,21:20:00,18.81
Comox,2025-07-01,21:30:00,18.91
Comox,2025-07-01,21:40:00,19.08
Comox,2025-07-01,21:50:00,19.42
Comox,2025-07-01,22:00:00,19.62
Comox,2025-07-01,22:10:00,19.76
Comox,2025-07-01,22:20:00,19.9
Comox,2025-07-01,22:30:00,19.82
Comox,2025-07-01,22:40:00,19.86
Comox,2025-07-01,22:50:00,19.91
Comox,2025-07-01,23:00:00,19.81
Comox,2025-07-01,23:10:00,19.84
Comox,2025-07-01,23:20:00,19.82
Comox,2025-07-01,23:30:00,19.73
Comox,2025-07-01,23:40:00,19.67
Comox,2025-07-01,23:50:00,19.6
Comox,2025-07-02,0:00:00,19.56
Comox,2025-07-02,0:10:00,19.57
Comox,2025-07-02,0:20:00,19.69
Comox,2025-07-02,0:30:00,19.63
Comox,2025-07-02,0:40:00,19.56
Comox,2025-07-02,0:50:00,19.57
Comox,2025-07-02,1:00:00,19.56
Comox,2025-07-02,1:10:00,19.51
Comox,2025-07-02,1:20:00,19.51
Comox,2025-07-02,1:30:00,19.5
Comox,2025-07-02,1:40:00,19.45
Comox,2025-07-02,1:50:00,19.45
Comox,2025-07-02,2:00:00,19.42
Comox,2025-07-02,2:10:00,19.35
Comox,2025-07-02,2:20:00,19.36
Comox,2025-07-02,2:30:00,19.39
Comox,2025-07-02,2:40:00,19.39
Comox,2025-07-02,2:50:00,19.32
Comox,2025-07-02,3:00:00,19.23
Comox,2025-07-02,3:10:00,19.21
Comox,2025-07-02,3:20:00,19.16
Comox,2025-07-02,3:30:00,19.18
Comox,2025-07-02,3:40:00,19.13
Comox,2025-07-02,3:50:00,19.11
Comox,2025-07-02,4:00:00,19.07
Comox,2025-07-02,4:10:00,19.06
Comox,2025-07-02,4:20:00,19.06
Comox,2025-07-02,4:30:00,19.1
Comox,2025-07-02,4:40:00,19.1
Comox,2025-07-02,4:50:00,19.11
Comox,2025-07-02,5:00:00,19.11
Comox,2025-07-02,5:10:00,19.15
Comox,2025-07-02,5:20:00,19.13
Comox,2025-07-02,5:30:00,19.14
Comox,2025-07-02,5:40:00,19.14
Comox,2025-07-02,5:50:00,19.12
Comox,2025-07-02,6:00:00,19.12
Comox,2025-07-02,6:10:00,19.16
Comox,2025-07-02,6:20:00,19.16
Comox,2025-07-02,6:30:00,19.11
Comox,2025-07-02,6:40:00,19.01
Comox,2025-07-02,6:50:00,19.03
Comox,2025-07-02,7:00:00,18.99
Comox,2025-07-02,7:10:00,18.82
Comox,2025-07-02,7:20:00,18.79
Comox,2025-07-02,7:30:00,18.68
Comox,2025-07-02,7:40:00,18.65
Comox,2025-07-02,7:50:00,18.71
Comox,2025-07-02,8:00:00,18.72
Comox,2025-07-02,8:10:00,18.79
Comox,2025-07-02,8:20:00,18.82
Comox,2025-07-02,8:30:00,18.78
Comox,2025-07-02,8:40:00,18.62
Comox,2025-07-02,8:50:00,18.5
Comox,2025-07-02,9:00:00,18.07
Comox,2025-07-02,9:10:00,18.14
Comox,2025-07-02,9:20:00,18.27
Comox,2025-07-02,9:30:00,18.2
Comox,2025-07-02,9:40:00,18.57
Comox,2025-07-02,9:50:00,18.61
Comox,2025-07-02,10:00:00,18.58
Comox,2025-07-02,10:10:00,18.7
Comox,2025-07-02,10:20:00,18.76
Comox,2025-07-02,10:30:00,18.82
Comox,2025-07-02,10:40:00,18.86
Comox,2025-07-02,10:50:00,18.8
Comox,2025-07-02,11:00:00,18.85
Comox,2025-07-02,11:10:00,18.84
Comox,2025-07-02,11:20:00,18.88
Comox,2025-07-02,11:30:00,18.84
Comox,2025-07-02,11:40:00,18.83
Comox,2025-07-02,11:50:00,18.85
Comox,2025-07-02,12:00:00,18.95
Comox,2025-07-02,12:10:00,19.08
Comox,2025-07-02,12:20:00,18.99
Comox,2025-07-02,12:30:00,19.01
Comox,2025-07-02,12:40:00,19.13
Comox,2025-07-02,12:50:00,19.27
Comox,2025-07-02,13:00:00,19.21
Comox,2025-07-02,13:10:00,19.15
Comox,2025-07-02,13:20:00,19.22
Comox,2025-07-02,13:30:00,19.32
Comox,2025-07-02,13:40:00,19.52
Comox,2025-07-02,13:50:00,19.53
Comox,2025-07-02,14:00:00,19.42
Comox,2025-07-02,14:10:00,19.53
Comox,2025-07-02,14:20:00,19.6
Comox,2025-07-02,14:30:00,19.48
Comox,2025-07-02,14:40:00,19.5
Comox,2025-07-02,14:50:00,19.71
Comox,2025-07-02,15:00:00,19.83
Comox,2025-07-02,15:10:00,20.12
Comox,2025-07-02,15:20:00,20.06
Comox,2025-07-02,15:30:00,20.05
Comox,2025-07-02,15:40:00,20.07
Comox,2025-07-02,15:50:00,20.12
Comox,2025-07-02,16:00:00,20.13
Comox,2025-07-02,16:10:00,20.16
Comox,2025-07-02,16:20:00,20.18
Comox,2025-07-02,16:30:00,20.26
Comox,2025-07-02,16:40:00,20.73
Comox,2025-07-02,16:50:00,20.98
Comox,2025-07-02,17:00:00,21.08
Comox,2025-07-02,17:10:00,21.09
Comox,2025-07-02,17:20:00,21.14
Comox,2025-07-02,17:30:00,21.21
Comox,2025-07-02,17:40:00,21.23
Comox,2025-07-02,17:50:00,21.06
Comox,2025-07-02,18:00:00,20.57
Comox,2025-07-02,18:10:00,20.35
Comox,2025-07-02,18:20:00,20.18
Comox,2025-07-02,18:30:00,20.1
Comox,2025-07-02,18:40:00,19.95
Comox,2025-07-02,18:50:00,19.87
Comox,2025-07-02,19:00:00,19.84
Comox,2025-07-02,19:10:00,19.71
Comox,2025-07-02,19:20:00,19.72
Comox,2025-07-02,19:30:00,19.66
Comox,2025-07-02,19:40:00,19.6
Comox,2025-07-02,19:50:00,19.3
Comox,2025-07-02,20:00:00,19.12
Comox,2025-07-02,20:10:00,19.03
Comox,2025-07-02,20:20:00,18.99
Comox,2025-07-02,20:30:00,18.91
Comox,2025-07-02,20:40:00,19.02
Comox,2025-07-02,20:50:00,19.2
Comox,2025-07-02,21:00:00,19.18
Comox,2025-07-02,21:10:00,19.35
Comox,2025-07-02,21:20:00,19
Comox,2025-07-02,21:30:00,18.91
Comox,2025-07-02,21:40:00,18.89
Comox,2025-07-02,21:50:00,19.09
Comox,2025-07-02,22:00:00,18.87
Comox,2025-07-02,22:10:00,18.76
Comox,2025-07-02,22:20:00,18.7
Comox,2025-07-02,22:30:00,18.73
Comox,2025-07-02,22:40:00,18.8
Comox,2025-07-02,22:50:00,18.85
Comox,2025-07-02,23:00:00,18.92
Comox,2025-07-02,23:10:00,18.78
Comox,2025-07-02,23:20:00,18.65
Comox,2025-07-02,23:30:00,18.57
Comox,2025-07-02,23:40:00,18.48
Comox,2025-07-02,23:50:00,18.54
Comox,2025-07-03,0:00:00,18.59
Comox,2025-07-03,0:10:00,18.47
Comox,2025-07-03,0:20:00,18.55
Comox,2025-07-03,0:30:00,18.53
Comox,2025-07-03,0:40:00,18.43
Comox,2025-07-03,0:50:00,18.37
Comox,2025-07-03,1:00:00,18.34
Comox,2025-07-03,1:10:00,18.33
Comox,2025-07-03,1:20:00,18.33
Comox,2025-07-03,1:30:00,18.32
Comox,2025-07-03,1:40:00,18.33
Comox,2025-07-03,1:50:00,18.33
Comox,2025-07-03,2:00:00,18.26
Comox,2025-07-03,2:10:00,18.22
Comox,2025-07-03,2:20:00,18.19
Comox,2025-07-03,2:30:00,18.18
Comox,2025-07-03,2:40:00,18.21
Comox,2025-07-03,2:50:00,18.23
Comox,2025-07-03,3:00:00,18.2
Comox,2025-07-03,3:10:00,18.2
Comox,2025-07-03,3:20:00,18.17
Comox,2025-07-03,3:30:00,18.17
Comox,2025-07-03,3:40:00,18.18
Comox,2025-07-03,3:50:00,18.22
Comox,2025-07-03,4:00:00,18.18
Comox,2025-07-03,4:10:00,18.1
Comox,2025-07-03,4:20:00,18.11
Comox,2025-07-03,4:30:00,18.1
Comox,2025-07-03,4:40:00,18.14
Comox,2025-07-03,4:50:00,18.07
Comox,2025-07-03,5:00:00,18.05
Comox,2025-07-03,5:10:00,18.08
Comox,2025-07-03,5:20:00,18.05
Comox,2025-07-03,5:30:00,18.02
Comox,2025-07-03,5:40:00,18
Comox,2025-07-03,5:50:00,18.02
Comox,2025-07-03,6:00:00,17.97
Comox,2025-07-03,6:10:00,17.91
Comox,2025-07-03,6:20:00,17.9
Comox,2025-07-03,6:30:00,17.94
Comox,2025-07-03,6:40:00,17.93
Comox,2025-07-03,6:50:00,17.95
Comox,2025-07-03,7:00:00,17.98
Comox,2025-07-03,7:10:00,17.95
Comox,2025-07-03,7:20:00,17.93
Comox,2025-07-03,7:30:00,17.89
Comox,2025-07-03,7:40:00,17.96
Comox,2025-07-03,7:50:00,17.97
Comox,2025-07-03,8:00:00,18.04
Comox,2025-07-03,8:10:00,18.04
Comox,2025-07-03,8:20:00,18.06
Comox,2025-07-03,8:30:00,18.09
Comox,2025-07-03,8:40:00,18.03
Comox,2025-07-03,8:50:00,18.05
Comox,2025-07-03,9:00:00,17.95
Comox,2025-07-03,9:10:00,17.92
Comox,2025-07-03,9:20:00,17.81
Comox,2025-07-03,9:30:00,18.02
Comox,2025-07-03,9:40:00,18.04
Comox,2025-07-03,9:50:00,18.06
Comox,2025-07-03,10:00:00,18.02
Comox,2025-07-03,10:10:00,17.92
Comox,2025-07-03,10:20:00,17.98
Comox,2025-07-03,10:30:00,18.05
Comox,2025-07-03,10:40:00,17.98
Comox,2025-07-03,10:50:00,18.09
Comox,2025-07-03,11:00:00,18.09
Comox,2025-07-03,11:10:00,18.15
Comox,2025-07-03,11:20:00,18.19
Comox,2025-07-03,11:30:00,18.18
Comox,2025-07-03,11:40:00,18.15
Comox,2025-07-03,11:50:00,18.22
Comox,2025-07-03,12:00:00,18.24
Comox,2025-07-03,12:10:00,18.32
Comox,2025-07-03,12:20:00,18.37
Comox,2025-07-03,12:30:00,18.43
Comox,2025-07-03,12:40:00,18.53
Comox,2025-07-03,12:50:00,18.62
Comox,2025-07-03,13:00:00,18.71
Comox,2025-07-03,13:10:00,18.88
Comox,2025-07-03,13:20:00,18.85
Comox,2025-07-03,13:30:00,18.91
Comox,2025-07-03,13:40:00,19.01
Comox,2025-07-03,13:50:00,19.07
Comox,2025-07-03,14:00:00,19.12
Comox,2025-07-03,14:10:00,19.16
Comox,2025-07-03,14:20:00,19.2
Comox,2025-07-03,14:30:00,19.21
Comox,2025-07-03,14:40:00,19.23
Comox,2025-07-03,14:50:00,19.28
Comox,2025-07-03,15:00:00,19.32
Comox,2025-07-03,15:10:00,19.36
Comox,2025-07-03,15:20:00,19.39
Comox,2025-07-03,15:30:00,19.43
Comox,2025-07-03,15:40:00,19.48
Comox,2025-07-03,15:50:00,19.5
Comox,2025-07-03,16:00:00,19.5
Comox,2025-07-03,16:10:00,19.52
Comox,2025-07-03,16:20:00,19.52
Comox,2025-07-03,16:30:00,19.53
Comox,2025-07-03,16:40:00,19.62
Comox,2025-07-03,16:50:00,19.72
Comox,2025-07-03,17:00:00,19.72
Comox,2025-07-03,17:10:00,19.68
Comox,2025-07-03,17:20:00,19.66
Comox,2025-07-03,17:30:00,19.61
Comox,2025-07-03,17:40:00,19.6
Comox,2025-07-03,17:50:00,19.66
Comox,2025-07-03,18:00:00,19.7
Comox,2025-07-03,18:10:00,19.71
Comox,2025-07-03,18:20:00,19.68
Comox,2025-07-03,18:30:00,19.69
Comox,2025-07-03,18:40:00,19.68
Comox,2025-07-03,18:50:00,19.69
Comox,2025-07-03,19:00:00,19.63
Comox,2025-07-03,19:10:00,19.62
Comox,2025-07-03,19:20:00,19.6
Comox,2025-07-03,19:30:00,19.56
Comox,2025-07-03,19:40:00,19.55
Comox,2025-07-03,19:50:00,19.6
Comox,2025-07-03,20:00:00,19.6
Comox,2025-07-03,20:10:00,19.54
Comox,2025-07-03,20:20:00,19.57
Comox,2025-07-03,20:30:00,19.52
Comox,2025-07-03,20:40:00,19.53
Comox,2025-07-03,20:50:00,19.53
Comox,2025-07-03,21:00:00,19.51
Comox,2025-07-03,21:10:00,19.5
Comox,2025-07-03,21:20:00,19.46
Comox,2025-07-03,21:30:00,19.43
Comox,2025-07-03,21:40:00,19.44
Comox,2025-07-03,21:50:00,19.44
Comox,2025-07-03,22:00:00,19.47
Comox,2025-07-03,22:10:00,19.5
Comox,2025-07-03,22:20:00,19.42
Comox,2025-07-03,22:30:00,19.43
Comox,2025-07-03,22:40:00,19.46
Comox,2025-07-03,22:50:00,19.44
Comox,2025-07-03,23:00:00,19.42
Comox,2025-07-03,23:10:00,19.43
Comox,2025-07-03,23:20:00,19.52
Comox,2025-07-03,23:30:00,19.53
Comox,2025-07-03,23:40:00,19.52
Comox,2025-07-03,23:50:00,19.52
Comox,2025-07-04,0:00:00,19.52
Comox,2025-07-04,0:10:00,19.56
Comox,2025-07-04,0:20:00,19.53
Comox,2025-07-04,0:30:00,19.52
Comox,2025-07-04,0:40:00,19.51
Comox,2025-07-04,0:50:00,19.47
Comox,2025-07-04,1:00:00,19.6
Comox,2025-07-04,1:10:00,19.66
Comox,2025-07-04,1:20:00,19.61
Comox,2025-07-04,1:30:00,19.56
Comox,2025-07-04,1:40:00,19.52
Comox,2025-07-04,1:50:00,19.47
Comox,2025-07-04,2:00:00,19.47
Comox,2025-07-04,2:10:00,19.44
Comox,2025-07-04,2:20:00,19.47
Comox,2025-07-04,2:30:00,19.42
Comox,2025-07-04,2:40:00,19.38
Comox,2025-07-04,2:50:00,19.36
Comox,2025-07-04,3:00:00,19.36
Comox,2025-07-04,3:10:00,19.32
Comox,2025-07-04,3:20:00,19.29
Comox,2025-07-04,3:30:00,19.31
Comox,2025-07-04,3:40:00,19.28
Comox,2025-07-04,3:50:00,19.26
Comox,2025-07-04,4:00:00,19.24
Comox,2025-07-04,4:10:00,19.23
Comox,2025-07-04,4:20:00,19.22
Comox,2025-07-04,4:30:00,19.23
Comox,2025-07-04,4:40:00,19.22
Comox,2025-07-04,4:50:00,19.22
Comox,2025-07-04,5:00:00,19.2
Comox,2025-07-04,5:10:00,19.16
Comox,2025-07-04,5:20:00,19.15
Comox,2025-07-04,5:30:00,19.17
Comox,2025-07-04,5:40:00,19.18
Comox,2025-07-04,5:50:00,19.16
Comox,2025-07-04,6:00:00,19.16
Comox,2025-07-04,6:10:00,19.17
Comox,2025-07-04,6:20:00,19.16
Comox,2025-07-04,6:30:00,19.16
Comox,2025-07-04,6:40:00,19.16
Comox,2025-07-04,6:50:00,19.22
Comox,2025-07-04,7:00:00,19.28
Comox,2025-07-04,7:10:00,19.24
Comox,2025-07-04,7:20:00,19.15
Comox,2025-07-04,7:30:00,19.13
Comox,2025-07-04,7:40:00,19.24
Comox,2025-07-04,7:50:00,19.23
Comox,2025-07-04,8:00:00,19.28
Comox,2025-07-04,8:10:00,19.32
Comox,2025-07-04,8:20:00,19.33
Comox,2025-07-04,8:30:00,19.33
Comox,2025-07-04,8:40:00,19.33
Comox,2025-07-04,8:50:00,19.36
Comox,2025-07-04,9:00:00,19.37
Comox,2025-07-04,9:10:00,19.37
Comox,2025-07-04,9:20:00,19.32
Comox,2025-07-04,9:30:00,19.4
Comox,2025-07-04,9:40:00,19.38
Comox,2025-07-04,9:50:00,19.33
Comox,2025-07-04,10:00:00,19.36
Comox,2025-07-04,10:10:00,19.47
Comox,2025-07-04,10:20:00,19.89
Comox,2025-07-04,10:30:00,19.98
Comox,2025-07-04,10:40:00,19.97
Comox,2025-07-04,10:50:00,19.96
Comox,2025-07-04,11:00:00,19.94
Comox,2025-07-04,11:10:00,19.92
Comox,2025-07-04,11:20:00,19.98
Comox,2025-07-04,11:30:00,20.05
Comox,2025-07-04,11:40:00,20.01
Comox,2025-07-04,11:50:00,20.03
Comox,2025-07-04,12:00:00,20.05
Comox,2025-07-04,12:10:00,20.06
Comox,2025-07-04,12:20:00,20.06
Comox,2025-07-04,12:30:00,20.03
Comox,2025-07-04,12:40:00,19.91
Comox,2025-07-04,12:50:00,19.82
Comox,2025-07-04,13:00:00,19.83
Comox,2025-07-04,13:10:00,19.82
Comox,2025-07-04,13:20:00,19.82
Comox,2025-07-04,13:30:00,20.05
Comox,2025-07-04,13:40:00,20.14
Comox,2025-07-04,13:50:00,20.19
Comox,2025-07-04,14:00:00,20.21
Comox,2025-07-04,14:10:00,20.3
Comox,2025-07-04,14:20:00,20.27
Comox,2025-07-04,14:30:00,20.21
Comox,2025-07-04,14:40:00,20.2
Comox,2025-07-04,14:50:00,20.26
Comox,2025-07-04,15:00:00,20.32
Comox,2025-07-04,15:10:00,20.36
Comox,2025-07-04,15:20:00,20.36
Comox,2025-07-04,15:30:00,20.42
Comox,2025-07-04,15:40:00,20.46
Comox,2025-07-04,15:50:00,20.49
Comox,2025-07-04,16:00:00,20.55
Comox,2025-07-04,16:10:00,20.6
Comox,2025-07-04,16:20:00,20.61
Comox,2025-07-04,16:30:00,20.55
Comox,2025-07-04,16:40:00,20.55
Comox,2025-07-04,16:50:00,20.5
Comox,2025-07-04,17:00:00,20.49
Comox,2025-07-04,17:10:00,20.53
Comox,2025-07-04,17:20:00,20.55
Comox,2025-07-04,17:30:00,20.58
Comox,2025-07-04,17:40:00,20.69
Comox,2025-07-04,17:50:00,20.69
Comox,2025-07-04,18:00:00,20.64
Comox,2025-07-04,18:10:00,20.63
Comox,2025-07-04,18:20:00,20.73
Comox,2025-07-04,18:30:00,20.73
Comox,2025-07-04,18:40:00,20.73
Comox,2025-07-04,18:50:00,20.75
Comox,2025-07-04,19:00:00,20.74
Comox,2025-07-04,19:10:00,20.77
Comox,2025-07-04,19:20:00,20.78
Comox,2025-07-04,19:30:00,20.77
Comox,2025-07-04,19:40:00,20.77
Comox,2025-07-04,19:50:00,20.75
Comox,2025-07-04,20:00:00,20.77
Comox,2025-07-04,20:10:00,20.72
Comox,2025-07-04,20:20:00,20.71
Comox,2025-07-04,20:30:00,20.63
Comox,2025-07-04,20:40:00,20.63
Comox,2025-07-04,20:50:00,20.48
Comox,2025-07-04,21:00:00,20.43
Comox,2025-07-04,21:10:00,20.42
Comox,2025-07-04,21:20:00,20.42
Comox,2025-07-04,21:30:00,20.4
Comox,2025-07-04,21:40:00,20.35
Comox,2025-07-04,21:50:00,20.32
Comox,2025-07-04,22:00:00,20.31
Comox,2025-07-04,22:10:00,20.18
Comox,2025-07-04,22:20:00,20.15
Comox,2025-07-04,22:30:00,20.17
Comox,2025-07-04,22:40:00,20.18
Comox,2025-07-04,22:50:00,20.19
Comox,2025-07-04,23:00:00,20.22
Comox,2025-07-04,23:10:00,20.21
Comox,2025-07-04,23:20:00,20.2
Comox,2025-07-04,23:30:00,20.17
Comox,2025-07-04,23:40:00,20.13
Comox,2025-07-04,23:50:00,20.13
Comox,2025-07-05,0:00:00,20.06
Comox,2025-07-05,0:10:00,20.02
Comox,2025-07-05,0:20:00,20
Comox,2025-07-05,0:30:00,19.97
Comox,2025-07-05,0:40:00,19.97
Comox,2025-07-05,0:50:00,19.99
Comox,2025-07-05,1:00:00,20.1
Comox,2025-07-05,1:10:00,20.09
Comox,2025-07-05,1:20:00,20.01
Comox,2025-07-05,1:30:00,19.95
Comox,2025-07-05,1:40:00,19.87
Comox,2025-07-05,1:50:00,19.87
Comox,2025-07-05,2:00:00,19.86
Comox,2025-07-05,2:10:00,19.88
Comox,2025-07-05,2:20:00,19.97
Comox,2025-07-05,2:30:00,19.99
Comox,2025-07-05,2:40:00,20.05
Comox,2025-07-05,2:50:00,20.03
Comox,2025-07-05,3:00:00,19.96
Comox,2025-07-05,3:10:00,19.74
Comox,2025-07-05,3:20:00,19.55
Comox,2025-07-05,3:30:00,19.59
Comox,2025-07-05,3:40:00,19.73
Comox,2025-07-05,3:50:00,19.84
Comox,2025-07-05,4:00:00,19.68
Comox,2025-07-05,4:10:00,19.57
Comox,2025-07-05,4:20:00,19.62
Comox,2025-07-05,4:30:00,19.59
Comox,2025-07-05,4:40:00,19.59
Comox,2025-07-05,4:50:00,19.58
Comox,2025-07-05,5:00:00,19.62
Comox,2025-07-05,5:10:00,19.63
Comox,2025-07-05,5:20:00,19.6
Comox,2025-07-05,5:30:00,19.5
Comox,2025-07-05,5:40:00,19.47
Comox,2025-07-05,5:50:00,19.51
Comox,2025-07-05,6:00:00,19.48
Comox,2025-07-05,6:10:00,19.47
Comox,2025-07-05,6:20:00,19.46
Comox,2025-07-05,6:30:00,19.45
Comox,2025-07-05,6:40:00,19.51
Comox,2025-07-05,6:50:00,19.59
Comox,2025-07-05,7:00:00,19.63
Comox,2025-07-05,7:10:00,19.65
Comox,2025-07-05,7:20:00,19.47
Comox,2025-07-05,7:30:00,19.63
Comox,2025-07-05,7:40:00,19.74
Comox,2025-07-05,7:50:00,19.83
Comox,2025-07-05,8:00:00,19.89
Comox,2025-07-05,8:10:00,19.91
Comox,2025-07-05,8:20:00,19.97
Comox,2025-07-05,8:30:00,19.97
Comox,2025-07-05,8:40:00,20
Comox,2025-07-05,8:50:00,20.09
Comox,2025-07-05,9:00:00,20.13
Comox,2025-07-05,9:10:00,20.18
Comox,2025-07-05,9:20:00,19.96
Comox,2025-07-05,9:30:00,19.96
Comox,2025-07-05,9:40:00,19.98
Comox,2025-07-05,9:50:00,19.9
Comox,2025-07-05,10:00:00,19.96
Comox,2025-07-05,10:10:00,20.04
Comox,2025-07-05,10:20:00,19.83
Comox,2025-07-05,10:30:00,20.01
Comox,2025-07-05,10:40:00,20.03
Comox,2025-07-05,10:50:00,19.95
Comox,2025-07-05,11:00:00,19.85
Comox,2025-07-05,11:10:00,19.91
Comox,2025-07-05,11:20:00,19.98
Comox,2025-07-05,11:30:00,20.01
Comox,2025-07-05,11:40:00,20.02
Comox,2025-07-05,11:50:00,20
Comox,2025-07-05,12:00:00,20.03
Comox,2025-07-05,12:10:00,20.03
Comox,2025-07-05,12:20:00,20.14
Comox,2025-07-05,12:30:00,20.16
Comox,2025-07-05,12:40:00,20.13
Comox,2025-07-05,12:50:00,20.15
Comox,2025-07-05,13:00:00,20.14
Comox,2025-07-05,13:10:00,20.1
Comox,2025-07-05,13:20:00,20.05
Comox,2025-07-05,13:30:00,20.06
Comox,2025-07-05,13:40:00,20.05
Comox,2025-07-05,13:50:00,20.13
Comox,2025-07-05,14:00:00,20.19
Comox,2025-07-05,14:10:00,20.15
Comox,2025-07-05,14:20:00,20.11
Comox,2025-07-05,14:30:00,20.14
Comox,2025-07-05,14:40:00,20.13
Comox,2025-07-05,14:50:00,20.16
Comox,2025-07-05,15:00:00,20.15
Comox,2025-07-05,15:10:00,20.19
Comox,2025-07-05,15:20:00,20.22
Comox,2025-07-05,15:30:00,20.36
Comox,2025-07-05,15:40:00,20.35
Comox,2025-07-05,15:50:00,20.41
Comox,2025-07-05,16:00:00,20.41
Comox,2025-07-05,16:10:00,20.37
Comox,2025-07-05,16:20:00,20.36
Comox,2025-07-05,16:30:00,20.35
Comox,2025-07-05,16:40:00,20.42
Comox,2025-07-05,16:50:00,20.51
Comox,2025-07-05,17:00:00,20.49
Comox,2025-07-05,17:10:00,20.44
Comox,2025-07-05,17:20:00,20.42
Comox,2025-07-05,17:30:00,20.37
Comox,2025-07-05,17:40:00,20.36
Comox,2025-07-05,17:50:00,20.36
Comox,2025-07-05,18:00:00,20.35
Comox,2025-07-05,18:10:00,20.32
Comox,2025-07-05,18:20:00,20.28
Comox,2025-07-05,18:30:00,20.32
Comox,2025-07-05,18:40:00,20.32
Comox,2025-07-05,18:50:00,20.29
Comox,2025-07-05,19:00:00,20.29
Comox,2025-07-05,19:10:00,20.26
Comox,2025-07-05,19:20:00,20.22
Comox,2025-07-05,19:30:00,20.22
Comox,2025-07-05,19:40:00,20.19
Comox,2025-07-05,19:50:00,20.2
Comox,2025-07-05,20:00:00,20.24
Comox,2025-07-05,20:10:00,20.25
Comox,2025-07-05,20:20:00,20.24
Comox,2025-07-05,20:30:00,20.2
Comox,2025-07-05,20:40:00,20.13
Comox,2025-07-05,20:50:00,20.11
Comox,2025-07-05,21:00:00,20.15
Comox,2025-07-05,21:10:00,20.14
Comox,2025-07-05,21:20:00,20.24
Comox,2025-07-05,21:30:00,20.21
Comox,2025-07-05,21:40:00,20.18
Comox,2025-07-05,21:50:00,20.11
Comox,2025-07-05,22:00:00,20.16
Comox,2025-07-05,22:10:00,20.18
Comox,2025-07-05,22:20:00,20.14
Comox,2025-07-05,22:30:00,20.1
Comox,2025-07-05,22:40:00,20.12
Comox,2025-07-05,22:50:00,20.05
Comox,2025-07-05,23:00:00,20.06
Comox,2025-07-05,23:10:00,20.09
Comox,2025-07-05,23:20:00,20.06
Comox,2025-07-05,23:30:00,20.04
Comox,2025-07-05,23:40:00,20.03
Comox,2025-07-05,23:50:00,20
Comox,2025-07-06,0:00:00,20.01
Comox,2025-07-06,0:10:00,19.96
Comox,2025-07-06,0:20:00,20.05
Comox,2025-07-06,0:30:00,20.01
Comox,2025-07-06,0:40:00,19.99
Comox,2025-07-06,0:50:00,19.99
Comox,2025-07-06,1:00:00,20.06
Comox,2025-07-06,1:10:00,20.13
Comox,2025-07-06,1:20:00,20.19
Comox,2025-07-06,1:30:00,20.21
Comox,2025-07-06,1:40:00,20.24
Comox,2025-07-06,1:50:00,20.2
Comox,2025-07-06,2:00:00,20.31
Comox,2025-07-06,2:10:00,20.31
Comox,2025-07-06,2:20:00,20.31
Comox,2025-07-06,2:30:00,20.26
Comox,2025-07-06,2:40:00,20.33
Comox,2025-07-06,2:50:00,20.36
Comox,2025-07-06,3:00:00,20.33
Comox,2025-07-06,3:10:00,20.33
Comox,2025-07-06,3:20:00,20.34
Comox,2025-07-06,3:30:00,20.22
Comox,2025-07-06,3:40:00,20.15
Comox,2025-07-06,3:50:00,20.13
Comox,2025-07-06,4:00:00,20.1
Comox,2025-07-06,4:10:00,20.16
Comox,2025-07-06,4:20:00,20.16
Comox,2025-07-06,4:30:00,20.12
Comox,2025-07-06,4:40:00,20.05
Comox,2025-07-06,4:50:00,19.98
Comox,2025-07-06,5:00:00,20.01
Comox,2025-07-06,5:10:00,20.02
Comox,2025-07-06,5:20:00,20.05
Comox,2025-07-06,5:30:00,20.09
Comox,2025-07-06,5:40:00,20.05
Comox,2025-07-06,5:50:00,20.02
Comox,2025-07-06,6:00:00,20.02
Comox,2025-07-06,6:10:00,20.01
Comox,2025-07-06,6:20:00,19.99
Comox,2025-07-06,6:30:00,20.01
Comox,2025-07-06,6:40:00,20
Comox,2025-07-06,6:50:00,20
Comox,2025-07-06,7:00:00,19.99
Comox,2025-07-06,7:10:00,19.99
Comox,2025-07-06,7:20:00,19.98
Comox,2025-07-06,7:30:00,19.99
Comox,2025-07-06,7:40:00,19.98
Comox,2025-07-06,7:50:00,19.97
Comox,2025-07-06,8:00:00,19.96
Comox,2025-07-06,8:10:00,19.86
Comox,2025-07-06,8:20:00,19.88
Comox,2025-07-06,8:30:00,19.95
Comox,2025-07-06,8:40:00,19.98
Comox,2025-07-06,8:50:00,20.14
Comox,2025-07-06,9:00:00,20.04
Comox,2025-07-06,9:10:00,20.06
Comox,2025-07-06,9:20:00,20.12
Comox,2025-07-06,9:30:00,20.4
Comox,2025-07-06,9:40:00,20.28
Comox,2025-07-06,9:50:00,20.19
Comox,2025-07-06,10:00:00,20.33
Comox,2025-07-06,10:10:00,20.49
Comox,2025-07-06,10:20:00,20.58
Comox,2025-07-06,10:30:00,20.61
Comox,2025-07-06,10:40:00,20.6
Comox,2025-07-06,10:50:00,20.47
Comox,2025-07-06,11:00:00,20.4
Comox,2025-07-06,11:10:00,20.18
Comox,2025-07-06,11:20:00,20.14
Comox,2025-07-06,11:30:00,20.19
Comox,2025-07-06,11:40:00,20.2
Comox,2025-07-06,11:50:00,20.35
Comox,2025-07-06,12:00:00,20.59
Comox,2025-07-06,12:10:00,20.54
Comox,2025-07-06,12:20:00,20.54
Comox,2025-07-06,12:30:00,20.5
Comox,2025-07-06,12:40:00,20.59
Comox,2025-07-06,12:50:00,20.41
Comox,2025-07-06,13:00:00,20.32
Comox,2025-07-06,13:10:00,20.29
Comox,2025-07-06,13:20:00,20.39
Comox,2025-07-06,13:30:00,20.44
Comox,2025-07-06,13:40:00,20.53
Comox,2025-07-06,13:50:00,20.49
Comox,2025-07-06,14:00:00,20.4
Comox,2025-07-06,14:10:00,20.36
Comox,2025-07-06,14:20:00,20.33
Comox,2025-07-06,14:30:00,20.26
Comox,2025-07-06,14:40:00,20.34
Comox,2025-07-06,14:50:00,20.79
Comox,2025-07-06,15:00:00,20.56
Comox,2025-07-06,15:10:00,20.36
Comox,2025-07-06,15:20:00,20.32
Comox,2025-07-06,15:30:00,20.55
Comox,2025-07-06,15:40:00,20.66
Comox,2025-07-06,15:50:00,20.62
Comox,2025-07-06,16:00:00,20.63
Comox,2025-07-06,16:10:00,20.57
Comox,2025-07-06,16:20:00,20.51
Comox,2025-07-06,16:30:00,20.51
Comox,2025-07-06,16:40:00,20.37
Comox,2025-07-06,16:50:00,20.24
Comox,2025-07-06,17:00:00,20.28
Comox,2025-07-06,17:10:00,20.32
Comox,2025-07-06,17:20:00,20.31
Comox,2025-07-06,17:30:00,20.31
Comox,2025-07-06,17:40:00,20.41
Comox,2025-07-06,17:50:00,20.45
Comox,2025-07-06,18:00:00,20.57
Comox,2025-07-06,18:10:00,20.56
Comox,2025-07-06,18:20:00,20.53
Comox,2025-07-06,18:30:00,20.56
Comox,2025-07-06,18:40:00,20.49
Comox,2025-07-06,18:50:00,20.39
Comox,2025-07-06,19:00:00,20.3
Comox,2025-07-06,19:10:00,20.32
Comox,2025-07-06,19:20:00,20.31
Comox,2025-07-06,19:30:00,20.32
Comox,2025-07-06,19:40:00,20.36
Comox,2025-07-06,19:50:00,20.32
Comox,2025-07-06,20:00:00,20.31
Comox,2025-07-06,20:10:00,20.28
Comox,2025-07-06,20:20:00,20.32
Comox,2025-07-06,20:30:00,20.36
Comox,2025-07-06,20:40:00,20.33
Comox,2025-07-06,20:50:00,20.3
Comox,2025-07-06,21:00:00,20.22
Comox,2025-07-06,21:10:00,20.21
Comox,2025-07-06,21:20:00,20.2
Comox,2025-07-06,21:30:00,20.16
Comox,2025-07-06,21:40:00,20.18
Comox,2025-07-06,21:50:00,20.18
Comox,2025-07-06,22:00:00,20.15
Comox,2025-07-06,22:10:00,20.13
Comox,2025-07-06,22:20:00,20.14
Comox,2025-07-06,22:30:00,20.19
Comox,2025-07-06,22:40:00,20.22
Comox,2025-07-06,22:50:00,20.17
Comox,2025-07-06,23:00:00,20.19
Comox,2025-07-06,23:10:00,20.18
Comox,2025-07-06,23:20:00,20.16
Comox,2025-07-06,23:30:00,20.18
Comox,2025-07-06,23:40:00,20.01
Comox,2025-07-06,23:50:00,19.99
Comox,2025-07-07,0:00:00,20.04
Comox,2025-07-07,0:10:00,20.11
Comox,2025-07-07,0:20:00,20.05
Comox,2025-07-07,0:30:00,20.15
Comox,2025-07-07,0:40:00,20.15
Comox,2025-07-07,0:50:00,20.13
Comox,2025-07-07,1:00:00,20.05
Comox,2025-07-07,1:10:00,20.02
Comox,2025-07-07,1:20:00,20.11
Comox,2025-07-07,1:30:00,20.02
Comox,2025-07-07,1:40:00,19.98
Comox,2025-07-07,1:50:00,20.04
Comox,2025-07-07,2:00:00,20.11
Comox,2025-07-07,2:10:00,20.06
Comox,2025-07-07,2:20:00,20.06
Comox,2025-07-07,2:30:00,20.09
Comox,2025-07-07,2:40:00,20.1
Comox,2025-07-07,2:50:00,20.07
Comox,2025-07-07,3:00:00,20.05
Comox,2025-07-07,3:10:00,20.04
Comox,2025-07-07,3:20:00,19.98
Comox,2025-07-07,3:30:00,19.87
Comox,2025-07-07,3:40:00,19.86
Comox,2025-07-07,3:50:00,19.81
Comox,2025-07-07,4:00:00,19.72
Comox,2025-07-07,4:10:00,19.72
Comox,2025-07-07,4:20:00,19.73
Comox,2025-07-07,4:30:00,19.75
Comox,2025-07-07,4:40:00,19.83
Comox,2025-07-07,4:50:00,19.83
Comox,2025-07-07,5:00:00,19.75
Comox,2025-07-07,5:10:00,19.76
Comox,2025-07-07,5:20:00,19.58
Comox,2025-07-07,5:30:00,19.51
Comox,2025-07-07,5:40:00,19.47
Comox,2025-07-07,5:50:00,19.42
Comox,2025-07-07,6:00:00,19.29
Comox,2025-07-07,6:10:00,19.38
Comox,2025-07-07,6:20:00,19.45
Comox,2025-07-07,6:30:00,19.46
Comox,2025-07-07,6:40:00,19.53
Comox,2025-07-07,6:50:00,19.6
Comox,2025-07-07,7:00:00,19.56
Comox,2025-07-07,7:10:00,19.65
Comox,2025-07-07,7:20:00,19.48
Comox,2025-07-07,7:30:00,19.38
Comox,2025-07-07,7:40:00,19.23
Comox,2025-07-07,7:50:00,19.01
Comox,2025-07-07,8:00:00,18.84
Comox,2025-07-07,8:10:00,19.1
Comox,2025-07-07,8:20:00,19.26
Comox,2025-07-07,8:30:00,19.29
Comox,2025-07-07,8:40:00,19.47
Comox,2025-07-07,8:50:00,19.63
Comox,2025-07-07,9:00:00,19.76
Comox,2025-07-07,9:10:00,19.84
Comox,2025-07-07,9:20:00,19.76
Comox,2025-07-07,9:30:00,19.8
Comox,2025-07-07,9:40:00,19.83
Comox,2025-07-07,9:50:00,19.92
Comox,2025-07-07,10:00:00,19.92
Comox,2025-07-07,10:10:00,19.84
Comox,2025-07-07,10:20:00,19.83
Comox,2025-07-07,10:30:00,19.84
Comox,2025-07-07,10:40:00,19.95
Comox,2025-07-07,10:50:00,19.95
Comox,2025-07-07,11:00:00,20.04
Comox,2025-07-07,11:10:00,19.97
Comox,2025-07-07,11:20:00,20.09
Comox,2025-07-07,11:30:00,19.94
Comox,2025-07-07,11:40:00,19.99
Comox,2025-07-07,11:50:00,20.03
Comox,2025-07-07,12:00:00,20.03
Comox,2025-07-07,12:10:00,19.89
Comox,2025-07-07,12:20:00,19.82
Comox,2025-07-07,12:30:00,19.76
Comox,2025-07-07,12:40:00,20
Comox,2025-07-07,12:50:00,20.44
Comox,2025-07-07,13:00:00,20.69
Comox,2025-07-07,13:10:00,20.83
Comox,2025-07-07,13:20:00,20.92
Comox,2025-07-07,13:30:00,20.78
Comox,2025-07-07,13:40:00,20.42
Comox,2025-07-07,13:50:00,20.66
Comox,2025-07-07,14:00:00,20.53
Comox,2025-07-07,14:10:00,20.5
Comox,2025-07-07,14:20:00,20.36
Comox,2025-07-07,14:30:00,20.4
Comox,2025-07-07,14:40:00,20.46
Comox,2025-07-07,14:50:00,20.49
Comox,2025-07-07,15:00:00,20.51
Comox,2025-07-07,15:10:00,20.49
Comox,2025-07-07,15:20:00,20.2
Comox,2025-07-07,15:30:00,20.13
Comox,2025-07-07,15:40:00,20.06
Comox,2025-07-07,15:50:00,20.27
Comox,2025-07-07,16:00:00,20.18
Comox,2025-07-07,16:10:00,20.16
Comox,2025-07-07,16:20:00,20.11
Comox,2025-07-07,16:30:00,20.05
Comox,2025-07-07,16:40:00,20.1
Comox,2025-07-07,16:50:00,20.18
Comox,2025-07-07,17:00:00,20.17
Comox,2025-07-07,17:10:00,20.03
Comox,2025-07-07,17:20:00,19.96
Comox,2025-07-07,17:30:00,19.91
Comox,2025-07-07,17:40:00,19.96
Comox,2025-07-07,17:50:00,19.92
Comox,2025-07-07,18:00:00,19.9
Comox,2025-07-07,18:10:00,19.92
Comox,2025-07-07,18:20:00,19.85
Comox,2025-07-07,18:30:00,19.75
Comox,2025-07-07,18:40:00,19.81
Comox,2025-07-07,18:50:00,19.85
Comox,2025-07-07,19:00:00,19.9
Comox,2025-07-07,19:10:00,19.8
Comox,2025-07-07,19:20:00,19.77
Comox,2025-07-07,19:30:00,19.81
Comox,2025-07-07,19:40:00,19.86
Comox,2025-07-07,19:50:00,19.9
Comox,2025-07-07,20:00:00,19.85
Comox,2025-07-07,20:10:00,19.7
Comox,2025-07-07,20:20:00,19.55
Comox,2025-07-07,20:30:00,19.5
Comox,2025-07-07,20:40:00,19.57
Comox,2025-07-07,20:50:00,19.57
Comox,2025-07-07,21:00:00,19.54
Comox,2025-07-07,21:10:00,19.55
Comox,2025-07-07,21:20:00,19.52
Comox,2025-07-07,21:30:00,19.56
Comox,2025-07-07,21:40:00,19.54
Comox,2025-07-07,21:50:00,19.48
Comox,2025-07-07,22:00:00,19.47
Comox,2025-07-07,22:10:00,19.45
Comox,2025-07-07,22:20:00,19.45
Comox,2025-07-07,22:30:00,19.48
Comox,2025-07-07,22:40:00,19.48
Comox,2025-07-07,22:50:00,19.51
Comox,2025-07-07,23:00:00,19.43
Comox,2025-07-07,23:10:00,19.4
Comox,2025-07-07,23:20:00,19.48
Comox,2025-07-07,23:30:00,19.45
Comox,2025-07-07,23:40:00,19.43
Comox,2025-07-07,23:50:00,19.39
Comox,2025-07-08,0:00:00,19.35
Comox,2025-07-08,0:10:00,19.38
Comox,2025-07-08,0:20:00,19.3
Comox,2025-07-08,0:30:00,19.22
Comox,2025-07-08,0:40:00,19.26
Comox,2025-07-08,0:50:00,19.25
Comox,2025-07-08,1:00:00,19.26
Comox,2025-07-08,1:10:00,19.25
Comox,2025-07-08,1:20:00,19.23
Comox,2025-07-08,1:30:00,19.18
Comox,2025-07-08,1:40:00,19.18
Comox,2025-07-08,1:50:00,19.12
Comox,2025-07-08,2:00:00,19.06
Comox,2025-07-08,2:10:00,19.09
Comox,2025-07-08,2:20:00,19.11
Comox,2025-07-08,2:30:00,19.1
Comox,2025-07-08,2:40:00,19.13
Comox,2025-07-08,2:50:00,19.09
Comox,2025-07-08,3:00:00,19.01
Comox,2025-07-08,3:10:00,19.01
Comox,2025-07-08,3:20:00,19.09
Comox,2025-07-08,3:30:00,19.24
Comox,2025-07-08,3:40:00,19.3
Comox,2025-07-08,3:50:00,19.24
Comox,2025-07-08,4:00:00,19.26
Comox,2025-07-08,4:10:00,19.28
Comox,2025-07-08,4:20:00,19.25
Comox,2025-07-08,4:30:00,19.22
Comox,2025-07-08,4:40:00,19.06
Comox,2025-07-08,4:50:00,18.95
Comox,2025-07-08,5:00:00,19.08
Comox,2025-07-08,5:10:00,19.08
Comox,2025-07-08,5:20:00,19.09
Comox,2025-07-08,5:30:00,19.08
Comox,2025-07-08,5:40:00,19.13
Comox,2025-07-08,5:50:00,19.13
Comox,2025-07-08,6:00:00,19.07
Comox,2025-07-08,6:10:00,19.06
Comox,2025-07-08,6:20:00,19.03
Comox,2025-07-08,6:30:00,19.02
Comox,2025-07-08,6:40:00,18.99
Comox,2025-07-08,6:50:00,19.02
Comox,2025-07-08,7:00:00,19.01
Comox,2025-07-08,7:10:00,19
Comox,2025-07-08,7:20:00,19
Comox,2025-07-08,7:30:00,19
Comox,2025-07-08,7:40:00,19.03
Comox,2025-07-08,7:50:00,18.97
Comox,2025-07-08,8:00:00,18.89
Comox,2025-07-08,8:10:00,18.91
Comox,2025-07-08,8:20:00,18.85
Comox,2025-07-08,8:30:00,18.96
Comox,2025-07-08,8:40:00,18.95
Comox,2025-07-08,8:50:00,18.96
Comox,2025-07-08,9:00:00,18.95
Comox,2025-07-08,9:10:00,18.97
Comox,2025-07-08,9:20:00,19.07
Comox,2025-07-08,9:30:00,19.12
Comox,2025-07-08,9:40:00,19.16
Comox,2025-07-08,9:50:00,19.2
Comox,2025-07-08,10:00:00,19.2
Comox,2025-07-08,10:10:00,19.21
Comox,2025-07-08,10:20:00,19.22
Comox,2025-07-08,10:30:00,19.25
Comox,2025-07-08,10:40:00,19.18
Comox,2025-07-08,10:50:00,19.17
Comox,2025-07-08,11:00:00,19.23
Comox,2025-07-08,11:10:00,19.23
Comox,2025-07-08,11:20:00,19.27
Comox,2025-07-08,11:30:00,19.23
Comox,2025-07-08,11:40:00,19.27
Comox,2025-07-08,11:50:00,19.29
Comox,2025-07-08,12:00:00,19.32
Comox,2025-07-08,12:10:00,19.38
Comox,2025-07-08,12:20:00,19.41
Comox,2025-07-08,12:30:00,19.4
Comox,2025-07-08,12:40:00,19.4
Comox,2025-07-08,12:50:00,19.4
Comox,2025-07-08,13:00:00,19.42
Comox,2025-07-08,13:10:00,19.44
Comox,2025-07-08,13:20:00,19.44
Comox,2025-07-08,13:30:00,19.43
Comox,2025-07-08,13:40:00,19.48
Comox,2025-07-08,13:50:00,19.47
Comox,2025-07-08,14:00:00,19.44
Comox,2025-07-08,14:10:00,19.42
Comox,2025-07-08,14:20:00,19.42
Comox,2025-07-08,14:30:00,19.42
Comox,2025-07-08,14:40:00,19.44
Comox,2025-07-08,14:50:00,19.44
Comox,2025-07-08,15:00:00,19.42
Comox,2025-07-08,15:10:00,19.43
Comox,2025-07-08,15:20:00,19.4
Comox,2025-07-08,15:30:00,19.37
Comox,2025-07-08,15:40:00,19.38
Comox,2025-07-08,15:50:00,19.36
Comox,2025-07-08,16:00:00,19.33
Comox,2025-07-08,16:10:00,19.37
Comox,2025-07-08,16:20:00,19.37
Comox,2025-07-08,16:30:00,19.4
Comox,2025-07-08,16:40:00,19.35
Comox,2025-07-08,16:50:00,19.37
Comox,2025-07-08,17:00:00,19.35
Comox,2025-07-08,17:10:00,19.33
Comox,2025-07-08,17:20:00,19.37
Comox,2025-07-08,17:30:00,19.35
Comox,2025-07-08,17:40:00,19.33
Comox,2025-07-08,17:50:00,19.25
Comox,2025-07-08,18:00:00,19.06
Comox,2025-07-08,18:10:00,19.03
Comox,2025-07-08,18:20:00,18.99
Comox,2025-07-08,18:30:00,18.99
Comox,2025-07-08,18:40:00,19.03
Comox,2025-07-08,18:50:00,19.09
Comox,2025-07-08,19:00:00,19.1
Comox,2025-07-08,19:10:00,19.09
Comox,2025-07-08,19:20:00,18.99
Comox,2025-07-08,19:30:00,19.01
Comox,2025-07-08,19:40:00,19
Comox,2025-07-08,19:50:00,18.94
Comox,2025-07-08,20:00:00,18.89
Comox,2025-07-08,20:10:00,18.97
Comox,2025-07-08,20:20:00,18.89
Comox,2025-07-08,20:30:00,18.86
Comox,2025-07-08,20:40:00,18.83
Comox,2025-07-08,20:50:00,18.77
Comox,2025-07-08,21:00:00,18.73
Comox,2025-07-08,21:10:00,18.69
Comox,2025-07-08,21:20:00,18.69
Comox,2025-07-08,21:30:00,18.67
Comox,2025-07-08,21:40:00,18.72
Comox,2025-07-08,21:50:00,18.76
Comox,2025-07-08,22:00:00,18.76
Comox,2025-07-08,22:10:00,18.71
Comox,2025-07-08,22:20:00,18.67
Comox,2025-07-08,22:30:00,18.67
Comox,2025-07-08,22:40:00,18.63
Comox,2025-07-08,22:50:00,18.57
Comox,2025-07-08,23:00:00,18.53
Comox,2025-07-08,23:10:00,18.51
Comox,2025-07-08,23:20:00,18.51
Comox,2025-07-08,23:30:00,18.51
Comox,2025-07-08,23:40:00,18.49
Comox,2025-07-08,23:50:00,18.44
Comox,2025-07-09,0:00:00,18.53
Comox,2025-07-09,0:10:00,18.53
Comox,2025-07-09,0:20:00,18.52
Comox,2025-07-09,0:30:00,18.52
Comox,2025-07-09,0:40:00,18.5
Comox,2025-07-09,0:50:00,18.5
Comox,2025-07-09,1:00:00,18.48
Comox,2025-07-09,1:10:00,18.47
Comox,2025-07-09,1:20:00,18.48
Comox,2025-07-09,1:30:00,18.47
Comox,2025-07-09,1:40:00,18.47
Comox,2025-07-09,1:50:00,18.47
Comox,2025-07-09,2:00:00,18.49
Comox,2025-07-09,2:10:00,18.47
Comox,2025-07-09,2:20:00,18.46
Comox,2025-07-09,2:30:00,18.48
Comox,2025-07-09,2:40:00,18.43
Comox,2025-07-09,2:50:00,18.41
Comox,2025-07-09,3:00:00,18.43
Comox,2025-07-09,3:10:00,18.43
Comox,2025-07-09,3:20:00,18.43
Comox,2025-07-09,3:30:00,18.48
Comox,2025-07-09,3:40:00,18.47
Comox,2025-07-09,3:50:00,18.38
Comox,2025-07-09,4:00:00,18.35
Comox,2025-07-09,4:10:00,18.37
Comox,2025-07-09,4:20:00,18.37
Comox,2025-07-09,4:30:00,18.17
Comox,2025-07-09,4:40:00,18.26
Comox,2025-07-09,4:50:00,18.04
Comox,2025-07-09,5:00:00,18.07
Comox,2025-07-09,5:10:00,18
Comox,2025-07-09,5:20:00,18.09
Comox,2025-07-09,5:30:00,18.02
Comox,2025-07-09,5:40:00,18.12
Comox,2025-07-09,5:50:00,18.13
Comox,2025-07-09,6:00:00,18.2
Comox,2025-07-09,6:10:00,18.2
Comox,2025-07-09,6:20:00,18.19
Comox,2025-07-09,6:30:00,18.17
Comox,2025-07-09,6:40:00,18.17
Comox,2025-07-09,6:50:00,18.14
Comox,2025-07-09,7:00:00,18.07
Comox,2025-07-09,7:10:00,18.17
Comox,2025-07-09,7:20:00,18.18
Comox,2025-07-09,7:30:00,18.18
Comox,2025-07-09,7:40:00,18.17
Comox,2025-07-09,7:50:00,18.13
Comox,2025-07-09,8:00:00,18
Comox,2025-07-09,8:10:00,17.96
Comox,2025-07-09,8:20:00,17.96
Comox,2025-07-09,8:30:00,17.97
Comox,2025-07-09,8:40:00,18.02
Comox,2025-07-09,8:50:00,17.99
Comox,2025-07-09,9:00:00,18.06
Comox,2025-07-09,9:10:00,18.08
Comox,2025-07-09,9:20:00,18.11
Comox,2025-07-09,9:30:00,18.13
Comox,2025-07-09,9:40:00,18.13
Comox,2025-07-09,9:50:00,18.11
Comox,2025-07-09,10:00:00,18.12
Comox,2025-07-09,10:10:00,18.22
Comox,2025-07-09,10:20:00,18.3
Comox,2025-07-09,10:30:00,18.33
Comox,2025-07-09,10:40:00,18.42
Comox,2025-07-09,10:50:00,18.41
Comox,2025-07-09,11:00:00,18.42
Comox,2025-07-09,11:10:00,18.42
Comox,2025-07-09,11:20:00,18.62
Comox,2025-07-09,11:30:00,18.59
Comox,2025-07-09,11:40:00,18.62
Comox,2025-07-09,11:50:00,18.57
Comox,2025-07-09,12:00:00,18.64
Comox,2025-07-09,12:10:00,18.69
Comox,2025-07-09,12:20:00,18.67
Comox,2025-07-09,12:30:00,18.7
Comox,2025-07-09,12:40:00,18.62
Comox,2025-07-09,12:50:00,18.69
Comox,2025-07-09,13:00:00,18.62
Comox,2025-07-09,13:10:00,18.61
Comox,2025-07-09,13:20:00,18.66
Comox,2025-07-09,13:30:00,18.64
Comox,2025-07-09,13:40:00,18.53
Comox,2025-07-09,13:50:00,18.57
Comox,2025-07-09,14:00:00,18.64
Comox,2025-07-09,14:10:00,18.69
Comox,2025-07-09,14:20:00,18.69
Comox,2025-07-09,14:30:00,18.51
Comox,2025-07-09,14:40:00,18.47
Comox,2025-07-09,14:50:00,18.47
Comox,2025-07-09,15:00:00,18.23
Comox,2025-07-09,15:10:00,18.65
Comox,2025-07-09,15:20:00,18.57
Comox,2025-07-09,15:30:00,18.65
Comox,2025-07-09,15:40:00,18.8
Comox,2025-07-09,15:50:00,19.07
Comox,2025-07-09,16:00:00,19.18
Comox,2025-07-09,16:10:00,19.15
Comox,2025-07-09,16:20:00,18.77
Comox,2025-07-09,16:30:00,18.55
Comox,2025-07-09,16:40:00,18.7
Comox,2025-07-09,16:50:00,18.82
Comox,2025-07-09,17:00:00,18.77
Comox,2025-07-09,17:10:00,18.74
Comox,2025-07-09,17:20:00,18.73
Comox,2025-07-09,17:30:00,18.67
Comox,2025-07-09,17:40:00,18.7
Comox,2025-07-09,17:50:00,18.65
Comox,2025-07-09,18:00:00,18.68
Comox,2025-07-09,18:10:00,18.77
Comox,2025-07-09,18:20:00,18.76
Comox,2025-07-09,18:30:00,18.77
Comox,2025-07-09,18:40:00,18.78
Comox,2025-07-09,18:50:00,18.73
Comox,2025-07-09,19:00:00,18.67
Comox,2025-07-09,19:10:00,18.57
Comox,2025-07-09,19:20:00,18.63
Comox,2025-07-09,19:30:00,18.62
Comox,2025-07-09,19:40:00,18.59
Comox,2025-07-09,19:50:00,18.56
Comox,2025-07-09,20:00:00,18.57
Comox,2025-07-09,20:10:00,18.56
Comox,2025-07-09,20:20:00,18.55
Comox,2025-07-09,20:30:00,18.54
Comox,2025-07-09,20:40:00,18.51
Comox,2025-07-09,20:50:00,18.49
Comox,2025-07-09,21:00:00,18.4
Comox,2025-07-09,21:10:00,18.46
Comox,2025-07-09,21:20:00,18.18
Comox,2025-07-09,21:30:00,18.12
Comox,2025-07-09,21:40:00,18.09
Comox,2025-07-09,21:50:00,18.04
Comox,2025-07-09,22:00:00,17.87
Comox,2025-07-09,22:10:00,17.93
Comox,2025-07-09,22:20:00,17.84
Comox,2025-07-09,22:30:00,17.79
Comox,2025-07-09,22:40:00,17.63
Comox,2025-07-09,22:50:00,17.63
Comox,2025-07-09,23:00:00,17.5
Comox,2025-07-09,23:10:00,17.32
Comox,2025-07-09,23:20:00,17.32
Comox,2025-07-09,23:30:00,17.35
Comox,2025-07-09,23:40:00,17.51
Comox,2025-07-09,23:50:00,17.39
Comox,2025-07-10,0:00:00,17.38
Comox,2025-07-10,0:10:00,17.29
Comox,2025-07-10,0:20:00,17.2
Comox,2025-07-10,0:30:00,17.15
Comox,2025-07-10,0:40:00,17.08
Comox,2025-07-10,0:50:00,16.98
Comox,2025-07-10,1:00:00,16.94
Comox,2025-07-10,1:10:00,16.88
Comox,2025-07-10,1:20:00,16.86
Comox,2025-07-10,1:30:00,16.76
Comox,2025-07-10,1:40:00,16.7
Comox,2025-07-10,1:50:00,16.63
Comox,2025-07-10,2:00:00,16.62
Comox,2025-07-10,2:10:00,16.62
Comox,2025-07-10,2:20:00,16.6
Comox,2025-07-10,2:30:00,16.56
Comox,2025-07-10,2:40:00,16.54
Comox,2025-07-10,2:50:00,16.65
Comox,2025-07-10,3:00:00,16.5
Comox,2025-07-10,3:10:00,16.45
Comox,2025-07-10,3:20:00,16.31
Comox,2025-07-10,3:30:00,16.33
Comox,2025-07-10,3:40:00,16.24
Comox,2025-07-10,3:50:00,16.13
Comox,2025-07-10,4:00:00,16.27
Comox,2025-07-10,4:10:00,16.3
Comox,2025-07-10,4:20:00,16.28
Comox,2025-07-10,4:30:00,16.28
Comox,2025-07-10,4:40:00,16.28
Comox,2025-07-10,4:50:00,16.25
Comox,2025-07-10,5:00:00,16.17
Comox,2025-07-10,5:10:00,16.13
Comox,2025-07-10,5:20:00,16.04
Comox,2025-07-10,5:30:00,15.98
Comox,2025-07-10,5:40:00,16.04
Comox,2025-07-10,5:50:00,16.1
Comox,2025-07-10,6:00:00,16.13
Comox,2025-07-10,6:10:00,16.04
Comox,2025-07-10,6:20:00,15.84
Comox,2025-07-10,6:30:00,15.73
Comox,2025-07-10,6:40:00,15.98
Comox,2025-07-10,6:50:00,16.2
Comox,2025-07-10,7:00:00,16.41
Comox,2025-07-10,7:10:00,16.57
Comox,2025-07-10,7:20:00,16.36
Comox,2025-07-10,7:30:00,16.33
Comox,2025-07-10,7:40:00,16.55
Comox,2025-07-10,7:50:00,16.66
Comox,2025-07-10,8:00:00,16.73
Comox,2025-07-10,8:10:00,16.76
Comox,2025-07-10,8:20:00,16.75
Comox,2025-07-10,8:30:00,16.89
Comox,2025-07-10,8:40:00,16.94
Comox,2025-07-10,8:50:00,16.92
Comox,2025-07-10,9:00:00,16.86
Comox,2025-07-10,9:10:00,16.87
Comox,2025-07-10,9:20:00,16.78
Comox,2025-07-10,9:30:00,16.78
Comox,2025-07-10,9:40:00,16.89
Comox,2025-07-10,9:50:00,16.85
Comox,2025-07-10,10:00:00,16.75
Comox,2025-07-10,10:10:00,16.94
Comox,2025-07-10,10:20:00,17.09
Comox,2025-07-10,10:30:00,17.29
Comox,2025-07-10,10:40:00,17.52
Comox,2025-07-10,10:50:00,17.67
Comox,2025-07-10,11:00:00,17.78
Comox,2025-07-10,11:10:00,17.9
Comox,2025-07-10,11:20:00,17.87
Comox,2025-07-10,11:30:00,17.8
Comox,2025-07-10,11:40:00,17.82
Comox,2025-07-10,11:50:00,17.83
Comox,2025-07-10,12:00:00,17.9
Comox,2025-07-10,12:10:00,18.05
Comox,2025-07-10,12:20:00,18.09
Comox,2025-07-10,12:30:00,18.21
Comox,2025-07-10,12:40:00,18.28
Comox,2025-07-10,12:50:00,18.36
Comox,2025-07-10,13:00:00,18.27
Comox,2025-07-10,13:10:00,18.38
Comox,2025-07-10,13:20:00,18.27
Comox,2025-07-10,13:30:00,18.42
Comox,2025-07-10,13:40:00,18.58
Comox,2025-07-10,13:50:00,18.66
Comox,2025-07-10,14:00:00,18.71
Comox,2025-07-10,14:10:00,18.82
Comox,2025-07-10,14:20:00,18.94
Comox,2025-07-10,14:30:00,18.89
Comox,2025-07-10,14:40:00,18.8
Comox,2025-07-10,14:50:00,18.61
Comox,2025-07-10,15:00:00,18.35
Comox,2025-07-10,15:10:00,18.11
Comox,2025-07-10,15:20:00,17.85
Comox,2025-07-10,15:30:00,17.97
Comox,2025-07-10,15:40:00,18.1
Comox,2025-07-10,15:50:00,18.21
Comox,2025-07-10,16:00:00,18.78
Comox,2025-07-10,16:10:00,18.95
Comox,2025-07-10,16:20:00,18.91
Comox,2025-07-10,16:30:00,18.81
Comox,2025-07-10,16:40:00,18.67
Comox,2025-07-10,16:50:00,18.52
Comox,2025-07-10,17:00:00,18.65
Comox,2025-07-10,17:10:00,18.77
Comox,2025-07-10,17:20:00,18.74
Comox,2025-07-10,17:30:00,18.66
Comox,2025-07-10,17:40:00,18.86
Comox,2025-07-10,17:50:00,18.8
Comox,2025-07-10,18:00:00,18.47
Comox,2025-07-10,18:10:00,18.5
Comox,2025-07-10,18:20:00,18.54
Comox,2025-07-10,18:30:00,18.58
Comox,2025-07-10,18:40:00,18.63
Comox,2025-07-10,18:50:00,18.69
Comox,2025-07-10,19:00:00,18.68
Comox,2025-07-10,19:10:00,18.66
Comox,2025-07-10,19:20:00,18.71
Comox,2025-07-10,19:30:00,18.72
Comox,2025-07-10,19:40:00,18.72
Comox,2025-07-10,19:50:00,18.76
Comox,2025-07-10,20:00:00,18.8
Comox,2025-07-10,20:10:00,18.78
Comox,2025-07-10,20:20:00,18.72
Comox,2025-07-10,20:30:00,18.79
Comox,2025-07-10,20:40:00,18.7
Comox,2025-07-10,20:50:00,18.59
Comox,2025-07-10,21:00:00,18.58
Comox,2025-07-10,21:10:00,18.52
Comox,2025-07-10,21:20:00,18.42
Comox,2025-07-10,21:30:00,18.27
Comox,2025-07-10,21:40:00,18.28
Comox,2025-07-10,21:50:00,18.19
Comox,2025-07-10,22:00:00,18.13
Comox,2025-07-10,22:10:00,18.08
Comox,2025-07-10,22:20:00,18.08
Comox,2025-07-10,22:30:00,18
Comox,2025-07-10,22:40:00,17.88
Comox,2025-07-10,22:50:00,17.83
Comox,2025-07-10,23:00:00,17.76
Comox,2025-07-10,23:10:00,17.74
Comox,2025-07-10,23:20:00,17.7
Comox,2025-07-10,23:30:00,17.66
Comox,2025-07-10,23:40:00,17.58
Comox,2025-07-10,23:50:00,17.55
Comox,2025-07-11,0:00:00,17.64
Comox,2025-07-11,0:10:00,17.66
Comox,2025-07-11,0:20:00,17.64
Comox,2025-07-11,0:30:00,17.56
Comox,2025-07-11,0:40:00,17.43
Comox,2025-07-11,0:50:00,17.44
Comox,2025-07-11,1:00:00,17.47
Comox,2025-07-11,1:10:00,17.61
Comox,2025-07-11,1:20:00,17.64
Comox,2025-07-11,1:30:00,17.61
Comox,2025-07-11,1:40:00,17.5
Comox,2025-07-11,1:50:00,17.43
Comox,2025-07-11,2:00:00,17.36
Comox,2025-07-11,2:10:00,17.3
Comox,2025-07-11,2:20:00,17.24
Comox,2025-07-11,2:30:00,17.08
Comox,2025-07-11,2:40:00,17.04
Comox,2025-07-11,2:50:00,16.99
Comox,2025-07-11,3:00:00,16.77
Comox,2025-07-11,3:10:00,16.63
Comox,2025-07-11,3:20:00,16.67
Comox,2025-07-11,3:30:00,16.51
Comox,2025-07-11,3:40:00,16.4
Comox,2025-07-11,3:50:00,16.3
Comox,2025-07-11,4:00:00,16.3
Comox,2025-07-11,4:10:00,16.3
Comox,2025-07-11,4:20:00,16.63
Comox,2025-07-11,4:30:00,16.55
Comox,2025-07-11,4:40:00,16.48
Comox,2025-07-11,4:50:00,16.4
Comox,2025-07-11,5:00:00,16.32
Comox,2025-07-11,5:10:00,16.19
Comox,2025-07-11,5:20:00,16.04
Comox,2025-07-11,5:30:00,15.99
Comox,2025-07-11,5:40:00,15.97
Comox,2025-07-11,5:50:00,16.08
Comox,2025-07-11,6:00:00,16.18
Comox,2025-07-11,6:10:00,16.24
Comox,2025-07-11,6:20:00,16.4
Comox,2025-07-11,6:30:00,16.48
Comox,2025-07-11,6:40:00,16.41
Comox,2025-07-11,6:50:00,16.46
Comox,2025-07-11,7:00:00,16.55
Comox,2025-07-11,7:10:00,16.59
Comox,2025-07-11,7:20:00,16.58
Comox,2025-07-11,7:30:00,16.66
Comox,2025-07-11,7:40:00,16.73
Comox,2025-07-11,7:50:00,16.78
Comox,2025-07-11,8:00:00,16.84
Comox,2025-07-11,8:10:00,16.9
Comox,2025-07-11,8:20:00,16.94
Comox,2025-07-11,8:30:00,16.93
Comox,2025-07-11,8:40:00,16.8
Comox,2025-07-11,8:50:00,16.9
Comox,2025-07-11,9:00:00,16.96
Comox,2025-07-11,9:10:00,16.98
Comox,2025-07-11,9:20:00,17.04
Comox,2025-07-11,9:30:00,17.03
Comox,2025-07-11,9:40:00,17.03
Comox,2025-07-11,9:50:00,17.31
Comox,2025-07-11,10:00:00,17.38
Comox,2025-07-11,10:10:00,17.34
Comox,2025-07-11,10:20:00,17.36
Comox,2025-07-11,10:30:00,17.49
Comox,2025-07-11,10:40:00,17.46
Comox,2025-07-11,10:50:00,17.63
Comox,2025-07-11,11:00:00,17.89
Comox,2025-07-11,11:10:00,18.07
Comox,2025-07-11,11:20:00,18.02
Comox,2025-07-11,11:30:00,18.27
Comox,2025-07-11,11:40:00,18.33
Comox,2025-07-11,11:50:00,18.36
Comox,2025-07-11,12:00:00,18.34
Comox,2025-07-11,12:10:00,18.4
Comox,2025-07-11,12:20:00,18.46
Comox,2025-07-11,12:30:00,18.46
Comox,2025-07-11,12:40:00,18.62
Comox,2025-07-11,12:50:00,18.67
Comox,2025-07-11,13:00:00,18.76
Comox,2025-07-11,13:10:00,18.69
Comox,2025-07-11,13:20:00,18.74
Comox,2025-07-11,13:30:00,18.8
Comox,2025-07-11,13:40:00,18.89
Comox,2025-07-11,13:50:00,18.96
Comox,2025-07-11,14:00:00,19.01
Comox,2025-07-11,14:10:00,19.04
Comox,2025-07-11,14:20:00,19.12
Comox,2025-07-11,14:30:00,19.21
Comox,2025-07-11,14:40:00,19.22
Comox,2025-07-11,14:50:00,19.14
Comox,2025-07-11,15:00:00,19.22
Comox,2025-07-11,15:10:00,19.22
Comox,2025-07-11,15:20:00,18.92
Comox,2025-07-11,15:30:00,18.62
Comox,2025-07-11,15:40:00,18.34
Comox,2025-07-11,15:50:00,18.3
Comox,2025-07-11,16:00:00,18.41
Comox,2025-07-11,16:10:00,18.73
Comox,2025-07-11,16:20:00,19.18
Comox,2025-07-11,16:30:00,19.58
Comox,2025-07-11,16:40:00,19.92
Comox,2025-07-11,16:50:00,19.58
Comox,2025-07-11,17:00:00,19.35
Comox,2025-07-11,17:10:00,19.02
Comox,2025-07-11,17:20:00,18.91
Comox,2025-07-11,17:30:00,18.96
Comox,2025-07-11,17:40:00,18.95
Comox,2025-07-11,17:50:00,18.89
Comox,2025-07-11,18:00:00,18.82
Comox,2025-07-11,18:10:00,18.76
Comox,2025-07-11,18:20:00,18.86
Comox,2025-07-11,18:30:00,18.64
Comox,2025-07-11,18:40:00,18.55
Comox,2025-07-11,18:50:00,18.64
Comox,2025-07-11,19:00:00,18.72
Comox,2025-07-11,19:10:00,18.56
Comox,2025-07-11,19:20:00,18.57
Comox,2025-07-11,19:30:00,18.56
Comox,2025-07-11,19:40:00,18.7
Comox,2025-07-11,19:50:00,18.48
Comox,2025-07-11,20:00:00,18.3
Comox,2025-07-11,20:10:00,18.47
Comox,2025-07-11,20:20:00,18.55
Comox,2025-07-11,20:30:00,18.43
Comox,2025-07-11,20:40:00,18.49
Comox,2025-07-11,20:50:00,18.47
Comox,2025-07-11,21:00:00,18.29
Comox,2025-07-11,21:10:00,18.28
Comox,2025-07-11,21:20:00,18.35
Comox,2025-07-11,21:30:00,18.25
Comox,2025-07-11,21:40:00,18.33
Comox,2025-07-11,21:50:00,18.29
Comox,2025-07-11,22:00:00,18.26
Comox,2025-07-11,22:10:00,18.25
Comox,2025-07-11,22:20:00,18.23
Comox,2025-07-11,22:30:00,18.18
Comox,2025-07-11,22:40:00,18.13
Comox,2025-07-11,22:50:00,18.11
Comox,2025-07-11,23:00:00,18.08
Comox,2025-07-11,23:10:00,17.97
Comox,2025-07-11,23:20:00,17.81
Comox,2025-07-11,23:30:00,17.7
Comox,2025-07-11,23:40:00,17.58
Comox,2025-07-11,23:50:00,17.7
Comox,2025-07-12,0:00:00,17.76
Comox,2025-07-12,0:10:00,17.52
Comox,2025-07-12,0:20:00,17.49
Comox,2025-07-12,0:30:00,17.39
Comox,2025-07-12,0:40:00,17.43
Comox,2025-07-12,0:50:00,17.44
Comox,2025-07-12,1:00:00,17.46
Comox,2025-07-12,1:10:00,17.46
Comox,2025-07-12,1:20:00,17.53
Comox,2025-07-12,1:30:00,17.55
Comox,2025-07-12,1:40:00,17.56
Comox,2025-07-12,1:50:00,17.67
Comox,2025-07-12,2:00:00,17.66
Comox,2025-07-12,2:10:00,17.58
Comox,2025-07-12,2:20:00,17.53
Comox,2025-07-12,2:30:00,17.23
Comox,2025-07-12,2:40:00,17.11
Comox,2025-07-12,2:50:00,17.03
Comox,2025-07-12,3:00:00,17
Comox,2025-07-12,3:10:00,17.07
Comox,2025-07-12,3:20:00,17.06
Comox,2025-07-12,3:30:00,17.03
Comox,2025-07-12,3:40:00,17.15
Comox,2025-07-12,3:50:00,17.18
Comox,2025-07-12,4:00:00,17.17
Comox,2025-07-12,4:10:00,17.17
Comox,2025-07-12,4:20:00,17.06
Comox,2025-07-12,4:30:00,16.95
Comox,2025-07-12,4:40:00,16.9
Comox,2025-07-12,4:50:00,16.98
Comox,2025-07-12,5:00:00,17.07
Comox,2025-07-12,5:10:00,17.11
Comox,2025-07-12,5:20:00,17.03
Comox,2025-07-12,5:30:00,17
Comox,2025-07-12,5:40:00,17.1
Comox,2025-07-12,5:50:00,17.25
Comox,2025-07-12,6:00:00,17.3
Comox,2025-07-12,6:10:00,17.28
Comox,2025-07-12,6:20:00,17.25
Comox,2025-07-12,6:30:00,17.22
Comox,2025-07-12,6:40:00,17.24
Comox,2025-07-12,6:50:00,17.28
Comox,2025-07-12,7:00:00,17.26
Comox,2025-07-12,7:10:00,17.11
Comox,2025-07-12,7:20:00,17.02
Comox,2025-07-12,7:30:00,17.13
Comox,2025-07-12,7:40:00,17.09
Comox,2025-07-12,7:50:00,17.1
Comox,2025-07-12,8:00:00,17.07
Comox,2025-07-12,8:10:00,16.98
Comox,2025-07-12,8:20:00,16.91
Comox,2025-07-12,8:30:00,16.89
Comox,2025-07-12,8:40:00,16.86
Comox,2025-07-12,8:50:00,16.9
Comox,2025-07-12,9:00:00,16.82
Comox,2025-07-12,9:10:00,16.9
Comox,2025-07-12,9:20:00,16.82
Comox,2025-07-12,9:30:00,17.45
Comox,2025-07-12,9:40:00,17.69
Comox,2025-07-12,9:50:00,17.7
Comox,2025-07-12,10:00:00,17.95
Comox,2025-07-12,10:10:00,18.13
Comox,2025-07-12,10:20:00,18.03
Comox,2025-07-12,10:30:00,18.07
Comox,2025-07-12,10:40:00,18.11
Comox,2025-07-12,10:50:00,18.21
Comox,2025-07-12,11:00:00,18.41
Comox,2025-07-12,11:10:00,18.37
Comox,2025-07-12,11:20:00,18.22
Comox,2025-07-12,11:30:00,18.11
Comox,2025-07-12,11:40:00,17.97
Comox,2025-07-12,11:50:00,18.15
Comox,2025-07-12,12:00:00,18.02
Comox,2025-07-12,12:10:00,18.04
Comox,2025-07-12,12:20:00,18.04
Comox,2025-07-12,12:30:00,18.07
Comox,2025-07-12,12:40:00,18.06
Comox,2025-07-12,12:50:00,18.17
Comox,2025-07-12,13:00:00,18.42
Comox,2025-07-12,13:10:00,18.67
Comox,2025-07-12,13:20:00,18.74
Comox,2025-07-12,13:30:00,18.84
Comox,2025-07-12,13:40:00,18.86
Comox,2025-07-12,13:50:00,18.83
Comox,2025-07-12,14:00:00,18.82
Comox,2025-07-12,14:10:00,18.81
Comox,2025-07-12,14:20:00,18.88
Comox,2025-07-12,14:30:00,18.86
Comox,2025-07-12,14:40:00,18.89
Comox,2025-07-12,14:50:00,18.76
Comox,2025-07-12,15:00:00,18.78
Comox,2025-07-12,15:10:00,19.07
Comox,2025-07-12,15:20:00,19.21
Comox,2025-07-12,15:30:00,19.22
Comox,2025-07-12,15:40:00,19.75
Comox,2025-07-12,15:50:00,19.65
Comox,2025-07-12,16:00:00,19.51
Comox,2025-07-12,16:10:00,19.18
Comox,2025-07-12,16:20:00,18.98
Comox,2025-07-12,16:30:00,18.61
Comox,2025-07-12,16:40:00,18.68
Comox,2025-07-12,16:50:00,18.71
Comox,2025-07-12,17:00:00,19.92
Comox,2025-07-12,17:10:00,20.39
Comox,2025-07-12,17:20:00,20.05
Comox,2025-07-12,17:30:00,19.81
Comox,2025-07-12,17:40:00,19.65
Comox,2025-07-12,17:50:00,19.82
Comox,2025-07-12,18:00:00,20.04
Comox,2025-07-12,18:10:00,19.83
Comox,2025-07-12,18:20:00,19.89
Comox,2025-07-12,18:30:00,19.74
Comox,2025-07-12,18:40:00,19.8
Comox,2025-07-12,18:50:00,19.92
Comox,2025-07-12,19:00:00,19.66
Comox,2025-07-12,19:10:00,19.72
Comox,2025-07-12,19:20:00,19.56
Comox,2025-07-12,19:30:00,19.46
Comox,2025-07-12,19:40:00,19.61
Comox,2025-07-12,19:50:00,19.54
Comox,2025-07-12,20:00:00,19.65
Comox,2025-07-12,20:10:00,19.36
Comox,2025-07-12,20:20:00,19.41
Comox,2025-07-12,20:30:00,19.38
Comox,2025-07-12,20:40:00,19.25
Comox,2025-07-12,20:50:00,19.18
Comox,2025-07-12,21:00:00,19.16
Comox,2025-07-12,21:10:00,18.98
Comox,2025-07-12,21:20:00,18.92
Comox,2025-07-12,21:30:00,18.85
Comox,2025-07-12,21:40:00,18.81
Comox,2025-07-12,21:50:00,18.76
Comox,2025-07-12,22:00:00,18.69
Comox,2025-07-12,22:10:00,18.68
Comox,2025-07-12,22:20:00,18.58
Comox,2025-07-12,22:30:00,18.66
Comox,2025-07-12,22:40:00,18.73
Comox,2025-07-12,22:50:00,18.88
Comox,2025-07-12,23:00:00,18.82
Comox,2025-07-12,23:10:00,18.76
Comox,2025-07-12,23:20:00,18.76
Comox,2025-07-12,23:30:00,18.68
Comox,2025-07-12,23:40:00,18.65
Comox,2025-07-12,23:50:00,18.62
Comox,2025-07-13,0:00:00,18.61
Comox,2025-07-13,0:10:00,18.64
Comox,2025-07-13,0:20:00,18.58
Comox,2025-07-13,0:30:00,18.62
Comox,2025-07-13,0:40:00,18.63
Comox,2025-07-13,0:50:00,18.65
Comox,2025-07-13,1:00:00,18.64
Comox,2025-07-13,1:10:00,18.58
Comox,2025-07-13,1:20:00,18.53
Comox,2025-07-13,1:30:00,18.51
Comox,2025-07-13,1:40:00,18.51
Comox,2025-07-13,1:50:00,18.48
Comox,2025-07-13,2:00:00,18.46
Comox,2025-07-13,2:10:00,18.41
Comox,2025-07-13,2:20:00,18.37
Comox,2025-07-13,2:30:00,18.35
Comox,2025-07-13,2:40:00,18.38
Comox,2025-07-13,2:50:00,18.38
Comox,2025-07-13,3:00:00,18.38
Comox,2025-07-13,3:10:00,18.35
Comox,2025-07-13,3:20:00,18.36
Comox,2025-07-13,3:30:00,18.33
Comox,2025-07-13,3:40:00,18.37
Comox,2025-07-13,3:50:00,18.36
Comox,2025-07-13,4:00:00,18.35
Comox,2025-07-13,4:10:00,18.33
Comox,2025-07-13,4:20:00,18.33
Comox,2025-07-13,4:30:00,18.27
Comox,2025-07-13,4:40:00,18.23
Comox,2025-07-13,4:50:00,18.13
Comox,2025-07-13,5:00:00,17.99
Comox,2025-07-13,5:10:00,17.94
Comox,2025-07-13,5:20:00,18
Comox,2025-07-13,5:30:00,18.07
Comox,2025-07-13,5:40:00,18.12
Comox,2025-07-13,5:50:00,18.11
Comox,2025-07-13,6:00:00,18.1
Comox,2025-07-13,6:10:00,18.03
Comox,2025-07-13,6:20:00,18.02
Comox,2025-07-13,6:30:00,17.99
Comox,2025-07-13,6:40:00,18.02
Comox,2025-07-13,6:50:00,17.94
Comox,2025-07-13,7:00:00,17.91
Comox,2025-07-13,7:10:00,17.79
Comox,2025-07-13,7:20:00,17.82
Comox,2025-07-13,7:30:00,17.93
Comox,2025-07-13,7:40:00,18.06
Comox,2025-07-13,7:50:00,18.18
Comox,2025-07-13,8:00:00,18.23
Comox,2025-07-13,8:10:00,18.32
Comox,2025-07-13,8:20:00,18.38
Comox,2025-07-13,8:30:00,18.47
Comox,2025-07-13,8:40:00,18.48
Comox,2025-07-13,8:50:00,18.47
Comox,2025-07-13,9:00:00,18.42
Comox,2025-07-13,9:10:00,18.42
Comox,2025-07-13,9:20:00,18.54
Comox,2025-07-13,9:30:00,18.97
Comox,2025-07-13,9:40:00,19
Comox,2025-07-13,9:50:00,19.02
Comox,2025-07-13,10:00:00,19.1
Comox,2025-07-13,10:10:00,19.01
Comox,2025-07-13,10:20:00,19.06
Comox,2025-07-13,10:30:00,19.14
Comox,2025-07-13,10:40:00,19.22
Comox,2025-07-13,10:50:00,19.17
Comox,2025-07-13,11:00:00,19.04
Comox,2025-07-13,11:10:00,18.99
Comox,2025-07-13,11:20:00,19.06
Comox,2025-07-13,11:30:00,19.42
Comox,2025-07-13,11:40:00,19.61
Comox,2025-07-13,11:50:00,19.73
Comox,2025-07-13,12:00:00,19.82
Comox,2025-07-13,12:10:00,19.96
Comox,2025-07-13,12:20:00,20.05
Comox,2025-07-13,12:30:00,20.11
Comox,2025-07-13,12:40:00,20.32
Comox,2025-07-13,12:50:00,20.59
Comox,2025-07-13,13:00:00,20.69
Comox,2025-07-13,13:10:00,20.81
Comox,2025-07-13,13:20:00,20.87
Comox,2025-07-13,13:30:00,20.9
Comox,2025-07-13,13:40:00,20.95
Comox,2025-07-13,13:50:00,21.06
Comox,2025-07-13,14:00:00,21.1
Comox,2025-07-13,14:10:00,21.05
Comox,2025-07-13,14:20:00,21.01
Comox,2025-07-13,14:30:00,21.05
Comox,2025-07-13,14:40:00,21
Comox,2025-07-13,14:50:00,21.02
Comox,2025-07-13,15:00:00,20.87
Comox,2025-07-13,15:10:00,20.79
Comox,2025-07-13,15:20:00,20.77
Comox,2025-07-13,15:30:00,20.61
Comox,2025-07-13,15:40:00,20.57
Comox,2025-07-13,15:50:00,20.47
Comox,2025-07-13,16:00:00,20.58
Comox,2025-07-13,16:10:00,20.75
Comox,2025-07-13,16:20:00,20.92
Comox,2025-07-13,16:30:00,20.8
Comox,2025-07-13,16:40:00,20.54
Comox,2025-07-13,16:50:00,20.46
Comox,2025-07-13,17:00:00,20.02
Comox,2025-07-13,17:10:00,20.73
Comox,2025-07-13,17:20:00,20.94
Comox,2025-07-13,17:30:00,20.68
Comox,2025-07-13,17:40:00,19.99
Comox,2025-07-13,17:50:00,19.99
Comox,2025-07-13,18:00:00,20.43
Comox,2025-07-13,18:10:00,20.37
Comox,2025-07-13,18:20:00,20.6
Comox,2025-07-13,18:30:00,20.45
Comox,2025-07-13,18:40:00,20.35
Comox,2025-07-13,18:50:00,20.2
Comox,2025-07-13,19:00:00,20.41
Comox,2025-07-13,19:10:00,20.5
Comox,2025-07-13,19:20:00,20.54
Comox,2025-07-13,19:30:00,20.21
Comox,2025-07-13,19:40:00,20.16
Comox,2025-07-13,19:50:00,20.32
Comox,2025-07-13,20:00:00,20.24
Comox,2025-07-13,20:10:00,20.2
Comox,2025-07-13,20:20:00,20.17
Comox,2025-07-13,20:30:00,20.17
Comox,2025-07-13,20:40:00,20.1
Comox,2025-07-13,20:50:00,20
Comox,2025-07-13,21:00:00,19.95
Comox,2025-07-13,21:10:00,19.94
Comox,2025-07-13,21:20:00,19.87
Comox,2025-07-13,21:30:00,20.01
Comox,2025-07-13,21:40:00,19.97
Comox,2025-07-13,21:50:00,19.95
Comox,2025-07-13,22:00:00,19.92
Comox,2025-07-13,22:10:00,19.95
Comox,2025-07-13,22:20:00,19.92
Comox,2025-07-13,22:30:00,19.95
Comox,2025-07-13,22:40:00,19.89
Comox,2025-07-13,22:50:00,19.79
Comox,2025-07-13,23:00:00,19.72
Comox,2025-07-13,23:10:00,19.74
Comox,2025-07-13,23:20:00,19.71
Comox,2025-07-13,23:30:00,19.74
Comox,2025-07-13,23:40:00,19.59
Comox,2025-07-13,23:50:00,19.54
Comox,2025-07-14,0:00:00,19.48
Comox,2025-07-14,0:10:00,19.66
Comox,2025-07-14,0:20:00,19.59
Comox,2025-07-14,0:30:00,19.6
Comox,2025-07-14,0:40:00,19.56
Comox,2025-07-14,0:50:00,19.63
Comox,2025-07-14,1:00:00,19.61
Comox,2025-07-14,1:10:00,19.67
Comox,2025-07-14,1:20:00,19.71
Comox,2025-07-14,1:30:00,19.77
Comox,2025-07-14,1:40:00,19.81
Comox,2025-07-14,1:50:00,19.77
Comox,2025-07-14,2:00:00,19.75
Comox,2025-07-14,2:10:00,19.72
Comox,2025-07-14,2:20:00,19.72
Comox,2025-07-14,2:30:00,19.69
Comox,2025-07-14,2:40:00,19.67
Comox,2025-07-14,2:50:00,19.63
Comox,2025-07-14,3:00:00,19.66
Comox,2025-07-14,3:10:00,19.61
Comox,2025-07-14,3:20:00,19.6
Comox,2025-07-14,3:30:00,19.57
Comox,2025-07-14,3:40:00,19.56
Comox,2025-07-14,3:50:00,19.56
Comox,2025-07-14,4:00:00,19.57
Comox,2025-07-14,4:10:00,19.55
Comox,2025-07-14,4:20:00,19.55
Comox,2025-07-14,4:30:00,19.61
Comox,2025-07-14,4:40:00,19.52
Comox,2025-07-14,4:50:00,19.52
Comox,2025-07-14,5:00:00,19.46
Comox,2025-07-14,5:10:00,19.31
Comox,2025-07-14,5:20:00,19.22
Comox,2025-07-14,5:30:00,19.22
Comox,2025-07-14,5:40:00,19.14
Comox,2025-07-14,5:50:00,19.17
Comox,2025-07-14,6:00:00,19.11
Comox,2025-07-14,6:10:00,19.15
Comox,2025-07-14,6:20:00,19.14
Comox,2025-07-14,6:30:00,19.01
Comox,2025-07-14,6:40:00,19
Comox,2025-07-14,6:50:00,18.94
Comox,2025-07-14,7:00:00,18.86
Comox,2025-07-14,7:10:00,18.78
Comox,2025-07-14,7:20:00,18.8
Comox,2025-07-14,7:30:00,18.83
Comox,2025-07-14,7:40:00,18.85
Comox,2025-07-14,7:50:00,18.83
Comox,2025-07-14,8:00:00,18.81
Comox,2025-07-14,8:10:00,18.8
Comox,2025-07-14,8:20:00,18.79
Comox,2025-07-14,8:30:00,18.8
Comox,2025-07-14,8:40:00,18.8
Comox,2025-07-14,8:50:00,18.81
Comox,2025-07-14,9:00:00,18.82
Comox,2025-07-14,9:10:00,18.84
Comox,2025-07-14,9:20:00,18.88
Comox,2025-07-14,9:30:00,19.27
Comox,2025-07-14,9:40:00,19.3
Comox,2025-07-14,9:50:00,19.3
Comox,2025-07-14,10:00:00,19.35
Comox,2025-07-14,10:10:00,19.31
Comox,2025-07-14,10:20:00,19.33
Comox,2025-07-14,10:30:00,19.33
Comox,2025-07-14,10:40:00,19.27
Comox,2025-07-14,10:50:00,19.32
Comox,2025-07-14,11:00:00,19.36
Comox,2025-07-14,11:10:00,19.43
Comox,2025-07-14,11:20:00,19.51
Comox,2025-07-14,11:30:00,19.59
Comox,2025-07-14,11:40:00,19.52
Comox,2025-07-14,11:50:00,19.55
Comox,2025-07-14,12:00:00,19.6
Comox,2025-07-14,12:10:00,19.67
Comox,2025-07-14,12:20:00,19.79
Comox,2025-07-14,12:30:00,19.81
Comox,2025-07-14,12:40:00,19.75
Comox,2025-07-14,12:50:00,19.69
Comox,2025-07-14,13:00:00,19.69
Comox,2025-07-14,13:10:00,19.73
Comox,2025-07-14,13:20:00,19.8
Comox,2025-07-14,13:30:00,19.86
Comox,2025-07-14,13:40:00,19.89
Comox,2025-07-14,13:50:00,20.05
Comox,2025-07-14,14:00:00,19.96
Comox,2025-07-14,14:10:00,19.69
Comox,2025-07-14,14:20:00,19.85
Comox,2025-07-14,14:30:00,20.01
Comox,2025-07-14,14:40:00,20.02
Comox,2025-07-14,14:50:00,20.1
Comox,2025-07-14,15:00:00,20.65
Comox,2025-07-14,15:10:00,20.6
Comox,2025-07-14,15:20:00,20.42
Comox,2025-07-14,15:30:00,20.53
Comox,2025-07-14,15:40:00,20.45
Comox,2025-07-14,15:50:00,20.11
Comox,2025-07-14,16:00:00,19.86
Comox,2025-07-14,16:10:00,19.66
Comox,2025-07-14,16:20:00,19.67
Comox,2025-07-14,16:30:00,19.87
Comox,2025-07-14,16:40:00,20.03
Comox,2025-07-14,16:50:00,19.94
Comox,2025-07-14,17:00:00,20.01
Comox,2025-07-14,17:10:00,19.9
Comox,2025-07-14,17:20:00,19.95
Comox,2025-07-14,17:30:00,20.05
Comox,2025-07-14,17:40:00,19.97
Comox,2025-07-14,17:50:00,19.72
Comox,2025-07-14,18:00:00,20.05
Comox,2025-07-14,18:10:00,20.11
Comox,2025-07-14,18:20:00,20.14
Comox,2025-07-14,18:30:00,19.87
Comox,2025-07-14,18:40:00,19.81
Comox,2025-07-14,18:50:00,20.22
Comox,2025-07-14,19:00:00,20.18
Comox,2025-07-14,19:10:00,19.95
Comox,2025-07-14,19:20:00,19.83
Comox,2025-07-14,19:30:00,19.95
Comox,2025-07-14,19:40:00,20.06
Comox,2025-07-14,19:50:00,19.98
Comox,2025-07-14,20:00:00,19.87
Comox,2025-07-14,20:10:00,19.77
Comox,2025-07-14,20:20:00,19.84
Comox,2025-07-14,20:30:00,19.82
Comox,2025-07-14,20:40:00,19.72
Comox,2025-07-14,20:50:00,19.69
Comox,2025-07-14,21:00:00,19.67
Comox,2025-07-14,21:10:00,19.69
Comox,2025-07-14,21:20:00,19.69
Comox,2025-07-14,21:30:00,19.62
Comox,2025-07-14,21:40:00,19.58
Comox,2025-07-14,21:50:00,19.43
Comox,2025-07-14,22:00:00,19.3
Comox,2025-07-14,22:10:00,19.21
Comox,2025-07-14,22:20:00,19.13
Comox,2025-07-14,22:30:00,19.18
Comox,2025-07-14,22:40:00,19.17
Comox,2025-07-14,22:50:00,19.16
Comox,2025-07-14,23:00:00,19.21
Comox,2025-07-14,23:10:00,19.15
Comox,2025-07-14,23:20:00,19.13
Comox,2025-07-14,23:30:00,19.11
Comox,2025-07-14,23:40:00,19.09
Comox,2025-07-14,23:50:00,19.08
Comox,2025-07-15,0:00:00,19.07
Comox,2025-07-15,0:10:00,19.08
Comox,2025-07-15,0:20:00,19.04
Comox,2025-07-15,0:30:00,19.06
Comox,2025-07-15,0:40:00,19.04
Comox,2025-07-15,0:50:00,19.03
Comox,2025-07-15,1:00:00,19.03
Comox,2025-07-15,1:10:00,19.03
Comox,2025-07-15,1:20:00,19.03
Comox,2025-07-15,1:30:00,18.99
Comox,2025-07-15,1:40:00,19.03
Comox,2025-07-15,1:50:00,19.01
Comox,2025-07-15,2:00:00,19.02
Comox,2025-07-15,2:10:00,18.99
Comox,2025-07-15,2:20:00,19.01
Comox,2025-07-15,2:30:00,18.98
Comox,2025-07-15,2:40:00,18.97
Comox,2025-07-15,2:50:00,18.98
Comox,2025-07-15,3:00:00,18.98
Comox,2025-07-15,3:10:00,18.95
Comox,2025-07-15,3:20:00,18.93
Comox,2025-07-15,3:30:00,18.94
Comox,2025-07-15,3:40:00,19
Comox,2025-07-15,3:50:00,19.01
Comox,2025-07-15,4:00:00,19.02
Comox,2025-07-15,4:10:00,19
Comox,2025-07-15,4:20:00,19.01
Comox,2025-07-15,4:30:00,18.99
Comox,2025-07-15,4:40:00,18.98
Comox,2025-07-15,4:50:00,18.94
Comox,2025-07-15,5:00:00,18.93
Comox,2025-07-15,5:10:00,18.99
Comox,2025-07-15,5:20:00,19.03
Comox,2025-07-15,5:30:00,19.07
Comox,2025-07-15,5:40:00,19.07
Comox,2025-07-15,5:50:00,19.06
Comox,2025-07-15,6:00:00,19.02
Comox,2025-07-15,6:10:00,19.04
Comox,2025-07-15,6:20:00,19
Comox,2025-07-15,6:30:00,19.02
Comox,2025-07-15,6:40:00,18.98
Comox,2025-07-15,6:50:00,19
Comox,2025-07-15,7:00:00,18.98
Comox,2025-07-15,7:10:00,18.98
Comox,2025-07-15,7:20:00,18.97
Comox,2025-07-15,7:30:00,18.95
Comox,2025-07-15,7:40:00,18.85
Comox,2025-07-15,7:50:00,18.83
Comox,2025-07-15,8:00:00,18.84
Comox,2025-07-15,8:10:00,18.87
Comox,2025-07-15,8:20:00,18.88
Comox,2025-07-15,8:30:00,18.89
Comox,2025-07-15,8:40:00,18.91
Comox,2025-07-15,8:50:00,18.92
Comox,2025-07-15,9:00:00,18.91
Comox,2025-07-15,9:10:00,18.96
Comox,2025-07-15,9:20:00,18.96
Comox,2025-07-15,9:30:00,19.38
Comox,2025-07-15,9:40:00,19.48
Comox,2025-07-15,9:50:00,19.46
Comox,2025-07-15,10:00:00,19.43
Comox,2025-07-15,10:10:00,19.44
Comox,2025-07-15,10:20:00,19.47
Comox,2025-07-15,10:30:00,19.54
Comox,2025-07-15,10:40:00,19.48
Comox,2025-07-15,10:50:00,19.42
Comox,2025-07-15,11:00:00,19.43
Comox,2025-07-15,11:10:00,19.43
Comox,2025-07-15,11:20:00,19.43
Comox,2025-07-15,11:30:00,19.59
Comox,2025-07-15,11:40:00,19.41
Comox,2025-07-15,11:50:00,19.45
Comox,2025-07-15,12:00:00,19.45
Comox,2025-07-15,12:10:00,19.61
Comox,2025-07-15,12:20:00,19.73
Comox,2025-07-15,12:30:00,19.92
Comox,2025-07-15,12:40:00,20.17
Comox,2025-07-15,12:50:00,20.43
Comox,2025-07-15,13:00:00,20.54
Comox,2025-07-15,13:10:00,20.77
Comox,2025-07-15,13:20:00,20.79
Comox,2025-07-15,13:30:00,20.85
Comox,2025-07-15,13:40:00,20.91
Comox,2025-07-15,13:50:00,21.09
Comox,2025-07-15,14:00:00,21.11
Comox,2025-07-15,14:10:00,21.28
Comox,2025-07-15,14:20:00,21.37
Comox,2025-07-15,14:30:00,21.42
Comox,2025-07-15,14:40:00,21.64
Comox,2025-07-15,14:50:00,21.65
Comox,2025-07-15,15:00:00,21.81
Comox,2025-07-15,15:10:00,21.89
Comox,2025-07-15,15:20:00,21.82
Comox,2025-07-15,15:30:00,21.99
Comox,2025-07-15,15:40:00,22.11
Comox,2025-07-15,15:50:00,21.9
Comox,2025-07-15,16:00:00,21.85
Comox,2025-07-15,16:10:00,21.9
Comox,2025-07-15,16:20:00,21.81
Comox,2025-07-15,16:30:00,21.79
Comox,2025-07-15,16:40:00,21.79
Comox,2025-07-15,16:50:00,21.81
Comox,2025-07-15,17:00:00,21.76
Comox,2025-07-15,17:10:00,21.68
Comox,2025-07-15,17:20:00,21.52
Comox,2025-07-15,17:30:00,21.64
Comox,2025-07-15,17:40:00,21.51
Comox,2025-07-15,17:50:00,21.27
Comox,2025-07-15,18:00:00,20.8
Comox,2025-07-15,18:10:00,20.69
Comox,2025-07-15,18:20:00,20.9
Comox,2025-07-15,18:30:00,21.05
Comox,2025-07-15,18:40:00,21.05
Comox,2025-07-15,18:50:00,21.24
Comox,2025-07-15,19:00:00,21.1
Comox,2025-07-15,19:10:00,20.92
Comox,2025-07-15,19:20:00,21.33
Comox,2025-07-15,19:30:00,21.46
Comox,2025-07-15,19:40:00,21.39
Comox,2025-07-15,19:50:00,21.35
Comox,2025-07-15,20:00:00,21.46
Comox,2025-07-15,20:10:00,21.61
Comox,2025-07-15,20:20:00,21.32
Comox,2025-07-15,20:30:00,21.34
Comox,2025-07-15,20:40:00,21.33
Comox,2025-07-15,20:50:00,21.31
Comox,2025-07-15,21:00:00,21.28
Comox,2025-07-15,21:10:00,21.37
Comox,2025-07-15,21:20:00,21.4
Comox,2025-07-15,21:30:00,21.22
Comox,2025-07-15,21:40:00,21.23
Comox,2025-07-15,21:50:00,21.15
Comox,2025-07-15,22:00:00,21.06
Comox,2025-07-15,22:10:00,20.99
Comox,2025-07-15,22:20:00,20.92
Comox,2025-07-15,22:30:00,20.88
Comox,2025-07-15,22:40:00,20.8
Comox,2025-07-15,22:50:00,20.71
Comox,2025-07-15,23:00:00,20.75
Comox,2025-07-15,23:10:00,20.72
Comox,2025-07-15,23:20:00,20.74
Comox,2025-07-15,23:30:00,20.71
Comox,2025-07-15,23:40:00,20.61
Comox,2025-07-15,23:50:00,20.59
Comox,2025-07-16,0:00:00,20.6
Comox,2025-07-16,0:10:00,20.51
Comox,2025-07-16,0:20:00,20.46
Comox,2025-07-16,0:30:00,20.62
Comox,2025-07-16,0:40:00,20.58
Comox,2025-07-16,0:50:00,20.58
Comox,2025-07-16,1:00:00,20.6
Comox,2025-07-16,1:10:00,20.56
Comox,2025-07-16,1:20:00,20.58
Comox,2025-07-16,1:30:00,20.61
Comox,2025-07-16,1:40:00,20.56
Comox,2025-07-16,1:50:00,20.56
Comox,2025-07-16,2:00:00,20.56
Comox,2025-07-16,2:10:00,20.58
Comox,2025-07-16,2:20:00,20.62
Comox,2025-07-16,2:30:00,20.61
Comox,2025-07-16,2:40:00,20.59
Comox,2025-07-16,2:50:00,20.53
Comox,2025-07-16,3:00:00,20.47
Comox,2025-07-16,3:10:00,20.47
Comox,2025-07-16,3:20:00,20.5
Comox,2025-07-16,3:30:00,20.5
Comox,2025-07-16,3:40:00,20.49
Comox,2025-07-16,3:50:00,20.5
Comox,2025-07-16,4:00:00,20.45
Comox,2025-07-16,4:10:00,20.47
Comox,2025-07-16,4:20:00,20.47
Comox,2025-07-16,4:30:00,20.46
Comox,2025-07-16,4:40:00,20.49
Comox,2025-07-16,4:50:00,20.47
Comox,2025-07-16,5:00:00,20.39
Comox,2025-07-16,5:10:00,20.25
Comox,2025-07-16,5:20:00,20.16
Comox,2025-07-16,5:30:00,20.21
Comox,2025-07-16,5:40:00,20.18
Comox,2025-07-16,5:50:00,20.18
Comox,2025-07-16,6:00:00,20.18
Comox,2025-07-16,6:10:00,20.25
Comox,2025-07-16,6:20:00,20.1
Comox,2025-07-16,6:30:00,19.4
Comox,2025-07-16,6:40:00,19.54
Comox,2025-07-16,6:50:00,19.31
Comox,2025-07-16,7:00:00,19.42
Comox,2025-07-16,7:10:00,19.5
Comox,2025-07-16,7:20:00,19.79
Comox,2025-07-16,7:30:00,20.04
Comox,2025-07-16,7:40:00,19.89
Comox,2025-07-16,7:50:00,19.62
Comox,2025-07-16,8:00:00,19.8
Comox,2025-07-16,8:10:00,19.69
Comox,2025-07-16,8:20:00,19.72
Comox,2025-07-16,8:30:00,19.75
Comox,2025-07-16,8:40:00,19.81
Comox,2025-07-16,8:50:00,19.84
Comox,2025-07-16,9:00:00,19.83
Comox,2025-07-16,9:10:00,19.87
Comox,2025-07-16,9:20:00,19.95
Comox,2025-07-16,9:30:00,20.32
Comox,2025-07-16,9:40:00,20.4
Comox,2025-07-16,9:50:00,20.46
Comox,2025-07-16,10:00:00,20.51
Comox,2025-07-16,10:10:00,20.51
Comox,2025-07-16,10:20:00,20.5
Comox,2025-07-16,10:30:00,20.54
Comox,2025-07-16,10:40:00,20.53
Comox,2025-07-16,10:50:00,20.56
Comox,2025-07-16,11:00:00,20.47
Comox,2025-07-16,11:10:00,20.48
Comox,2025-07-16,11:20:00,20.6
Comox,2025-07-16,11:30:00,20.77
Comox,2025-07-16,11:40:00,20.74
Comox,2025-07-16,11:50:00,20.66
Comox,2025-07-16,12:00:00,20.61
Comox,2025-07-16,12:10:00,20.75
Comox,2025-07-16,12:20:00,20.76
Comox,2025-07-16,12:30:00,20.75
Comox,2025-07-16,12:40:00,20.78
Comox,2025-07-16,12:50:00,20.83
Comox,2025-07-16,13:00:00,20.8
Comox,2025-07-16,13:10:00,20.91
Comox,2025-07-16,13:20:00,21.04
Comox,2025-07-16,13:30:00,21.01
Comox,2025-07-16,13:40:00,21.07
Comox,2025-07-16,13:50:00,21.15
Comox,2025-07-16,14:00:00,21.24
Comox,2025-07-16,14:10:00,21.3
Comox,2025-07-16,14:20:00,21.3
Comox,2025-07-16,14:30:00,21.28
Comox,2025-07-16,14:40:00,21.25
Comox,2025-07-16,14:50:00,21.32
Comox,2025-07-16,15:00:00,21.25
Comox,2025-07-16,15:10:00,21.23
Comox,2025-07-16,15:20:00,21.29
Comox,2025-07-16,15:30:00,21.23
Comox,2025-07-16,15:40:00,21.3
Comox,2025-07-16,15:50:00,21.22
Comox,2025-07-16,16:00:00,21.34
Comox,2025-07-16,16:10:00,21.25
Comox,2025-07-16,16:20:00,21.09
Comox,2025-07-16,16:30:00,21.05
Comox,2025-07-16,16:40:00,21.11
Comox,2025-07-16,16:50:00,21.08
Comox,2025-07-16,17:00:00,21.07
Comox,2025-07-16,17:10:00,21.06
Comox,2025-07-16,17:20:00,21.03
Comox,2025-07-16,17:30:00,20.94
Comox,2025-07-16,17:40:00,20.87
Comox,2025-07-16,17:50:00,20.79
Comox,2025-07-16,18:00:00,20.71
Comox,2025-07-16,18:10:00,20.77
Comox,2025-07-16,18:20:00,20.75
Comox,2025-07-16,18:30:00,20.66
Comox,2025-07-16,18:40:00,20.74
Comox,2025-07-16,18:50:00,20.79
Comox,2025-07-16,19:00:00,20.63
Comox,2025-07-16,19:10:00,20.41
Comox,2025-07-16,19:20:00,20.07
Comox,2025-07-16,19:30:00,20.32
Comox,2025-07-16,19:40:00,20.42
Comox,2025-07-16,19:50:00,20.53
Comox,2025-07-16,20:00:00,20.26
Comox,2025-07-16,20:10:00,19.86
Comox,2025-07-16,20:20:00,19.69
Comox,2025-07-16,20:30:00,19.99
Comox,2025-07-16,20:40:00,20.39
Comox,2025-07-16,20:50:00,20.3
Comox,2025-07-16,21:00:00,20.14
Comox,2025-07-16,21:10:00,19.94
Comox,2025-07-16,21:20:00,19.74
Comox,2025-07-16,21:30:00,19.72
Comox,2025-07-16,21:40:00,19.7
Comox,2025-07-16,21:50:00,19.73
Comox,2025-07-16,22:00:00,19.8
Comox,2025-07-16,22:10:00,19.82
Comox,2025-07-16,22:20:00,19.8
Comox,2025-07-16,22:30:00,19.82
Comox,2025-07-16,22:40:00,19.79
Comox,2025-07-16,22:50:00,19.8
Comox,2025-07-16,23:00:00,19.76
Comox,2025-07-16,23:10:00,19.58
Comox,2025-07-16,23:20:00,19.68
Comox,2025-07-16,23:30:00,19.57
Comox,2025-07-16,23:40:00,19.52
Comox,2025-07-16,23:50:00,19.43
Comox,2025-07-17,0:00:00,19.52
Comox,2025-07-17,0:10:00,19.54
Comox,2025-07-17,0:20:00,19.66
Comox,2025-07-17,0:30:00,19.57
Comox,2025-07-17,0:40:00,19.38
Comox,2025-07-17,0:50:00,19.23
Comox,2025-07-17,1:00:00,19.2
Comox,2025-07-17,1:10:00,19.25
Comox,2025-07-17,1:20:00,19.33
Comox,2025-07-17,1:30:00,19.31
Comox,2025-07-17,1:40:00,19.32
Comox,2025-07-17,1:50:00,19.45
Comox,2025-07-17,2:00:00,19.43
Comox,2025-07-17,2:10:00,19.44
Comox,2025-07-17,2:20:00,19.43
Comox,2025-07-17,2:30:00,19.4
Comox,2025-07-17,2:40:00,19.4
Comox,2025-07-17,2:50:00,19.38
Comox,2025-07-17,3:00:00,19.35
Comox,2025-07-17,3:10:00,19.32
Comox,2025-07-17,3:20:00,19.32
Comox,2025-07-17,3:30:00,19.36
Comox,2025-07-17,3:40:00,19.39
Comox,2025-07-17,3:50:00,19.33
Comox,2025-07-17,4:00:00,19.47
Comox,2025-07-17,4:10:00,19.45
Comox,2025-07-17,4:20:00,19.44
Comox,2025-07-17,4:30:00,19.46
Comox,2025-07-17,4:40:00,19.41
Comox,2025-07-17,4:50:00,19.46
Comox,2025-07-17,5:00:00,19.45
Comox,2025-07-17,5:10:00,19.42
Comox,2025-07-17,5:20:00,19.45
Comox,2025-07-17,5:30:00,19.48
Comox,2025-07-17,5:40:00,19.45
Comox,2025-07-17,5:50:00,19.45
Comox,2025-07-17,6:00:00,19.42
Comox,2025-07-17,6:10:00,19.45
Comox,2025-07-17,6:20:00,19.48
Comox,2025-07-17,6:30:00,19.43
Comox,2025-07-17,6:40:00,19.38
Comox,2025-07-17,6:50:00,19.35
Comox,2025-07-17,7:00:00,19.3
Comox,2025-07-17,7:10:00,19.23
Comox,2025-07-17,7:20:00,19.2
Comox,2025-07-17,7:30:00,19.29
Comox,2025-07-17,7:40:00,19.32
Comox,2025-07-17,7:50:00,19.22
Comox,2025-07-17,8:00:00,19.27
Comox,2025-07-17,8:10:00,19.21
Comox,2025-07-17,8:20:00,19.27
Comox,2025-07-17,8:30:00,19.32
Comox,2025-07-17,8:40:00,19.3
Comox,2025-07-17,8:50:00,19.26
Comox,2025-07-17,9:00:00,19.14
Comox,2025-07-17,9:10:00,19.18
Comox,2025-07-17,9:20:00,19.22
Comox,2025-07-17,9:30:00,19.54
Comox,2025-07-17,9:40:00,19.67
Comox,2025-07-17,9:50:00,19.63
Comox,2025-07-17,10:00:00,19.69
Comox,2025-07-17,10:10:00,19.71
Comox,2025-07-17,10:20:00,19.81
Comox,2025-07-17,10:30:00,19.73
Comox,2025-07-17,10:40:00,20.29
Comox,2025-07-17,10:50:00,20.31
Comox,2025-07-17,11:00:00,20.29
Comox,2025-07-17,11:10:00,20.03
Comox,2025-07-17,11:20:00,19.96
Comox,2025-07-17,11:30:00,19.9
Comox,2025-07-17,11:40:00,19.87
Comox,2025-07-17,11:50:00,19.96
Comox,2025-07-17,12:00:00,19.98
Comox,2025-07-17,12:10:00,19.94
Comox,2025-07-17,12:20:00,19.98
Comox,2025-07-17,12:30:00,20
Comox,2025-07-17,12:40:00,19.95
Comox,2025-07-17,12:50:00,19.9
Comox,2025-07-17,13:00:00,20.02
Comox,2025-07-17,13:10:00,19.95
Comox,2025-07-17,13:20:00,19.94
Comox,2025-07-17,13:30:00,20.06
Comox,2025-07-17,13:40:00,20.28
Comox,2025-07-17,13:50:00,20.24
Comox,2025-07-17,14:00:00,20.18
Comox,2025-07-17,14:10:00,20.26
Comox,2025-07-17,14:20:00,20.33
Comox,2025-07-17,14:30:00,20.51
Comox,2025-07-17,14:40:00,20.58
Comox,2025-07-17,14:50:00,20.68
Comox,2025-07-17,15:00:00,20.69
Comox,2025-07-17,15:10:00,20.58
Comox,2025-07-17,15:20:00,20.64
Comox,2025-07-17,15:30:00,20.7
Comox,2025-07-17,15:40:00,20.83
Comox,2025-07-17,15:50:00,20.89
Comox,2025-07-17,16:00:00,20.94
Comox,2025-07-17,16:10:00,21
Comox,2025-07-17,16:20:00,21.05
Comox,2025-07-17,16:30:00,21.14
Comox,2025-07-17,16:40:00,21.32
Comox,2025-07-17,16:50:00,21.45
Comox,2025-07-17,17:00:00,21.57
Comox,2025-07-17,17:10:00,21.66
Comox,2025-07-17,17:20:00,21.76
Comox,2025-07-17,17:30:00,21.93
Comox,2025-07-17,17:40:00,21.89
Comox,2025-07-17,17:50:00,21.91
Comox,2025-07-17,18:00:00,21.84
Comox,2025-07-17,18:10:00,21.79
Comox,2025-07-17,18:20:00,21.67
Comox,2025-07-17,18:30:00,21.47
Comox,2025-07-17,18:40:00,21.45
Comox,2025-07-17,18:50:00,21.25
Comox,2025-07-17,19:00:00,21.22
Comox,2025-07-17,19:10:00,21.15
Comox,2025-07-17,19:20:00,21.08
Comox,2025-07-17,19:30:00,21.02
Comox,2025-07-17,19:40:00,21
Comox,2025-07-17,19:50:00,20.94
Comox,2025-07-17,20:00:00,20.84
Comox,2025-07-17,20:10:00,20.68
Comox,2025-07-17,20:20:00,20.54
Comox,2025-07-17,20:30:00,20.59
Comox,2025-07-17,20:40:00,20.51
Comox,2025-07-17,20:50:00,20.37
Comox,2025-07-17,21:00:00,20.58
Comox,2025-07-17,21:10:00,20.64
Comox,2025-07-17,21:20:00,20.7
Comox,2025-07-17,21:30:00,20.69
Comox,2025-07-17,21:40:00,20.7
Comox,2025-07-17,21:50:00,20.69
Comox,2025-07-17,22:00:00,20.66
Comox,2025-07-17,22:10:00,20.69
Comox,2025-07-17,22:20:00,20.81
Comox,2025-07-17,22:30:00,20.84
Comox,2025-07-17,22:40:00,21.15
Comox,2025-07-17,22:50:00,21.07
Comox,2025-07-17,23:00:00,21.05
Comox,2025-07-17,23:10:00,20.9
Comox,2025-07-17,23:20:00,20.86
Comox,2025-07-17,23:30:00,20.79
Comox,2025-07-17,23:40:00,20.73
Comox,2025-07-17,23:50:00,20.85
Comox,2025-07-18,0:00:00,20.89
Comox,2025-07-18,0:10:00,20.86
Comox,2025-07-18,0:20:00,20.81
Comox,2025-07-18,0:30:00,20.77
Comox,2025-07-18,0:40:00,20.75
Comox,2025-07-18,0:50:00,20.71
Comox,2025-07-18,1:00:00,20.68
Comox,2025-07-18,1:10:00,20.65
Comox,2025-07-18,1:20:00,20.62
Comox,2025-07-18,1:30:00,20.6
Comox,2025-07-18,1:40:00,20.58
Comox,2025-07-18,1:50:00,20.56
Comox,2025-07-18,2:00:00,20.56
Comox,2025-07-18,2:10:00,20.53
Comox,2025-07-18,2:20:00,20.48
Comox,2025-07-18,2:30:00,20.47
Comox,2025-07-18,2:40:00,20.45
Comox,2025-07-18,2:50:00,20.46
Comox,2025-07-18,3:00:00,20.43
Comox,2025-07-18,3:10:00,20.46
Comox,2025-07-18,3:20:00,20.42
Comox,2025-07-18,3:30:00,20.33
Comox,2025-07-18,3:40:00,20.33
Comox,2025-07-18,3:50:00,20.34
Comox,2025-07-18,4:00:00,20.34
Comox,2025-07-18,4:10:00,20.34
Comox,2025-07-18,4:20:00,20.27
Comox,2025-07-18,4:30:00,20.32
Comox,2025-07-18,4:40:00,20.32
Comox,2025-07-18,4:50:00,20.35
Comox,2025-07-18,5:00:00,20.37
Comox,2025-07-18,5:10:00,20.41
Comox,2025-07-18,5:20:00,20.42
Comox,2025-07-18,5:30:00,20.4
Comox,2025-07-18,5:40:00,20.4
Comox,2025-07-18,5:50:00,20.39
Comox,2025-07-18,6:00:00,20.44
Comox,2025-07-18,6:10:00,20.36
Comox,2025-07-18,6:20:00,20.29
Comox,2025-07-18,6:30:00,20.19
Comox,2025-07-18,6:40:00,20.07
Comox,2025-07-18,6:50:00,19.97
Comox,2025-07-18,7:00:00,19.98
Comox,2025-07-18,7:10:00,20.05
Comox,2025-07-18,7:20:00,20.05
Comox,2025-07-18,7:30:00,20.09
Comox,2025-07-18,7:40:00,20.09
Comox,2025-07-18,7:50:00,20.1
Comox,2025-07-18,8:00:00,20.12
Comox,2025-07-18,8:10:00,20.14
Comox,2025-07-18,8:20:00,20.16
Comox,2025-07-18,8:30:00,20.14
Comox,2025-07-18,8:40:00,20.26
Comox,2025-07-18,8:50:00,20.27
Comox,2025-07-18,9:00:00,20.19
Comox,2025-07-18,9:10:00,19.83
Comox,2025-07-18,9:20:00,19.66
Comox,2025-07-18,9:30:00,19.79
Comox,2025-07-18,9:40:00,19.71
Comox,2025-07-18,9:50:00,19.92
Comox,2025-07-18,10:00:00,20.14
Comox,2025-07-18,10:10:00,19.88
Comox,2025-07-18,10:20:00,19.84
Comox,2025-07-18,10:30:00,19.84
Comox,2025-07-18,10:40:00,20.11
Comox,2025-07-18,10:50:00,20.18
Comox,2025-07-18,11:00:00,20.25
Comox,2025-07-18,11:10:00,20.17
Comox,2025-07-18,11:20:00,20.25
Comox,2025-07-18,11:30:00,20.27
Comox,2025-07-18,11:40:00,20.29
Comox,2025-07-18,11:50:00,20.4
Comox,2025-07-18,12:00:00,20.42
Comox,2025-07-18,12:10:00,20.43
Comox,2025-07-18,12:20:00,20.51
Comox,2025-07-18,12:30:00,20.42
Comox,2025-07-18,12:40:00,20.4
Comox,2025-07-18,12:50:00,20.43
Comox,2025-07-18,13:00:00,20.31
Comox,2025-07-18,13:10:00,20.32
Comox,2025-07-18,13:20:00,20.39
Comox,2025-07-18,13:30:00,20.35
Comox,2025-07-18,13:40:00,20.35
Comox,2025-07-18,13:50:00,20.51
Comox,2025-07-18,14:00:00,20.66
Comox,2025-07-18,14:10:00,20.7
Comox,2025-07-18,14:20:00,20.69
Comox,2025-07-18,14:30:00,20.63
Comox,2025-07-18,14:40:00,20.74
Comox,2025-07-18,14:50:00,20.81
Comox,2025-07-18,15:00:00,20.88
Comox,2025-07-18,15:10:00,20.78
Comox,2025-07-18,15:20:00,20.74
Comox,2025-07-18,15:30:00,20.71
Comox,2025-07-18,15:40:00,20.77
Comox,2025-07-18,15:50:00,20.83
Comox,2025-07-18,16:00:00,20.88
Comox,2025-07-18,16:10:00,20.98
Comox,2025-07-18,16:20:00,21.03
Comox,2025-07-18,16:30:00,21.05
Comox,2025-07-18,16:40:00,21.18
Comox,2025-07-18,16:50:00,21.2
Comox,2025-07-18,17:00:00,21.22
Comox,2025-07-18,17:10:00,21.33
Comox,2025-07-18,17:20:00,21.42
Comox,2025-07-18,17:30:00,21.47
Comox,2025-07-18,17:40:00,21.51
Comox,2025-07-18,17:50:00,21.45
Comox,2025-07-18,18:00:00,21.46
Comox,2025-07-18,18:10:00,21.38
Comox,2025-07-18,18:20:00,21.32
Comox,2025-07-18,18:30:00,21.23
Comox,2025-07-18,18:40:00,21.22
Comox,2025-07-18,18:50:00,21.16
Comox,2025-07-18,19:00:00,21.17
Comox,2025-07-18,19:10:00,21.2
Comox,2025-07-18,19:20:00,21.28
Comox,2025-07-18,19:30:00,21.29
Comox,2025-07-18,19:40:00,21.11
Comox,2025-07-18,19:50:00,21.13
Comox,2025-07-18,20:00:00,21.08
Comox,2025-07-18,20:10:00,20.95
Comox,2025-07-18,20:20:00,20.93
Comox,2025-07-18,20:30:00,20.8
Comox,2025-07-18,20:40:00,20.74
Comox,2025-07-18,20:50:00,20.72
Comox,2025-07-18,21:00:00,20.61
Comox,2025-07-18,21:10:00,20.62
Comox,2025-07-18,21:20:00,20.7
Comox,2025-07-18,21:30:00,20.64
Comox,2025-07-18,21:40:00,20.53
Comox,2025-07-18,21:50:00,20.51
Comox,2025-07-18,22:00:00,20.44
Comox,2025-07-18,22:10:00,20.41
Comox,2025-07-18,22:20:00,20.65
Comox,2025-07-18,22:30:00,20.85
Comox,2025-07-18,22:40:00,20.94
Comox,2025-07-18,22:50:00,20.94
Comox,2025-07-18,23:00:00,21
Comox,2025-07-18,23:10:00,20.99
Comox,2025-07-18,23:20:00,20.96
Comox,2025-07-18,23:30:00,21.05
Comox,2025-07-18,23:40:00,21.03
Comox,2025-07-18,23:50:00,21.03
Comox,2025-07-19,0:00:00,20.98
Comox,2025-07-19,0:10:00,20.94
Comox,2025-07-19,0:20:00,20.95
Comox,2025-07-19,0:30:00,20.91
Comox,2025-07-19,0:40:00,20.96
Comox,2025-07-19,0:50:00,20.93
Comox,2025-07-19,1:00:00,20.9
Comox,2025-07-19,1:10:00,20.9
Comox,2025-07-19,1:20:00,20.83
Comox,2025-07-19,1:30:00,20.8
Comox,2025-07-19,1:40:00,20.68
Comox,2025-07-19,1:50:00,20.64
Comox,2025-07-19,2:00:00,20.63
Comox,2025-07-19,2:10:00,20.61
Comox,2025-07-19,2:20:00,20.65
Comox,2025-07-19,2:30:00,20.68
Comox,2025-07-19,2:40:00,20.57
Comox,2025-07-19,2:50:00,20.54
Comox,2025-07-19,3:00:00,20.58
Comox,2025-07-19,3:10:00,20.56
Comox,2025-07-19,3:20:00,20.48
Comox,2025-07-19,3:30:00,20.49
Comox,2025-07-19,3:40:00,20.47
Comox,2025-07-19,3:50:00,20.47
Comox,2025-07-19,4:00:00,20.46
Comox,2025-07-19,4:10:00,20.44
Comox,2025-07-19,4:20:00,20.4
Comox,2025-07-19,4:30:00,20.39
Comox,2025-07-19,4:40:00,20.36
Comox,2025-07-19,4:50:00,20.31
Comox,2025-07-19,5:00:00,20.29
Comox,2025-07-19,5:10:00,20.26
Comox,2025-07-19,5:20:00,20.21
Comox,2025-07-19,5:30:00,20.21
Comox,2025-07-19,5:40:00,20.2
Comox,2025-07-19,5:50:00,20.19
Comox,2025-07-19,6:00:00,20.2
Comox,2025-07-19,6:10:00,20.18
Comox,2025-07-19,6:20:00,20.18
Comox,2025-07-19,6:30:00,20.19
Comox,2025-07-19,6:40:00,20.17
Comox,2025-07-19,6:50:00,20.11
Comox,2025-07-19,7:00:00,19.94
Comox,2025-07-19,7:10:00,19.84
Comox,2025-07-19,7:20:00,19.8
Comox,2025-07-19,7:30:00,19.8
Comox,2025-07-19,7:40:00,19.77
Comox,2025-07-19,7:50:00,19.7
Comox,2025-07-19,8:00:00,19.76
Comox,2025-07-19,8:10:00,19.81
Comox,2025-07-19,8:20:00,19.85
Comox,2025-07-19,8:30:00,19.87
Comox,2025-07-19,8:40:00,19.96
Comox,2025-07-19,8:50:00,19.95
Comox,2025-07-19,9:00:00,19.88
Comox,2025-07-19,9:10:00,19.98
Comox,2025-07-19,9:20:00,20.18
Comox,2025-07-19,9:30:00,20.32
Comox,2025-07-19,9:40:00,20.37
Comox,2025-07-19,9:50:00,20.55
Comox,2025-07-19,10:00:00,20.56
Comox,2025-07-19,10:10:00,20.59
Comox,2025-07-19,10:20:00,20.68
Comox,2025-07-19,10:30:00,20.4
Comox,2025-07-19,10:40:00,20.37
Comox,2025-07-19,10:50:00,20.41
Comox,2025-07-19,11:00:00,20.48
Comox,2025-07-19,11:10:00,20.47
Comox,2025-07-19,11:20:00,20.46
Comox,2025-07-19,11:30:00,20.42
Comox,2025-07-19,11:40:00,20.42
Comox,2025-07-19,11:50:00,20.42
Comox,2025-07-19,12:00:00,20.45
Comox,2025-07-19,12:10:00,20.44
Comox,2025-07-19,12:20:00,20.51
Comox,2025-07-19,12:30:00,20.56
Comox,2025-07-19,12:40:00,20.53
Comox,2025-07-19,12:50:00,20.51
Comox,2025-07-19,13:00:00,20.51
Comox,2025-07-19,13:10:00,20.64
Comox,2025-07-19,13:20:00,20.59
Comox,2025-07-19,13:30:00,20.56
Comox,2025-07-19,13:40:00,20.49
Comox,2025-07-19,13:50:00,20.42
Comox,2025-07-19,14:00:00,20.4
Comox,2025-07-19,14:10:00,20.37
Comox,2025-07-19,14:20:00,20.45
Comox,2025-07-19,14:30:00,20.48
Comox,2025-07-19,14:40:00,20.5
Comox,2025-07-19,14:50:00,20.54
Comox,2025-07-19,15:00:00,20.55
Comox,2025-07-19,15:10:00,20.59
Comox,2025-07-19,15:20:00,20.57
Comox,2025-07-19,15:30:00,20.54
Comox,2025-07-19,15:40:00,20.64
Comox,2025-07-19,15:50:00,20.77
Comox,2025-07-19,16:00:00,20.78
Comox,2025-07-19,16:10:00,20.83
Comox,2025-07-19,16:20:00,20.85
Comox,2025-07-19,16:30:00,20.85
Comox,2025-07-19,16:40:00,20.84
Comox,2025-07-19,16:50:00,20.88
Comox,2025-07-19,17:00:00,20.94
Comox,2025-07-19,17:10:00,20.95
Comox,2025-07-19,17:20:00,20.94
Comox,2025-07-19,17:30:00,21.01
Comox,2025-07-19,17:40:00,20.99
Comox,2025-07-19,17:50:00,20.98
Comox,2025-07-19,18:00:00,21.03
Comox,2025-07-19,18:10:00,21.04
Comox,2025-07-19,18:20:00,21.01
Comox,2025-07-19,18:30:00,21.02
Comox,2025-07-19,18:40:00,20.99
Comox,2025-07-19,18:50:00,20.95
Comox,2025-07-19,19:00:00,20.95
Comox,2025-07-19,19:10:00,21
Comox,2025-07-19,19:20:00,21.01
Comox,2025-07-19,19:30:00,20.94
Comox,2025-07-19,19:40:00,20.93
Comox,2025-07-19,19:50:00,20.92
Comox,2025-07-19,20:00:00,20.95
Comox,2025-07-19,20:10:00,20.89
Comox,2025-07-19,20:20:00,20.88
Comox,2025-07-19,20:30:00,20.83
Comox,2025-07-19,20:40:00,20.79
Comox,2025-07-19,20:50:00,20.77
Comox,2025-07-19,21:00:00,20.77
Comox,2025-07-19,21:10:00,20.74
Comox,2025-07-19,21:20:00,20.77
Comox,2025-07-19,21:30:00,20.77
Comox,2025-07-19,21:40:00,20.74
Comox,2025-07-19,21:50:00,20.73
Comox,2025-07-19,22:00:00,20.69
Comox,2025-07-19,22:10:00,20.7
Comox,2025-07-19,22:20:00,20.72
Comox,2025-07-19,22:30:00,20.72
Comox,2025-07-19,22:40:00,20.79
Comox,2025-07-19,22:50:00,20.81
Comox,2025-07-19,23:00:00,20.79
Comox,2025-07-19,23:10:00,20.77
Comox,2025-07-19,23:20:00,20.76
Comox,2025-07-19,23:30:00,20.74
Comox,2025-07-19,23:40:00,20.72
Comox,2025-07-19,23:50:00,20.66
Comox,2025-07-20,0:00:00,20.64
Comox,2025-07-20,0:10:00,20.61
Comox,2025-07-20,0:20:00,20.6
Comox,2025-07-20,0:30:00,20.6
Comox,2025-07-20,0:40:00,20.61
Comox,2025-07-20,0:50:00,20.58
Comox,2025-07-20,1:00:00,20.56
Comox,2025-07-20,1:10:00,20.55
Comox,2025-07-20,1:20:00,20.55
Comox,2025-07-20,1:30:00,20.55
Comox,2025-07-20,1:40:00,20.6
Comox,2025-07-20,1:50:00,20.6
Comox,2025-07-20,2:00:00,20.6
Comox,2025-07-20,2:10:00,20.62
Comox,2025-07-20,2:20:00,20.59
Comox,2025-07-20,2:30:00,20.61
Comox,2025-07-20,2:40:00,20.61
Comox,2025-07-20,2:50:00,20.61
Comox,2025-07-20,3:00:00,20.61
Comox,2025-07-20,3:10:00,20.61
Comox,2025-07-20,3:20:00,20.59
Comox,2025-07-20,3:30:00,20.6
Comox,2025-07-20,3:40:00,20.58
Comox,2025-07-20,3:50:00,20.57
Comox,2025-07-20,4:00:00,20.56
Comox,2025-07-20,4:10:00,20.54
Comox,2025-07-20,4:20:00,20.54
Comox,2025-07-20,4:30:00,20.54
Comox,2025-07-20,4:40:00,20.56
Comox,2025-07-20,4:50:00,20.54
Comox,2025-07-20,5:00:00,20.53
Comox,2025-07-20,5:10:00,20.51
Comox,2025-07-20,5:20:00,20.53
Comox,2025-07-20,5:30:00,20.5
Comox,2025-07-20,5:40:00,20.49
Comox,2025-07-20,5:50:00,20.45
Comox,2025-07-20,6:00:00,20.46
Comox,2025-07-20,6:10:00,20.48
Comox,2025-07-20,6:20:00,20.47
Comox,2025-07-20,6:30:00,20.44
Comox,2025-07-20,6:40:00,20.42
Comox,2025-07-20,6:50:00,20.4
Comox,2025-07-20,7:00:00,20.43
Comox,2025-07-20,7:10:00,20.42
Comox,2025-07-20,7:20:00,20.45
Comox,2025-07-20,7:30:00,20.47
Comox,2025-07-20,7:40:00,20.45
Comox,2025-07-20,7:50:00,20.45
Comox,2025-07-20,8:00:00,20.42
Comox,2025-07-20,8:10:00,20.39
Comox,2025-07-20,8:20:00,20.42
Comox,2025-07-20,8:30:00,20.45
Comox,2025-07-20,8:40:00,20.47
Comox,2025-07-20,8:50:00,20.51
Comox,2025-07-20,9:00:00,20.49
Comox,2025-07-20,9:10:00,20.54
Comox,2025-07-20,9:20:00,20.57
Comox,2025-07-20,9:30:00,20.6
Comox,2025-07-20,9:40:00,20.79
Comox,2025-07-20,9:50:00,20.92
Comox,2025-07-20,10:00:00,20.87
Comox,2025-07-20,10:10:00,20.84
Comox,2025-07-20,10:20:00,20.95
Comox,2025-07-20,10:30:00,20.99
Comox,2025-07-20,10:40:00,21.05
Comox,2025-07-20,10:50:00,21.01
Comox,2025-07-20,11:00:00,20.91
Comox,2025-07-20,11:10:00,20.95
Comox,2025-07-20,11:20:00,20.96
Comox,2025-07-20,11:30:00,20.96
Comox,2025-07-20,11:40:00,20.99
Comox,2025-07-20,11:50:00,21.05
Comox,2025-07-20,12:00:00,21.05
Comox,2025-07-20,12:10:00,20.93
Comox,2025-07-20,12:20:00,20.87
Comox,2025-07-20,12:30:00,20.91
Comox,2025-07-20,12:40:00,20.86
Comox,2025-07-20,12:50:00,20.76
Comox,2025-07-20,13:00:00,20.72
Comox,2025-07-20,13:10:00,20.62
Comox,2025-07-20,13:20:00,20.65
Comox,2025-07-20,13:30:00,20.74
Comox,2025-07-20,13:40:00,20.75
Comox,2025-07-20,13:50:00,20.62
Comox,2025-07-20,14:00:00,20.44
Comox,2025-07-20,14:10:00,20.6
Comox,2025-07-20,14:20:00,20.66
Comox,2025-07-20,14:30:00,20.48
Comox,2025-07-20,14:40:00,20.44
Comox,2025-07-20,14:50:00,20.36
Comox,2025-07-20,15:00:00,20.32
Comox,2025-07-20,15:10:00,20.26
Comox,2025-07-20,15:20:00,20.37
Comox,2025-07-20,15:30:00,20.24
Comox,2025-07-20,15:40:00,20.17
Comox,2025-07-20,15:50:00,20.22
Comox,2025-07-20,16:00:00,20.43
Comox,2025-07-20,16:10:00,20.43
Comox,2025-07-20,16:20:00,20.31
Comox,2025-07-20,16:30:00,20.26
Comox,2025-07-20,16:40:00,20.22
Comox,2025-07-20,16:50:00,20.25
Comox,2025-07-20,17:00:00,20.21
Comox,2025-07-20,17:10:00,20.3
Comox,2025-07-20,17:20:00,20.14
Comox,2025-07-20,17:30:00,20.11
Comox,2025-07-20,17:40:00,20.1
Comox,2025-07-20,17:50:00,20.19
Comox,2025-07-20,18:00:00,20.26
Comox,2025-07-20,18:10:00,20.27
Comox,2025-07-20,18:20:00,20.32
Comox,2025-07-20,18:30:00,20.34
Comox,2025-07-20,18:40:00,20.31
Comox,2025-07-20,18:50:00,20.29
Comox,2025-07-20,19:00:00,20.31
Comox,2025-07-20,19:10:00,20.39
Comox,2025-07-20,19:20:00,20.41
Comox,2025-07-20,19:30:00,20.35
Comox,2025-07-20,19:40:00,20.29
Comox,2025-07-20,19:50:00,20.29
Comox,2025-07-20,20:00:00,20.29
Comox,2025-07-20,20:10:00,20.29
Comox,2025-07-20,20:20:00,20.25
Comox,2025-07-20,20:30:00,20.26
Comox,2025-07-20,20:40:00,20.24
Comox,2025-07-20,20:50:00,20.24
Comox,2025-07-20,21:00:00,20.24
Comox,2025-07-20,21:10:00,20.29
Comox,2025-07-20,21:20:00,20.29
Comox,2025-07-20,21:30:00,20.22
Comox,2025-07-20,21:40:00,20.22
Comox,2025-07-20,21:50:00,20.22
Comox,2025-07-20,22:00:00,20.2
Comox,2025-07-20,22:10:00,20.3
Comox,2025-07-20,22:20:00,20.21
Comox,2025-07-20,22:30:00,20.19
Comox,2025-07-20,22:40:00,20.2
Comox,2025-07-20,22:50:00,20.32
Comox,2025-07-20,23:00:00,20.16
Comox,2025-07-20,23:10:00,20.05
Comox,2025-07-20,23:20:00,20.03
Comox,2025-07-20,23:30:00,19.99
Comox,2025-07-20,23:40:00,19.92
Comox,2025-07-20,23:50:00,19.98
Comox,2025-07-21,0:00:00,19.96
Comox,2025-07-21,0:10:00,19.91
Comox,2025-07-21,0:20:00,19.89
Comox,2025-07-21,0:30:00,19.89
Comox,2025-07-21,0:40:00,19.84
Comox,2025-07-21,0:50:00,19.83
Comox,2025-07-21,1:00:00,19.87
Comox,2025-07-21,1:10:00,19.84
Comox,2025-07-21,1:20:00,19.77
Comox,2025-07-21,1:30:00,19.69
Comox,2025-07-21,1:40:00,19.76
Comox,2025-07-21,1:50:00,19.74
Comox,2025-07-21,2:00:00,19.72
Comox,2025-07-21,2:10:00,19.75
Comox,2025-07-21,2:20:00,19.72
Comox,2025-07-21,2:30:00,19.72
Comox,2025-07-21,2:40:00,19.69
Comox,2025-07-21,2:50:00,19.71
Comox,2025-07-21,3:00:00,19.71
Comox,2025-07-21,3:10:00,19.72
Comox,2025-07-21,3:20:00,19.74
Comox,2025-07-21,3:30:00,19.72
Comox,2025-07-21,3:40:00,19.7
Comox,2025-07-21,3:50:00,19.7
Comox,2025-07-21,4:00:00,19.69
Comox,2025-07-21,4:10:00,19.68
Comox,2025-07-21,4:20:00,19.67
Comox,2025-07-21,4:30:00,19.65
Comox,2025-07-21,4:40:00,19.66
Comox,2025-07-21,4:50:00,19.59
Comox,2025-07-21,5:00:00,19.58
Comox,2025-07-21,5:10:00,19.59
Comox,2025-07-21,5:20:00,19.58
Comox,2025-07-21,5:30:00,19.57
Comox,2025-07-21,5:40:00,19.59
Comox,2025-07-21,5:50:00,19.58
Comox,2025-07-21,6:00:00,19.59
Comox,2025-07-21,6:10:00,19.59
Comox,2025-07-21,6:20:00,19.55
Comox,2025-07-21,6:30:00,19.54
Comox,2025-07-21,6:40:00,19.48
Comox,2025-07-21,6:50:00,19.44
Comox,2025-07-21,7:00:00,19.39
Comox,2025-07-21,7:10:00,19.38
Comox,2025-07-21,7:20:00,19.37
Comox,2025-07-21,7:30:00,19.4
Comox,2025-07-21,7:40:00,19.36
Comox,2025-07-21,7:50:00,19.3
Comox,2025-07-21,8:00:00,19.24
Comox,2025-07-21,8:10:00,19.18
Comox,2025-07-21,8:20:00,19.11
Comox,2025-07-21,8:30:00,19.01
Comox,2025-07-21,8:40:00,19.06
Comox,2025-07-21,8:50:00,19.06
Comox,2025-07-21,9:00:00,19
Comox,2025-07-21,9:10:00,18.95
Comox,2025-07-21,9:20:00,18.97
Comox,2025-07-21,9:30:00,19.25
Comox,2025-07-21,9:40:00,19.59
Comox,2025-07-21,9:50:00,19.67
Comox,2025-07-21,10:00:00,19.71
Comox,2025-07-21,10:10:00,19.75
Comox,2025-07-21,10:20:00,19.74
Comox,2025-07-21,10:30:00,19.79
Comox,2025-07-21,10:40:00,19.69
Comox,2025-07-21,10:50:00,19.7
Comox,2025-07-21,11:00:00,19.63
Comox,2025-07-21,11:10:00,19.6
Comox,2025-07-21,11:20:00,19.69
Comox,2025-07-21,11:30:00,19.62
Comox,2025-07-21,11:40:00,19.66
Comox,2025-07-21,11:50:00,19.74
Comox,2025-07-21,12:00:00,19.68
Comox,2025-07-21,12:10:00,19.67
Comox,2025-07-21,12:20:00,19.72
Comox,2025-07-21,12:30:00,19.76
Comox,2025-07-21,12:40:00,19.57
Comox,2025-07-21,12:50:00,19.43
Comox,2025-07-21,13:00:00,19.25
Comox,2025-07-21,13:10:00,19.08
Comox,2025-07-21,13:20:00,19.36
Comox,2025-07-21,13:30:00,19.5
Comox,2025-07-21,13:40:00,19.84
Comox,2025-07-21,13:50:00,20.25
Comox,2025-07-21,14:00:00,20.6
Comox,2025-07-21,14:10:00,20.4
Comox,2025-07-21,14:20:00,20.17
Comox,2025-07-21,14:30:00,20.17
Comox,2025-07-21,14:40:00,19.86
Comox,2025-07-21,14:50:00,19.8
Comox,2025-07-21,15:00:00,19.69
Comox,2025-07-21,15:10:00,19.61
Comox,2025-07-21,15:20:00,19.57
Comox,2025-07-21,15:30:00,19.51
Comox,2025-07-21,15:40:00,19.52
Comox,2025-07-21,15:50:00,19.54
Comox,2025-07-21,16:00:00,19.42
Comox,2025-07-21,16:10:00,19.45
Comox,2025-07-21,16:20:00,19.48
Comox,2025-07-21,16:30:00,19.66
Comox,2025-07-21,16:40:00,19.51
Comox,2025-07-21,16:50:00,19.45
Comox,2025-07-21,17:00:00,19.48
Comox,2025-07-21,17:10:00,19.61
Comox,2025-07-21,17:20:00,19.48
Comox,2025-07-21,17:30:00,19.33
Comox,2025-07-21,17:40:00,19.3
Comox,2025-07-21,17:50:00,19.32
Comox,2025-07-21,18:00:00,19.31
Comox,2025-07-21,18:10:00,19.33
Comox,2025-07-21,18:20:00,19.35
Comox,2025-07-21,18:30:00,19.37
Comox,2025-07-21,18:40:00,19.36
Comox,2025-07-21,18:50:00,19.32
Comox,2025-07-21,19:00:00,19.28
Comox,2025-07-21,19:10:00,19.23
Comox,2025-07-21,19:20:00,19.18
Comox,2025-07-21,19:30:00,19.23
Comox,2025-07-21,19:40:00,19.28
Comox,2025-07-21,19:50:00,19.25
Comox,2025-07-21,20:00:00,19.25
Comox,2025-07-21,20:10:00,19.22
Comox,2025-07-21,20:20:00,19.21
Comox,2025-07-21,20:30:00,19.17
Comox,2025-07-21,20:40:00,19.13
Comox,2025-07-21,20:50:00,19.06
Comox,2025-07-21,21:00:00,19.09
Comox,2025-07-21,21:10:00,19.04
Comox,2025-07-21,21:20:00,19
Comox,2025-07-21,21:30:00,19
Comox,2025-07-21,21:40:00,18.81
Comox,2025-07-21,21:50:00,18.76
Comox,2025-07-21,22:00:00,18.82
Comox,2025-07-21,22:10:00,18.89
Comox,2025-07-21,22:20:00,18.88
Comox,2025-07-21,22:30:00,18.86
Comox,2025-07-21,22:40:00,18.76
Comox,2025-07-21,22:50:00,18.76
Comox,2025-07-21,23:00:00,18.74
Comox,2025-07-21,23:10:00,18.7
Comox,2025-07-21,23:20:00,18.7
Comox,2025-07-21,23:30:00,18.66
Comox,2025-07-21,23:40:00,18.68
Comox,2025-07-21,23:50:00,18.64
Comox,2025-07-22,0:00:00,18.62
Comox,2025-07-22,0:10:00,18.66
Comox,2025-07-22,0:20:00,18.59
Comox,2025-07-22,0:30:00,18.58
Comox,2025-07-22,0:40:00,18.51
Comox,2025-07-22,0:50:00,18.43
Comox,2025-07-22,1:00:00,18.39
Comox,2025-07-22,1:10:00,18.46
Comox,2025-07-22,1:20:00,18.47
Comox,2025-07-22,1:30:00,18.46
Comox,2025-07-22,1:40:00,18.34
Comox,2025-07-22,1:50:00,18.27
Comox,2025-07-22,2:00:00,18.15
Comox,2025-07-22,2:10:00,18.43
Comox,2025-07-22,2:20:00,18.53
Comox,2025-07-22,2:30:00,18.57
Comox,2025-07-22,2:40:00,18.53
Comox,2025-07-22,2:50:00,18.42
Comox,2025-07-22,3:00:00,18.47
Comox,2025-07-22,3:10:00,18.54
Comox,2025-07-22,3:20:00,18.51
Comox,2025-07-22,3:30:00,18.56
Comox,2025-07-22,3:40:00,18.61
Comox,2025-07-22,3:50:00,18.61
Comox,2025-07-22,4:00:00,18.76
Comox,2025-07-22,4:10:00,18.69
Comox,2025-07-22,4:20:00,18.85
Comox,2025-07-22,4:30:00,18.85
Comox,2025-07-22,4:40:00,19.11
Comox,2025-07-22,4:50:00,19.17
Comox,2025-07-22,5:00:00,19.2
Comox,2025-07-22,5:10:00,19.22
Comox,2025-07-22,5:20:00,19.24
Comox,2025-07-22,5:30:00,19.13
Comox,2025-07-22,5:40:00,19.14
Comox,2025-07-22,5:50:00,19.09
Comox,2025-07-22,6:00:00,19.2
Comox,2025-07-22,6:10:00,19.2
Comox,2025-07-22,6:20:00,19.15
Comox,2025-07-22,6:30:00,19.08
Comox,2025-07-22,6:40:00,19.16
Comox,2025-07-22,6:50:00,19.22
Comox,2025-07-22,7:00:00,19.14
Comox,2025-07-22,7:10:00,19.11
Comox,2025-07-22,7:20:00,19.08
Comox,2025-07-22,7:30:00,18.98
Comox,2025-07-22,7:40:00,18.94
Comox,2025-07-22,7:50:00,18.99
Comox,2025-07-22,8:00:00,18.97
Comox,2025-07-22,8:10:00,18.93
Comox,2025-07-22,8:20:00,18.93
Comox,2025-07-22,8:30:00,18.92
Comox,2025-07-22,8:40:00,18.95
Comox,2025-07-22,8:50:00,18.94
Comox,2025-07-22,9:00:00,18.8
Comox,2025-07-22,9:10:00,18.79
Comox,2025-07-22,9:20:00,18.79
Comox,2025-07-22,9:30:00,18.83
Comox,2025-07-22,9:40:00,19.27
Comox,2025-07-22,9:50:00,19.38
Comox,2025-07-22,10:00:00,19.32
Comox,2025-07-22,10:10:00,19.35
Comox,2025-07-22,10:20:00,19.32
Comox,2025-07-22,10:30:00,19.33
Comox,2025-07-22,10:40:00,19.47
Comox,2025-07-22,10:50:00,19.47
Comox,2025-07-22,11:00:00,19.42
Comox,2025-07-22,11:10:00,19.43
Comox,2025-07-22,11:20:00,19.48
Comox,2025-07-22,11:30:00,19.57
Comox,2025-07-22,11:40:00,19.65
Comox,2025-07-22,11:50:00,19.66
Comox,2025-07-22,12:00:00,19.62
Comox,2025-07-22,12:10:00,19.68
Comox,2025-07-22,12:20:00,19.67
Comox,2025-07-22,12:30:00,19.71
Comox,2025-07-22,12:40:00,19.72
Comox,2025-07-22,12:50:00,19.71
Comox,2025-07-22,13:00:00,19.75
Comox,2025-07-22,13:10:00,19.66
Comox,2025-07-22,13:20:00,19.57
Comox,2025-07-22,13:30:00,19.74
Comox,2025-07-22,13:40:00,20.09
Comox,2025-07-22,13:50:00,19.87
Comox,2025-07-22,14:00:00,19.56
Comox,2025-07-22,14:10:00,19.55
Comox,2025-07-22,14:20:00,19.5
Comox,2025-07-22,14:30:00,19.62
Comox,2025-07-22,14:40:00,19.48
Comox,2025-07-22,14:50:00,19.56
Comox,2025-07-22,15:00:00,19.51
Comox,2025-07-22,15:10:00,19.3
Comox,2025-07-22,15:20:00,19.31
Comox,2025-07-22,15:30:00,19.37
Comox,2025-07-22,15:40:00,19.52
Comox,2025-07-22,15:50:00,19.74
Comox,2025-07-22,16:00:00,19.8
Comox,2025-07-22,16:10:00,19.72
Comox,2025-07-22,16:20:00,19.51
Comox,2025-07-22,16:30:00,19.54
Comox,2025-07-22,16:40:00,19.27
Comox,2025-07-22,16:50:00,19.18
Comox,2025-07-22,17:00:00,19.03
Comox,2025-07-22,17:10:00,19.01
Comox,2025-07-22,17:20:00,19.15
Comox,2025-07-22,17:30:00,19.52
Comox,2025-07-22,17:40:00,19.44
Comox,2025-07-22,17:50:00,19.38
Comox,2025-07-22,18:00:00,19.33
Comox,2025-07-22,18:10:00,19.42
Comox,2025-07-22,18:20:00,19.38
Comox,2025-07-22,18:30:00,19.38
Comox,2025-07-22,18:40:00,19.45
Comox,2025-07-22,18:50:00,19.39
Comox,2025-07-22,19:00:00,19.37
Comox,2025-07-22,19:10:00,19.3
Comox,2025-07-22,19:20:00,19.28
Comox,2025-07-22,19:30:00,19.23
Comox,2025-07-22,19:40:00,19.24
Comox,2025-07-22,19:50:00,19.25
Comox,2025-07-22,20:00:00,19.18
Comox,2025-07-22,20:10:00,19.16
Comox,2025-07-22,20:20:00,19.15
Comox,2025-07-22,20:30:00,19.17
Comox,2025-07-22,20:40:00,19.14
Comox,2025-07-22,20:50:00,19.07
Comox,2025-07-22,21:00:00,19.01
Comox,2025-07-22,21:10:00,18.97
Comox,2025-07-22,21:20:00,18.95
Comox,2025-07-22,21:30:00,18.96
Comox,2025-07-22,21:40:00,18.97
Comox,2025-07-22,21:50:00,18.96
Comox,2025-07-22,22:00:00,18.96
Comox,2025-07-22,22:10:00,18.91
Comox,2025-07-22,22:20:00,18.93
Comox,2025-07-22,22:30:00,18.93
Comox,2025-07-22,22:40:00,18.97
Comox,2025-07-22,22:50:00,18.89
Comox,2025-07-22,23:00:00,18.87
Comox,2025-07-22,23:10:00,18.89
Comox,2025-07-22,23:20:00,18.93
Comox,2025-07-22,23:30:00,18.86
Comox,2025-07-22,23:40:00,18.83
Comox,2025-07-22,23:50:00,18.87
Comox,2025-07-23,0:00:00,18.88
Comox,2025-07-23,0:10:00,18.87
Comox,2025-07-23,0:20:00,18.89
Comox,2025-07-23,0:30:00,18.91
Comox,2025-07-23,0:40:00,18.94
Comox,2025-07-23,0:50:00,18.91
Comox,2025-07-23,1:00:00,18.86
Comox,2025-07-23,1:10:00,18.83
Comox,2025-07-23,1:20:00,18.82
Comox,2025-07-23,1:30:00,18.81
Comox,2025-07-23,1:40:00,18.86
Comox,2025-07-23,1:50:00,18.89
Comox,2025-07-23,2:00:00,18.86
Comox,2025-07-23,2:10:00,18.78
Comox,2025-07-23,2:20:00,18.7
Comox,2025-07-23,2:30:00,18.81
Comox,2025-07-23,2:40:00,18.76
Comox,2025-07-23,2:50:00,18.81
Comox,2025-07-23,3:00:00,18.71
Comox,2025-07-23,3:10:00,18.68
Comox,2025-07-23,3:20:00,18.7
Comox,2025-07-23,3:30:00,18.64
Comox,2025-07-23,3:40:00,18.62
Comox,2025-07-23,3:50:00,18.48
Comox,2025-07-23,4:00:00,18.44
Comox,2025-07-23,4:10:00,18.54
Comox,2025-07-23,4:20:00,18.53
Comox,2025-07-23,4:30:00,18.54
Comox,2025-07-23,4:40:00,18.53
Comox,2025-07-23,4:50:00,18.47
Comox,2025-07-23,5:00:00,18.48
Comox,2025-07-23,5:10:00,18.51
Comox,2025-07-23,5:20:00,18.54
Comox,2025-07-23,5:30:00,18.46
Comox,2025-07-23,5:40:00,18.54
Comox,2025-07-23,5:50:00,18.66
Comox,2025-07-23,6:00:00,18.64
Comox,2025-07-23,6:10:00,18.51
Comox,2025-07-23,6:20:00,18.5
Comox,2025-07-23,6:30:00,18.38
Comox,2025-07-23,6:40:00,18.3
Comox,2025-07-23,6:50:00,18.34
Comox,2025-07-23,7:00:00,18.34
Comox,2025-07-23,7:10:00,18.51
Comox,2025-07-23,7:20:00,18.5
Comox,2025-07-23,7:30:00,18.5
Comox,2025-07-23,7:40:00,18.51
Comox,2025-07-23,7:50:00,18.5
Comox,2025-07-23,8:00:00,18.47
Comox,2025-07-23,8:10:00,18.38
Comox,2025-07-23,8:20:00,18.38
Comox,2025-07-23,8:30:00,18.41
Comox,2025-07-23,8:40:00,18.42
Comox,2025-07-23,8:50:00,18.39
Comox,2025-07-23,9:00:00,18.38
Comox,2025-07-23,9:10:00,18.4
Comox,2025-07-23,9:20:00,18.36
Comox,2025-07-23,9:30:00,18.72
Comox,2025-07-23,9:40:00,18.85
Comox,2025-07-23,9:50:00,18.94
Comox,2025-07-23,10:00:00,19.1
Comox,2025-07-23,10:10:00,19.01
Comox,2025-07-23,10:20:00,19.26
Comox,2025-07-23,10:30:00,19.21
Comox,2025-07-23,10:40:00,19.26
Comox,2025-07-23,10:50:00,19.27
Comox,2025-07-23,11:00:00,19.28
Comox,2025-07-23,11:10:00,19.32
Comox,2025-07-23,11:20:00,19.44
Comox,2025-07-23,11:30:00,19.36
Comox,2025-07-23,11:40:00,19.27
Comox,2025-07-23,11:50:00,19.29
Comox,2025-07-23,12:00:00,19.46
Comox,2025-07-23,12:10:00,19.69
Comox,2025-07-23,12:20:00,19.94
Comox,2025-07-23,12:30:00,19.92
Comox,2025-07-23,12:40:00,19.92
Comox,2025-07-23,12:50:00,19.98
Comox,2025-07-23,13:00:00,19.99
Comox,2025-07-23,13:10:00,20
Comox,2025-07-23,13:20:00,19.99
Comox,2025-07-23,13:30:00,19.87
Comox,2025-07-23,13:40:00,19.87
Comox,2025-07-23,13:50:00,19.87
Comox,2025-07-23,14:00:00,19.7
Comox,2025-07-23,14:10:00,19.79
Comox,2025-07-23,14:20:00,19.61
Comox,2025-07-23,14:30:00,19.18
Comox,2025-07-23,14:40:00,19.09
Comox,2025-07-23,14:50:00,18.65
Comox,2025-07-23,15:00:00,18.2
Comox,2025-07-23,15:10:00,18.14
Comox,2025-07-23,15:20:00,17.83
Comox,2025-07-23,15:30:00,17.82
Comox,2025-07-23,15:40:00,18.67
Comox,2025-07-23,15:50:00,18.73
Comox,2025-07-23,16:00:00,18.95
Comox,2025-07-23,16:10:00,18.84
Comox,2025-07-23,16:20:00,18.5
Comox,2025-07-23,16:30:00,18.58
Comox,2025-07-23,16:40:00,18.57
Comox,2025-07-23,16:50:00,18.57
Comox,2025-07-23,17:00:00,18.8
Comox,2025-07-23,17:10:00,18.42
Comox,2025-07-23,17:20:00,18.21
Comox,2025-07-23,17:30:00,18.07
Comox,2025-07-23,17:40:00,17.8
Comox,2025-07-23,17:50:00,17.89
Comox,2025-07-23,18:00:00,18.05
Comox,2025-07-23,18:10:00,17.97
Comox,2025-07-23,18:20:00,18.07
Comox,2025-07-23,18:30:00,18.2
Comox,2025-07-23,18:40:00,18.02
Comox,2025-07-23,18:50:00,17.97
Comox,2025-07-23,19:00:00,17.78
Comox,2025-07-23,19:10:00,17.8
Comox,2025-07-23,19:20:00,17.9
Comox,2025-07-23,19:30:00,17.97
Comox,2025-07-23,19:40:00,18.04
Comox,2025-07-23,19:50:00,18.03
Comox,2025-07-23,20:00:00,17.73
Comox,2025-07-23,20:10:00,17.55
Comox,2025-07-23,20:20:00,17.43
Comox,2025-07-23,20:30:00,17.39
Comox,2025-07-23,20:40:00,17.36
Comox,2025-07-23,20:50:00,17.46
Comox,2025-07-23,21:00:00,17.34
Comox,2025-07-23,21:10:00,17.3
Comox,2025-07-23,21:20:00,17.22
Comox,2025-07-23,21:30:00,17.21
Comox,2025-07-23,21:40:00,17.34
Comox,2025-07-23,21:50:00,17.36
Comox,2025-07-23,22:00:00,17.35
Comox,2025-07-23,22:10:00,17.41
Comox,2025-07-23,22:20:00,17.44
Comox,2025-07-23,22:30:00,17.45
Comox,2025-07-23,22:40:00,17.44
Comox,2025-07-23,22:50:00,17.46
Comox,2025-07-23,23:00:00,17.35
Comox,2025-07-23,23:10:00,17.28
Comox,2025-07-23,23:20:00,17.26
Comox,2025-07-23,23:30:00,17.35
Comox,2025-07-23,23:40:00,17.29
Comox,2025-07-23,23:50:00,17.24
Comox,2025-07-24,0:00:00,17.24
Comox,2025-07-24,0:10:00,17.29
Comox,2025-07-24,0:20:00,17.24
Comox,2025-07-24,0:30:00,17.28
Comox,2025-07-24,0:40:00,17.22
Comox,2025-07-24,0:50:00,17.1
Comox,2025-07-24,1:00:00,17.02
Comox,2025-07-24,1:10:00,16.73
Comox,2025-07-24,1:20:00,16.46
Comox,2025-07-24,1:30:00,16.46
Comox,2025-07-24,1:40:00,16.51
Comox,2025-07-24,1:50:00,16.61
Comox,2025-07-24,2:00:00,16.56
Comox,2025-07-24,2:10:00,16.56
Comox,2025-07-24,2:20:00,16.57
Comox,2025-07-24,2:30:00,16.4
Comox,2025-07-24,2:40:00,16.42
Comox,2025-07-24,2:50:00,16.34
Comox,2025-07-24,3:00:00,16.17
Comox,2025-07-24,3:10:00,16.32
Comox,2025-07-24,3:20:00,16.6
Comox,2025-07-24,3:30:00,16.55
Comox,2025-07-24,3:40:00,16.73
Comox,2025-07-24,3:50:00,16.64
Comox,2025-07-24,4:00:00,16.55
Comox,2025-07-24,4:10:00,16.52
Comox,2025-07-24,4:20:00,16.55
Comox,2025-07-24,4:30:00,16.49
Comox,2025-07-24,4:40:00,16.51
Comox,2025-07-24,4:50:00,16.54
Comox,2025-07-24,5:00:00,16.46
Comox,2025-07-24,5:10:00,16.4
Comox,2025-07-24,5:20:00,16.32
Comox,2025-07-24,5:30:00,16.29
Comox,2025-07-24,5:40:00,16.24
Comox,2025-07-24,5:50:00,16.01
Comox,2025-07-24,6:00:00,15.99
Comox,2025-07-24,6:10:00,15.87
Comox,2025-07-24,6:20:00,15.83
Comox,2025-07-24,6:30:00,15.75
Comox,2025-07-24,6:40:00,15.78
Comox,2025-07-24,6:50:00,15.78
Comox,2025-07-24,7:00:00,15.77
Comox,2025-07-24,7:10:00,15.72
Comox,2025-07-24,7:20:00,15.84
Comox,2025-07-24,7:30:00,15.87
Comox,2025-07-24,7:40:00,15.95
Comox,2025-07-24,7:50:00,16.03
Comox,2025-07-24,8:00:00,16.1
Comox,2025-07-24,8:10:00,16.19
Comox,2025-07-24,8:20:00,16.27
Comox,2025-07-24,8:30:00,16.32
Comox,2025-07-24,8:40:00,16.37
Comox,2025-07-24,8:50:00,16.43
Comox,2025-07-24,9:00:00,16.41
Comox,2025-07-24,9:10:00,16.43
Comox,2025-07-24,9:20:00,16.56
Comox,2025-07-24,9:30:00,16.73
Comox,2025-07-24,9:40:00,16.77
Comox,2025-07-24,9:50:00,16.72
Comox,2025-07-24,10:00:00,16.67
Comox,2025-07-24,10:10:00,16.99
Comox,2025-07-24,10:20:00,17.16
Comox,2025-07-24,10:30:00,17.4
Comox,2025-07-24,10:40:00,17.51
Comox,2025-07-24,10:50:00,17.66
Comox,2025-07-24,11:00:00,17.77
Comox,2025-07-24,11:10:00,17.93
Comox,2025-07-24,11:20:00,18.04
Comox,2025-07-24,11:30:00,17.98
Comox,2025-07-24,11:40:00,17.9
Comox,2025-07-24,11:50:00,17.98
Comox,2025-07-24,12:00:00,17.9
Comox,2025-07-24,12:10:00,18.02
Comox,2025-07-24,12:20:00,18.22
Comox,2025-07-24,12:30:00,18.25
Comox,2025-07-24,12:40:00,18.48
Comox,2025-07-24,12:50:00,18.12
Comox,2025-07-24,13:00:00,18.21
Comox,2025-07-24,13:10:00,18.2
Comox,2025-07-24,13:20:00,18.34
Comox,2025-07-24,13:30:00,18.25
Comox,2025-07-24,13:40:00,18.63
Comox,2025-07-24,13:50:00,18.66
Comox,2025-07-24,14:00:00,18.7
Comox,2025-07-24,14:10:00,18.78
Comox,2025-07-24,14:20:00,18.84
Comox,2025-07-24,14:30:00,18.74
Comox,2025-07-24,14:40:00,18.73
Comox,2025-07-24,14:50:00,18.54
Comox,2025-07-24,15:00:00,18.3
Comox,2025-07-24,15:10:00,17.97
Comox,2025-07-24,15:20:00,17.94
Comox,2025-07-24,15:30:00,17.8
Comox,2025-07-24,15:40:00,17.84
Comox,2025-07-24,15:50:00,17.36
Comox,2025-07-24,16:00:00,17.43
Comox,2025-07-24,16:10:00,17.79
Comox,2025-07-24,16:20:00,17.79
Comox,2025-07-24,16:30:00,18.14
Comox,2025-07-24,16:40:00,17.78
Comox,2025-07-24,16:50:00,17.99
Comox,2025-07-24,17:00:00,17.94
Comox,2025-07-24,17:10:00,17.78
Comox,2025-07-24,17:20:00,17.73
Comox,2025-07-24,17:30:00,18.22
Comox,2025-07-24,17:40:00,18.14
Comox,2025-07-24,17:50:00,17.9
Comox,2025-07-24,18:00:00,17.68
Comox,2025-07-24,18:10:00,17.39
Comox,2025-07-24,18:20:00,17.55
Comox,2025-07-24,18:30:00,17.81
Comox,2025-07-24,18:40:00,17.66
Comox,2025-07-24,18:50:00,17.67
Comox,2025-07-24,19:00:00,17.69
Comox,2025-07-24,19:10:00,17.68
Comox,2025-07-24,19:20:00,17.61
Comox,2025-07-24,19:30:00,17.43
Comox,2025-07-24,19:40:00,17.44
Comox,2025-07-24,19:50:00,17.26
Comox,2025-07-24,20:00:00,17.28
Comox,2025-07-24,20:10:00,17.24
Comox,2025-07-24,20:20:00,17.17
Comox,2025-07-24,20:30:00,17.2
Comox,2025-07-24,20:40:00,17.09
Comox,2025-07-24,20:50:00,17.08
Comox,2025-07-24,21:00:00,17.09
Comox,2025-07-24,21:10:00,17.05
Comox,2025-07-24,21:20:00,16.84
Comox,2025-07-24,21:30:00,16.82
Comox,2025-07-24,21:40:00,16.78
Comox,2025-07-24,21:50:00,16.9
Comox,2025-07-24,22:00:00,16.99
Comox,2025-07-24,22:10:00,16.99
Comox,2025-07-24,22:20:00,17
Comox,2025-07-24,22:30:00,17
Comox,2025-07-24,22:40:00,16.93
Comox,2025-07-24,22:50:00,16.85
Comox,2025-07-24,23:00:00,16.75
Comox,2025-07-24,23:10:00,16.76
Comox,2025-07-24,23:20:00,16.71
Comox,2025-07-24,23:30:00,16.65
Comox,2025-07-24,23:40:00,16.73
Comox,2025-07-24,23:50:00,16.72
Comox,2025-07-25,0:00:00,16.67
Comox,2025-07-25,0:10:00,16.63
Comox,2025-07-25,0:20:00,16.59
Comox,2025-07-25,0:30:00,16.51
Comox,2025-07-25,0:40:00,16.47
Comox,2025-07-25,0:50:00,16.48
Comox,2025-07-25,1:00:00,16.51
Comox,2025-07-25,1:10:00,16.51
Comox,2025-07-25,1:20:00,16.52
Comox,2025-07-25,1:30:00,16.54
Comox,2025-07-25,1:40:00,16.54
Comox,2025-07-25,1:50:00,16.52
Comox,2025-07-25,2:00:00,16.45
Comox,2025-07-25,2:10:00,16.45
Comox,2025-07-25,2:20:00,16.37
Comox,2025-07-25,2:30:00,16.36
Comox,2025-07-25,2:40:00,16.35
Comox,2025-07-25,2:50:00,16.35
Comox,2025-07-25,3:00:00,16.32
Comox,2025-07-25,3:10:00,16.32
Comox,2025-07-25,3:20:00,16.29
Comox,2025-07-25,3:30:00,16.2
Comox,2025-07-25,3:40:00,16.17
Comox,2025-07-25,3:50:00,16.2
Comox,2025-07-25,4:00:00,16.17
Comox,2025-07-25,4:10:00,16.2
Comox,2025-07-25,4:20:00,16.2
Comox,2025-07-25,4:30:00,16.29
Comox,2025-07-25,4:40:00,16.25
Comox,2025-07-25,4:50:00,16.2
Comox,2025-07-25,5:00:00,16.12
Comox,2025-07-25,5:10:00,16.21
Comox,2025-07-25,5:20:00,16.44
Comox,2025-07-25,5:30:00,16.67
Comox,2025-07-25,5:40:00,16.94
Comox,2025-07-25,5:50:00,17.02
Comox,2025-07-25,6:00:00,17.03
Comox,2025-07-25,6:10:00,16.81
Comox,2025-07-25,6:20:00,16.71
Comox,2025-07-25,6:30:00,16.69
Comox,2025-07-25,6:40:00,16.6
Comox,2025-07-25,6:50:00,16.54
Comox,2025-07-25,7:00:00,16.55
Comox,2025-07-25,7:10:00,16.52
Comox,2025-07-25,7:20:00,16.57
Comox,2025-07-25,7:30:00,16.56
Comox,2025-07-25,7:40:00,16.47
Comox,2025-07-25,7:50:00,16.42
Comox,2025-07-25,8:00:00,16.49
Comox,2025-07-25,8:10:00,16.58
Comox,2025-07-25,8:20:00,16.7
Comox,2025-07-25,8:30:00,16.73
Comox,2025-07-25,8:40:00,16.75
Comox,2025-07-25,8:50:00,16.74
Comox,2025-07-25,9:00:00,16.81
Comox,2025-07-25,9:10:00,16.91
Comox,2025-07-25,9:20:00,16.88
Comox,2025-07-25,9:30:00,16.85
Comox,2025-07-25,9:40:00,17
Comox,2025-07-25,9:50:00,17.25
Comox,2025-07-25,10:00:00,17.31
Comox,2025-07-25,10:10:00,17.24
Comox,2025-07-25,10:20:00,17.04
Comox,2025-07-25,10:30:00,17.23
Comox,2025-07-25,10:40:00,17.25
Comox,2025-07-25,10:50:00,17.34
Comox,2025-07-25,11:00:00,17.54
Comox,2025-07-25,11:10:00,17.76
Comox,2025-07-25,11:20:00,17.8
Comox,2025-07-25,11:30:00,17.88
Comox,2025-07-25,11:40:00,17.95
Comox,2025-07-25,11:50:00,18.1
Comox,2025-07-25,12:00:00,18.15
Comox,2025-07-25,12:10:00,18.21
Comox,2025-07-25,12:20:00,18.35
Comox,2025-07-25,12:30:00,18.3
Comox,2025-07-25,12:40:00,18.41
Comox,2025-07-25,12:50:00,18.49
Comox,2025-07-25,13:00:00,18.53
Comox,2025-07-25,13:10:00,18.61
Comox,2025-07-25,13:20:00,18.66
Comox,2025-07-25,13:30:00,18.76
Comox,2025-07-25,13:40:00,18.8
Comox,2025-07-25,13:50:00,18.87
Comox,2025-07-25,14:00:00,18.92
Comox,2025-07-25,14:10:00,18.83
Comox,2025-07-25,14:20:00,18.96
Comox,2025-07-25,14:30:00,18.94
Comox,2025-07-25,14:40:00,18.86
Comox,2025-07-25,14:50:00,18.95
Comox,2025-07-25,15:00:00,19.07
Comox,2025-07-25,15:10:00,19.09
Comox,2025-07-25,15:20:00,19.08
Comox,2025-07-25,15:30:00,19.02
Comox,2025-07-25,15:40:00,18.63
Comox,2025-07-25,15:50:00,18.52
Comox,2025-07-25,16:00:00,18.49
Comox,2025-07-25,16:10:00,18.62
Comox,2025-07-25,16:20:00,18.83
Comox,2025-07-25,16:30:00,18.7
Comox,2025-07-25,16:40:00,18.38
Comox,2025-07-25,16:50:00,18.29
Comox,2025-07-25,17:00:00,18.2
Comox,2025-07-25,17:10:00,18.22
Comox,2025-07-25,17:20:00,18.21
Comox,2025-07-25,17:30:00,18.08
Comox,2025-07-25,17:40:00,17.88
Comox,2025-07-25,17:50:00,18.11
Comox,2025-07-25,18:00:00,18.09
Comox,2025-07-25,18:10:00,18.14
Comox,2025-07-25,18:20:00,18.05
Comox,2025-07-25,18:30:00,18.02
Comox,2025-07-25,18:40:00,18.02
Comox,2025-07-25,18:50:00,17.94
Comox,2025-07-25,19:00:00,17.96
Comox,2025-07-25,19:10:00,17.96
Comox,2025-07-25,19:20:00,18.02
Comox,2025-07-25,19:30:00,17.97
Comox,2025-07-25,19:40:00,17.94
Comox,2025-07-25,19:50:00,17.9
Comox,2025-07-25,20:00:00,17.94
Comox,2025-07-25,20:10:00,17.96
Comox,2025-07-25,20:20:00,17.94
Comox,2025-07-25,20:30:00,17.93
Comox,2025-07-25,20:40:00,17.94
Comox,2025-07-25,20:50:00,17.92
Comox,2025-07-25,21:00:00,17.91
Comox,2025-07-25,21:10:00,17.9
Comox,2025-07-25,21:20:00,17.85
Comox,2025-07-25,21:30:00,17.87
Comox,2025-07-25,21:40:00,17.84
Comox,2025-07-25,21:50:00,17.82
Comox,2025-07-25,22:00:00,17.8
Comox,2025-07-25,22:10:00,17.8
Comox,2025-07-25,22:20:00,17.8
Comox,2025-07-25,22:30:00,17.79
Comox,2025-07-25,22:40:00,17.8
Comox,2025-07-25,22:50:00,17.77
Comox,2025-07-25,23:00:00,17.73
Comox,2025-07-25,23:10:00,17.68
Comox,2025-07-25,23:20:00,17.73
Comox,2025-07-25,23:30:00,17.74
Comox,2025-07-25,23:40:00,17.76
Comox,2025-07-25,23:50:00,17.75
Comox,2025-07-26,0:00:00,17.72
Comox,2025-07-26,0:10:00,17.67
Comox,2025-07-26,0:20:00,17.67
Comox,2025-07-26,0:30:00,17.69
Comox,2025-07-26,0:40:00,17.44
Comox,2025-07-26,0:50:00,17.53
Comox,2025-07-26,1:00:00,17.65
Comox,2025-07-26,1:10:00,17.65
Comox,2025-07-26,1:20:00,17.65
Comox,2025-07-26,1:30:00,17.51
Comox,2025-07-26,1:40:00,17.62
Comox,2025-07-26,1:50:00,17.63
Comox,2025-07-26,2:00:00,17.63
Comox,2025-07-26,2:10:00,17.62
Comox,2025-07-26,2:20:00,17.52
Comox,2025-07-26,2:30:00,17.44
Comox,2025-07-26,2:40:00,17.54
Comox,2025-07-26,2:50:00,17.51
Comox,2025-07-26,3:00:00,17.54
Comox,2025-07-26,3:10:00,17.55
Comox,2025-07-26,3:20:00,17.52
Comox,2025-07-26,3:30:00,17.48
Comox,2025-07-26,3:40:00,17.36
Comox,2025-07-26,3:50:00,17.26
Comox,2025-07-26,4:00:00,17.29
Comox,2025-07-26,4:10:00,17.37
Comox,2025-07-26,4:20:00,17.39
Comox,2025-07-26,4:30:00,17.36
Comox,2025-07-26,4:40:00,17.29
Comox,2025-07-26,4:50:00,17.35
Comox,2025-07-26,5:00:00,17.36
Comox,2025-07-26,5:10:00,17.38
Comox,2025-07-26,5:20:00,17.35
Comox,2025-07-26,5:30:00,17.31
Comox,2025-07-26,5:40:00,17.31
Comox,2025-07-26,5:50:00,17.29
Comox,2025-07-26,6:00:00,17.26
Comox,2025-07-26,6:10:00,17.21
Comox,2025-07-26,6:20:00,17.2
Comox,2025-07-26,6:30:00,17.17
Comox,2025-07-26,6:40:00,17.25
Comox,2025-07-26,6:50:00,17.21
Comox,2025-07-26,7:00:00,17.22
Comox,2025-07-26,7:10:00,17.26
Comox,2025-07-26,7:20:00,17.19
Comox,2025-07-26,7:30:00,17.21
Comox,2025-07-26,7:40:00,17.18
Comox,2025-07-26,7:50:00,17.18
Comox,2025-07-26,8:00:00,17.17
Comox,2025-07-26,8:10:00,17.18
Comox,2025-07-26,8:20:00,17.21
Comox,2025-07-26,8:30:00,17.25
Comox,2025-07-26,8:40:00,17.21
Comox,2025-07-26,8:50:00,17.19
Comox,2025-07-26,9:00:00,17.16
Comox,2025-07-26,9:10:00,17.19
Comox,2025-07-26,9:20:00,17.19
Comox,2025-07-26,9:30:00,17.22
Comox,2025-07-26,9:40:00,17.63
Comox,2025-07-26,9:50:00,17.72
Comox,2025-07-26,10:00:00,17.78
Comox,2025-07-26,10:10:00,17.72
Comox,2025-07-26,10:20:00,17.77
Comox,2025-07-26,10:30:00,17.8
Comox,2025-07-26,10:40:00,17.8
Comox,2025-07-26,10:50:00,17.81
Comox,2025-07-26,11:00:00,17.82
Comox,2025-07-26,11:10:00,17.91
Comox,2025-07-26,11:20:00,17.96
Comox,2025-07-26,11:30:00,18.26
Comox,2025-07-26,11:40:00,18.72
Comox,2025-07-26,11:50:00,18.89
Comox,2025-07-26,12:00:00,19.01
Comox,2025-07-26,12:10:00,19.07
Comox,2025-07-26,12:20:00,19.2
Comox,2025-07-26,12:30:00,19.25
Comox,2025-07-26,12:40:00,19.21
Comox,2025-07-26,12:50:00,19.28
Comox,2025-07-26,13:00:00,19.25
Comox,2025-07-26,13:10:00,19.27
Comox,2025-07-26,13:20:00,19.38
Comox,2025-07-26,13:30:00,19.38
Comox,2025-07-26,13:40:00,19.56
Comox,2025-07-26,13:50:00,19.53
Comox,2025-07-26,14:00:00,19.41
Comox,2025-07-26,14:10:00,19.41
Comox,2025-07-26,14:20:00,19.42
Comox,2025-07-26,14:30:00,19.42
Comox,2025-07-26,14:40:00,19.57
Comox,2025-07-26,14:50:00,19.48
Comox,2025-07-26,15:00:00,19.52
Comox,2025-07-26,15:10:00,19.59
Comox,2025-07-26,15:20:00,19.63
Comox,2025-07-26,15:30:00,19.87
Comox,2025-07-26,15:40:00,19.76
Comox,2025-07-26,15:50:00,19.6
Comox,2025-07-26,16:00:00,19.52
Comox,2025-07-26,16:10:00,19.36
Comox,2025-07-26,16:20:00,19.4
Comox,2025-07-26,16:30:00,19.27
Comox,2025-07-26,16:40:00,19.1
Comox,2025-07-26,16:50:00,19.15
Comox,2025-07-26,17:00:00,19.4
Comox,2025-07-26,17:10:00,19.38
Comox,2025-07-26,17:20:00,19.28
Comox,2025-07-26,17:30:00,19.23
Comox,2025-07-26,17:40:00,19.24
Comox,2025-07-26,17:50:00,19.22
Comox,2025-07-26,18:00:00,19.12
Comox,2025-07-26,18:10:00,19.2
Comox,2025-07-26,18:20:00,19.2
Comox,2025-07-26,18:30:00,19.38
Comox,2025-07-26,18:40:00,19.28
Comox,2025-07-26,18:50:00,19.11
Comox,2025-07-26,19:00:00,19.13
Comox,2025-07-26,19:10:00,19.07
Comox,2025-07-26,19:20:00,19.06
Comox,2025-07-26,19:30:00,18.97
Comox,2025-07-26,19:40:00,18.97
Comox,2025-07-26,19:50:00,19.01
Comox,2025-07-26,20:00:00,18.94
Comox,2025-07-26,20:10:00,18.85
Comox,2025-07-26,20:20:00,18.76
Comox,2025-07-26,20:30:00,18.73
Comox,2025-07-26,20:40:00,18.76
Comox,2025-07-26,20:50:00,18.77
Comox,2025-07-26,21:00:00,18.76
Comox,2025-07-26,21:10:00,18.8
Comox,2025-07-26,21:20:00,18.79
Comox,2025-07-26,21:30:00,18.68
Comox,2025-07-26,21:40:00,18.62
Comox,2025-07-26,21:50:00,18.63
Comox,2025-07-26,22:00:00,18.58
Comox,2025-07-26,22:10:00,18.54
Comox,2025-07-26,22:20:00,18.55
Comox,2025-07-26,22:30:00,18.51
Comox,2025-07-26,22:40:00,18.53
Comox,2025-07-26,22:50:00,18.52
Comox,2025-07-26,23:00:00,18.54
Comox,2025-07-26,23:10:00,18.49
Comox,2025-07-26,23:20:00,18.47
Comox,2025-07-26,23:30:00,18.44
Comox,2025-07-26,23:40:00,18.37
Comox,2025-07-26,23:50:00,18.34
Comox,2025-07-27,0:00:00,18.3
Comox,2025-07-27,0:10:00,18.25
Comox,2025-07-27,0:20:00,18.2
Comox,2025-07-27,0:30:00,18.12
Comox,2025-07-27,0:40:00,18.23
Comox,2025-07-27,0:50:00,18.21
Comox,2025-07-27,1:00:00,18.19
Comox,2025-07-27,1:10:00,18.1
Comox,2025-07-27,1:20:00,18.07
Comox,2025-07-27,1:30:00,18.06
Comox,2025-07-27,1:40:00,17.96
Comox,2025-07-27,1:50:00,18.06
Comox,2025-07-27,2:00:00,18.1
Comox,2025-07-27,2:10:00,18.09
Comox,2025-07-27,2:20:00,18.09
Comox,2025-07-27,2:30:00,18.02
Comox,2025-07-27,2:40:00,18.02
Comox,2025-07-27,2:50:00,17.99
Comox,2025-07-27,3:00:00,17.96
Comox,2025-07-27,3:10:00,17.92
Comox,2025-07-27,3:20:00,17.92
Comox,2025-07-27,3:30:00,17.9
Comox,2025-07-27,3:40:00,17.88
Comox,2025-07-27,3:50:00,17.87
Comox,2025-07-27,4:00:00,17.83
Comox,2025-07-27,4:10:00,17.8
Comox,2025-07-27,4:20:00,17.8
Comox,2025-07-27,4:30:00,17.72
Comox,2025-07-27,4:40:00,17.73
Comox,2025-07-27,4:50:00,17.66
Comox,2025-07-27,5:00:00,17.63
Comox,2025-07-27,5:10:00,17.58
Comox,2025-07-27,5:20:00,17.54
Comox,2025-07-27,5:30:00,17.5
Comox,2025-07-27,5:40:00,17.43
Comox,2025-07-27,5:50:00,17.33
Comox,2025-07-27,6:00:00,17.26
Comox,2025-07-27,6:10:00,17.24
Comox,2025-07-27,6:20:00,17.25
Comox,2025-07-27,6:30:00,17.31
Comox,2025-07-27,6:40:00,17.37
Comox,2025-07-27,6:50:00,17.35
Comox,2025-07-27,7:00:00,17.36
Comox,2025-07-27,7:10:00,17.34
Comox,2025-07-27,7:20:00,17.21
Comox,2025-07-27,7:30:00,17.2
Comox,2025-07-27,7:40:00,17.23
Comox,2025-07-27,7:50:00,17.32
Comox,2025-07-27,8:00:00,17.28
Comox,2025-07-27,8:10:00,17.2
Comox,2025-07-27,8:20:00,17.21
Comox,2025-07-27,8:30:00,17.26
Comox,2025-07-27,8:40:00,17.26
Comox,2025-07-27,8:50:00,17.29
Comox,2025-07-27,9:00:00,17.25
Comox,2025-07-27,9:10:00,17.28
Comox,2025-07-27,9:20:00,17.2
Comox,2025-07-27,9:30:00,17.38
Comox,2025-07-27,9:40:00,17.66
Comox,2025-07-27,9:50:00,17.81
Comox,2025-07-27,10:00:00,17.85
Comox,2025-07-27,10:10:00,17.9
Comox,2025-07-27,10:20:00,17.82
Comox,2025-07-27,10:30:00,17.81
Comox,2025-07-27,10:40:00,17.8
Comox,2025-07-27,10:50:00,17.84
Comox,2025-07-27,11:00:00,17.82
Comox,2025-07-27,11:10:00,17.97
Comox,2025-07-27,11:20:00,17.99
Comox,2025-07-27,11:30:00,17.89
Comox,2025-07-27,11:40:00,17.84
Comox,2025-07-27,11:50:00,18
Comox,2025-07-27,12:00:00,18.15
Comox,2025-07-27,12:10:00,18.29
Comox,2025-07-27,12:20:00,18.43
Comox,2025-07-27,12:30:00,18.56
Comox,2025-07-27,12:40:00,18.65
Comox,2025-07-27,12:50:00,18.85
Comox,2025-07-27,13:00:00,18.96
Comox,2025-07-27,13:10:00,19.08
Comox,2025-07-27,13:20:00,19.43
Comox,2025-07-27,13:30:00,19.71
Comox,2025-07-27,13:40:00,19.67
Comox,2025-07-27,13:50:00,19.65
Comox,2025-07-27,14:00:00,19.82
Comox,2025-07-27,14:10:00,19.83
Comox,2025-07-27,14:20:00,19.94
Comox,2025-07-27,14:30:00,19.91
Comox,2025-07-27,14:40:00,19.89
Comox,2025-07-27,14:50:00,20.01
Comox,2025-07-27,15:00:00,19.97
Comox,2025-07-27,15:10:00,20.02
Comox,2025-07-27,15:20:00,20.16
Comox,2025-07-27,15:30:00,20.39
Comox,2025-07-27,15:40:00,20.34
Comox,2025-07-27,15:50:00,20.18
Comox,2025-07-27,16:00:00,20.17
Comox,2025-07-27,16:10:00,20.24
Comox,2025-07-27,16:20:00,20.36
Comox,2025-07-27,16:30:00,20.07
Comox,2025-07-27,16:40:00,19.88
Comox,2025-07-27,16:50:00,19.71
Comox,2025-07-27,17:00:00,19.41
Comox,2025-07-27,17:10:00,19.42
Comox,2025-07-27,17:20:00,19.38
Comox,2025-07-27,17:30:00,19.59
Comox,2025-07-27,17:40:00,19.66
Comox,2025-07-27,17:50:00,19.8
Comox,2025-07-27,18:00:00,19.82
Comox,2025-07-27,18:10:00,19.83
Comox,2025-07-27,18:20:00,19.72
Comox,2025-07-27,18:30:00,19.66
Comox,2025-07-27,18:40:00,19.66
Comox,2025-07-27,18:50:00,19.53
Comox,2025-07-27,19:00:00,19.66
Comox,2025-07-27,19:10:00,19.68
Comox,2025-07-27,19:20:00,19.68
Comox,2025-07-27,19:30:00,19.66
Comox,2025-07-27,19:40:00,19.59
Comox,2025-07-27,19:50:00,19.51
Comox,2025-07-27,20:00:00,19.54
Comox,2025-07-27,20:10:00,19.47
Comox,2025-07-27,20:20:00,19.53
Comox,2025-07-27,20:30:00,19.61
Comox,2025-07-27,20:40:00,19.58
Comox,2025-07-27,20:50:00,19.52
Comox,2025-07-27,21:00:00,19.57
Comox,2025-07-27,21:10:00,19.56
Comox,2025-07-27,21:20:00,19.52
Comox,2025-07-27,21:30:00,19.5
Comox,2025-07-27,21:40:00,19.48
Comox,2025-07-27,21:50:00,19.38
Comox,2025-07-27,22:00:00,19.31
Comox,2025-07-27,22:10:00,19.32
Comox,2025-07-27,22:20:00,19.32
Comox,2025-07-27,22:30:00,19.26
Comox,2025-07-27,22:40:00,19.3
Comox,2025-07-27,22:50:00,19.26
Comox,2025-07-27,23:00:00,19.15
Comox,2025-07-27,23:10:00,19.07
Comox,2025-07-27,23:20:00,18.94
Comox,2025-07-27,23:30:00,18.84
Comox,2025-07-27,23:40:00,19.03
Comox,2025-07-27,23:50:00,19.11
Comox,2025-07-28,0:00:00,19.01
Comox,2025-07-28,0:10:00,19.02
Comox,2025-07-28,0:20:00,18.98
Comox,2025-07-28,0:30:00,18.93
Comox,2025-07-28,0:40:00,18.88
Comox,2025-07-28,0:50:00,18.89
Comox,2025-07-28,1:00:00,18.86
Comox,2025-07-28,1:10:00,18.86
Comox,2025-07-28,1:20:00,18.78
Comox,2025-07-28,1:30:00,18.73
Comox,2025-07-28,1:40:00,18.82
Comox,2025-07-28,1:50:00,18.79
Comox,2025-07-28,2:00:00,18.78
Comox,2025-07-28,2:10:00,18.76
Comox,2025-07-28,2:20:00,18.78
Comox,2025-07-28,2:30:00,18.8
Comox,2025-07-28,2:40:00,18.79
Comox,2025-07-28,2:50:00,18.73
Comox,2025-07-28,3:00:00,18.73
Comox,2025-07-28,3:10:00,18.61
Comox,2025-07-28,3:20:00,18.54
Comox,2025-07-28,3:30:00,18.52
Comox,2025-07-28,3:40:00,18.48
Comox,2025-07-28,3:50:00,18.43
Comox,2025-07-28,4:00:00,18.47
Comox,2025-07-28,4:10:00,18.5
Comox,2025-07-28,4:20:00,18.5
Comox,2025-07-28,4:30:00,18.4
Comox,2025-07-28,4:40:00,18.42
Comox,2025-07-28,4:50:00,18.32
Comox,2025-07-28,5:00:00,18.22
Comox,2025-07-28,5:10:00,18.1
Comox,2025-07-28,5:20:00,18.03
Comox,2025-07-28,5:30:00,17.92
Comox,2025-07-28,5:40:00,17.9
Comox,2025-07-28,5:50:00,17.83
Comox,2025-07-28,6:00:00,17.83
Comox,2025-07-28,6:10:00,17.77
Comox,2025-07-28,6:20:00,17.63
Comox,2025-07-28,6:30:00,17.53
Comox,2025-07-28,6:40:00,17.51
Comox,2025-07-28,6:50:00,17.51
Comox,2025-07-28,7:00:00,17.5
Comox,2025-07-28,7:10:00,17.49
Comox,2025-07-28,7:20:00,17.53
Comox,2025-07-28,7:30:00,17.47
Comox,2025-07-28,7:40:00,17.4
Comox,2025-07-28,7:50:00,17.46
Comox,2025-07-28,8:00:00,17.43
Comox,2025-07-28,8:10:00,17.51
Comox,2025-07-28,8:20:00,17.54
Comox,2025-07-28,8:30:00,17.54
Comox,2025-07-28,8:40:00,17.61
Comox,2025-07-28,8:50:00,17.63
Comox,2025-07-28,9:00:00,17.63
Comox,2025-07-28,9:10:00,17.66
Comox,2025-07-28,9:20:00,17.63
Comox,2025-07-28,9:30:00,17.72
Comox,2025-07-28,9:40:00,18.09
Comox,2025-07-28,9:50:00,18.19
Comox,2025-07-28,10:00:00,18.17
Comox,2025-07-28,10:10:00,18.18
Comox,2025-07-28,10:20:00,18.17
Comox,2025-07-28,10:30:00,18.2
Comox,2025-07-28,10:40:00,18.15
Comox,2025-07-28,10:50:00,18.09
Comox,2025-07-28,11:00:00,18.02
Comox,2025-07-28,11:10:00,18.03
Comox,2025-07-28,11:20:00,18.06
Comox,2025-07-28,11:30:00,18.11
Comox,2025-07-28,11:40:00,18.03
Comox,2025-07-28,11:50:00,17.97
Comox,2025-07-28,12:00:00,18.34
Comox,2025-07-28,12:10:00,18.29
Comox,2025-07-28,12:20:00,18.58
Comox,2025-07-28,12:30:00,18.77
Comox,2025-07-28,12:40:00,18.94
Comox,2025-07-28,12:50:00,18.97
Comox,2025-07-28,13:00:00,19
Comox,2025-07-28,13:10:00,18.86
Comox,2025-07-28,13:20:00,18.86
Comox,2025-07-28,13:30:00,18.95
Comox,2025-07-28,13:40:00,19.02
Comox,2025-07-28,13:50:00,19.09
Comox,2025-07-28,14:00:00,19.16
Comox,2025-07-28,14:10:00,19.31
Comox,2025-07-28,14:20:00,19.4
Comox,2025-07-28,14:30:00,19.53
Comox,2025-07-28,14:40:00,19.58
Comox,2025-07-28,14:50:00,19.73
Comox,2025-07-28,15:00:00,19.87
Comox,2025-07-28,15:10:00,19.95
Comox,2025-07-28,15:20:00,19.98
Comox,2025-07-28,15:30:00,20.01
Comox,2025-07-28,15:40:00,20.01
Comox,2025-07-28,15:50:00,20.03
Comox,2025-07-28,16:00:00,20
Comox,2025-07-28,16:10:00,20.01
Comox,2025-07-28,16:20:00,20.02
Comox,2025-07-28,16:30:00,19.91
Comox,2025-07-28,16:40:00,19.86
Comox,2025-07-28,16:50:00,19.57
Comox,2025-07-28,17:00:00,19.55
Comox,2025-07-28,17:10:00,19.5
Comox,2025-07-28,17:20:00,19.37
Comox,2025-07-28,17:30:00,19.42
Comox,2025-07-28,17:40:00,19.29
Comox,2025-07-28,17:50:00,19.33
Comox,2025-07-28,18:00:00,19.44
Comox,2025-07-28,18:10:00,19.5
Comox,2025-07-28,18:20:00,19.72
Comox,2025-07-28,18:30:00,19.84
Comox,2025-07-28,18:40:00,19.96
Comox,2025-07-28,18:50:00,20.06
Comox,2025-07-28,19:00:00,20.01
Comox,2025-07-28,19:10:00,19.99
Comox,2025-07-28,19:20:00,19.96
Comox,2025-07-28,19:30:00,19.85
Comox,2025-07-28,19:40:00,19.77
Comox,2025-07-28,19:50:00,19.72
Comox,2025-07-28,20:00:00,19.72
Comox,2025-07-28,20:10:00,19.69
Comox,2025-07-28,20:20:00,19.69
Comox,2025-07-28,20:30:00,19.63
Comox,2025-07-28,20:40:00,19.69
Comox,2025-07-28,20:50:00,19.53
Comox,2025-07-28,21:00:00,19.5
Comox,2025-07-28,21:10:00,19.52
Comox,2025-07-28,21:20:00,19.5
Comox,2025-07-28,21:30:00,19.44
Comox,2025-07-28,21:40:00,19.36
Comox,2025-07-28,21:50:00,19.31
Comox,2025-07-28,22:00:00,19.32
Comox,2025-07-28,22:10:00,19.32
Comox,2025-07-28,22:20:00,19.41
Comox,2025-07-28,22:30:00,19.29
Comox,2025-07-28,22:40:00,19.23
Comox,2025-07-28,22:50:00,19.17
Comox,2025-07-28,23:00:00,19.11
Comox,2025-07-28,23:10:00,18.92
Comox,2025-07-28,23:20:00,18.93
Comox,2025-07-28,23:30:00,18.81
Comox,2025-07-28,23:40:00,18.82
Comox,2025-07-28,23:50:00,18.82
Comox,2025-07-29,0:00:00,18.82
Comox,2025-07-29,0:10:00,18.83
Comox,2025-07-29,0:20:00,18.8
Comox,2025-07-29,0:30:00,18.82
Comox,2025-07-29,0:40:00,18.8
Comox,2025-07-29,0:50:00,18.85
Comox,2025-07-29,1:00:00,18.88
Comox,2025-07-29,1:10:00,18.99
Comox,2025-07-29,1:20:00,18.98
Comox,2025-07-29,1:30:00,18.93
Comox,2025-07-29,1:40:00,19.04
Comox,2025-07-29,1:50:00,18.85
Comox,2025-07-29,2:00:00,18.97
Comox,2025-07-29,2:10:00,18.94
Comox,2025-07-29,2:20:00,18.86
Comox,2025-07-29,2:30:00,18.83
Comox,2025-07-29,2:40:00,18.88
Comox,2025-07-29,2:50:00,18.87
Comox,2025-07-29,3:00:00,18.88
Comox,2025-07-29,3:10:00,18.86
Comox,2025-07-29,3:20:00,18.85
Comox,2025-07-29,3:30:00,18.86
Comox,2025-07-29,3:40:00,18.86
Comox,2025-07-29,3:50:00,18.83
Comox,2025-07-29,4:00:00,18.76
Comox,2025-07-29,4:10:00,18.78
Comox,2025-07-29,4:20:00,18.73
Comox,2025-07-29,4:30:00,18.66
Comox,2025-07-29,4:40:00,18.63
Comox,2025-07-29,4:50:00,18.58
Comox,2025-07-29,5:00:00,18.57
Comox,2025-07-29,5:10:00,18.53
Comox,2025-07-29,5:20:00,18.49
Comox,2025-07-29,5:30:00,18.47
Comox,2025-07-29,5:40:00,18.42
Comox,2025-07-29,5:50:00,18.4
Comox,2025-07-29,6:00:00,18.38
Comox,2025-07-29,6:10:00,18.26
Comox,2025-07-29,6:20:00,18.23
Comox,2025-07-29,6:30:00,18.24
Comox,2025-07-29,6:40:00,18.24
Comox,2025-07-29,6:50:00,18.22
Comox,2025-07-29,7:00:00,18.15
Comox,2025-07-29,7:10:00,18.18
Comox,2025-07-29,7:20:00,18.19
Comox,2025-07-29,7:30:00,18.15
Comox,2025-07-29,7:40:00,18.13
Comox,2025-07-29,7:50:00,18.1
Comox,2025-07-29,8:00:00,17.96
Comox,2025-07-29,8:10:00,17.93
Comox,2025-07-29,8:20:00,17.99
Comox,2025-07-29,8:30:00,18.03
Comox,2025-07-29,8:40:00,18.08
Comox,2025-07-29,8:50:00,18.09
Comox,2025-07-29,9:00:00,18.17
Comox,2025-07-29,9:10:00,18.03
Comox,2025-07-29,9:20:00,17.98
Comox,2025-07-29,9:30:00,18.15
Comox,2025-07-29,9:40:00,18.58
Comox,2025-07-29,9:50:00,18.67
Comox,2025-07-29,10:00:00,18.66
Comox,2025-07-29,10:10:00,18.63
Comox,2025-07-29,10:20:00,18.62
Comox,2025-07-29,10:30:00,18.64
Comox,2025-07-29,10:40:00,18.62
Comox,2025-07-29,10:50:00,18.66
Comox,2025-07-29,11:00:00,18.73
Comox,2025-07-29,11:10:00,18.62
Comox,2025-07-29,11:20:00,18.66
Comox,2025-07-29,11:30:00,18.83
Comox,2025-07-29,11:40:00,19.12
Comox,2025-07-29,11:50:00,19.38
Comox,2025-07-29,12:00:00,19.47
Comox,2025-07-29,12:10:00,19.72
Comox,2025-07-29,12:20:00,19.85
Comox,2025-07-29,12:30:00,20.04
Comox,2025-07-29,12:40:00,20.02
Comox,2025-07-29,12:50:00,20.36
Comox,2025-07-29,13:00:00,20.37
Comox,2025-07-29,13:10:00,20.48
Comox,2025-07-29,13:20:00,20.33
Comox,2025-07-29,13:30:00,20.49
Comox,2025-07-29,13:40:00,20.53
Comox,2025-07-29,13:50:00,20.45
Comox,2025-07-29,14:00:00,20.37
Comox,2025-07-29,14:10:00,20.39
Comox,2025-07-29,14:20:00,20.27
Comox,2025-07-29,14:30:00,20.25
Comox,2025-07-29,14:40:00,20.18
Comox,2025-07-29,14:50:00,19.98
Comox,2025-07-29,15:00:00,19.91
Comox,2025-07-29,15:10:00,19.92
Comox,2025-07-29,15:20:00,19.94
Comox,2025-07-29,15:30:00,20.01
Comox,2025-07-29,15:40:00,20.18
Comox,2025-07-29,15:50:00,20.27
Comox,2025-07-29,16:00:00,20.2
Comox,2025-07-29,16:10:00,20.13
Comox,2025-07-29,16:20:00,20.15
Comox,2025-07-29,16:30:00,20.18
Comox,2025-07-29,16:40:00,20.47
Comox,2025-07-29,16:50:00,20.37
Comox,2025-07-29,17:00:00,20.34
Comox,2025-07-29,17:10:00,20.4
Comox,2025-07-29,17:20:00,20.35
Comox,2025-07-29,17:30:00,20.39
Comox,2025-07-29,17:40:00,20.27
Comox,2025-07-29,17:50:00,20.32
Comox,2025-07-29,18:00:00,20.05
Comox,2025-07-29,18:10:00,19.89
Comox,2025-07-29,18:20:00,19.77
Comox,2025-07-29,18:30:00,19.81
Comox,2025-07-29,18:40:00,19.85
Comox,2025-07-29,18:50:00,20.06
Comox,2025-07-29,19:00:00,20.1
Comox,2025-07-29,19:10:00,20.24
Comox,2025-07-29,19:20:00,20.21
Comox,2025-07-29,19:30:00,20.27
Comox,2025-07-29,19:40:00,20.45
Comox,2025-07-29,19:50:00,20.26
Comox,2025-07-29,20:00:00,20.24
Comox,2025-07-29,20:10:00,20.18
Comox,2025-07-29,20:20:00,20.21
Comox,2025-07-29,20:30:00,20.25
Comox,2025-07-29,20:40:00,20.17
Comox,2025-07-29,20:50:00,20.13
Comox,2025-07-29,21:00:00,19.98
Comox,2025-07-29,21:10:00,20.05
Comox,2025-07-29,21:20:00,20.11
Comox,2025-07-29,21:30:00,20.18
Comox,2025-07-29,21:40:00,20.16
Comox,2025-07-29,21:50:00,20.19
Comox,2025-07-29,22:00:00,20.26
Comox,2025-07-29,22:10:00,20.25
Comox,2025-07-29,22:20:00,20.3
Comox,2025-07-29,22:30:00,20.31
Comox,2025-07-29,22:40:00,20.29
Comox,2025-07-29,22:50:00,20.31
Comox,2025-07-29,23:00:00,20.3
Comox,2025-07-29,23:10:00,20.28
Comox,2025-07-29,23:20:00,20.25
Comox,2025-07-29,23:30:00,20.2
Comox,2025-07-29,23:40:00,20.14
Comox,2025-07-29,23:50:00,20.01
Comox,2025-07-30,0:00:00,19.9
Comox,2025-07-30,0:10:00,19.87
Comox,2025-07-30,0:20:00,19.95
Comox,2025-07-30,0:30:00,19.97
Comox,2025-07-30,0:40:00,19.97
Comox,2025-07-30,0:50:00,19.95
Comox,2025-07-30,1:00:00,19.92
Comox,2025-07-30,1:10:00,19.83
Comox,2025-07-30,1:20:00,19.73
Comox,2025-07-30,1:30:00,19.7
Comox,2025-07-30,1:40:00,19.63
Comox,2025-07-30,1:50:00,19.66
Comox,2025-07-30,2:00:00,19.66
Comox,2025-07-30,2:10:00,19.73
Comox,2025-07-30,2:20:00,19.73
Comox,2025-07-30,2:30:00,19.73
Comox,2025-07-30,2:40:00,19.74
Comox,2025-07-30,2:50:00,19.75
Comox,2025-07-30,3:00:00,19.74
Comox,2025-07-30,3:10:00,19.72
Comox,2025-07-30,3:20:00,19.69
Comox,2025-07-30,3:30:00,19.69
Comox,2025-07-30,3:40:00,19.72
Comox,2025-07-30,3:50:00,19.72
Comox,2025-07-30,4:00:00,19.69
Comox,2025-07-30,4:10:00,19.68
Comox,2025-07-30,4:20:00,19.65
Comox,2025-07-30,4:30:00,19.66
Comox,2025-07-30,4:40:00,19.67
Comox,2025-07-30,4:50:00,19.68
Comox,2025-07-30,5:00:00,19.67
Comox,2025-07-30,5:10:00,19.66
Comox,2025-07-30,5:20:00,19.61
Comox,2025-07-30,5:30:00,19.55
Comox,2025-07-30,5:40:00,19.45
Comox,2025-07-30,5:50:00,19.41
Comox,2025-07-30,6:00:00,19.44
Comox,2025-07-30,6:10:00,19.4
Comox,2025-07-30,6:20:00,19.39
Comox,2025-07-30,6:30:00,19.38
Comox,2025-07-30,6:40:00,19.37
Comox,2025-07-30,6:50:00,19.4
Comox,2025-07-30,7:00:00,19.38
Comox,2025-07-30,7:10:00,19.23
Comox,2025-07-30,7:20:00,19.31
Comox,2025-07-30,7:30:00,19.36
Comox,2025-07-30,7:40:00,19.35
Comox,2025-07-30,7:50:00,19.26
Comox,2025-07-30,8:00:00,19.44
Comox,2025-07-30,8:10:00,19.39
Comox,2025-07-30,8:20:00,19.45
Comox,2025-07-30,8:30:00,19.43
Comox,2025-07-30,8:40:00,19.38
Comox,2025-07-30,8:50:00,19.4
Comox,2025-07-30,9:00:00,19.38
Comox,2025-07-30,9:10:00,19.45
Comox,2025-07-30,9:20:00,19.56
Comox,2025-07-30,9:30:00,19.68
Comox,2025-07-30,9:40:00,19.69
Comox,2025-07-30,9:50:00,19.61
Comox,2025-07-30,10:00:00,19.63
Comox,2025-07-30,10:10:00,19.47
Comox,2025-07-30,10:20:00,19.61
Comox,2025-07-30,10:30:00,19.71
Comox,2025-07-30,10:40:00,19.82
Comox,2025-07-30,10:50:00,19.84
Comox,2025-07-30,11:00:00,19.83
Comox,2025-07-30,11:10:00,19.75
Comox,2025-07-30,11:20:00,19.76
Comox,2025-07-30,11:30:00,19.79
Comox,2025-07-30,11:40:00,19.8
Comox,2025-07-30,11:50:00,19.96
Comox,2025-07-30,12:00:00,20.1
Comox,2025-07-30,12:10:00,20.13
Comox,2025-07-30,12:20:00,20.15
Comox,2025-07-30,12:30:00,20.2
Comox,2025-07-30,12:40:00,20.25
Comox,2025-07-30,12:50:00,20.24
Comox,2025-07-30,13:00:00,20.1
Comox,2025-07-30,13:10:00,20.13
Comox,2025-07-30,13:20:00,20.1
Comox,2025-07-30,13:30:00,20.11
Comox,2025-07-30,13:40:00,20.15
Comox,2025-07-30,13:50:00,20.16
Comox,2025-07-30,14:00:00,20.19
Comox,2025-07-30,14:10:00,20.2
Comox,2025-07-30,14:20:00,20.33
Comox,2025-07-30,14:30:00,20.36
Comox,2025-07-30,14:40:00,20.6
Comox,2025-07-30,14:50:00,21.05
Comox,2025-07-30,15:00:00,21.2
Comox,2025-07-30,15:10:00,21.23
Comox,2025-07-30,15:20:00,21.4
Comox,2025-07-30,15:30:00,21.59
Comox,2025-07-30,15:40:00,21.8
Comox,2025-07-30,15:50:00,21.93
Comox,2025-07-30,16:00:00,21.95
Comox,2025-07-30,16:10:00,21.99
Comox,2025-07-30,16:20:00,22.06
Comox,2025-07-30,16:30:00,22.12
Comox,2025-07-30,16:40:00,22.2
Comox,2025-07-30,16:50:00,22.11
Comox,2025-07-30,17:00:00,21.67
Comox,2025-07-30,17:10:00,21.52
Comox,2025-07-30,17:20:00,21.53
Comox,2025-07-30,17:30:00,21.72
Comox,2025-07-30,17:40:00,21.91
Comox,2025-07-30,17:50:00,22.03
Comox,2025-07-30,18:00:00,22.06
Comox,2025-07-30,18:10:00,21.96
Comox,2025-07-30,18:20:00,21.85
Comox,2025-07-30,18:30:00,21.67
Comox,2025-07-30,18:40:00,21.51
Comox,2025-07-30,18:50:00,21.44
Comox,2025-07-30,19:00:00,21.28
Comox,2025-07-30,19:10:00,21.23
Comox,2025-07-30,19:20:00,21.25
Comox,2025-07-30,19:30:00,21.33
Comox,2025-07-30,19:40:00,21.09
Comox,2025-07-30,19:50:00,20.98
Comox,2025-07-30,20:00:00,20.87
Comox,2025-07-30,20:10:00,20.81
Comox,2025-07-30,20:20:00,20.8
Comox,2025-07-30,20:30:00,20.77
Comox,2025-07-30,20:40:00,20.77
Comox,2025-07-30,20:50:00,20.8
Comox,2025-07-30,21:00:00,20.79
Comox,2025-07-30,21:10:00,20.85
Comox,2025-07-30,21:20:00,20.78
Comox,2025-07-30,21:30:00,20.77
Comox,2025-07-30,21:40:00,20.91
Comox,2025-07-30,21:50:00,20.86
Comox,2025-07-30,22:00:00,20.75
Comox,2025-07-30,22:10:00,20.74
Comox,2025-07-30,22:20:00,20.73
Comox,2025-07-30,22:30:00,20.72
Comox,2025-07-30,22:40:00,20.69
Comox,2025-07-30,22:50:00,20.71
Comox,2025-07-30,23:00:00,20.7
Comox,2025-07-30,23:10:00,20.7
Comox,2025-07-30,23:20:00,20.72
Comox,2025-07-30,23:30:00,20.73
Comox,2025-07-30,23:40:00,20.64
Comox,2025-07-30,23:50:00,20.55
Comox,2025-07-31,0:00:00,20.47
Comox,2025-07-31,0:10:00,20.47
Comox,2025-07-31,0:20:00,20.44
Comox,2025-07-31,0:30:00,20.45
Comox,2025-07-31,0:40:00,20.44
Comox,2025-07-31,0:50:00,20.47
Comox,2025-07-31,1:00:00,20.48
Comox,2025-07-31,1:10:00,20.51
Comox,2025-07-31,1:20:00,20.5
Comox,2025-07-31,1:30:00,20.46
Comox,2025-07-31,1:40:00,20.56
Comox,2025-07-31,1:50:00,20.54
Comox,2025-07-31,2:00:00,20.55
Comox,2025-07-31,2:10:00,20.5
Comox,2025-07-31,2:20:00,20.5
Comox,2025-07-31,2:30:00,20.48
Comox,2025-07-31,2:40:00,20.47
Comox,2025-07-31,2:50:00,20.47
Comox,2025-07-31,3:00:00,20.49
Comox,2025-07-31,3:10:00,20.47
Comox,2025-07-31,3:20:00,20.46
Comox,2025-07-31,3:30:00,20.5
Comox,2025-07-31,3:40:00,20.51
Comox,2025-07-31,3:50:00,20.51
Comox,2025-07-31,4:00:00,20.57
Comox,2025-07-31,4:10:00,20.58
Comox,2025-07-31,4:20:00,20.63
Comox,2025-07-31,4:30:00,20.61
Comox,2025-07-31,4:40:00,20.57
Comox,2025-07-31,4:50:00,20.56
Comox,2025-07-31,5:00:00,20.59
Comox,2025-07-31,5:10:00,20.56
Comox,2025-07-31,5:20:00,20.55
Comox,2025-07-31,5:30:00,20.57
Comox,2025-07-31,5:40:00,20.55
Comox,2025-07-31,5:50:00,20.56
Comox,2025-07-31,6:00:00,20.55
Comox,2025-07-31,6:10:00,20.56
Comox,2025-07-31,6:20:00,20.56
Comox,2025-07-31,6:30:00,20.54
Comox,2025-07-31,6:40:00,20.57
Comox,2025-07-31,6:50:00,20.55
Comox,2025-07-31,7:00:00,20.54
Comox,2025-07-31,7:10:00,20.37
Comox,2025-07-31,7:20:00,20.02
Comox,2025-07-31,7:30:00,20.15
Comox,2025-07-31,7:40:00,20.2
Comox,2025-07-31,7:50:00,20.14
Comox,2025-07-31,8:00:00,20.18
Comox,2025-07-31,8:10:00,20.26
Comox,2025-07-31,8:20:00,20.28
Comox,2025-07-31,8:30:00,20.09
Comox,2025-07-31,8:40:00,20.15
Comox,2025-07-31,8:50:00,20.21
Comox,2025-07-31,9:00:00,20.27
Comox,2025-07-31,9:10:00,20.29
Comox,2025-07-31,9:20:00,20.28
Comox,2025-07-31,9:30:00,20.24
Comox,2025-07-31,9:40:00,20.29
Comox,2025-07-31,9:50:00,20.7
Comox,2025-07-31,10:00:00,20.73
Comox,2025-07-31,10:10:00,20.71
Comox,2025-07-31,10:20:00,20.83
Comox,2025-07-31,10:30:00,20.91
Comox,2025-07-31,10:40:00,20.88
Comox,2025-07-31,10:50:00,20.95
Comox,2025-07-31,11:00:00,20.92
Comox,2025-07-31,11:10:00,20.9
Comox,2025-07-31,11:20:00,20.94
Comox,2025-07-31,11:30:00,20.88
Comox,2025-07-31,11:40:00,20.86
Comox,2025-07-31,11:50:00,20.74
Comox,2025-07-31,12:00:00,20.65
Comox,2025-07-31,12:10:00,20.69
Comox,2025-07-31,12:20:00,20.89
Comox,2025-07-31,12:30:00,20.99
Comox,2025-07-31,12:40:00,21.06
Comox,2025-07-31,12:50:00,21.13
Comox,2025-07-31,13:00:00,21.22
Comox,2025-07-31,13:10:00,21.36
Comox,2025-07-31,13:20:00,21.45
Comox,2025-07-31,13:30:00,21.55
Comox,2025-07-31,13:40:00,21.64
Comox,2025-07-31,13:50:00,21.7
Comox,2025-07-31,14:00:00,21.79
Comox,2025-07-31,14:10:00,21.84
Comox,2025-07-31,14:20:00,21.9
Comox,2025-07-31,14:30:00,21.95
Comox,2025-07-31,14:40:00,22.03
Comox,2025-07-31,14:50:00,22.09
Comox,2025-07-31,15:00:00,22.14
Comox,2025-07-31,15:10:00,22.18
Comox,2025-07-31,15:20:00,22.27
Comox,2025-07-31,15:30:00,22.42
Comox,2025-07-31,15:40:00,22.48
Comox,2025-07-31,15:50:00,22.56
Comox,2025-07-31,16:00:00,22.69
Comox,2025-07-31,16:10:00,22.85
Comox,2025-07-31,16:20:00,22.88
Comox,2025-07-31,16:30:00,22.91
Comox,2025-07-31,16:40:00,22.83
Comox,2025-07-31,16:50:00,22.87
Comox,2025-07-31,17:00:00,22.85
Comox,2025-07-31,17:10:00,22.88
Comox,2025-07-31,17:20:00,22.88
Comox,2025-07-31,17:30:00,22.86
Comox,2025-07-31,17:40:00,22.82
Comox,2025-07-31,17:50:00,22.79
Comox,2025-07-31,18:00:00,22.68
Comox,2025-07-31,18:10:00,22.51
Comox,2025-07-31,18:20:00,22.39
Comox,2025-07-31,18:30:00,22.42
Comox,2025-07-31,18:40:00,22.37
Comox,2025-07-31,18:50:00,22.32
Comox,2025-07-31,19:00:00,22.26
Comox,2025-07-31,19:10:00,22.25
Comox,2025-07-31,19:20:00,22.26
Comox,2025-07-31,19:30:00,22.24
Comox,2025-07-31,19:40:00,22.28
Comox,2025-07-31,19:50:00,22.2
Comox,2025-07-31,20:00:00,22.16
Comox,2025-07-31,20:10:00,22.08
Comox,2025-07-31,20:20:00,22.08
Comox,2025-07-31,20:30:00,22.04
Comox,2025-07-31,20:40:00,21.99
Comox,2025-07-31,20:50:00,21.85
Comox,2025-07-31,21:00:00,21.83
Comox,2025-07-31,21:10:00,22.04
Comox,2025-07-31,21:20:00,21.93
Comox,2025-07-31,21:30:00,21.98
Comox,2025-07-31,21:40:00,21.98
Comox,2025-07-31,21:50:00,21.9
Comox,2025-07-31,22:00:00,21.89
Comox,2025-07-31,22:10:00,21.78
Comox,2025-07-31,22:20:00,21.76
Comox,2025-07-31,22:30:00,21.67
Comox,2025-07-31,22:40:00,21.62
Comox,2025-07-31,22:50:00,21.55
Comox,2025-07-31,23:00:00,21.51
Comox,2025-07-31,23:10:00,21.49
Comox,2025-07-31,23:20:00,21.47
Comox,2025-07-31,23:30:00,21.46
Comox,2025-07-31,23:40:00,21.42
Comox,2025-07-31,23:50:00,21.38
Comox,2025-08-01,0:00:00,21.4
Comox,2025-08-01,0:10:00,21.38
Comox,2025-08-01,0:20:00,21.36
Comox,2025-08-01,0:30:00,21.34
Comox,2025-08-01,0:40:00,21.34
Comox,2025-08-01,0:50:00,21.31
Comox,2025-08-01,1:00:00,21.23
Comox,2025-08-01,1:10:00,21.21
Comox,2025-08-01,1:20:00,21.23
Comox,2025-08-01,1:30:00,21.21
Comox,2025-08-01,1:40:00,21.2
Comox,2025-08-01,1:50:00,21.18
Comox,2025-08-01,2:00:00,21.2
Comox,2025-08-01,2:10:00,21.19
Comox,2025-08-01,2:20:00,21.17
Comox,2025-08-01,2:30:00,21.19
Comox,2025-08-01,2:40:00,21.17
Comox,2025-08-01,2:50:00,21.13
Comox,2025-08-01,3:00:00,21.15
Comox,2025-08-01,3:10:00,21.11
Comox,2025-08-01,3:20:00,21.11
Comox,2025-08-01,3:30:00,21.13
Comox,2025-08-01,3:40:00,21.1
Comox,2025-08-01,3:50:00,21.08
Comox,2025-08-01,4:00:00,21.06
Comox,2025-08-01,4:10:00,21.05
Comox,2025-08-01,4:20:00,21.03
Comox,2025-08-01,4:30:00,21.05
Comox,2025-08-01,4:40:00,21.05
Comox,2025-08-01,4:50:00,21.05
Comox,2025-08-01,5:00:00,21.05
Comox,2025-08-01,5:10:00,21.05
Comox,2025-08-01,5:20:00,21.04
Comox,2025-08-01,5:30:00,21.03
Comox,2025-08-01,5:40:00,21.02
Comox,2025-08-01,5:50:00,21.04
Comox,2025-08-01,6:00:00,21.02
Comox,2025-08-01,6:10:00,21
Comox,2025-08-01,6:20:00,21.01
Comox,2025-08-01,6:30:00,20.99
Comox,2025-08-01,6:40:00,20.98
Comox,2025-08-01,6:50:00,21.01
Comox,2025-08-01,7:00:00,21
Comox,2025-08-01,7:10:00,20.98
Comox,2025-08-01,7:20:00,21.05
Comox,2025-08-01,7:30:00,21.19
Comox,2025-08-01,7:40:00,21.28
Comox,2025-08-01,7:50:00,21.29
Comox,2025-08-01,8:00:00,21.22
Comox,2025-08-01,8:10:00,21.38
Comox,2025-08-01,8:20:00,21.45
Comox,2025-08-01,8:30:00,21.47
Comox,2025-08-01,8:40:00,21.52
Comox,2025-08-01,8:50:00,21.51
Comox,2025-08-01,9:00:00,21.54
Comox,2025-08-01,9:10:00,21.6
Comox,2025-08-01,9:20:00,21.61
Comox,2025-08-01,9:30:00,21.63
Comox,2025-08-01,9:40:00,21.6
Comox,2025-08-01,9:50:00,21.61
Comox,2025-08-01,10:00:00,21.52
Comox,2025-08-01,10:10:00,21.45
Comox,2025-08-01,10:20:00,21.48
Comox,2025-08-01,10:30:00,21.49
Comox,2025-08-01,10:40:00,21.35
Comox,2025-08-01,10:50:00,21.23
Comox,2025-08-01,11:00:00,21.17
Comox,2025-08-01,11:10:00,21.2
Comox,2025-08-01,11:20:00,21.23
Comox,2025-08-01,11:30:00,21.24
Comox,2025-08-01,11:40:00,21.28
Comox,2025-08-01,11:50:00,21.43
Comox,2025-08-01,12:00:00,21.47
Comox,2025-08-01,12:10:00,21.55
Comox,2025-08-01,12:20:00,21.59
Comox,2025-08-01,12:30:00,21.39
Comox,2025-08-01,12:40:00,21.42
Comox,2025-08-01,12:50:00,21.61
Comox,2025-08-01,13:00:00,21.47
Comox,2025-08-01,13:10:00,21.46
Comox,2025-08-01,13:20:00,21.33
Comox,2025-08-01,13:30:00,21.22
Comox,2025-08-01,13:40:00,21.28
Comox,2025-08-01,13:50:00,21.18
Comox,2025-08-01,14:00:00,21.08
Comox,2025-08-01,14:10:00,21.14
Comox,2025-08-01,14:20:00,21.15
Comox,2025-08-01,14:30:00,21.22
Comox,2025-08-01,14:40:00,21.28
Comox,2025-08-01,14:50:00,21.33
Comox,2025-08-01,15:00:00,21.35
Comox,2025-08-01,15:10:00,21.38
Comox,2025-08-01,15:20:00,21.4
Comox,2025-08-01,15:30:00,21.46
Comox,2025-08-01,15:40:00,21.23
Comox,2025-08-01,15:50:00,21.33
Comox,2025-08-01,16:00:00,21.32
Comox,2025-08-01,16:10:00,21.39
Comox,2025-08-01,16:20:00,21.38
Comox,2025-08-01,16:30:00,21.43
Comox,2025-08-01,16:40:00,21.45
Comox,2025-08-01,16:50:00,21.47
Comox,2025-08-01,17:00:00,21.47
Comox,2025-08-01,17:10:00,21.4
Comox,2025-08-01,17:20:00,21.45
Comox,2025-08-01,17:30:00,21.6
Comox,2025-08-01,17:40:00,21.63
Comox,2025-08-01,17:50:00,21.64
Comox,2025-08-01,18:00:00,21.54
Comox,2025-08-01,18:10:00,21.54
Comox,2025-08-01,18:20:00,21.53
Comox,2025-08-01,18:30:00,21.58
Comox,2025-08-01,18:40:00,21.57
Comox,2025-08-01,18:50:00,21.55
Comox,2025-08-01,19:00:00,21.5
Comox,2025-08-01,19:10:00,21.46
Comox,2025-08-01,19:20:00,21.44
Comox,2025-08-01,19:30:00,21.42
Comox,2025-08-01,19:40:00,21.4
Comox,2025-08-01,19:50:00,21.38
Comox,2025-08-01,20:00:00,21.39
Comox,2025-08-01,20:10:00,21.36
Comox,2025-08-01,20:20:00,21.3
Comox,2025-08-01,20:30:00,21.29
Comox,2025-08-01,20:40:00,21.24
Comox,2025-08-01,20:50:00,21.2
Comox,2025-08-01,21:00:00,21.17
Comox,2025-08-01,21:10:00,21.16
Comox,2025-08-01,21:20:00,21.13
Comox,2025-08-01,21:30:00,21.16
Comox,2025-08-01,21:40:00,21.19
Comox,2025-08-01,21:50:00,21.18
Comox,2025-08-01,22:00:00,21.19
Comox,2025-08-01,22:10:00,21.18
Comox,2025-08-01,22:20:00,21.21
Comox,2025-08-01,22:30:00,21.32
Comox,2025-08-01,22:40:00,21.39
Comox,2025-08-01,22:50:00,21.37
Comox,2025-08-01,23:00:00,21.36
Comox,2025-08-01,23:10:00,21.44
Comox,2025-08-01,23:20:00,21.46
Comox,2025-08-01,23:30:00,21.49
Comox,2025-08-01,23:40:00,21.42
Comox,2025-08-01,23:50:00,21.35
Comox,2025-08-02,0:00:00,21.32
Comox,2025-08-02,0:10:00,21.34
Comox,2025-08-02,0:20:00,21.34
Comox,2025-08-02,0:30:00,21.35
Comox,2025-08-02,0:40:00,21.34
Comox,2025-08-02,0:50:00,21.35
Comox,2025-08-02,1:00:00,21.34
Comox,2025-08-02,1:10:00,21.27
Comox,2025-08-02,1:20:00,21.23
Comox,2025-08-02,1:30:00,21.22
Comox,2025-08-02,1:40:00,21.21
Comox,2025-08-02,1:50:00,21.21
Comox,2025-08-02,2:00:00,21.2
Comox,2025-08-02,2:10:00,21.22
Comox,2025-08-02,2:20:00,21.19
Comox,2025-08-02,2:30:00,21.23
Comox,2025-08-02,2:40:00,21.2
Comox,2025-08-02,2:50:00,21.19
Comox,2025-08-02,3:00:00,21.19
Comox,2025-08-02,3:10:00,21.19
Comox,2025-08-02,3:20:00,21.17
Comox,2025-08-02,3:30:00,21.16
Comox,2025-08-02,3:40:00,21.14
Comox,2025-08-02,3:50:00,21.11
Comox,2025-08-02,4:00:00,21.13
Comox,2025-08-02,4:10:00,21.13
Comox,2025-08-02,4:20:00,21.1
Comox,2025-08-02,4:30:00,21.07
Comox,2025-08-02,4:40:00,21.04
Comox,2025-08-02,4:50:00,21.03
Comox,2025-08-02,5:00:00,21.01
Comox,2025-08-02,5:10:00,21.03
Comox,2025-08-02,5:20:00,21.01
Comox,2025-08-02,5:30:00,20.99
Comox,2025-08-02,5:40:00,20.94
Comox,2025-08-02,5:50:00,21.01
Comox,2025-08-02,6:00:00,21.02
Comox,2025-08-02,6:10:00,21.05
Comox,2025-08-02,6:20:00,20.96
Comox,2025-08-02,6:30:00,20.98
Comox,2025-08-02,6:40:00,20.91
Comox,2025-08-02,6:50:00,20.9
Comox,2025-08-02,7:00:00,20.87
Comox,2025-08-02,7:10:00,20.85
Comox,2025-08-02,7:20:00,20.84
Comox,2025-08-02,7:30:00,20.89
Comox,2025-08-02,7:40:00,20.94
Comox,2025-08-02,7:50:00,20.88
Comox,2025-08-02,8:00:00,20.83
Comox,2025-08-02,8:10:00,20.98
Comox,2025-08-02,8:20:00,20.85
Comox,2025-08-02,8:30:00,20.85
Comox,2025-08-02,8:40:00,20.9
Comox,2025-08-02,8:50:00,20.9
Comox,2025-08-02,9:00:00,21.06
Comox,2025-08-02,9:10:00,21.27
Comox,2025-08-02,9:20:00,20.99
Comox,2025-08-02,9:30:00,20.99
Comox,2025-08-02,9:40:00,21.11
Comox,2025-08-02,9:50:00,21.32
Comox,2025-08-02,10:00:00,21.28
Comox,2025-08-02,10:10:00,21.18
Comox,2025-08-02,10:20:00,21.25
Comox,2025-08-02,10:30:00,21.11
Comox,2025-08-02,10:40:00,21.18
Comox,2025-08-02,10:50:00,21.05
Comox,2025-08-02,11:00:00,21.07
Comox,2025-08-02,11:10:00,21.16
Comox,2025-08-02,11:20:00,21.23
Comox,2025-08-02,11:30:00,21.2
Comox,2025-08-02,11:40:00,21.18
Comox,2025-08-02,11:50:00,21.09
Comox,2025-08-02,12:00:00,21.1
Comox,2025-08-02,12:10:00,21.11
Comox,2025-08-02,12:20:00,21.09
Comox,2025-08-02,12:30:00,21.02
Comox,2025-08-02,12:40:00,21.04
Comox,2025-08-02,12:50:00,21.15
Comox,2025-08-02,13:00:00,21.16
Comox,2025-08-02,13:10:00,21.08
Comox,2025-08-02,13:20:00,21.11
Comox,2025-08-02,13:30:00,21.07
Comox,2025-08-02,13:40:00,21
Comox,2025-08-02,13:50:00,20.9
Comox,2025-08-02,14:00:00,20.94
Comox,2025-08-02,14:10:00,20.96
Comox,2025-08-02,14:20:00,21.1
Comox,2025-08-02,14:30:00,20.92
Comox,2025-08-02,14:40:00,20.99
Comox,2025-08-02,14:50:00,20.98
Comox,2025-08-02,15:00:00,20.93
Comox,2025-08-02,15:10:00,20.94
Comox,2025-08-02,15:20:00,20.99
Comox,2025-08-02,15:30:00,21.01
Comox,2025-08-02,15:40:00,20.99
Comox,2025-08-02,15:50:00,20.94
Comox,2025-08-02,16:00:00,20.98
Comox,2025-08-02,16:10:00,21.07
Comox,2025-08-02,16:20:00,21.09
Comox,2025-08-02,16:30:00,21.18
Comox,2025-08-02,16:40:00,21.23
Comox,2025-08-02,16:50:00,21.23
Comox,2025-08-02,17:00:00,21.25
Comox,2025-08-02,17:10:00,21.3
Comox,2025-08-02,17:20:00,21.36
Comox,2025-08-02,17:30:00,21.37
Comox,2025-08-02,17:40:00,21.42
Comox,2025-08-02,17:50:00,21.43
Comox,2025-08-02,18:00:00,21.45
Comox,2025-08-02,18:10:00,21.45
Comox,2025-08-02,18:20:00,21.44
Comox,2025-08-02,18:30:00,21.45
Comox,2025-08-02,18:40:00,21.44
Comox,2025-08-02,18:50:00,21.43
Comox,2025-08-02,19:00:00,21.46
Comox,2025-08-02,19:10:00,21.42
Comox,2025-08-02,19:20:00,21.42
Comox,2025-08-02,19:30:00,21.43
Comox,2025-08-02,19:40:00,21.42
Comox,2025-08-02,19:50:00,21.45
Comox,2025-08-02,20:00:00,21.43
Comox,2025-08-02,20:10:00,21.44
Comox,2025-08-02,20:20:00,21.42
Comox,2025-08-02,20:30:00,21.39
Comox,2025-08-02,20:40:00,21.37
Comox,2025-08-02,20:50:00,21.36
Comox,2025-08-02,21:00:00,21.35
Comox,2025-08-02,21:10:00,21.33
Comox,2025-08-02,21:20:00,21.33
Comox,2025-08-02,21:30:00,21.34
Comox,2025-08-02,21:40:00,21.32
Comox,2025-08-02,21:50:00,21.32
Comox,2025-08-02,22:00:00,21.33
Comox,2025-08-02,22:10:00,21.33
Comox,2025-08-02,22:20:00,21.31
Comox,2025-08-02,22:30:00,21.3
Comox,2025-08-02,22:40:00,21.22
Comox,2025-08-02,22:50:00,21.23
Comox,2025-08-02,23:00:00,21.21
Comox,2025-08-02,23:10:00,21.23
Comox,2025-08-02,23:20:00,21.22
Comox,2025-08-02,23:30:00,21.18
Comox,2025-08-02,23:40:00,21.19
Comox,2025-08-02,23:50:00,21.18
Comox,2025-08-03,0:00:00,21.17
Comox,2025-08-03,0:10:00,21.21
Comox,2025-08-03,0:20:00,21.23
Comox,2025-08-03,0:30:00,21.35
Comox,2025-08-03,0:40:00,21.37
Comox,2025-08-03,0:50:00,21.38
Comox,2025-08-03,1:00:00,21.29
Comox,2025-08-03,1:10:00,21.16
Comox,2025-08-03,1:20:00,21.09
Comox,2025-08-03,1:30:00,21.07
Comox,2025-08-03,1:40:00,21.11
Comox,2025-08-03,1:50:00,21.13
Comox,2025-08-03,2:00:00,21.03
Comox,2025-08-03,2:10:00,20.84
Comox,2025-08-03,2:20:00,21.01
Comox,2025-08-03,2:30:00,21.05
Comox,2025-08-03,2:40:00,20.87
Comox,2025-08-03,2:50:00,20.91
Comox,2025-08-03,3:00:00,21.01
Comox,2025-08-03,3:10:00,21.08
Comox,2025-08-03,3:20:00,21
Comox,2025-08-03,3:30:00,20.96
Comox,2025-08-03,3:40:00,20.96
Comox,2025-08-03,3:50:00,21.07
Comox,2025-08-03,4:00:00,21.03
Comox,2025-08-03,4:10:00,20.99
Comox,2025-08-03,4:20:00,21.03
Comox,2025-08-03,4:30:00,21.04
Comox,2025-08-03,4:40:00,20.98
Comox,2025-08-03,4:50:00,20.99
Comox,2025-08-03,5:00:00,20.93
Comox,2025-08-03,5:10:00,20.71
Comox,2025-08-03,5:20:00,20.51
Comox,2025-08-03,5:30:00,20.57
Comox,2025-08-03,5:40:00,20.63
Comox,2025-08-03,5:50:00,20.6
Comox,2025-08-03,6:00:00,20.68
Comox,2025-08-03,6:10:00,20.74
Comox,2025-08-03,6:20:00,20.72
Comox,2025-08-03,6:30:00,20.66
Comox,2025-08-03,6:40:00,20.57
Comox,2025-08-03,6:50:00,20.54
Comox,2025-08-03,7:00:00,20.5
Comox,2025-08-03,7:10:00,20.5
Comox,2025-08-03,7:20:00,20.53
Comox,2025-08-03,7:30:00,20.56
Comox,2025-08-03,7:40:00,20.61
Comox,2025-08-03,7:50:00,20.64
Comox,2025-08-03,8:00:00,20.6
Comox,2025-08-03,8:10:00,20.59
Comox,2025-08-03,8:20:00,20.56
Comox,2025-08-03,8:30:00,20.58
Comox,2025-08-03,8:40:00,20.58
Comox,2025-08-03,8:50:00,20.61
Comox,2025-08-03,9:00:00,20.63
Comox,2025-08-03,9:10:00,20.79
Comox,2025-08-03,9:20:00,20.64
Comox,2025-08-03,9:30:00,20.64
Comox,2025-08-03,9:40:00,20.96
Comox,2025-08-03,9:50:00,21.21
Comox,2025-08-03,10:00:00,21.15
Comox,2025-08-03,10:10:00,21.16
Comox,2025-08-03,10:20:00,21.2
Comox,2025-08-03,10:30:00,21.2
Comox,2025-08-03,10:40:00,21.08
Comox,2025-08-03,10:50:00,21.16
Comox,2025-08-03,11:00:00,21.19
Comox,2025-08-03,11:10:00,21.15
Comox,2025-08-03,11:20:00,21.03
Comox,2025-08-03,11:30:00,21.05
Comox,2025-08-03,11:40:00,20.99
Comox,2025-08-03,11:50:00,21.03
Comox,2025-08-03,12:00:00,20.99
Comox,2025-08-03,12:10:00,21.03
Comox,2025-08-03,12:20:00,21.04
Comox,2025-08-03,12:30:00,21.05
Comox,2025-08-03,12:40:00,21.16
Comox,2025-08-03,12:50:00,21.23
Comox,2025-08-03,13:00:00,21.23
Comox,2025-08-03,13:10:00,21.23
Comox,2025-08-03,13:20:00,21.32
Comox,2025-08-03,13:30:00,21.3
Comox,2025-08-03,13:40:00,21.36
Comox,2025-08-03,13:50:00,21.44
Comox,2025-08-03,14:00:00,21.47
Comox,2025-08-03,14:10:00,21.46
Comox,2025-08-03,14:20:00,21.51
Comox,2025-08-03,14:30:00,21.36
Comox,2025-08-03,14:40:00,21.42
Comox,2025-08-03,14:50:00,21.39
Comox,2025-08-03,15:00:00,21.19
Comox,2025-08-03,15:10:00,21.17
Comox,2025-08-03,15:20:00,21.09
Comox,2025-08-03,15:30:00,21.11
Comox,2025-08-03,15:40:00,21.15
Comox,2025-08-03,15:50:00,21.2
Comox,2025-08-03,16:00:00,21.23
Comox,2025-08-03,16:10:00,21.29
Comox,2025-08-03,16:20:00,21.28
Comox,2025-08-03,16:30:00,21.32
Comox,2025-08-03,16:40:00,21.32
Comox,2025-08-03,16:50:00,21.32
Comox,2025-08-03,17:00:00,21.34
Comox,2025-08-03,17:10:00,21.33
Comox,2025-08-03,17:20:00,21.33
Comox,2025-08-03,17:30:00,21.32
Comox,2025-08-03,17:40:00,21.33
Comox,2025-08-03,17:50:00,21.31
Comox,2025-08-03,18:00:00,21.32
Comox,2025-08-03,18:10:00,21.33
Comox,2025-08-03,18:20:00,21.33
Comox,2025-08-03,18:30:00,21.34
Comox,2025-08-03,18:40:00,21.3
Comox,2025-08-03,18:50:00,21.31
Comox,2025-08-03,19:00:00,21.32
Comox,2025-08-03,19:10:00,21.3
Comox,2025-08-03,19:20:00,21.32
Comox,2025-08-03,19:30:00,21.3
Comox,2025-08-03,19:40:00,21.3
Comox,2025-08-03,19:50:00,21.31
Comox,2025-08-03,20:00:00,21.32
Comox,2025-08-03,20:10:00,21.31
Comox,2025-08-03,20:20:00,21.31
Comox,2025-08-03,20:30:00,21.29
Comox,2025-08-03,20:40:00,21.28
Comox,2025-08-03,20:50:00,21.27
Comox,2025-08-03,21:00:00,21.28
Comox,2025-08-03,21:10:00,21.28
Comox,2025-08-03,21:20:00,21.24
Comox,2025-08-03,21:30:00,21.25
Comox,2025-08-03,21:40:00,21.23
Comox,2025-08-03,21:50:00,21.17
Comox,2025-08-03,22:00:00,21.16
Comox,2025-08-03,22:10:00,21.13
Comox,2025-08-03,22:20:00,21.1
Comox,2025-08-03,22:30:00,21.04
Comox,2025-08-03,22:40:00,21.03
Comox,2025-08-03,22:50:00,20.99
Comox,2025-08-03,23:00:00,20.98
Comox,2025-08-03,23:10:00,20.98
Comox,2025-08-03,23:20:00,20.95
Comox,2025-08-03,23:30:00,20.94
Comox,2025-08-03,23:40:00,20.96
Comox,2025-08-03,23:50:00,20.95
Comox,2025-08-04,0:00:00,20.98
Comox,2025-08-04,0:10:00,21
Comox,2025-08-04,0:20:00,20.99
Comox,2025-08-04,0:30:00,21
Comox,2025-08-04,0:40:00,20.96
Comox,2025-08-04,0:50:00,20.98
Comox,2025-08-04,1:00:00,20.94
Comox,2025-08-04,1:10:00,20.92
Comox,2025-08-04,1:20:00,21.01
Comox,2025-08-04,1:30:00,21.1
Comox,2025-08-04,1:40:00,21.14
Comox,2025-08-04,1:50:00,21.23
Comox,2025-08-04,2:00:00,21.3
Comox,2025-08-04,2:10:00,21.37
Comox,2025-08-04,2:20:00,21.37
Comox,2025-08-04,2:30:00,21.37
Comox,2025-08-04,2:40:00,21.36
Comox,2025-08-04,2:50:00,21.42
Comox,2025-08-04,3:00:00,21.38
Comox,2025-08-04,3:10:00,21.37
Comox,2025-08-04,3:20:00,21.34
Comox,2025-08-04,3:30:00,21.32
Comox,2025-08-04,3:40:00,21.33
Comox,2025-08-04,3:50:00,21.3
Comox,2025-08-04,4:00:00,21.27
Comox,2025-08-04,4:10:00,21.23
Comox,2025-08-04,4:20:00,21.19
Comox,2025-08-04,4:30:00,21.2
Comox,2025-08-04,4:40:00,21.2
Comox,2025-08-04,4:50:00,21.16
Comox,2025-08-04,5:00:00,21.13
Comox,2025-08-04,5:10:00,21.1
Comox,2025-08-04,5:20:00,21.09
Comox,2025-08-04,5:30:00,21.07
Comox,2025-08-04,5:40:00,21.05
Comox,2025-08-04,5:50:00,21
Comox,2025-08-04,6:00:00,21.05
Comox,2025-08-04,6:10:00,21.11
Comox,2025-08-04,6:20:00,20.99
Comox,2025-08-04,6:30:00,21.05
Comox,2025-08-04,6:40:00,21.05
Comox,2025-08-04,6:50:00,21.02
Comox,2025-08-04,7:00:00,20.95
Comox,2025-08-04,7:10:00,20.94
Comox,2025-08-04,7:20:00,20.94
Comox,2025-08-04,7:30:00,20.93
Comox,2025-08-04,7:40:00,20.94
Comox,2025-08-04,7:50:00,20.9
Comox,2025-08-04,8:00:00,20.89
Comox,2025-08-04,8:10:00,20.94
Comox,2025-08-04,8:20:00,20.94
Comox,2025-08-04,8:30:00,20.91
Comox,2025-08-04,8:40:00,20.88
Comox,2025-08-04,8:50:00,20.9
Comox,2025-08-04,9:00:00,20.8
Comox,2025-08-04,9:10:00,20.74
Comox,2025-08-04,9:20:00,20.72
Comox,2025-08-04,9:30:00,20.7
Comox,2025-08-04,9:40:00,20.71
Comox,2025-08-04,9:50:00,20.84
Comox,2025-08-04,10:00:00,20.79
Comox,2025-08-04,10:10:00,20.91
Comox,2025-08-04,10:20:00,20.9
Comox,2025-08-04,10:30:00,20.88
Comox,2025-08-04,10:40:00,20.89
Comox,2025-08-04,10:50:00,20.87
Comox,2025-08-04,11:00:00,20.8
Comox,2025-08-04,11:10:00,20.85
Comox,2025-08-04,11:20:00,20.88
Comox,2025-08-04,11:30:00,20.84
Comox,2025-08-04,11:40:00,20.85
Comox,2025-08-04,11:50:00,20.85
Comox,2025-08-04,12:00:00,20.83
Comox,2025-08-04,12:10:00,20.79
Comox,2025-08-04,12:20:00,20.75
Comox,2025-08-04,12:30:00,20.79
Comox,2025-08-04,12:40:00,20.84
Comox,2025-08-04,12:50:00,20.87
Comox,2025-08-04,13:00:00,20.87
Comox,2025-08-04,13:10:00,20.85
Comox,2025-08-04,13:20:00,20.77
Comox,2025-08-04,13:30:00,20.73
Comox,2025-08-04,13:40:00,20.88
Comox,2025-08-04,13:50:00,20.85
Comox,2025-08-04,14:00:00,20.94
Comox,2025-08-04,14:10:00,20.8
Comox,2025-08-04,14:20:00,20.77
Comox,2025-08-04,14:30:00,20.79
Comox,2025-08-04,14:40:00,20.75
Comox,2025-08-04,14:50:00,20.77
Comox,2025-08-04,15:00:00,20.62
Comox,2025-08-04,15:10:00,20.66
Comox,2025-08-04,15:20:00,20.5
Comox,2025-08-04,15:30:00,20.66
Comox,2025-08-04,15:40:00,20.77
Comox,2025-08-04,15:50:00,20.59
Comox,2025-08-04,16:00:00,21.04
Comox,2025-08-04,16:10:00,21.07
Comox,2025-08-04,16:20:00,20.98
Comox,2025-08-04,16:30:00,20.74
Comox,2025-08-04,16:40:00,20.81
Comox,2025-08-04,16:50:00,20.77
Comox,2025-08-04,17:00:00,20.74
Comox,2025-08-04,17:10:00,20.77
Comox,2025-08-04,17:20:00,20.77
Comox,2025-08-04,17:30:00,20.83
Comox,2025-08-04,17:40:00,20.8
Comox,2025-08-04,17:50:00,20.79
Comox,2025-08-04,18:00:00,20.77
Comox,2025-08-04,18:10:00,20.78
Comox,2025-08-04,18:20:00,20.83
Comox,2025-08-04,18:30:00,20.84
Comox,2025-08-04,18:40:00,20.87
Comox,2025-08-04,18:50:00,20.89
Comox,2025-08-04,19:00:00,20.87
Comox,2025-08-04,19:10:00,20.87
Comox,2025-08-04,19:20:00,20.87
Comox,2025-08-04,19:30:00,20.86
Comox,2025-08-04,19:40:00,20.85
Comox,2025-08-04,19:50:00,20.84
Comox,2025-08-04,20:00:00,20.83
Comox,2025-08-04,20:10:00,20.8
Comox,2025-08-04,20:20:00,20.75
Comox,2025-08-04,20:30:00,20.74
Comox,2025-08-04,20:40:00,20.71
Comox,2025-08-04,20:50:00,20.69
Comox,2025-08-04,21:00:00,20.7
Comox,2025-08-04,21:10:00,20.72
Comox,2025-08-04,21:20:00,20.68
Comox,2025-08-04,21:30:00,20.7
Comox,2025-08-04,21:40:00,20.7
Comox,2025-08-04,21:50:00,20.68
Comox,2025-08-04,22:00:00,20.69
Comox,2025-08-04,22:10:00,20.66
Comox,2025-08-04,22:20:00,20.6
Comox,2025-08-04,22:30:00,20.61
Comox,2025-08-04,22:40:00,20.56
Comox,2025-08-04,22:50:00,20.56
Comox,2025-08-04,23:00:00,20.56
Comox,2025-08-04,23:10:00,20.56
Comox,2025-08-04,23:20:00,20.57
Comox,2025-08-04,23:30:00,20.61
Comox,2025-08-04,23:40:00,20.58
Comox,2025-08-04,23:50:00,20.59
Comox,2025-08-05,0:00:00,20.61
Comox,2025-08-05,0:10:00,20.51
Comox,2025-08-05,0:20:00,20.14
Comox,2025-08-05,0:30:00,20.29
Comox,2025-08-05,0:40:00,20.32
Comox,2025-08-05,0:50:00,20.37
Comox,2025-08-05,1:00:00,20.39
Comox,2025-08-05,1:10:00,20.43
Comox,2025-08-05,1:20:00,20.41
Comox,2025-08-05,1:30:00,20.43
Comox,2025-08-05,1:40:00,20.46
Comox,2025-08-05,1:50:00,20.48
Comox,2025-08-05,2:00:00,20.47
Comox,2025-08-05,2:10:00,20.47
Comox,2025-08-05,2:20:00,20.43
Comox,2025-08-05,2:30:00,20.47
Comox,2025-08-05,2:40:00,20.62
Comox,2025-08-05,2:50:00,20.66
Comox,2025-08-05,3:00:00,20.72
Comox,2025-08-05,3:10:00,20.74
Comox,2025-08-05,3:20:00,20.77
Comox,2025-08-05,3:30:00,20.73
Comox,2025-08-05,3:40:00,20.72
Comox,2025-08-05,3:50:00,20.66
Comox,2025-08-05,4:00:00,20.69
Comox,2025-08-05,4:10:00,20.63
Comox,2025-08-05,4:20:00,20.64
Comox,2025-08-05,4:30:00,20.65
Comox,2025-08-05,4:40:00,20.61
Comox,2025-08-05,4:50:00,20.64
Comox,2025-08-05,5:00:00,20.61
Comox,2025-08-05,5:10:00,20.53
Comox,2025-08-05,5:20:00,20.51
Comox,2025-08-05,5:30:00,20.51
Comox,2025-08-05,5:40:00,20.57
Comox,2025-08-05,5:50:00,20.54
Comox,2025-08-05,6:00:00,20.57
Comox,2025-08-05,6:10:00,20.55
Comox,2025-08-05,6:20:00,20.54
Comox,2025-08-05,6:30:00,20.5
Comox,2025-08-05,6:40:00,20.48
Comox,2025-08-05,6:50:00,20.47
Comox,2025-08-05,7:00:00,20.5
Comox,2025-08-05,7:10:00,20.48
Comox,2025-08-05,7:20:00,20.46
Comox,2025-08-05,7:30:00,20.45
Comox,2025-08-05,7:40:00,20.46
Comox,2025-08-05,7:50:00,20.46
Comox,2025-08-05,8:00:00,20.46
Comox,2025-08-05,8:10:00,20.51
Comox,2025-08-05,8:20:00,20.55
Comox,2025-08-05,8:30:00,20.58
Comox,2025-08-05,8:40:00,20.54
Comox,2025-08-05,8:50:00,20.56
Comox,2025-08-05,9:00:00,20.57
Comox,2025-08-05,9:10:00,20.56
Comox,2025-08-05,9:20:00,20.57
Comox,2025-08-05,9:30:00,20.58
Comox,2025-08-05,9:40:00,20.58
Comox,2025-08-05,9:50:00,20.6
Comox,2025-08-05,10:00:00,20.59
Comox,2025-08-05,10:10:00,20.6
Comox,2025-08-05,10:20:00,20.65
Comox,2025-08-05,10:30:00,20.79
Comox,2025-08-05,10:40:00,20.66
Comox,2025-08-05,10:50:00,20.59
Comox,2025-08-05,11:00:00,20.47
Comox,2025-08-05,11:10:00,20.42
Comox,2025-08-05,11:20:00,20.41
Comox,2025-08-05,11:30:00,20.39
Comox,2025-08-05,11:40:00,20.37
Comox,2025-08-05,11:50:00,20.34
Comox,2025-08-05,12:00:00,20.36
Comox,2025-08-05,12:10:00,20.32
Comox,2025-08-05,12:20:00,20.36
Comox,2025-08-05,12:30:00,20.42
Comox,2025-08-05,12:40:00,20.47
Comox,2025-08-05,12:50:00,20.41
Comox,2025-08-05,13:00:00,20.36
Comox,2025-08-05,13:10:00,20.32
Comox,2025-08-05,13:20:00,20.33
Comox,2025-08-05,13:30:00,20.34
Comox,2025-08-05,13:40:00,20.35
Comox,2025-08-05,13:50:00,20.37
Comox,2025-08-05,14:00:00,20.39
Comox,2025-08-05,14:10:00,20.4
Comox,2025-08-05,14:20:00,20.36
Comox,2025-08-05,14:30:00,20.34
Comox,2025-08-05,14:40:00,20.31
Comox,2025-08-05,14:50:00,20.28
Comox,2025-08-05,15:00:00,20.26
Comox,2025-08-05,15:10:00,20.21
Comox,2025-08-05,15:20:00,20.26
Comox,2025-08-05,15:30:00,20.29
Comox,2025-08-05,15:40:00,20.25
Comox,2025-08-05,15:50:00,20.27
Comox,2025-08-05,16:00:00,20.3
Comox,2025-08-05,16:10:00,20.24
Comox,2025-08-05,16:20:00,20.24
Comox,2025-08-05,16:30:00,20.19
Comox,2025-08-05,16:40:00,20.19
Comox,2025-08-05,16:50:00,20.16
Comox,2025-08-05,17:00:00,20.12
Comox,2025-08-05,17:10:00,20.14
Comox,2025-08-05,17:20:00,20.05
Comox,2025-08-05,17:30:00,19.98
Comox,2025-08-05,17:40:00,20.06
Comox,2025-08-05,17:50:00,20.13
Comox,2025-08-05,18:00:00,20.12
Comox,2025-08-05,18:10:00,20.11
Comox,2025-08-05,18:20:00,20.11
Comox,2025-08-05,18:30:00,20.09
Comox,2025-08-05,18:40:00,20.03
Comox,2025-08-05,18:50:00,19.9
Comox,2025-08-05,19:00:00,20.07
Comox,2025-08-05,19:10:00,19.88
Comox,2025-08-05,19:20:00,19.87
Comox,2025-08-05,19:30:00,19.86
Comox,2025-08-05,19:40:00,19.83
Comox,2025-08-05,19:50:00,19.87
Comox,2025-08-05,20:00:00,19.86
Comox,2025-08-05,20:10:00,19.88
Comox,2025-08-05,20:20:00,19.85
Comox,2025-08-05,20:30:00,19.85
Comox,2025-08-05,20:40:00,19.85
Comox,2025-08-05,20:50:00,19.83
Comox,2025-08-05,21:00:00,19.83
Comox,2025-08-05,21:10:00,19.83
Comox,2025-08-05,21:20:00,19.82
Comox,2025-08-05,21:30:00,19.8
Comox,2025-08-05,21:40:00,19.83
Comox,2025-08-05,21:50:00,19.8
Comox,2025-08-05,22:00:00,19.83
Comox,2025-08-05,22:10:00,19.79
Comox,2025-08-05,22:20:00,19.77
Comox,2025-08-05,22:30:00,19.79
Comox,2025-08-05,22:40:00,19.72
Comox,2025-08-05,22:50:00,19.71
Comox,2025-08-05,23:00:00,19.75
Comox,2025-08-05,23:10:00,19.74
Comox,2025-08-05,23:20:00,19.74
Comox,2025-08-05,23:30:00,19.72
Comox,2025-08-05,23:40:00,19.73
Comox,2025-08-05,23:50:00,19.72
Comox,2025-08-06,0:00:00,19.75
Comox,2025-08-06,0:10:00,19.75
Comox,2025-08-06,0:20:00,19.75
Comox,2025-08-06,0:30:00,19.74
Comox,2025-08-06,0:40:00,19.74
Comox,2025-08-06,0:50:00,19.73
Comox,2025-08-06,1:00:00,19.71
Comox,2025-08-06,1:10:00,19.7
Comox,2025-08-06,1:20:00,19.7
Comox,2025-08-06,1:30:00,19.71
Comox,2025-08-06,1:40:00,19.7
Comox,2025-08-06,1:50:00,19.7
Comox,2025-08-06,2:00:00,19.73
Comox,2025-08-06,2:10:00,19.7
Comox,2025-08-06,2:20:00,19.72
Comox,2025-08-06,2:30:00,19.69
Comox,2025-08-06,2:40:00,19.69
Comox,2025-08-06,2:50:00,19.66
Comox,2025-08-06,3:00:00,19.69
Comox,2025-08-06,3:10:00,19.69
Comox,2025-08-06,3:20:00,19.74
Comox,2025-08-06,3:30:00,19.68
Comox,2025-08-06,3:40:00,19.69
Comox,2025-08-06,3:50:00,19.71
Comox,2025-08-06,4:00:00,19.67
Comox,2025-08-06,4:10:00,19.68
Comox,2025-08-06,4:20:00,19.7
Comox,2025-08-06,4:30:00,19.74
Comox,2025-08-06,4:40:00,19.74
Comox,2025-08-06,4:50:00,19.77
Comox,2025-08-06,5:00:00,19.73
Comox,2025-08-06,5:10:00,19.72
Comox,2025-08-06,5:20:00,19.73
Comox,2025-08-06,5:30:00,19.67
Comox,2025-08-06,5:40:00,19.68
Comox,2025-08-06,5:50:00,19.67
Comox,2025-08-06,6:00:00,19.62
Comox,2025-08-06,6:10:00,19.6
Comox,2025-08-06,6:20:00,19.47
Comox,2025-08-06,6:30:00,19.3
Comox,2025-08-06,6:40:00,19.36
Comox,2025-08-06,6:50:00,19.38
Comox,2025-08-06,7:00:00,19.28
Comox,2025-08-06,7:10:00,19.23
Comox,2025-08-06,7:20:00,19.23
Comox,2025-08-06,7:30:00,19.22
Comox,2025-08-06,7:40:00,19.25
Comox,2025-08-06,7:50:00,19.29
Comox,2025-08-06,8:00:00,19.31
Comox,2025-08-06,8:10:00,19.33
Comox,2025-08-06,8:20:00,19.27
Comox,2025-08-06,8:30:00,19.28
Comox,2025-08-06,8:40:00,19.33
Comox,2025-08-06,8:50:00,19.28
Comox,2025-08-06,9:00:00,19.22
Comox,2025-08-06,9:10:00,19.13
Comox,2025-08-06,9:20:00,19.01
Comox,2025-08-06,9:30:00,18.97
Comox,2025-08-06,9:40:00,18.99
Comox,2025-08-06,9:50:00,19.02
Comox,2025-08-06,10:00:00,19.06
Comox,2025-08-06,10:10:00,19.12
Comox,2025-08-06,10:20:00,19.24
Comox,2025-08-06,10:30:00,19.16
Comox,2025-08-06,10:40:00,19.3
Comox,2025-08-06,10:50:00,19.42
Comox,2025-08-06,11:00:00,19.45
Comox,2025-08-06,11:10:00,19.54
Comox,2025-08-06,11:20:00,19.52
Comox,2025-08-06,11:30:00,19.52
Comox,2025-08-06,11:40:00,19.45
Comox,2025-08-06,11:50:00,19.48
Comox,2025-08-06,12:00:00,19.57
Comox,2025-08-06,12:10:00,19.55
Comox,2025-08-06,12:20:00,19.61
Comox,2025-08-06,12:30:00,19.6
Comox,2025-08-06,12:40:00,19.61
Comox,2025-08-06,12:50:00,19.6
Comox,2025-08-06,13:00:00,19.59
Comox,2025-08-06,13:10:00,19.72
Comox,2025-08-06,13:20:00,19.73
Comox,2025-08-06,13:30:00,19.71
Comox,2025-08-06,13:40:00,19.7
Comox,2025-08-06,13:50:00,19.69
Comox,2025-08-06,14:00:00,19.81
Comox,2025-08-06,14:10:00,19.87
Comox,2025-08-06,14:20:00,19.88
Comox,2025-08-06,14:30:00,19.87
Comox,2025-08-06,14:40:00,19.86
Comox,2025-08-06,14:50:00,19.84
Comox,2025-08-06,15:00:00,19.83
Comox,2025-08-06,15:10:00,19.82
Comox,2025-08-06,15:20:00,19.8
Comox,2025-08-06,15:30:00,19.95
Comox,2025-08-06,15:40:00,20
Comox,2025-08-06,15:50:00,20
Comox,2025-08-06,16:00:00,19.98
Comox,2025-08-06,16:10:00,19.92
Comox,2025-08-06,16:20:00,19.85
Comox,2025-08-06,16:30:00,19.83
Comox,2025-08-06,16:40:00,19.76
Comox,2025-08-06,16:50:00,19.81
Comox,2025-08-06,17:00:00,19.85
Comox,2025-08-06,17:10:00,19.88
Comox,2025-08-06,17:20:00,19.9
Comox,2025-08-06,17:30:00,19.87
Comox,2025-08-06,17:40:00,19.9
Comox,2025-08-06,17:50:00,19.87
Comox,2025-08-06,18:00:00,19.79
Comox,2025-08-06,18:10:00,19.8
Comox,2025-08-06,18:20:00,19.72
Comox,2025-08-06,18:30:00,19.71
Comox,2025-08-06,18:40:00,19.73
Comox,2025-08-06,18:50:00,19.73
Comox,2025-08-06,19:00:00,19.66
Comox,2025-08-06,19:10:00,19.54
Comox,2025-08-06,19:20:00,19.43
Comox,2025-08-06,19:30:00,19.4
Comox,2025-08-06,19:40:00,19.42
Comox,2025-08-06,19:50:00,19.55
Comox,2025-08-06,20:00:00,19.53
Comox,2025-08-06,20:10:00,19.56
Comox,2025-08-06,20:20:00,19.54
Comox,2025-08-06,20:30:00,19.51
Comox,2025-08-06,20:40:00,19.4
Comox,2025-08-06,20:50:00,19.4
Comox,2025-08-06,21:00:00,19.36
Comox,2025-08-06,21:10:00,19.29
Comox,2025-08-06,21:20:00,19.37
Comox,2025-08-06,21:30:00,19.31
Comox,2025-08-06,21:40:00,19.31
Comox,2025-08-06,21:50:00,19.28
Comox,2025-08-06,22:00:00,19.24
Comox,2025-08-06,22:10:00,19.23
Comox,2025-08-06,22:20:00,19.23
Comox,2025-08-06,22:30:00,19.17
Comox,2025-08-06,22:40:00,19.08
Comox,2025-08-06,22:50:00,19.1
Comox,2025-08-06,23:00:00,19.02
Comox,2025-08-06,23:10:00,18.98
Comox,2025-08-06,23:20:00,18.98
Comox,2025-08-06,23:30:00,18.98
Comox,2025-08-06,23:40:00,18.95
Comox,2025-08-06,23:50:00,18.94
Comox,2025-08-07,0:00:00,18.92
Comox,2025-08-07,0:10:00,18.88
Comox,2025-08-07,0:20:00,18.86
Comox,2025-08-07,0:30:00,18.86
Comox,2025-08-07,0:40:00,18.93
Comox,2025-08-07,0:50:00,18.89
Comox,2025-08-07,1:00:00,18.89
Comox,2025-08-07,1:10:00,18.81
Comox,2025-08-07,1:20:00,18.87
Comox,2025-08-07,1:30:00,18.79
Comox,2025-08-07,1:40:00,18.8
Comox,2025-08-07,1:50:00,18.83
Comox,2025-08-07,2:00:00,18.8
Comox,2025-08-07,2:10:00,18.78
Comox,2025-08-07,2:20:00,18.71
Comox,2025-08-07,2:30:00,18.76
Comox,2025-08-07,2:40:00,18.7
Comox,2025-08-07,2:50:00,18.7
Comox,2025-08-07,3:00:00,18.67
Comox,2025-08-07,3:10:00,18.68
Comox,2025-08-07,3:20:00,18.72
Comox,2025-08-07,3:30:00,18.71
Comox,2025-08-07,3:40:00,18.74
Comox,2025-08-07,3:50:00,18.81
Comox,2025-08-07,4:00:00,18.82
Comox,2025-08-07,4:10:00,18.8
Comox,2025-08-07,4:20:00,18.73
Comox,2025-08-07,4:30:00,18.72
Comox,2025-08-07,4:40:00,18.73
Comox,2025-08-07,4:50:00,18.78
Comox,2025-08-07,5:00:00,18.73
Comox,2025-08-07,5:10:00,18.72
Comox,2025-08-07,5:20:00,18.78
Comox,2025-08-07,5:30:00,18.8
Comox,2025-08-07,5:40:00,18.79
Comox,2025-08-07,5:50:00,18.77
Comox,2025-08-07,6:00:00,18.74
Comox,2025-08-07,6:10:00,18.73
Comox,2025-08-07,6:20:00,18.71
Comox,2025-08-07,6:30:00,18.73
Comox,2025-08-07,6:40:00,18.69
Comox,2025-08-07,6:50:00,18.61
Comox,2025-08-07,7:00:00,18.61
Comox,2025-08-07,7:10:00,18.7
Comox,2025-08-07,7:20:00,18.74
Comox,2025-08-07,7:30:00,18.76
Comox,2025-08-07,7:40:00,18.73
Comox,2025-08-07,7:50:00,18.74
Comox,2025-08-07,8:00:00,18.73
Comox,2025-08-07,8:10:00,18.73
Comox,2025-08-07,8:20:00,18.74
Comox,2025-08-07,8:30:00,18.71
Comox,2025-08-07,8:40:00,19.01
Comox,2025-08-07,8:50:00,19.13
Comox,2025-08-07,9:00:00,18.99
Comox,2025-08-07,9:10:00,18.97
Comox,2025-08-07,9:20:00,18.72
Comox,2025-08-07,9:30:00,19.08
Comox,2025-08-07,9:40:00,19.03
Comox,2025-08-07,9:50:00,19.16
Comox,2025-08-07,10:00:00,19.09
Comox,2025-08-07,10:10:00,19.12
Comox,2025-08-07,10:20:00,19.15
Comox,2025-08-07,10:30:00,19.22
Comox,2025-08-07,10:40:00,19.21
Comox,2025-08-07,10:50:00,19.18
Comox,2025-08-07,11:00:00,19.16
Comox,2025-08-07,11:10:00,19.17
Comox,2025-08-07,11:20:00,19.14
Comox,2025-08-07,11:30:00,19.1
Comox,2025-08-07,11:40:00,19.1
Comox,2025-08-07,11:50:00,19.1
Comox,2025-08-07,12:00:00,19.1
Comox,2025-08-07,12:10:00,19.1
Comox,2025-08-07,12:20:00,19.1
Comox,2025-08-07,12:30:00,19.1
Comox,2025-08-07,12:40:00,19.11
Comox,2025-08-07,12:50:00,19.15
Comox,2025-08-07,13:00:00,19.09
Comox,2025-08-07,13:10:00,18.97
Comox,2025-08-07,13:20:00,19.01
Comox,2025-08-07,13:30:00,19.02
Comox,2025-08-07,13:40:00,19.1
Comox,2025-08-07,13:50:00,19.11
Comox,2025-08-07,14:00:00,19.13
Comox,2025-08-07,14:10:00,19.1
Comox,2025-08-07,14:20:00,19.07
Comox,2025-08-07,14:30:00,19.1
Comox,2025-08-07,14:40:00,19.06
Comox,2025-08-07,14:50:00,19.13
Comox,2025-08-07,15:00:00,19.07
Comox,2025-08-07,15:10:00,19.21
Comox,2025-08-07,15:20:00,19.07
Comox,2025-08-07,15:30:00,19.25
Comox,2025-08-07,15:40:00,19.47
Comox,2025-08-07,15:50:00,19.51
Comox,2025-08-07,16:00:00,19.67
Comox,2025-08-07,16:10:00,19.48
Comox,2025-08-07,16:20:00,19.4
Comox,2025-08-07,16:30:00,19.6
Comox,2025-08-07,16:40:00,19.77
Comox,2025-08-07,16:50:00,19.79
Comox,2025-08-07,17:00:00,19.65
Comox,2025-08-07,17:10:00,19.68
Comox,2025-08-07,17:20:00,19.66
Comox,2025-08-07,17:30:00,19.65
Comox,2025-08-07,17:40:00,19.66
Comox,2025-08-07,17:50:00,19.5
Comox,2025-08-07,18:00:00,19.52
Comox,2025-08-07,18:10:00,19.54
Comox,2025-08-07,18:20:00,19.53
Comox,2025-08-07,18:30:00,19.56
Comox,2025-08-07,18:40:00,19.51
Comox,2025-08-07,18:50:00,19.41
Comox,2025-08-07,19:00:00,19.37
Comox,2025-08-07,19:10:00,19.27
Comox,2025-08-07,19:20:00,19.24
Comox,2025-08-07,19:30:00,19.14
Comox,2025-08-07,19:40:00,19.13
Comox,2025-08-07,19:50:00,19.07
Comox,2025-08-07,20:00:00,19.09
Comox,2025-08-07,20:10:00,19.11
Comox,2025-08-07,20:20:00,19.15
Comox,2025-08-07,20:30:00,19.17
Comox,2025-08-07,20:40:00,19.13
Comox,2025-08-07,20:50:00,19.12
Comox,2025-08-07,21:00:00,19.07
Comox,2025-08-07,21:10:00,19.07
Comox,2025-08-07,21:20:00,19.02
Comox,2025-08-07,21:30:00,18.99
Comox,2025-08-07,21:40:00,18.91
Comox,2025-08-07,21:50:00,18.86
Comox,2025-08-07,22:00:00,18.82
Comox,2025-08-07,22:10:00,18.83
Comox,2025-08-07,22:20:00,18.94
Comox,2025-08-07,22:30:00,18.86
Comox,2025-08-07,22:40:00,18.86
Comox,2025-08-07,22:50:00,18.84
Comox,2025-08-07,23:00:00,18.84
Comox,2025-08-07,23:10:00,18.82
Comox,2025-08-07,23:20:00,18.76
Comox,2025-08-07,23:30:00,18.77
Comox,2025-08-07,23:40:00,18.79
Comox,2025-08-07,23:50:00,18.77
Comox,2025-08-08,0:00:00,18.71
Comox,2025-08-08,0:10:00,18.81
Comox,2025-08-08,0:20:00,18.85
Comox,2025-08-08,0:30:00,18.82
Comox,2025-08-08,0:40:00,18.79
Comox,2025-08-08,0:50:00,18.65
Comox,2025-08-08,1:00:00,18.81
Comox,2025-08-08,1:10:00,18.68
Comox,2025-08-08,1:20:00,18.62
Comox,2025-08-08,1:30:00,18.51
Comox,2025-08-08,1:40:00,18.4
Comox,2025-08-08,1:50:00,18.43
Comox,2025-08-08,2:00:00,18.46
Comox,2025-08-08,2:10:00,18.39
Comox,2025-08-08,2:20:00,18.34
Comox,2025-08-08,2:30:00,18.32
Comox,2025-08-08,2:40:00,18.25
Comox,2025-08-08,2:50:00,18.19
Comox,2025-08-08,3:00:00,18.28
Comox,2025-08-08,3:10:00,18.29
Comox,2025-08-08,3:20:00,18.24
Comox,2025-08-08,3:30:00,18.14
Comox,2025-08-08,3:40:00,18.18
Comox,2025-08-08,3:50:00,18.18
Comox,2025-08-08,4:00:00,18.08
Comox,2025-08-08,4:10:00,17.97
Comox,2025-08-08,4:20:00,18.03
Comox,2025-08-08,4:30:00,18.03
Comox,2025-08-08,4:40:00,17.99
Comox,2025-08-08,4:50:00,17.97
Comox,2025-08-08,5:00:00,17.96
Comox,2025-08-08,5:10:00,18.06
Comox,2025-08-08,5:20:00,17.96
Comox,2025-08-08,5:30:00,18.04
Comox,2025-08-08,5:40:00,18.05
Comox,2025-08-08,5:50:00,18.08
Comox,2025-08-08,6:00:00,18.11
Comox,2025-08-08,6:10:00,18.1
Comox,2025-08-08,6:20:00,18.07
Comox,2025-08-08,6:30:00,18
Comox,2025-08-08,6:40:00,17.97
Comox,2025-08-08,6:50:00,17.97
Comox,2025-08-08,7:00:00,17.94
Comox,2025-08-08,7:10:00,17.91
Comox,2025-08-08,7:20:00,17.95
Comox,2025-08-08,7:30:00,18.02
Comox,2025-08-08,7:40:00,18
Comox,2025-08-08,7:50:00,18.06
Comox,2025-08-08,8:00:00,18.03
Comox,2025-08-08,8:10:00,18.02
Comox,2025-08-08,8:20:00,17.93
Comox,2025-08-08,8:30:00,17.95
Comox,2025-08-08,8:40:00,18
Comox,2025-08-08,8:50:00,18.04
Comox,2025-08-08,9:00:00,18.03
Comox,2025-08-08,9:10:00,18.04
Comox,2025-08-08,9:20:00,18.12
Comox,2025-08-08,9:30:00,18.14
Comox,2025-08-08,9:40:00,18.17
Comox,2025-08-08,9:50:00,18.27
Comox,2025-08-08,10:00:00,18.4
Comox,2025-08-08,10:10:00,18.36
Comox,2025-08-08,10:20:00,18.49
Comox,2025-08-08,10:30:00,18.57
Comox,2025-08-08,10:40:00,18.72
Comox,2025-08-08,10:50:00,18.82
Comox,2025-08-08,11:00:00,18.94
Comox,2025-08-08,11:10:00,19.12
Comox,2025-08-08,11:20:00,19.14
Comox,2025-08-08,11:30:00,19.03
Comox,2025-08-08,11:40:00,19.09
Comox,2025-08-08,11:50:00,19.09
Comox,2025-08-08,12:00:00,19.16
Comox,2025-08-08,12:10:00,19.22
Comox,2025-08-08,12:20:00,19.29
Comox,2025-08-08,12:30:00,19.39
Comox,2025-08-08,12:40:00,19.4
Comox,2025-08-08,12:50:00,19.42
Comox,2025-08-08,13:00:00,19.4
Comox,2025-08-08,13:10:00,19.36
Comox,2025-08-08,13:20:00,19.37
Comox,2025-08-08,13:30:00,19.39
Comox,2025-08-08,13:40:00,19.38
Comox,2025-08-08,13:50:00,19.37
Comox,2025-08-08,14:00:00,19.37
Comox,2025-08-08,14:10:00,19.43
Comox,2025-08-08,14:20:00,19.46
Comox,2025-08-08,14:30:00,19.46
Comox,2025-08-08,14:40:00,19.48
Comox,2025-08-08,14:50:00,19.58
Comox,2025-08-08,15:00:00,19.37
Comox,2025-08-08,15:10:00,19.38
Comox,2025-08-08,15:20:00,19.32
Comox,2025-08-08,15:30:00,19.28
Comox,2025-08-08,15:40:00,19.37
Comox,2025-08-08,15:50:00,19.39
Comox,2025-08-08,16:00:00,19.41
Comox,2025-08-08,16:10:00,19.25
Comox,2025-08-08,16:20:00,19.22
Comox,2025-08-08,16:30:00,18.96
Comox,2025-08-08,16:40:00,18.76
Comox,2025-08-08,16:50:00,18.99
Comox,2025-08-08,17:00:00,19.17
Comox,2025-08-08,17:10:00,18.99
Comox,2025-08-08,17:20:00,18.94
Comox,2025-08-08,17:30:00,18.77
Comox,2025-08-08,17:40:00,18.72
Comox,2025-08-08,17:50:00,18.78
Comox,2025-08-08,18:00:00,18.8
Comox,2025-08-08,18:10:00,18.84
Comox,2025-08-08,18:20:00,18.76
Comox,2025-08-08,18:30:00,18.77
Comox,2025-08-08,18:40:00,18.73
Comox,2025-08-08,18:50:00,18.73
Comox,2025-08-08,19:00:00,18.68
Comox,2025-08-08,19:10:00,18.68
Comox,2025-08-08,19:20:00,18.62
Comox,2025-08-08,19:30:00,18.54
Comox,2025-08-08,19:40:00,18.57
Comox,2025-08-08,19:50:00,18.5
Comox,2025-08-08,20:00:00,18.48
Comox,2025-08-08,20:10:00,18.52
Comox,2025-08-08,20:20:00,18.44
Comox,2025-08-08,20:30:00,18.42
Comox,2025-08-08,20:40:00,18.42
Comox,2025-08-08,20:50:00,18.38
Comox,2025-08-08,21:00:00,18.39
Comox,2025-08-08,21:10:00,18.36
Comox,2025-08-08,21:20:00,18.38
Comox,2025-08-08,21:30:00,18.38
Comox,2025-08-08,21:40:00,18.37
Comox,2025-08-08,21:50:00,18.38
Comox,2025-08-08,22:00:00,18.37
Comox,2025-08-08,22:10:00,18.42
Comox,2025-08-08,22:20:00,18.38
Comox,2025-08-08,22:30:00,18.35
Comox,2025-08-08,22:40:00,18.35
Comox,2025-08-08,22:50:00,18.36
Comox,2025-08-08,23:00:00,18.42
Comox,2025-08-08,23:10:00,18.39
Comox,2025-08-08,23:20:00,18.38
Comox,2025-08-08,23:30:00,18.38
Comox,2025-08-08,23:40:00,18.36
Comox,2025-08-08,23:50:00,18.34
Comox,2025-08-09,0:00:00,18.36
Comox,2025-08-09,0:10:00,18.34
Comox,2025-08-09,0:20:00,18.34
Comox,2025-08-09,0:30:00,18.32
Comox,2025-08-09,0:40:00,18.3
Comox,2025-08-09,0:50:00,18.29
Comox,2025-08-09,1:00:00,18.28
Comox,2025-08-09,1:10:00,18.28
Comox,2025-08-09,1:20:00,18.25
Comox,2025-08-09,1:30:00,18.28
Comox,2025-08-09,1:40:00,18.22
Comox,2025-08-09,1:50:00,18.21
Comox,2025-08-09,2:00:00,18.24
Comox,2025-08-09,2:10:00,18.25
Comox,2025-08-09,2:20:00,18.24
Comox,2025-08-09,2:30:00,18.22
Comox,2025-08-09,2:40:00,18.21
Comox,2025-08-09,2:50:00,18.21
Comox,2025-08-09,3:00:00,18.21
Comox,2025-08-09,3:10:00,18.18
Comox,2025-08-09,3:20:00,18.18
Comox,2025-08-09,3:30:00,18.17
Comox,2025-08-09,3:40:00,18.18
Comox,2025-08-09,3:50:00,18.17
Comox,2025-08-09,4:00:00,18.14
Comox,2025-08-09,4:10:00,18.12
Comox,2025-08-09,4:20:00,17.95
Comox,2025-08-09,4:30:00,18.05
Comox,2025-08-09,4:40:00,18.07
Comox,2025-08-09,4:50:00,18.09
Comox,2025-08-09,5:00:00,18.11
Comox,2025-08-09,5:10:00,18.12
Comox,2025-08-09,5:20:00,18.09
Comox,2025-08-09,5:30:00,18.04
Comox,2025-08-09,5:40:00,18.04
Comox,2025-08-09,5:50:00,18.04
Comox,2025-08-09,6:00:00,18.04
Comox,2025-08-09,6:10:00,18.04
Comox,2025-08-09,6:20:00,18.04
Comox,2025-08-09,6:30:00,17.94
Comox,2025-08-09,6:40:00,17.97
Comox,2025-08-09,6:50:00,17.92
Comox,2025-08-09,7:00:00,17.91
Comox,2025-08-09,7:10:00,17.95
Comox,2025-08-09,7:20:00,17.97
Comox,2025-08-09,7:30:00,18.05
Comox,2025-08-09,7:40:00,18.17
Comox,2025-08-09,7:50:00,18.18
Comox,2025-08-09,8:00:00,18.19
Comox,2025-08-09,8:10:00,18.18
Comox,2025-08-09,8:20:00,18.15
Comox,2025-08-09,8:30:00,18.1
Comox,2025-08-09,8:40:00,18.2
Comox,2025-08-09,8:50:00,18.15
Comox,2025-08-09,9:00:00,18.2
Comox,2025-08-09,9:10:00,18.04
Comox,2025-08-09,9:20:00,18.04
Comox,2025-08-09,9:30:00,18.27
Comox,2025-08-09,9:40:00,18.35
Comox,2025-08-09,9:50:00,18.43
Comox,2025-08-09,10:00:00,18.44
Comox,2025-08-09,10:10:00,18.44
Comox,2025-08-09,10:20:00,18.47
Comox,2025-08-09,10:30:00,18.65
Comox,2025-08-09,10:40:00,18.64
Comox,2025-08-09,10:50:00,18.83
Comox,2025-08-09,11:00:00,18.84
Comox,2025-08-09,11:10:00,18.86
Comox,2025-08-09,11:20:00,18.97
Comox,2025-08-09,11:30:00,18.99
Comox,2025-08-09,11:40:00,19.04
Comox,2025-08-09,11:50:00,19.25
Comox,2025-08-09,12:00:00,19.31
Comox,2025-08-09,12:10:00,19.41
Comox,2025-08-09,12:20:00,19.48
Comox,2025-08-09,12:30:00,19.5
Comox,2025-08-09,12:40:00,19.51
Comox,2025-08-09,12:50:00,19.62
Comox,2025-08-09,13:00:00,19.76
Comox,2025-08-09,13:10:00,19.89
Comox,2025-08-09,13:20:00,19.72
Comox,2025-08-09,13:30:00,19.61
Comox,2025-08-09,13:40:00,19.83
Comox,2025-08-09,13:50:00,19.94
Comox,2025-08-09,14:00:00,19.9
Comox,2025-08-09,14:10:00,20.14
Comox,2025-08-09,14:20:00,20.49
Comox,2025-08-09,14:30:00,20.58
Comox,2025-08-09,14:40:00,20.7
Comox,2025-08-09,14:50:00,20.73
Comox,2025-08-09,15:00:00,20.56
Comox,2025-08-09,15:10:00,20.19
Comox,2025-08-09,15:20:00,19.96
Comox,2025-08-09,15:30:00,19.83
Comox,2025-08-09,15:40:00,19.65
Comox,2025-08-09,15:50:00,19.61
Comox,2025-08-09,16:00:00,19.47
Comox,2025-08-09,16:10:00,19.44
Comox,2025-08-09,16:20:00,19.37
Comox,2025-08-09,16:30:00,19.22
Comox,2025-08-09,16:40:00,19.21
Comox,2025-08-09,16:50:00,19.23
Comox,2025-08-09,17:00:00,19.25
Comox,2025-08-09,17:10:00,19.29
Comox,2025-08-09,17:20:00,19.15
Comox,2025-08-09,17:30:00,19.23
Comox,2025-08-09,17:40:00,19.5
Comox,2025-08-09,17:50:00,19.5
Comox,2025-08-09,18:00:00,19.81
Comox,2025-08-09,18:10:00,19.73
Comox,2025-08-09,18:20:00,19.67
Comox,2025-08-09,18:30:00,19.67
Comox,2025-08-09,18:40:00,19.61
Comox,2025-08-09,18:50:00,19.61
Comox,2025-08-09,19:00:00,19.65
Comox,2025-08-09,19:10:00,19.74
Comox,2025-08-09,19:20:00,19.69
Comox,2025-08-09,19:30:00,19.69
Comox,2025-08-09,19:40:00,19.53
Comox,2025-08-09,19:50:00,19.65
Comox,2025-08-09,20:00:00,19.57
Comox,2025-08-09,20:10:00,19.33
Comox,2025-08-09,20:20:00,19.29
Comox,2025-08-09,20:30:00,19.24
Comox,2025-08-09,20:40:00,19.18
Comox,2025-08-09,20:50:00,19.16
Comox,2025-08-09,21:00:00,19.2
Comox,2025-08-09,21:10:00,19.11
Comox,2025-08-09,21:20:00,19.16
Comox,2025-08-09,21:30:00,19.11
Comox,2025-08-09,21:40:00,19.06
Comox,2025-08-09,21:50:00,19.01
Comox,2025-08-09,22:00:00,18.99
Comox,2025-08-09,22:10:00,19.04
Comox,2025-08-09,22:20:00,19.03
Comox,2025-08-09,22:30:00,19
Comox,2025-08-09,22:40:00,19.03
Comox,2025-08-09,22:50:00,19
Comox,2025-08-09,23:00:00,18.98
Comox,2025-08-09,23:10:00,19
Comox,2025-08-09,23:20:00,19
Comox,2025-08-09,23:30:00,19.02
Comox,2025-08-09,23:40:00,18.95
Comox,2025-08-09,23:50:00,19.01
Comox,2025-08-10,0:00:00,18.99
Comox,2025-08-10,0:10:00,18.96
Comox,2025-08-10,0:20:00,18.93
Comox,2025-08-10,0:30:00,18.91
Comox,2025-08-10,0:40:00,18.88
Comox,2025-08-10,0:50:00,18.96
Comox,2025-08-10,1:00:00,18.95
Comox,2025-08-10,1:10:00,18.94
Comox,2025-08-10,1:20:00,18.88
Comox,2025-08-10,1:30:00,18.85
Comox,2025-08-10,1:40:00,18.81
Comox,2025-08-10,1:50:00,18.83
Comox,2025-08-10,2:00:00,18.82
Comox,2025-08-10,2:10:00,18.81
Comox,2025-08-10,2:20:00,18.85
Comox,2025-08-10,2:30:00,18.85
Comox,2025-08-10,2:40:00,18.84
Comox,2025-08-10,2:50:00,18.82
Comox,2025-08-10,3:00:00,18.8
Comox,2025-08-10,3:10:00,18.81
Comox,2025-08-10,3:20:00,18.8
Comox,2025-08-10,3:30:00,18.78
Comox,2025-08-10,3:40:00,18.76
Comox,2025-08-10,3:50:00,18.74
Comox,2025-08-10,4:00:00,18.68
Comox,2025-08-10,4:10:00,18.66
Comox,2025-08-10,4:20:00,18.62
Comox,2025-08-10,4:30:00,18.41
Comox,2025-08-10,4:40:00,18.37
Comox,2025-08-10,4:50:00,18.59
Comox,2025-08-10,5:00:00,18.67
Comox,2025-08-10,5:10:00,18.62
Comox,2025-08-10,5:20:00,18.54
Comox,2025-08-10,5:30:00,18.52
Comox,2025-08-10,5:40:00,18.48
Comox,2025-08-10,5:50:00,18.5
Comox,2025-08-10,6:00:00,18.51
Comox,2025-08-10,6:10:00,18.42
Comox,2025-08-10,6:20:00,18.48
Comox,2025-08-10,6:30:00,18.37
Comox,2025-08-10,6:40:00,18.38
Comox,2025-08-10,6:50:00,18.43
Comox,2025-08-10,7:00:00,18.37
Comox,2025-08-10,7:10:00,18.33
Comox,2025-08-10,7:20:00,18.36
Comox,2025-08-10,7:30:00,18.32
Comox,2025-08-10,7:40:00,18.53
Comox,2025-08-10,7:50:00,18.54
Comox,2025-08-10,8:00:00,18.47
Comox,2025-08-10,8:10:00,18.57
Comox,2025-08-10,8:20:00,18.57
Comox,2025-08-10,8:30:00,18.74
Comox,2025-08-10,8:40:00,18.84
Comox,2025-08-10,8:50:00,18.8
Comox,2025-08-10,9:00:00,18.7
Comox,2025-08-10,9:10:00,18.77
Comox,2025-08-10,9:20:00,18.35
Comox,2025-08-10,9:30:00,18.33
Comox,2025-08-10,9:40:00,18.38
Comox,2025-08-10,9:50:00,18.47
Comox,2025-08-10,10:00:00,18.49
Comox,2025-08-10,10:10:00,18.44
Comox,2025-08-10,10:20:00,18.48
Comox,2025-08-10,10:30:00,18.53
Comox,2025-08-10,10:40:00,18.57
Comox,2025-08-10,10:50:00,18.76
Comox,2025-08-10,11:00:00,19
Comox,2025-08-10,11:10:00,19.14
Comox,2025-08-10,11:20:00,19.26
Comox,2025-08-10,11:30:00,19.38
Comox,2025-08-10,11:40:00,19.44
Comox,2025-08-10,11:50:00,19.57
Comox,2025-08-10,12:00:00,19.68
Comox,2025-08-10,12:10:00,19.87
Comox,2025-08-10,12:20:00,20.03
Comox,2025-08-10,12:30:00,20.06
Comox,2025-08-10,12:40:00,20.02
Comox,2025-08-10,12:50:00,20.16
Comox,2025-08-10,13:00:00,20.05
Comox,2025-08-10,13:10:00,19.98
Comox,2025-08-10,13:20:00,20.09
Comox,2025-08-10,13:30:00,20.05
Comox,2025-08-10,13:40:00,20.02
Comox,2025-08-10,13:50:00,19.83
Comox,2025-08-10,14:00:00,19.8
Comox,2025-08-10,14:10:00,19.84
Comox,2025-08-10,14:20:00,19.95
Comox,2025-08-10,14:30:00,19.92
Comox,2025-08-10,14:40:00,19.89
Comox,2025-08-10,14:50:00,19.95
Comox,2025-08-10,15:00:00,19.97
Comox,2025-08-10,15:10:00,20.01
Comox,2025-08-10,15:20:00,19.99
Comox,2025-08-10,15:30:00,19.9
Comox,2025-08-10,15:40:00,20.06
Comox,2025-08-10,15:50:00,20.06
Comox,2025-08-10,16:00:00,20.11
Comox,2025-08-10,16:10:00,19.96
Comox,2025-08-10,16:20:00,19.79
Comox,2025-08-10,16:30:00,19.42
Comox,2025-08-10,16:40:00,19.1
Comox,2025-08-10,16:50:00,19.14
Comox,2025-08-10,17:00:00,19.06
Comox,2025-08-10,17:10:00,18.83
Comox,2025-08-10,17:20:00,18.74
Comox,2025-08-10,17:30:00,18.88
Comox,2025-08-10,17:40:00,18.94
Comox,2025-08-10,17:50:00,19.22
Comox,2025-08-10,18:00:00,19.22
Comox,2025-08-10,18:10:00,19.26
Comox,2025-08-10,18:20:00,18.97
Comox,2025-08-10,18:30:00,18.67
Comox,2025-08-10,18:40:00,18.7
Comox,2025-08-10,18:50:00,18.93
Comox,2025-08-10,19:00:00,19.09
Comox,2025-08-10,19:10:00,19.03
Comox,2025-08-10,19:20:00,18.62
Comox,2025-08-10,19:30:00,18.47
Comox,2025-08-10,19:40:00,18.46
Comox,2025-08-10,19:50:00,18.44
Comox,2025-08-10,20:00:00,18.47
Comox,2025-08-10,20:10:00,18.47
Comox,2025-08-10,20:20:00,18.34
Comox,2025-08-10,20:30:00,18.21
Comox,2025-08-10,20:40:00,17.98
Comox,2025-08-10,20:50:00,18.18
Comox,2025-08-10,21:00:00,18.25
Comox,2025-08-10,21:10:00,18.26
Comox,2025-08-10,21:20:00,18.26
Comox,2025-08-10,21:30:00,18.28
Comox,2025-08-10,21:40:00,18.32
Comox,2025-08-10,21:50:00,18.29
Comox,2025-08-10,22:00:00,18.26
Comox,2025-08-10,22:10:00,18.25
Comox,2025-08-10,22:20:00,18.22
Comox,2025-08-10,22:30:00,18.18
Comox,2025-08-10,22:40:00,18.18
Comox,2025-08-10,22:50:00,18.18
Comox,2025-08-10,23:00:00,18.19
Comox,2025-08-10,23:10:00,18.18
Comox,2025-08-10,23:20:00,18.25
Comox,2025-08-10,23:30:00,18.37
Comox,2025-08-10,23:40:00,18.34
Comox,2025-08-10,23:50:00,18.34
Comox,2025-08-11,0:00:00,18.34
Comox,2025-08-11,0:10:00,18.35
Comox,2025-08-11,0:20:00,18.3
Comox,2025-08-11,0:30:00,18.3
Comox,2025-08-11,0:40:00,18.29
Comox,2025-08-11,0:50:00,18.29
Comox,2025-08-11,1:00:00,18.26
Comox,2025-08-11,1:10:00,18.25
Comox,2025-08-11,1:20:00,18.13
Comox,2025-08-11,1:30:00,18.1
Comox,2025-08-11,1:40:00,18.09
Comox,2025-08-11,1:50:00,18.05
Comox,2025-08-11,2:00:00,18.05
Comox,2025-08-11,2:10:00,18.05
Comox,2025-08-11,2:20:00,18.03
Comox,2025-08-11,2:30:00,18.06
Comox,2025-08-11,2:40:00,17.99
Comox,2025-08-11,2:50:00,18.04
Comox,2025-08-11,3:00:00,18.02
Comox,2025-08-11,3:10:00,17.99
Comox,2025-08-11,3:20:00,18.04
Comox,2025-08-11,3:30:00,17.99
Comox,2025-08-11,3:40:00,17.99
Comox,2025-08-11,3:50:00,17.99
Comox,2025-08-11,4:00:00,18.02
Comox,2025-08-11,4:10:00,18
Comox,2025-08-11,4:20:00,17.99
Comox,2025-08-11,4:30:00,17.96
Comox,2025-08-11,4:40:00,17.94
Comox,2025-08-11,4:50:00,17.94
Comox,2025-08-11,5:00:00,17.95
Comox,2025-08-11,5:10:00,17.97
Comox,2025-08-11,5:20:00,17.94
Comox,2025-08-11,5:30:00,17.93
Comox,2025-08-11,5:40:00,18.04
Comox,2025-08-11,5:50:00,18.1
Comox,2025-08-11,6:00:00,18.17
Comox,2025-08-11,6:10:00,18.07
Comox,2025-08-11,6:20:00,17.98
Comox,2025-08-11,6:30:00,18.04
Comox,2025-08-11,6:40:00,18.13
Comox,2025-08-11,6:50:00,18.22
Comox,2025-08-11,7:00:00,18.29
Comox,2025-08-11,7:10:00,18.32
Comox,2025-08-11,7:20:00,18.41
Comox,2025-08-11,7:30:00,18.41
Comox,2025-08-11,7:40:00,18.26
Comox,2025-08-11,7:50:00,18.27
Comox,2025-08-11,8:00:00,18.06
Comox,2025-08-11,8:10:00,18.04
Comox,2025-08-11,8:20:00,18.12
Comox,2025-08-11,8:30:00,18.24
Comox,2025-08-11,8:40:00,18.24
Comox,2025-08-11,8:50:00,18.28
Comox,2025-08-11,9:00:00,18.43
Comox,2025-08-11,9:10:00,18.42
Comox,2025-08-11,9:20:00,18.46
Comox,2025-08-11,9:30:00,18.49
Comox,2025-08-11,9:40:00,18.52
Comox,2025-08-11,9:50:00,18.54
Comox,2025-08-11,10:00:00,18.54
Comox,2025-08-11,10:10:00,18.54
Comox,2025-08-11,10:20:00,18.56
Comox,2025-08-11,10:30:00,18.59
Comox,2025-08-11,10:40:00,18.61
Comox,2025-08-11,10:50:00,18.64
Comox,2025-08-11,11:00:00,18.69
Comox,2025-08-11,11:10:00,18.68
Comox,2025-08-11,11:20:00,18.7
Comox,2025-08-11,11:30:00,18.77
Comox,2025-08-11,11:40:00,18.77
Comox,2025-08-11,11:50:00,18.91
Comox,2025-08-11,12:00:00,18.97
Comox,2025-08-11,12:10:00,19.04
Comox,2025-08-11,12:20:00,19.24
Comox,2025-08-11,12:30:00,19.62
Comox,2025-08-11,12:40:00,19.52
Comox,2025-08-11,12:50:00,19.6
Comox,2025-08-11,13:00:00,19.52
Comox,2025-08-11,13:10:00,19.48
Comox,2025-08-11,13:20:00,19.57
Comox,2025-08-11,13:30:00,19.55
Comox,2025-08-11,13:40:00,19.53
Comox,2025-08-11,13:50:00,19.6
Comox,2025-08-11,14:00:00,19.51
Comox,2025-08-11,14:10:00,19.51
Comox,2025-08-11,14:20:00,19.56
Comox,2025-08-11,14:30:00,19.6
Comox,2025-08-11,14:40:00,19.61
Comox,2025-08-11,14:50:00,19.62
Comox,2025-08-11,15:00:00,19.67
Comox,2025-08-11,15:10:00,19.63
Comox,2025-08-11,15:20:00,19.6
Comox,2025-08-11,15:30:00,19.51
Comox,2025-08-11,15:40:00,19.58
Comox,2025-08-11,15:50:00,19.75
Comox,2025-08-11,16:00:00,19.77
Comox,2025-08-11,16:10:00,19.75
Comox,2025-08-11,16:20:00,19.89
Comox,2025-08-11,16:30:00,19.94
Comox,2025-08-11,16:40:00,19.95
Comox,2025-08-11,16:50:00,19.89
Comox,2025-08-11,17:00:00,19.8
Comox,2025-08-11,17:10:00,19.65
Comox,2025-08-11,17:20:00,19.53
Comox,2025-08-11,17:30:00,19.38
Comox,2025-08-11,17:40:00,19.38
Comox,2025-08-11,17:50:00,19.37
Comox,2025-08-11,18:00:00,19.52
Comox,2025-08-11,18:10:00,19.68
Comox,2025-08-11,18:20:00,19.43
Comox,2025-08-11,18:30:00,19.17
Comox,2025-08-11,18:40:00,19.41
Comox,2025-08-11,18:50:00,19.26
Comox,2025-08-11,19:00:00,19.69
Comox,2025-08-11,19:10:00,19.84
Comox,2025-08-11,19:20:00,19.87
Comox,2025-08-11,19:30:00,19.63
Comox,2025-08-11,19:40:00,19.43
Comox,2025-08-11,19:50:00,19.66
Comox,2025-08-11,20:00:00,19.59
Comox,2025-08-11,20:10:00,19.52
Comox,2025-08-11,20:20:00,19.45
Comox,2025-08-11,20:30:00,19.39
Comox,2025-08-11,20:40:00,19.37
Comox,2025-08-11,20:50:00,19.38
Comox,2025-08-11,21:00:00,19.37
Comox,2025-08-11,21:10:00,19.27
Comox,2025-08-11,21:20:00,19.2
Comox,2025-08-11,21:30:00,19.02
Comox,2025-08-11,21:40:00,18.92
Comox,2025-08-11,21:50:00,18.88
Comox,2025-08-11,22:00:00,18.86
Comox,2025-08-11,22:10:00,18.83
Comox,2025-08-11,22:20:00,18.82
Comox,2025-08-11,22:30:00,18.84
Comox,2025-08-11,22:40:00,18.86
Comox,2025-08-11,22:50:00,18.83
Comox,2025-08-11,23:00:00,18.82
Comox,2025-08-11,23:10:00,18.83
Comox,2025-08-11,23:20:00,18.83
Comox,2025-08-11,23:30:00,18.84
Comox,2025-08-11,23:40:00,18.86
Comox,2025-08-11,23:50:00,18.85
Comox,2025-08-12,0:00:00,18.86
Comox,2025-08-12,0:10:00,18.84
Comox,2025-08-12,0:20:00,18.84
Comox,2025-08-12,0:30:00,18.87
Comox,2025-08-12,0:40:00,18.86
Comox,2025-08-12,0:50:00,18.88
Comox,2025-08-12,1:00:00,18.86
Comox,2025-08-12,1:10:00,18.85
Comox,2025-08-12,1:20:00,18.89
Comox,2025-08-12,1:30:00,18.91
Comox,2025-08-12,1:40:00,18.96
Comox,2025-08-12,1:50:00,18.96
Comox,2025-08-12,2:00:00,18.97
Comox,2025-08-12,2:10:00,19.03
Comox,2025-08-12,2:20:00,19.01
Comox,2025-08-12,2:30:00,19.02
Comox,2025-08-12,2:40:00,19
Comox,2025-08-12,2:50:00,19.02
Comox,2025-08-12,3:00:00,19.01
Comox,2025-08-12,3:10:00,18.98
Comox,2025-08-12,3:20:00,18.97
Comox,2025-08-12,3:30:00,19
Comox,2025-08-12,3:40:00,19
Comox,2025-08-12,3:50:00,18.97
Comox,2025-08-12,4:00:00,18.96
Comox,2025-08-12,4:10:00,18.93
Comox,2025-08-12,4:20:00,18.92
Comox,2025-08-12,4:30:00,18.96
Comox,2025-08-12,4:40:00,18.96
Comox,2025-08-12,4:50:00,18.96
Comox,2025-08-12,5:00:00,18.96
Comox,2025-08-12,5:10:00,18.94
Comox,2025-08-12,5:20:00,18.94
Comox,2025-08-12,5:30:00,18.93
Comox,2025-08-12,5:40:00,18.97
Comox,2025-08-12,5:50:00,18.96
Comox,2025-08-12,6:00:00,18.86
Comox,2025-08-12,6:10:00,18.88
Comox,2025-08-12,6:20:00,18.86
Comox,2025-08-12,6:30:00,18.81
Comox,2025-08-12,6:40:00,18.66
Comox,2025-08-12,6:50:00,18.43
Comox,2025-08-12,7:00:00,18.47
Comox,2025-08-12,7:10:00,18.51
Comox,2025-08-12,7:20:00,18.59
Comox,2025-08-12,7:30:00,18.63
Comox,2025-08-12,7:40:00,18.65
Comox,2025-08-12,7:50:00,18.64
Comox,2025-08-12,8:00:00,18.7
Comox,2025-08-12,8:10:00,18.8
Comox,2025-08-12,8:20:00,18.83
Comox,2025-08-12,8:30:00,18.77
Comox,2025-08-12,8:40:00,18.71
Comox,2025-08-12,8:50:00,18.7
Comox,2025-08-12,9:00:00,18.7
Comox,2025-08-12,9:10:00,18.7
Comox,2025-08-12,9:20:00,18.76
Comox,2025-08-12,9:30:00,18.97
Comox,2025-08-12,9:40:00,18.95
Comox,2025-08-12,9:50:00,18.99
Comox,2025-08-12,10:00:00,18.99
Comox,2025-08-12,10:10:00,19.12
Comox,2025-08-12,10:20:00,19.15
Comox,2025-08-12,10:30:00,19.21
Comox,2025-08-12,10:40:00,19.1
Comox,2025-08-12,10:50:00,19.12
Comox,2025-08-12,11:00:00,19.06
Comox,2025-08-12,11:10:00,19.06
Comox,2025-08-12,11:20:00,19.14
Comox,2025-08-12,11:30:00,19.21
Comox,2025-08-12,11:40:00,19.26
Comox,2025-08-12,11:50:00,19.35
Comox,2025-08-12,12:00:00,19.63
Comox,2025-08-12,12:10:00,20.14
Comox,2025-08-12,12:20:00,20.19
Comox,2025-08-12,12:30:00,20.18
Comox,2025-08-12,12:40:00,20.19
Comox,2025-08-12,12:50:00,20.11
Comox,2025-08-12,13:00:00,20.01
Comox,2025-08-12,13:10:00,20.11
Comox,2025-08-12,13:20:00,20.24
Comox,2025-08-12,13:30:00,20.25
Comox,2025-08-12,13:40:00,20.48
Comox,2025-08-12,13:50:00,20.56
Comox,2025-08-12,14:00:00,20.55
Comox,2025-08-12,14:10:00,20.59
Comox,2025-08-12,14:20:00,20.78
Comox,2025-08-12,14:30:00,20.87
Comox,2025-08-12,14:40:00,20.77
Comox,2025-08-12,14:50:00,20.83
Comox,2025-08-12,15:00:00,20.64
Comox,2025-08-12,15:10:00,20.7
Comox,2025-08-12,15:20:00,20.47
Comox,2025-08-12,15:30:00,20.32
Comox,2025-08-12,15:40:00,20.12
Comox,2025-08-12,15:50:00,20
Comox,2025-08-12,16:00:00,20.04
Comox,2025-08-12,16:10:00,19.92
Comox,2025-08-12,16:20:00,19.86
Comox,2025-08-12,16:30:00,19.97
Comox,2025-08-12,16:40:00,20.04
Comox,2025-08-12,16:50:00,19.99
Comox,2025-08-12,17:00:00,19.88
Comox,2025-08-12,17:10:00,19.62
Comox,2025-08-12,17:20:00,19.52
Comox,2025-08-12,17:30:00,19.59
Comox,2025-08-12,17:40:00,19.4
Comox,2025-08-12,17:50:00,19.3
Comox,2025-08-12,18:00:00,19.29
Comox,2025-08-12,18:10:00,19.18
Comox,2025-08-12,18:20:00,19.22
Comox,2025-08-12,18:30:00,19.24
Comox,2025-08-12,18:40:00,19.2
Comox,2025-08-12,18:50:00,19.23
Comox,2025-08-12,19:00:00,19.17
Comox,2025-08-12,19:10:00,19.22
Comox,2025-08-12,19:20:00,19.03
Comox,2025-08-12,19:30:00,18.94
Comox,2025-08-12,19:40:00,19.16
Comox,2025-08-12,19:50:00,19.14
Comox,2025-08-12,20:00:00,19.18
Comox,2025-08-12,20:10:00,19.13
Comox,2025-08-12,20:20:00,19.12
Comox,2025-08-12,20:30:00,19.06
Comox,2025-08-12,20:40:00,18.99
Comox,2025-08-12,20:50:00,18.93
Comox,2025-08-12,21:00:00,18.93
Comox,2025-08-12,21:10:00,18.84
Comox,2025-08-12,21:20:00,18.93
Comox,2025-08-12,21:30:00,18.94
Comox,2025-08-12,21:40:00,18.92
Comox,2025-08-12,21:50:00,18.96
Comox,2025-08-12,22:00:00,18.98
Comox,2025-08-12,22:10:00,18.95
Comox,2025-08-12,22:20:00,18.91
Comox,2025-08-12,22:30:00,18.96
Comox,2025-08-12,22:40:00,19.1
Comox,2025-08-12,22:50:00,19.13
Comox,2025-08-12,23:00:00,19.07
Comox,2025-08-12,23:10:00,19.01
Comox,2025-08-12,23:20:00,19.02
Comox,2025-08-12,23:30:00,19.01
Comox,2025-08-12,23:40:00,19
Comox,2025-08-12,23:50:00,18.97
Comox,2025-08-13,0:00:00,18.97
Comox,2025-08-13,0:10:00,18.95
Comox,2025-08-13,0:20:00,18.93
Comox,2025-08-13,0:30:00,18.96
Comox,2025-08-13,0:40:00,18.87
Comox,2025-08-13,0:50:00,18.83
Comox,2025-08-13,1:00:00,18.84
Comox,2025-08-13,1:10:00,18.82
Comox,2025-08-13,1:20:00,18.91
Comox,2025-08-13,1:30:00,18.97
Comox,2025-08-13,1:40:00,19.02
Comox,2025-08-13,1:50:00,19.06
Comox,2025-08-13,2:00:00,19
Comox,2025-08-13,2:10:00,18.89
Comox,2025-08-13,2:20:00,18.83
Comox,2025-08-13,2:30:00,18.84
Comox,2025-08-13,2:40:00,18.83
Comox,2025-08-13,2:50:00,18.86
Comox,2025-08-13,3:00:00,18.92
Comox,2025-08-13,3:10:00,18.97
Comox,2025-08-13,3:20:00,19
Comox,2025-08-13,3:30:00,18.88
Comox,2025-08-13,3:40:00,18.88
Comox,2025-08-13,3:50:00,18.91
Comox,2025-08-13,4:00:00,18.97
Comox,2025-08-13,4:10:00,18.99
Comox,2025-08-13,4:20:00,18.96
Comox,2025-08-13,4:30:00,18.95
Comox,2025-08-13,4:40:00,18.99
Comox,2025-08-13,4:50:00,19.01
Comox,2025-08-13,5:00:00,19.03
Comox,2025-08-13,5:10:00,19.06
Comox,2025-08-13,5:20:00,19.12
Comox,2025-08-13,5:30:00,19.15
Comox,2025-08-13,5:40:00,19.11
Comox,2025-08-13,5:50:00,18.94
Comox,2025-08-13,6:00:00,19.02
Comox,2025-08-13,6:10:00,19.06
Comox,2025-08-13,6:20:00,19.07
Comox,2025-08-13,6:30:00,19.11
Comox,2025-08-13,6:40:00,18.99
Comox,2025-08-13,6:50:00,19.07
Comox,2025-08-13,7:00:00,19.04
Comox,2025-08-13,7:10:00,18.86
Comox,2025-08-13,7:20:00,18.91
Comox,2025-08-13,7:30:00,18.92
Comox,2025-08-13,7:40:00,18.88
Comox,2025-08-13,7:50:00,18.95
Comox,2025-08-13,8:00:00,18.97
Comox,2025-08-13,8:10:00,18.8
Comox,2025-08-13,8:20:00,18.72
Comox,2025-08-13,8:30:00,18.76
Comox,2025-08-13,8:40:00,18.8
Comox,2025-08-13,8:50:00,18.74
Comox,2025-08-13,9:00:00,18.79
Comox,2025-08-13,9:10:00,18.83
Comox,2025-08-13,9:20:00,18.85
Comox,2025-08-13,9:30:00,18.83
Comox,2025-08-13,9:40:00,18.87
Comox,2025-08-13,9:50:00,18.82
Comox,2025-08-13,10:00:00,18.97
Comox,2025-08-13,10:10:00,19.01
Comox,2025-08-13,10:20:00,19.07
Comox,2025-08-13,10:30:00,19.13
Comox,2025-08-13,10:40:00,19.14
Comox,2025-08-13,10:50:00,19.18
Comox,2025-08-13,11:00:00,19.22
Comox,2025-08-13,11:10:00,19.32
Comox,2025-08-13,11:20:00,19.33
Comox,2025-08-13,11:30:00,19.33
Comox,2025-08-13,11:40:00,19.4
Comox,2025-08-13,11:50:00,19.6
Comox,2025-08-13,12:00:00,19.69
Comox,2025-08-13,12:10:00,19.74
Comox,2025-08-13,12:20:00,19.79
Comox,2025-08-13,12:30:00,19.79
Comox,2025-08-13,12:40:00,19.79
Comox,2025-08-13,12:50:00,19.73
Comox,2025-08-13,13:00:00,19.72
Comox,2025-08-13,13:10:00,19.8
Comox,2025-08-13,13:20:00,19.7
Comox,2025-08-13,13:30:00,19.9
Comox,2025-08-13,13:40:00,20.16
Comox,2025-08-13,13:50:00,19.84
Comox,2025-08-13,14:00:00,19.74
Comox,2025-08-13,14:10:00,19.77
Comox,2025-08-13,14:20:00,19.72
Comox,2025-08-13,14:30:00,19.68
Comox,2025-08-13,14:40:00,19.69
Comox,2025-08-13,14:50:00,19.73
Comox,2025-08-13,15:00:00,19.77
Comox,2025-08-13,15:10:00,19.87
Comox,2025-08-13,15:20:00,19.8
Comox,2025-08-13,15:30:00,19.76
Comox,2025-08-13,15:40:00,19.76
Comox,2025-08-13,15:50:00,19.85
Comox,2025-08-13,16:00:00,19.86
Comox,2025-08-13,16:10:00,19.9
Comox,2025-08-13,16:20:00,19.89
Comox,2025-08-13,16:30:00,19.92
Comox,2025-08-13,16:40:00,19.97
Comox,2025-08-13,16:50:00,19.99
Comox,2025-08-13,17:00:00,19.98
Comox,2025-08-13,17:10:00,20.03
Comox,2025-08-13,17:20:00,19.92
Comox,2025-08-13,17:30:00,19.92
Comox,2025-08-13,17:40:00,19.87
Comox,2025-08-13,17:50:00,19.79
Comox,2025-08-13,18:00:00,19.85
Comox,2025-08-13,18:10:00,19.85
Comox,2025-08-13,18:20:00,19.86
Comox,2025-08-13,18:30:00,19.79
Comox,2025-08-13,18:40:00,19.86
Comox,2025-08-13,18:50:00,19.89
Comox,2025-08-13,19:00:00,19.82
Comox,2025-08-13,19:10:00,19.76
Comox,2025-08-13,19:20:00,19.84
Comox,2025-08-13,19:30:00,19.83
Comox,2025-08-13,19:40:00,19.91
Comox,2025-08-13,19:50:00,20.14
Comox,2025-08-13,20:00:00,20.22
Comox,2025-08-13,20:10:00,20.33
Comox,2025-08-13,20:20:00,20.4
Comox,2025-08-13,20:30:00,20.1
Comox,2025-08-13,20:40:00,20.1
Comox,2025-08-13,20:50:00,20.15
Comox,2025-08-13,21:00:00,20.06
Comox,2025-08-13,21:10:00,20.14
Comox,2025-08-13,21:20:00,20.26
Comox,2025-08-13,21:30:00,20.33
Comox,2025-08-13,21:40:00,20.29
Comox,2025-08-13,21:50:00,20.31
Comox,2025-08-13,22:00:00,20.32
Comox,2025-08-13,22:10:00,20.29
Comox,2025-08-13,22:20:00,20.32
Comox,2025-08-13,22:30:00,20.27
Comox,2025-08-13,22:40:00,20.25
Comox,2025-08-13,22:50:00,20.22
Comox,2025-08-13,23:00:00,20.22
Comox,2025-08-13,23:10:00,20.26
Comox,2025-08-13,23:20:00,20.27
Comox,2025-08-13,23:30:00,20.27
Comox,2025-08-13,23:40:00,20.28
Comox,2025-08-13,23:50:00,20.21
Comox,2025-08-14,0:00:00,20.2
Comox,2025-08-14,0:10:00,20.2
Comox,2025-08-14,0:20:00,20.17
Comox,2025-08-14,0:30:00,20.14
Comox,2025-08-14,0:40:00,20.17
Comox,2025-08-14,0:50:00,20.19
Comox,2025-08-14,1:00:00,20.15
Comox,2025-08-14,1:10:00,20.14
Comox,2025-08-14,1:20:00,20.14
Comox,2025-08-14,1:30:00,20.1
Comox,2025-08-14,1:40:00,20.05
Comox,2025-08-14,1:50:00,20.05
Comox,2025-08-14,2:00:00,20.05
Comox,2025-08-14,2:10:00,20.07
Comox,2025-08-14,2:20:00,20.02
Comox,2025-08-14,2:30:00,20.04
Comox,2025-08-14,2:40:00,19.98
Comox,2025-08-14,2:50:00,19.97
Comox,2025-08-14,3:00:00,19.98
Comox,2025-08-14,3:10:00,19.94
Comox,2025-08-14,3:20:00,20.04
Comox,2025-08-14,3:30:00,19.92
Comox,2025-08-14,3:40:00,19.87
Comox,2025-08-14,3:50:00,19.87
Comox,2025-08-14,4:00:00,19.88
Comox,2025-08-14,4:10:00,19.89
Comox,2025-08-14,4:20:00,19.84
Comox,2025-08-14,4:30:00,19.82
Comox,2025-08-14,4:40:00,19.83
Comox,2025-08-14,4:50:00,19.82
Comox,2025-08-14,5:00:00,19.81
Comox,2025-08-14,5:10:00,19.83
Comox,2025-08-14,5:20:00,19.92
Comox,2025-08-14,5:30:00,19.91
Comox,2025-08-14,5:40:00,19.89
Comox,2025-08-14,5:50:00,19.88
Comox,2025-08-14,6:00:00,19.89
Comox,2025-08-14,6:10:00,19.92
Comox,2025-08-14,6:20:00,19.89
Comox,2025-08-14,6:30:00,19.84
Comox,2025-08-14,6:40:00,19.82
Comox,2025-08-14,6:50:00,19.83
Comox,2025-08-14,7:00:00,19.57
Comox,2025-08-14,7:10:00,19.61
Comox,2025-08-14,7:20:00,19.59
Comox,2025-08-14,7:30:00,19.56
Comox,2025-08-14,7:40:00,19.5
Comox,2025-08-14,7:50:00,19.42
Comox,2025-08-14,8:00:00,19.27
Comox,2025-08-14,8:10:00,19.15
Comox,2025-08-14,8:20:00,19.22
Comox,2025-08-14,8:30:00,19.13
Comox,2025-08-14,8:40:00,19.17
Comox,2025-08-14,8:50:00,19.35
Comox,2025-08-14,9:00:00,19.44
Comox,2025-08-14,9:10:00,19.45
Comox,2025-08-14,9:20:00,19.44
Comox,2025-08-14,9:30:00,19.38
Comox,2025-08-14,9:40:00,19.39
Comox,2025-08-14,9:50:00,19.48
Comox,2025-08-14,10:00:00,19.42
Comox,2025-08-14,10:10:00,19.42
Comox,2025-08-14,10:20:00,19.43
Comox,2025-08-14,10:30:00,19.47
Comox,2025-08-14,10:40:00,19.5
Comox,2025-08-14,10:50:00,19.48
Comox,2025-08-14,11:00:00,19.52
Comox,2025-08-14,11:10:00,19.46
Comox,2025-08-14,11:20:00,19.52
Comox,2025-08-14,11:30:00,19.59
Comox,2025-08-14,11:40:00,19.57
Comox,2025-08-14,11:50:00,19.59
Comox,2025-08-14,12:00:00,19.56
Comox,2025-08-14,12:10:00,19.59
Comox,2025-08-14,12:20:00,19.66
Comox,2025-08-14,12:30:00,19.63
Comox,2025-08-14,12:40:00,19.62
Comox,2025-08-14,12:50:00,19.65
Comox,2025-08-14,13:00:00,19.63
Comox,2025-08-14,13:10:00,19.65
Comox,2025-08-14,13:20:00,19.6
Comox,2025-08-14,13:30:00,19.57
Comox,2025-08-14,13:40:00,19.58
Comox,2025-08-14,13:50:00,19.6
Comox,2025-08-14,14:00:00,19.58
Comox,2025-08-14,14:10:00,19.61
Comox,2025-08-14,14:20:00,19.62
Comox,2025-08-14,14:30:00,19.66
Comox,2025-08-14,14:40:00,19.62
Comox,2025-08-14,14:50:00,19.63
Comox,2025-08-14,15:00:00,19.65
Comox,2025-08-14,15:10:00,19.66
Comox,2025-08-14,15:20:00,19.62
Comox,2025-08-14,15:30:00,19.62
Comox,2025-08-14,15:40:00,19.6
Comox,2025-08-14,15:50:00,19.61
Comox,2025-08-14,16:00:00,19.61
Comox,2025-08-14,16:10:00,19.6
Comox,2025-08-14,16:20:00,19.62
Comox,2025-08-14,16:30:00,19.62
Comox,2025-08-14,16:40:00,19.6
Comox,2025-08-14,16:50:00,19.6
Comox,2025-08-14,17:00:00,19.59
Comox,2025-08-14,17:10:00,19.61
Comox,2025-08-14,17:20:00,19.61
Comox,2025-08-14,17:30:00,19.57
Comox,2025-08-14,17:40:00,19.61
Comox,2025-08-14,17:50:00,19.58
Comox,2025-08-14,18:00:00,19.56
Comox,2025-08-14,18:10:00,19.56
Comox,2025-08-14,18:20:00,19.52
Comox,2025-08-14,18:30:00,19.52
Comox,2025-08-14,18:40:00,19.5
Comox,2025-08-14,18:50:00,19.54
Comox,2025-08-14,19:00:00,19.51
Comox,2025-08-14,19:10:00,19.53
Comox,2025-08-14,19:20:00,19.57
Comox,2025-08-14,19:30:00,19.53
Comox,2025-08-14,19:40:00,19.51
Comox,2025-08-14,19:50:00,19.48
Comox,2025-08-14,20:00:00,19.5
Comox,2025-08-14,20:10:00,19.52
Comox,2025-08-14,20:20:00,19.51
Comox,2025-08-14,20:30:00,19.5
Comox,2025-08-14,20:40:00,19.52
Comox,2025-08-14,20:50:00,19.5
Comox,2025-08-14,21:00:00,19.46
Comox,2025-08-14,21:10:00,19.48
Comox,2025-08-14,21:20:00,19.46
Comox,2025-08-14,21:30:00,19.43
Comox,2025-08-14,21:40:00,19.36
Comox,2025-08-14,21:50:00,19.35
Comox,2025-08-14,22:00:00,19.31
Comox,2025-08-14,22:10:00,19.31
Comox,2025-08-14,22:20:00,19.35
Comox,2025-08-14,22:30:00,19.36
Comox,2025-08-14,22:40:00,19.39
Comox,2025-08-14,22:50:00,19.32
Comox,2025-08-14,23:00:00,19.31
Comox,2025-08-14,23:10:00,19.32
Comox,2025-08-14,23:20:00,19.31
Comox,2025-08-14,23:30:00,19.29
Comox,2025-08-14,23:40:00,19.31
Comox,2025-08-14,23:50:00,19.29
Comox,2025-08-15,0:00:00,19.28
Comox,2025-08-15,0:10:00,19.36
Comox,2025-08-15,0:20:00,19.3
Comox,2025-08-15,0:30:00,19.27
Comox,2025-08-15,0:40:00,19.25
Comox,2025-08-15,0:50:00,19.27
Comox,2025-08-15,1:00:00,19.24
Comox,2025-08-15,1:10:00,19.16
Comox,2025-08-15,1:20:00,19.16
Comox,2025-08-15,1:30:00,19.18
Comox,2025-08-15,1:40:00,19.2
Comox,2025-08-15,1:50:00,19.17
Comox,2025-08-15,2:00:00,18.98
Comox,2025-08-15,2:10:00,18.84
Comox,2025-08-15,2:20:00,18.77
Comox,2025-08-15,2:30:00,18.58
Comox,2025-08-15,2:40:00,18.53
Comox,2025-08-15,2:50:00,18.5
Comox,2025-08-15,3:00:00,18.48
Comox,2025-08-15,3:10:00,18.48
Comox,2025-08-15,3:20:00,18.43
Comox,2025-08-15,3:30:00,18.39
Comox,2025-08-15,3:40:00,18.35
Comox,2025-08-15,3:50:00,18.25
Comox,2025-08-15,4:00:00,18.1
Comox,2025-08-15,4:10:00,18.03
Comox,2025-08-15,4:20:00,18.02
Comox,2025-08-15,4:30:00,18.03
Comox,2025-08-15,4:40:00,18
Comox,2025-08-15,4:50:00,17.99
Comox,2025-08-15,5:00:00,18.03
Comox,2025-08-15,5:10:00,18.03
Comox,2025-08-15,5:20:00,18.02
Comox,2025-08-15,5:30:00,18.02
Comox,2025-08-15,5:40:00,18.13
Comox,2025-08-15,5:50:00,18.2
Comox,2025-08-15,6:00:00,18.23
Comox,2025-08-15,6:10:00,18.3
Comox,2025-08-15,6:20:00,18.39
Comox,2025-08-15,6:30:00,18.48
Comox,2025-08-15,6:40:00,18.54
Comox,2025-08-15,6:50:00,18.65
Comox,2025-08-15,7:00:00,18.71
Comox,2025-08-15,7:10:00,18.81
Comox,2025-08-15,7:20:00,18.73
Comox,2025-08-15,7:30:00,18.55
Comox,2025-08-15,7:40:00,18.1
Comox,2025-08-15,7:50:00,18.06
Comox,2025-08-15,8:00:00,17.91
Comox,2025-08-15,8:10:00,18.09
Comox,2025-08-15,8:20:00,18.15
Comox,2025-08-15,8:30:00,18.15
Comox,2025-08-15,8:40:00,18.34
Comox,2025-08-15,8:50:00,18.47
Comox,2025-08-15,9:00:00,18.57
Comox,2025-08-15,9:10:00,18.66
Comox,2025-08-15,9:20:00,18.71
Comox,2025-08-15,9:30:00,18.68
Comox,2025-08-15,9:40:00,18.69
Comox,2025-08-15,9:50:00,18.68
Comox,2025-08-15,10:00:00,18.77
Comox,2025-08-15,10:10:00,18.83
Comox,2025-08-15,10:20:00,18.87
Comox,2025-08-15,10:30:00,18.98
Comox,2025-08-15,10:40:00,19.01
Comox,2025-08-15,10:50:00,18.98
Comox,2025-08-15,11:00:00,18.97
Comox,2025-08-15,11:10:00,18.97
Comox,2025-08-15,11:20:00,18.94
Comox,2025-08-15,11:30:00,18.85
Comox,2025-08-15,11:40:00,18.78
Comox,2025-08-15,11:50:00,18.78
Comox,2025-08-15,12:00:00,18.79
Comox,2025-08-15,12:10:00,18.78
Comox,2025-08-15,12:20:00,18.74
Comox,2025-08-15,12:30:00,18.74
Comox,2025-08-15,12:40:00,18.72
Comox,2025-08-15,12:50:00,18.73
Comox,2025-08-15,13:00:00,18.73
Comox,2025-08-15,13:10:00,18.72
Comox,2025-08-15,13:20:00,18.7
Comox,2025-08-15,13:30:00,18.7
Comox,2025-08-15,13:40:00,18.7
Comox,2025-08-15,13:50:00,18.71
Comox,2025-08-15,14:00:00,18.71
Comox,2025-08-15,14:10:00,18.68
Comox,2025-08-15,14:20:00,18.61
Comox,2025-08-15,14:30:00,18.55
Comox,2025-08-15,14:40:00,18.62
Comox,2025-08-15,14:50:00,18.64
Comox,2025-08-15,15:00:00,18.65
Comox,2025-08-15,15:10:00,18.66
Comox,2025-08-15,15:20:00,18.7
Comox,2025-08-15,15:30:00,18.74
Comox,2025-08-15,15:40:00,18.74
Comox,2025-08-15,15:50:00,18.77
Comox,2025-08-15,16:00:00,18.84
Comox,2025-08-15,16:10:00,18.85
Comox,2025-08-15,16:20:00,18.88
Comox,2025-08-15,16:30:00,18.94
Comox,2025-08-15,16:40:00,18.91
Comox,2025-08-15,16:50:00,18.89
Comox,2025-08-15,17:00:00,18.86
Comox,2025-08-15,17:10:00,18.83
Comox,2025-08-15,17:20:00,18.83
Comox,2025-08-15,17:30:00,18.79
Comox,2025-08-15,17:40:00,18.81
Comox,2025-08-15,17:50:00,18.8
Comox,2025-08-15,18:00:00,18.78
Comox,2025-08-15,18:10:00,18.81
Comox,2025-08-15,18:20:00,18.82
Comox,2025-08-15,18:30:00,18.8
Comox,2025-08-15,18:40:00,18.81
Comox,2025-08-15,18:50:00,18.8
Comox,2025-08-15,19:00:00,18.83
Comox,2025-08-15,19:10:00,18.86
Comox,2025-08-15,19:20:00,18.86
Comox,2025-08-15,19:30:00,18.84
Comox,2025-08-15,19:40:00,18.88
Comox,2025-08-15,19:50:00,18.87
Comox,2025-08-15,20:00:00,18.86
Comox,2025-08-15,20:10:00,18.86
Comox,2025-08-15,20:20:00,18.86
Comox,2025-08-15,20:30:00,18.85
Comox,2025-08-15,20:40:00,18.85
Comox,2025-08-15,20:50:00,18.83
Comox,2025-08-15,21:00:00,18.82
Comox,2025-08-15,21:10:00,18.84
Comox,2025-08-15,21:20:00,18.8
Comox,2025-08-15,21:30:00,18.82
Comox,2025-08-15,21:40:00,18.79
Comox,2025-08-15,21:50:00,18.76
Comox,2025-08-15,22:00:00,18.7
Comox,2025-08-15,22:10:00,18.7
Comox,2025-08-15,22:20:00,18.7
Comox,2025-08-15,22:30:00,18.67
Comox,2025-08-15,22:40:00,18.67
Comox,2025-08-15,22:50:00,18.66
Comox,2025-08-15,23:00:00,18.7
Comox,2025-08-15,23:10:00,18.76
Comox,2025-08-15,23:20:00,18.78
Comox,2025-08-15,23:30:00,18.76
Comox,2025-08-15,23:40:00,18.73
Comox,2025-08-15,23:50:00,18.76
Comox,2025-08-16,0:00:00,18.74
Comox,2025-08-16,0:10:00,18.74
Comox,2025-08-16,0:20:00,18.73
Comox,2025-08-16,0:30:00,18.71
Comox,2025-08-16,0:40:00,18.72
Comox,2025-08-16,0:50:00,18.68
Comox,2025-08-16,1:00:00,18.64
Comox,2025-08-16,1:10:00,18.58
Comox,2025-08-16,1:20:00,18.39
Comox,2025-08-16,1:30:00,18.33
Comox,2025-08-16,1:40:00,18.28
Comox,2025-08-16,1:50:00,18.18
Comox,2025-08-16,2:00:00,18.11
Comox,2025-08-16,2:10:00,18.25
Comox,2025-08-16,2:20:00,18.37
Comox,2025-08-16,2:30:00,18.39
Comox,2025-08-16,2:40:00,18.37
Comox,2025-08-16,2:50:00,18.36
Comox,2025-08-16,3:00:00,18.33
Comox,2025-08-16,3:10:00,18.23
Comox,2025-08-16,3:20:00,18.22
Comox,2025-08-16,3:30:00,18.23
Comox,2025-08-16,3:40:00,18.26
Comox,2025-08-16,3:50:00,18.22
Comox,2025-08-16,4:00:00,18.14
Comox,2025-08-16,4:10:00,18.15
Comox,2025-08-16,4:20:00,18.08
Comox,2025-08-16,4:30:00,18.1
Comox,2025-08-16,4:40:00,18.07
Comox,2025-08-16,4:50:00,17.97
Comox,2025-08-16,5:00:00,17.97
Comox,2025-08-16,5:10:00,18.02
Comox,2025-08-16,5:20:00,18.06
Comox,2025-08-16,5:30:00,18.1
Comox,2025-08-16,5:40:00,18.09
Comox,2025-08-16,5:50:00,18.1
Comox,2025-08-16,6:00:00,18.12
Comox,2025-08-16,6:10:00,18.2
Comox,2025-08-16,6:20:00,18.15
Comox,2025-08-16,6:30:00,18.2
Comox,2025-08-16,6:40:00,18.08
Comox,2025-08-16,6:50:00,18.04
Comox,2025-08-16,7:00:00,18.03
Comox,2025-08-16,7:10:00,17.92
Comox,2025-08-16,7:20:00,17.84
Comox,2025-08-16,7:30:00,18.04
Comox,2025-08-16,7:40:00,18.08
Comox,2025-08-16,7:50:00,17.93
Comox,2025-08-16,8:00:00,17.89
Comox,2025-08-16,8:10:00,17.92
Comox,2025-08-16,8:20:00,17.91
Comox,2025-08-16,8:30:00,17.94
Comox,2025-08-16,8:40:00,17.96
Comox,2025-08-16,8:50:00,18.03
Comox,2025-08-16,9:00:00,18.04
Comox,2025-08-16,9:10:00,18.09
Comox,2025-08-16,9:20:00,18.22
Comox,2025-08-16,9:30:00,18.32
Comox,2025-08-16,9:40:00,18.38
Comox,2025-08-16,9:50:00,18.38
Comox,2025-08-16,10:00:00,18.44
Comox,2025-08-16,10:10:00,18.46
Comox,2025-08-16,10:20:00,18.52
Comox,2025-08-16,10:30:00,18.55
Comox,2025-08-16,10:40:00,18.56
Comox,2025-08-16,10:50:00,18.61
Comox,2025-08-16,11:00:00,18.61
Comox,2025-08-16,11:10:00,18.62
Comox,2025-08-16,11:20:00,18.62
Comox,2025-08-16,11:30:00,18.65
Comox,2025-08-16,11:40:00,18.66
Comox,2025-08-16,11:50:00,18.69
Comox,2025-08-16,12:00:00,18.7
Comox,2025-08-16,12:10:00,18.73
Comox,2025-08-16,12:20:00,18.76
Comox,2025-08-16,12:30:00,18.74
Comox,2025-08-16,12:40:00,18.74
Comox,2025-08-16,12:50:00,18.77
Comox,2025-08-16,13:00:00,18.8
Comox,2025-08-16,13:10:00,18.8
Comox,2025-08-16,13:20:00,18.78
Comox,2025-08-16,13:30:00,18.8
Comox,2025-08-16,13:40:00,18.8
Comox,2025-08-16,13:50:00,18.84
Comox,2025-08-16,14:00:00,18.85
Comox,2025-08-16,14:10:00,18.84
Comox,2025-08-16,14:20:00,18.86
Comox,2025-08-16,14:30:00,18.86
Comox,2025-08-16,14:40:00,18.86
Comox,2025-08-16,14:50:00,18.87
Comox,2025-08-16,15:00:00,18.85
Comox,2025-08-16,15:10:00,18.84
Comox,2025-08-16,15:20:00,18.87
Comox,2025-08-16,15:30:00,18.88
Comox,2025-08-16,15:40:00,18.87
Comox,2025-08-16,15:50:00,18.91
Comox,2025-08-16,16:00:00,18.91
Comox,2025-08-16,16:10:00,18.94
Comox,2025-08-16,16:20:00,18.96
Comox,2025-08-16,16:30:00,19.02
Comox,2025-08-16,16:40:00,18.99
Comox,2025-08-16,16:50:00,19
Comox,2025-08-16,17:00:00,19.04
Comox,2025-08-16,17:10:00,19.07
Comox,2025-08-16,17:20:00,19.03
Comox,2025-08-16,17:30:00,19.01
Comox,2025-08-16,17:40:00,19.09
Comox,2025-08-16,17:50:00,19.08
Comox,2025-08-16,18:00:00,19.07
Comox,2025-08-16,18:10:00,19.08
Comox,2025-08-16,18:20:00,19.15
Comox,2025-08-16,18:30:00,19.1
Comox,2025-08-16,18:40:00,19.08
Comox,2025-08-16,18:50:00,19.07
Comox,2025-08-16,19:00:00,19.09
Comox,2025-08-16,19:10:00,19.09
Comox,2025-08-16,19:20:00,19.12
Comox,2025-08-16,19:30:00,19.16
Comox,2025-08-16,19:40:00,19.17
Comox,2025-08-16,19:50:00,19.12
Comox,2025-08-16,20:00:00,19.08
Comox,2025-08-16,20:10:00,19.07
Comox,2025-08-16,20:20:00,19.11
Comox,2025-08-16,20:30:00,19.08
Comox,2025-08-16,20:40:00,19.08
Comox,2025-08-16,20:50:00,19.1
Comox,2025-08-16,21:00:00,19.11
Comox,2025-08-16,21:10:00,19.17
Comox,2025-08-16,21:20:00,19.15
Comox,2025-08-16,21:30:00,19.07
Comox,2025-08-16,21:40:00,19.09
Comox,2025-08-16,21:50:00,19.15
Comox,2025-08-16,22:00:00,19.14
Comox,2025-08-16,22:10:00,19.14
Comox,2025-08-16,22:20:00,19.21
Comox,2025-08-16,22:30:00,19.24
Comox,2025-08-16,22:40:00,19.25
Comox,2025-08-16,22:50:00,19.24
Comox,2025-08-16,23:00:00,19.22
Comox,2025-08-16,23:10:00,19.15
Comox,2025-08-16,23:20:00,19.11
Comox,2025-08-16,23:30:00,19.04
Comox,2025-08-16,23:40:00,19.02
Comox,2025-08-16,23:50:00,18.98
Comox,2025-08-17,0:00:00,19.02
Comox,2025-08-17,0:10:00,19.03
Comox,2025-08-17,0:20:00,18.84
Comox,2025-08-17,0:30:00,18.48
Comox,2025-08-17,0:40:00,18.14
Comox,2025-08-17,0:50:00,18.07
Comox,2025-08-17,1:00:00,18.05
Comox,2025-08-17,1:10:00,18.14
Comox,2025-08-17,1:20:00,18.2
Comox,2025-08-17,1:30:00,18.11
Comox,2025-08-17,1:40:00,17.97
Comox,2025-08-17,1:50:00,17.97
Comox,2025-08-17,2:00:00,18.05
Comox,2025-08-17,2:10:00,18.26
Comox,2025-08-17,2:20:00,18.35
Comox,2025-08-17,2:30:00,18.42
Comox,2025-08-17,2:40:00,18.48
Comox,2025-08-17,2:50:00,18.54
Comox,2025-08-17,3:00:00,18.54
Comox,2025-08-17,3:10:00,18.56
Comox,2025-08-17,3:20:00,18.56
Comox,2025-08-17,3:30:00,18.62
Comox,2025-08-17,3:40:00,18.64
Comox,2025-08-17,3:50:00,18.65
Comox,2025-08-17,4:00:00,18.67
Comox,2025-08-17,4:10:00,18.57
Comox,2025-08-17,4:20:00,18.44
Comox,2025-08-17,4:30:00,18.35
Comox,2025-08-17,4:40:00,18.39
Comox,2025-08-17,4:50:00,18.4
Comox,2025-08-17,5:00:00,18.38
Comox,2025-08-17,5:10:00,18.42
Comox,2025-08-17,5:20:00,18.43
Comox,2025-08-17,5:30:00,18.46
Comox,2025-08-17,5:40:00,18.54
Comox,2025-08-17,5:50:00,18.53
Comox,2025-08-17,6:00:00,18.51
Comox,2025-08-17,6:10:00,18.55
Comox,2025-08-17,6:20:00,18.64
Comox,2025-08-17,6:30:00,18.65
Comox,2025-08-17,6:40:00,18.67
Comox,2025-08-17,6:50:00,18.69
Comox,2025-08-17,7:00:00,18.68
Comox,2025-08-17,7:10:00,18.73
Comox,2025-08-17,7:20:00,18.74
Comox,2025-08-17,7:30:00,18.7
Comox,2025-08-17,7:40:00,18.67
Comox,2025-08-17,7:50:00,18.63
Comox,2025-08-17,8:00:00,18.63
Comox,2025-08-17,8:10:00,18.67
Comox,2025-08-17,8:20:00,18.63
Comox,2025-08-17,8:30:00,18.62
Comox,2025-08-17,8:40:00,18.71
Comox,2025-08-17,8:50:00,18.8
Comox,2025-08-17,9:00:00,18.76
Comox,2025-08-17,9:10:00,18.71
Comox,2025-08-17,9:20:00,18.69
Comox,2025-08-17,9:30:00,18.59
Comox,2025-08-17,9:40:00,18.54
Comox,2025-08-17,9:50:00,18.37
Comox,2025-08-17,10:00:00,18.1
Comox,2025-08-17,10:10:00,18.06
Comox,2025-08-17,10:20:00,17.85
Comox,2025-08-17,10:30:00,17.69
Comox,2025-08-17,10:40:00,17.28
Comox,2025-08-17,10:50:00,17.17
Comox,2025-08-17,11:00:00,16.89
Comox,2025-08-17,11:10:00,16.2
Comox,2025-08-17,11:20:00,15.98
Comox,2025-08-17,11:30:00,15.9
Comox,2025-08-17,11:40:00,15.73
Comox,2025-08-17,11:50:00,15.7
Comox,2025-08-17,12:00:00,15.91
Comox,2025-08-17,12:10:00,16.08
Comox,2025-08-17,12:20:00,16.07
Comox,2025-08-17,12:30:00,16.25
Comox,2025-08-17,12:40:00,16.7
Comox,2025-08-17,12:50:00,16.99
Comox,2025-08-17,13:00:00,16.54
Comox,2025-08-17,13:10:00,16.45
Comox,2025-08-17,13:20:00,16.31
Comox,2025-08-17,13:30:00,16.29
Comox,2025-08-17,13:40:00,16.25
Comox,2025-08-17,13:50:00,16.22
Comox,2025-08-17,14:00:00,16.26
Comox,2025-08-17,14:10:00,16.31
Comox,2025-08-17,14:20:00,16.28
Comox,2025-08-17,14:30:00,16.26
Comox,2025-08-17,14:40:00,16.32
Comox,2025-08-17,14:50:00,16.44
Comox,2025-08-17,15:00:00,16.49
Comox,2025-08-17,15:10:00,16.55
Comox,2025-08-17,15:20:00,16.56
Comox,2025-08-17,15:30:00,16.59
Comox,2025-08-17,15:40:00,16.6
Comox,2025-08-17,15:50:00,16.71
Comox,2025-08-17,16:00:00,16.69
Comox,2025-08-17,16:10:00,16.63
Comox,2025-08-17,16:20:00,16.6
Comox,2025-08-17,16:30:00,16.61
Comox,2025-08-17,16:40:00,16.59
Comox,2025-08-17,16:50:00,16.59
Comox,2025-08-17,17:00:00,16.55
Comox,2025-08-17,17:10:00,16.56
Comox,2025-08-17,17:20:00,16.57
Comox,2025-08-17,17:30:00,16.54
Comox,2025-08-17,17:40:00,16.51
Comox,2025-08-17,17:50:00,16.52
Comox,2025-08-17,18:00:00,16.5
Comox,2025-08-17,18:10:00,16.51
Comox,2025-08-17,18:20:00,16.49
Comox,2025-08-17,18:30:00,16.49
Comox,2025-08-17,18:40:00,16.44
Comox,2025-08-17,18:50:00,16.46
Comox,2025-08-17,19:00:00,16.47
Comox,2025-08-17,19:10:00,16.47
Comox,2025-08-17,19:20:00,16.46
Comox,2025-08-17,19:30:00,16.47
Comox,2025-08-17,19:40:00,16.46
Comox,2025-08-17,19:50:00,16.43
Comox,2025-08-17,20:00:00,16.41
Comox,2025-08-17,20:10:00,16.41
Comox,2025-08-17,20:20:00,16.4
Comox,2025-08-17,20:30:00,16.37
Comox,2025-08-17,20:40:00,16.32
Comox,2025-08-17,20:50:00,16.29
Comox,2025-08-17,21:00:00,16.22
Comox,2025-08-17,21:10:00,16.22
Comox,2025-08-17,21:20:00,16.21
Comox,2025-08-17,21:30:00,16.19
Comox,2025-08-17,21:40:00,16.15
Comox,2025-08-17,21:50:00,16.18
Comox,2025-08-17,22:00:00,16.16
Comox,2025-08-17,22:10:00,16.16
Comox,2025-08-17,22:20:00,16.16
Comox,2025-08-17,22:30:00,16.14
Comox,2025-08-17,22:40:00,16.15
Comox,2025-08-17,22:50:00,16.15
Comox,2025-08-17,23:00:00,16.13
Comox,2025-08-17,23:10:00,16.13
Comox,2025-08-17,23:20:00,16.16
Comox,2025-08-17,23:30:00,16.14
Comox,2025-08-17,23:40:00,16.14
Comox,2025-08-17,23:50:00,16.14
Comox,2025-08-18,0:00:00,16.12
Comox,2025-08-18,0:10:00,16.11
Comox,2025-08-18,0:20:00,16.05
Comox,2025-08-18,0:30:00,16.1
Comox,2025-08-18,0:40:00,16.11
Comox,2025-08-18,0:50:00,16.07
Comox,2025-08-18,1:00:00,16.11
Comox,2025-08-18,1:10:00,16.12
Comox,2025-08-18,1:20:00,16.11
Comox,2025-08-18,1:30:00,16.1
Comox,2025-08-18,1:40:00,16.13
Comox,2025-08-18,1:50:00,16.15
Comox,2025-08-18,2:00:00,16.17
Comox,2025-08-18,2:10:00,16.17
Comox,2025-08-18,2:20:00,16.17
Comox,2025-08-18,2:30:00,16.2
Comox,2025-08-18,2:40:00,16.17
Comox,2025-08-18,2:50:00,16.18
Comox,2025-08-18,3:00:00,16.16
Comox,2025-08-18,3:10:00,16.16
Comox,2025-08-18,3:20:00,16.1
Comox,2025-08-18,3:30:00,16.05
Comox,2025-08-18,3:40:00,16.05
Comox,2025-08-18,3:50:00,16.06
Comox,2025-08-18,4:00:00,16.07
Comox,2025-08-18,4:10:00,16.07
Comox,2025-08-18,4:20:00,16.06
Comox,2025-08-18,4:30:00,16.05
Comox,2025-08-18,4:40:00,16.06
Comox,2025-08-18,4:50:00,16.07
Comox,2025-08-18,5:00:00,16.05
Comox,2025-08-18,5:10:00,16.07
Comox,2025-08-18,5:20:00,16.08
Comox,2025-08-18,5:30:00,16.06
Comox,2025-08-18,5:40:00,16.01
Comox,2025-08-18,5:50:00,15.99
Comox,2025-08-18,6:00:00,16.01
Comox,2025-08-18,6:10:00,16.04
Comox,2025-08-18,6:20:00,16.02
Comox,2025-08-18,6:30:00,16
Comox,2025-08-18,6:40:00,15.96
Comox,2025-08-18,6:50:00,16.02
Comox,2025-08-18,7:00:00,16.05
Comox,2025-08-18,7:10:00,16.1
Comox,2025-08-18,7:20:00,16.08
Comox,2025-08-18,7:30:00,16.1
Comox,2025-08-18,7:40:00,16.06
Comox,2025-08-18,7:50:00,16.08
Comox,2025-08-18,8:00:00,16.08
Comox,2025-08-18,8:10:00,16.08
Comox,2025-08-18,8:20:00,16.11
Comox,2025-08-18,8:30:00,16.08
Comox,2025-08-18,8:40:00,16.1
Comox,2025-08-18,8:50:00,16.11
Comox,2025-08-18,9:00:00,16.08
Comox,2025-08-18,9:10:00,16.08
Comox,2025-08-18,9:20:00,16.08
Comox,2025-08-18,9:30:00,16.08
Comox,2025-08-18,9:40:00,16.06
Comox,2025-08-18,9:50:00,16.08
Comox,2025-08-18,10:00:00,16.08
Comox,2025-08-18,10:10:00,16.11
Comox,2025-08-18,10:20:00,16.13
Comox,2025-08-18,10:30:00,16.11
Comox,2025-08-18,10:40:00,16.13
Comox,2025-08-18,10:50:00,16.12
Comox,2025-08-18,11:00:00,16.11
Comox,2025-08-18,11:10:00,16.12
Comox,2025-08-18,11:20:00,16.05
Comox,2025-08-18,11:30:00,16.03
Comox,2025-08-18,11:40:00,15.85
Comox,2025-08-18,11:50:00,15.82
Comox,2025-08-18,12:00:00,15.78
Comox,2025-08-18,12:10:00,15.72
Comox,2025-08-18,12:20:00,15.63
Comox,2025-08-18,12:30:00,15.46
Comox,2025-08-18,12:40:00,15.19
Comox,2025-08-18,12:50:00,15.09
Comox,2025-08-18,13:00:00,14.89
Comox,2025-08-18,13:10:00,14.89
Comox,2025-08-18,13:20:00,15.17
Comox,2025-08-18,13:30:00,15.21
Comox,2025-08-18,13:40:00,15.4
Comox,2025-08-18,13:50:00,15.45
Comox,2025-08-18,14:00:00,15.49
Comox,2025-08-18,14:10:00,15.58
Comox,2025-08-18,14:20:00,15.54
Comox,2025-08-18,14:30:00,15.56
Comox,2025-08-18,14:40:00,15.63
Comox,2025-08-18,14:50:00,15.51
Comox,2025-08-18,15:00:00,15.53
Comox,2025-08-18,15:10:00,15.71
Comox,2025-08-18,15:20:00,15.76
Comox,2025-08-18,15:30:00,15.51
Comox,2025-08-18,15:40:00,15.6
Comox,2025-08-18,15:50:00,15.55
Comox,2025-08-18,16:00:00,15.63
Comox,2025-08-18,16:10:00,15.63
Comox,2025-08-18,16:20:00,15.71
Comox,2025-08-18,16:30:00,15.69
Comox,2025-08-18,16:40:00,15.58
Comox,2025-08-18,16:50:00,15.47
Comox,2025-08-18,17:00:00,15.42
Comox,2025-08-18,17:10:00,15.39
Comox,2025-08-18,17:20:00,15.4
Comox,2025-08-18,17:30:00,15.4
Comox,2025-08-18,17:40:00,15.42
Comox,2025-08-18,17:50:00,15.47
Comox,2025-08-18,18:00:00,15.48
Comox,2025-08-18,18:10:00,15.48
Comox,2025-08-18,18:20:00,15.49
Comox,2025-08-18,18:30:00,15.55
Comox,2025-08-18,18:40:00,15.56
Comox,2025-08-18,18:50:00,15.54
Comox,2025-08-18,19:00:00,15.57
Comox,2025-08-18,19:10:00,15.57
Comox,2025-08-18,19:20:00,15.61
Comox,2025-08-18,19:30:00,15.7
Comox,2025-08-18,19:40:00,15.72
Comox,2025-08-18,19:50:00,15.73
Comox,2025-08-18,20:00:00,15.74
Comox,2025-08-18,20:10:00,15.76
Comox,2025-08-18,20:20:00,15.76
Comox,2025-08-18,20:30:00,15.69
Comox,2025-08-18,20:40:00,15.68
Comox,2025-08-18,20:50:00,15.73
Comox,2025-08-18,21:00:00,15.73
Comox,2025-08-18,21:10:00,15.71
Comox,2025-08-18,21:20:00,15.7
Comox,2025-08-18,21:30:00,15.7
Comox,2025-08-18,21:40:00,15.7
Comox,2025-08-18,21:50:00,15.69
Comox,2025-08-18,22:00:00,15.68
Comox,2025-08-18,22:10:00,15.66
Comox,2025-08-18,22:20:00,15.67
Comox,2025-08-18,22:30:00,15.67
Comox,2025-08-18,22:40:00,15.61
Comox,2025-08-18,22:50:00,15.59
Comox,2025-08-18,23:00:00,15.56
Comox,2025-08-18,23:10:00,15.55
Comox,2025-08-18,23:20:00,15.52
Comox,2025-08-18,23:30:00,15.55
Comox,2025-08-18,23:40:00,15.53
Comox,2025-08-18,23:50:00,15.51
Comox,2025-08-19,0:00:00,15.49
Comox,2025-08-19,0:10:00,15.49
Comox,2025-08-19,0:20:00,15.47
Comox,2025-08-19,0:30:00,15.46
Comox,2025-08-19,0:40:00,15.47
Comox,2025-08-19,0:50:00,15.51
Comox,2025-08-19,1:00:00,15.52
Comox,2025-08-19,1:10:00,15.51
Comox,2025-08-19,1:20:00,15.48
Comox,2025-08-19,1:30:00,15.47
Comox,2025-08-19,1:40:00,15.51
Comox,2025-08-19,1:50:00,15.47
Comox,2025-08-19,2:00:00,15.49
Comox,2025-08-19,2:10:00,15.47
Comox,2025-08-19,2:20:00,15.47
Comox,2025-08-19,2:30:00,15.47
Comox,2025-08-19,2:40:00,15.48
Comox,2025-08-19,2:50:00,15.45
Comox,2025-08-19,3:00:00,15.43
Comox,2025-08-19,3:10:00,15.42
Comox,2025-08-19,3:20:00,15.43
Comox,2025-08-19,3:30:00,15.43
Comox,2025-08-19,3:40:00,15.42
Comox,2025-08-19,3:50:00,15.42
Comox,2025-08-19,4:00:00,15.42
Comox,2025-08-19,4:10:00,15.39
Comox,2025-08-19,4:20:00,15.41
Comox,2025-08-19,4:30:00,15.39
Comox,2025-08-19,4:40:00,15.39
Comox,2025-08-19,4:50:00,15.39
Comox,2025-08-19,5:00:00,15.39
Comox,2025-08-19,5:10:00,15.39
Comox,2025-08-19,5:20:00,15.39
Comox,2025-08-19,5:30:00,15.41
Comox,2025-08-19,5:40:00,15.4
Comox,2025-08-19,5:50:00,15.41
Comox,2025-08-19,6:00:00,15.4
Comox,2025-08-19,6:10:00,15.41
Comox,2025-08-19,6:20:00,15.41
Comox,2025-08-19,6:30:00,15.41
Comox,2025-08-19,6:40:00,15.43
Comox,2025-08-19,6:50:00,15.41
Comox,2025-08-19,7:00:00,15.43
Comox,2025-08-19,7:10:00,15.42
Comox,2025-08-19,7:20:00,15.43
Comox,2025-08-19,7:30:00,15.49
Comox,2025-08-19,7:40:00,15.48
Comox,2025-08-19,7:50:00,15.51
Comox,2025-08-19,8:00:00,15.54
Comox,2025-08-19,8:10:00,15.62
Comox,2025-08-19,8:20:00,15.68
Comox,2025-08-19,8:30:00,15.73
Comox,2025-08-19,8:40:00,15.75
Comox,2025-08-19,8:50:00,15.76
Comox,2025-08-19,9:00:00,15.73
Comox,2025-08-19,9:10:00,15.74
Comox,2025-08-19,9:20:00,15.77
Comox,2025-08-19,9:30:00,15.78
Comox,2025-08-19,9:40:00,15.88
Comox,2025-08-19,9:50:00,15.95
Comox,2025-08-19,10:00:00,15.98
Comox,2025-08-19,10:10:00,16
Comox,2025-08-19,10:20:00,16.02
Comox,2025-08-19,10:30:00,16.02
Comox,2025-08-19,10:40:00,16.05
Comox,2025-08-19,10:50:00,16.12
Comox,2025-08-19,11:00:00,16.2
Comox,2025-08-19,11:10:00,16.26
Comox,2025-08-19,11:20:00,16.29
Comox,2025-08-19,11:30:00,16.31
Comox,2025-08-19,11:40:00,16.26
Comox,2025-08-19,11:50:00,16.16
Comox,2025-08-19,12:00:00,16.16
Comox,2025-08-19,12:10:00,16.14
Comox,2025-08-19,12:20:00,16.2
Comox,2025-08-19,12:30:00,16.39
Comox,2025-08-19,12:40:00,16.43
Comox,2025-08-19,12:50:00,16.63
Comox,2025-08-19,13:00:00,16.52
Comox,2025-08-19,13:10:00,16.5
Comox,2025-08-19,13:20:00,16.77
Comox,2025-08-19,13:30:00,16.73
Comox,2025-08-19,13:40:00,16.41
Comox,2025-08-19,13:50:00,16.36
Comox,2025-08-19,14:00:00,16.36
Comox,2025-08-19,14:10:00,16.42
Comox,2025-08-19,14:20:00,16.55
Comox,2025-08-19,14:30:00,16.39
Comox,2025-08-19,14:40:00,16.31
Comox,2025-08-19,14:50:00,16.21
Comox,2025-08-19,15:00:00,16.03
Comox,2025-08-19,15:10:00,15.98
Comox,2025-08-19,15:20:00,15.98
Comox,2025-08-19,15:30:00,15.93
Comox,2025-08-19,15:40:00,15.93
Comox,2025-08-19,15:50:00,15.91
Comox,2025-08-19,16:00:00,15.9
Comox,2025-08-19,16:10:00,15.93
Comox,2025-08-19,16:20:00,15.97
Comox,2025-08-19,16:30:00,16.02
Comox,2025-08-19,16:40:00,15.95
Comox,2025-08-19,16:50:00,15.98
Comox,2025-08-19,17:00:00,15.93
Comox,2025-08-19,17:10:00,15.99
Comox,2025-08-19,17:20:00,16.01
Comox,2025-08-19,17:30:00,16
Comox,2025-08-19,17:40:00,16.02
Comox,2025-08-19,17:50:00,16.04
Comox,2025-08-19,18:00:00,15.97
Comox,2025-08-19,18:10:00,15.92
Comox,2025-08-19,18:20:00,15.92
Comox,2025-08-19,18:30:00,15.92
Comox,2025-08-19,18:40:00,15.91
Comox,2025-08-19,18:50:00,15.98
Comox,2025-08-19,19:00:00,15.96
Comox,2025-08-19,19:10:00,15.96
Comox,2025-08-19,19:20:00,15.84
Comox,2025-08-19,19:30:00,15.82
Comox,2025-08-19,19:40:00,15.85
Comox,2025-08-19,19:50:00,15.86
Comox,2025-08-19,20:00:00,15.83
Comox,2025-08-19,20:10:00,15.81
Comox,2025-08-19,20:20:00,15.8
Comox,2025-08-19,20:30:00,15.81
Comox,2025-08-19,20:40:00,15.81
Comox,2025-08-19,20:50:00,15.81
Comox,2025-08-19,21:00:00,15.8
Comox,2025-08-19,21:10:00,15.8
Comox,2025-08-19,21:20:00,15.81
Comox,2025-08-19,21:30:00,15.78
Comox,2025-08-19,21:40:00,15.77
Comox,2025-08-19,21:50:00,15.78
Comox,2025-08-19,22:00:00,15.78
Comox,2025-08-19,22:10:00,15.81
Comox,2025-08-19,22:20:00,15.8
Comox,2025-08-19,22:30:00,15.8
Comox,2025-08-19,22:40:00,15.81
Comox,2025-08-19,22:50:00,15.73
Comox,2025-08-19,23:00:00,15.71
Comox,2025-08-19,23:10:00,15.68
Comox,2025-08-19,23:20:00,15.69
Comox,2025-08-19,23:30:00,15.69
Comox,2025-08-19,23:40:00,15.68
Comox,2025-08-19,23:50:00,15.66
Comox,2025-08-20,0:00:00,15.59
Comox,2025-08-20,0:10:00,15.55
Comox,2025-08-20,0:20:00,15.53
Comox,2025-08-20,0:30:00,15.56
Comox,2025-08-20,0:40:00,15.58
Comox,2025-08-20,0:50:00,15.55
Comox,2025-08-20,1:00:00,15.56
Comox,2025-08-20,1:10:00,15.56
Comox,2025-08-20,1:20:00,15.54
Comox,2025-08-20,1:30:00,15.53
Comox,2025-08-20,1:40:00,15.49
Comox,2025-08-20,1:50:00,15.45
Comox,2025-08-20,2:00:00,15.43
Comox,2025-08-20,2:10:00,15.45
Comox,2025-08-20,2:20:00,15.4
Comox,2025-08-20,2:30:00,15.33
Comox,2025-08-20,2:40:00,15.37
Comox,2025-08-20,2:50:00,15.42
Comox,2025-08-20,3:00:00,15.4
Comox,2025-08-20,3:10:00,15.38
Comox,2025-08-20,3:20:00,15.37
Comox,2025-08-20,3:30:00,15.37
Comox,2025-08-20,3:40:00,15.32
Comox,2025-08-20,3:50:00,15.34
Comox,2025-08-20,4:00:00,15.37
Comox,2025-08-20,4:10:00,15.33
Comox,2025-08-20,4:20:00,15.32
Comox,2025-08-20,4:30:00,15.27
Comox,2025-08-20,4:40:00,15.25
Comox,2025-08-20,4:50:00,15.18
Comox,2025-08-20,5:00:00,15.11
Comox,2025-08-20,5:10:00,15.13
Comox,2025-08-20,5:20:00,15.1
Comox,2025-08-20,5:30:00,15.1
Comox,2025-08-20,5:40:00,15.07
Comox,2025-08-20,5:50:00,15.07
Comox,2025-08-20,6:00:00,15.07
Comox,2025-08-20,6:10:00,15.06
Comox,2025-08-20,6:20:00,15
Comox,2025-08-20,6:30:00,15.01
Comox,2025-08-20,6:40:00,14.96
Comox,2025-08-20,6:50:00,14.92
Comox,2025-08-20,7:00:00,14.91
Comox,2025-08-20,7:10:00,14.92
Comox,2025-08-20,7:20:00,14.87
Comox,2025-08-20,7:30:00,14.89
Comox,2025-08-20,7:40:00,14.81
Comox,2025-08-20,7:50:00,14.79
Comox,2025-08-20,8:00:00,14.85
Comox,2025-08-20,8:10:00,15.13
Comox,2025-08-20,8:20:00,15.22
Comox,2025-08-20,8:30:00,15.39
Comox,2025-08-20,8:40:00,15.44
Comox,2025-08-20,8:50:00,15.53
Comox,2025-08-20,9:00:00,15.56
Comox,2025-08-20,9:10:00,15.61
Comox,2025-08-20,9:20:00,15.62
Comox,2025-08-20,9:30:00,15.65
Comox,2025-08-20,9:40:00,15.65
Comox,2025-08-20,9:50:00,15.7
Comox,2025-08-20,10:00:00,15.69
Comox,2025-08-20,10:10:00,15.72
Comox,2025-08-20,10:20:00,15.7
Comox,2025-08-20,10:30:00,15.7
Comox,2025-08-20,10:40:00,15.7
Comox,2025-08-20,10:50:00,15.69
Comox,2025-08-20,11:00:00,15.74
Comox,2025-08-20,11:10:00,15.76
Comox,2025-08-20,11:20:00,15.75
Comox,2025-08-20,11:30:00,15.76
Comox,2025-08-20,11:40:00,15.76
Comox,2025-08-20,11:50:00,15.83
Comox,2025-08-20,12:00:00,16.04
Comox,2025-08-20,12:10:00,16.1
Comox,2025-08-20,12:20:00,16
Comox,2025-08-20,12:30:00,15.95
Comox,2025-08-20,12:40:00,15.92
Comox,2025-08-20,12:50:00,15.95
Comox,2025-08-20,13:00:00,16.08
Comox,2025-08-20,13:10:00,15.82
Comox,2025-08-20,13:20:00,15.89
Comox,2025-08-20,13:30:00,15.85
Comox,2025-08-20,13:40:00,15.95
Comox,2025-08-20,13:50:00,15.74
Comox,2025-08-20,14:00:00,15.66
Comox,2025-08-20,14:10:00,15.68
Comox,2025-08-20,14:20:00,15.48
Comox,2025-08-20,14:30:00,15.52
Comox,2025-08-20,14:40:00,15.34
Comox,2025-08-20,14:50:00,15.36
Comox,2025-08-20,15:00:00,15.34
Comox,2025-08-20,15:10:00,15.27
Comox,2025-08-20,15:20:00,15.47
Comox,2025-08-20,15:30:00,15.31
Comox,2025-08-20,15:40:00,15.39
Comox,2025-08-20,15:50:00,15.26
Comox,2025-08-20,16:00:00,15.62
Comox,2025-08-20,16:10:00,15.68
Comox,2025-08-20,16:20:00,15.48
Comox,2025-08-20,16:30:00,15.37
Comox,2025-08-20,16:40:00,15.38
Comox,2025-08-20,16:50:00,15.26
Comox,2025-08-20,17:00:00,15.24
Comox,2025-08-20,17:10:00,15.58
Comox,2025-08-20,17:20:00,15.57
Comox,2025-08-20,17:30:00,15.63
Comox,2025-08-20,17:40:00,15.49
Comox,2025-08-20,17:50:00,15.62
Comox,2025-08-20,18:00:00,15.57
Comox,2025-08-20,18:10:00,15.55
Comox,2025-08-20,18:20:00,15.71
Comox,2025-08-20,18:30:00,15.73
Comox,2025-08-20,18:40:00,15.63
Comox,2025-08-20,18:50:00,15.69
Comox,2025-08-20,19:00:00,15.67
Comox,2025-08-20,19:10:00,15.69
Comox,2025-08-20,19:20:00,15.74
Comox,2025-08-20,19:30:00,15.8
Comox,2025-08-20,19:40:00,15.82
Comox,2025-08-20,19:50:00,15.77
Comox,2025-08-20,20:00:00,15.76
Comox,2025-08-20,20:10:00,15.81
Comox,2025-08-20,20:20:00,15.8
Comox,2025-08-20,20:30:00,15.86
Comox,2025-08-20,20:40:00,15.75
Comox,2025-08-20,20:50:00,15.75
Comox,2025-08-20,21:00:00,15.78
Comox,2025-08-20,21:10:00,15.76
Comox,2025-08-20,21:20:00,15.74
Comox,2025-08-20,21:30:00,15.72
Comox,2025-08-20,21:40:00,15.71
Comox,2025-08-20,21:50:00,15.73
Comox,2025-08-20,22:00:00,15.69
Comox,2025-08-20,22:10:00,15.63
Comox,2025-08-20,22:20:00,15.63
Comox,2025-08-20,22:30:00,15.63
Comox,2025-08-20,22:40:00,15.63
Comox,2025-08-20,22:50:00,15.6
Comox,2025-08-20,23:00:00,15.55
Comox,2025-08-20,23:10:00,15.58
Comox,2025-08-20,23:20:00,15.55
Comox,2025-08-20,23:30:00,15.52
Comox,2025-08-20,23:40:00,15.51
Comox,2025-08-20,23:50:00,15.52
Comox,2025-08-21,0:00:00,15.48
Comox,2025-08-21,0:10:00,15.46
Comox,2025-08-21,0:20:00,15.48
Comox,2025-08-21,0:30:00,15.46
Comox,2025-08-21,0:40:00,15.45
Comox,2025-08-21,0:50:00,15.48
Comox,2025-08-21,1:00:00,15.52
Comox,2025-08-21,1:10:00,15.51
Comox,2025-08-21,1:20:00,15.51
Comox,2025-08-21,1:30:00,15.52
Comox,2025-08-21,1:40:00,15.47
Comox,2025-08-21,1:50:00,15.46
Comox,2025-08-21,2:00:00,15.48
Comox,2025-08-21,2:10:00,15.45
Comox,2025-08-21,2:20:00,15.4
Comox,2025-08-21,2:30:00,15.4
Comox,2025-08-21,2:40:00,15.37
Comox,2025-08-21,2:50:00,15.36
Comox,2025-08-21,3:00:00,15.38
Comox,2025-08-21,3:10:00,15.37
Comox,2025-08-21,3:20:00,15.37
Comox,2025-08-21,3:30:00,15.33
Comox,2025-08-21,3:40:00,15.34
Comox,2025-08-21,3:50:00,15.32
Comox,2025-08-21,4:00:00,15.27
Comox,2025-08-21,4:10:00,15.09
Comox,2025-08-21,4:20:00,15.09
Comox,2025-08-21,4:30:00,15.12
Comox,2025-08-21,4:40:00,15.1
Comox,2025-08-21,4:50:00,15.09
Comox,2025-08-21,5:00:00,15.09
Comox,2025-08-21,5:10:00,15.03
Comox,2025-08-21,5:20:00,15.07
Comox,2025-08-21,5:30:00,15.09
Comox,2025-08-21,5:40:00,15.08
Comox,2025-08-21,5:50:00,15.12
Comox,2025-08-21,6:00:00,15.13
Comox,2025-08-21,6:10:00,15.04
Comox,2025-08-21,6:20:00,15.1
Comox,2025-08-21,6:30:00,15.09
Comox,2025-08-21,6:40:00,15.11
Comox,2025-08-21,6:50:00,15.09
Comox,2025-08-21,7:00:00,15.08
Comox,2025-08-21,7:10:00,15.07
Comox,2025-08-21,7:20:00,15.15
Comox,2025-08-21,7:30:00,15.13
Comox,2025-08-21,7:40:00,15.18
Comox,2025-08-21,7:50:00,15.12
Comox,2025-08-21,8:00:00,15.12
Comox,2025-08-21,8:10:00,15.08
Comox,2025-08-21,8:20:00,14.84
Comox,2025-08-21,8:30:00,14.69
Comox,2025-08-21,8:40:00,14.71
Comox,2025-08-21,8:50:00,14.8
Comox,2025-08-21,9:00:00,14.83
Comox,2025-08-21,9:10:00,14.98
Comox,2025-08-21,9:20:00,15.02
Comox,2025-08-21,9:30:00,15.09
Comox,2025-08-21,9:40:00,15.13
Comox,2025-08-21,9:50:00,15.13
Comox,2025-08-21,10:00:00,15.14
Comox,2025-08-21,10:10:00,15.19
Comox,2025-08-21,10:20:00,15.15
Comox,2025-08-21,10:30:00,15.15
Comox,2025-08-21,10:40:00,15.21
Comox,2025-08-21,10:50:00,15.28
Comox,2025-08-21,11:00:00,15.27
Comox,2025-08-21,11:10:00,15.29
Comox,2025-08-21,11:20:00,15.3
Comox,2025-08-21,11:30:00,15.26
Comox,2025-08-21,11:40:00,15.3
Comox,2025-08-21,11:50:00,15.28
Comox,2025-08-21,12:00:00,15.43
Comox,2025-08-21,12:10:00,15.74
Comox,2025-08-21,12:20:00,15.77
Comox,2025-08-21,12:30:00,15.84
Comox,2025-08-21,12:40:00,15.96
Comox,2025-08-21,12:50:00,15.91
Comox,2025-08-21,13:00:00,16
Comox,2025-08-21,13:10:00,15.98
Comox,2025-08-21,13:20:00,16.05
Comox,2025-08-21,13:30:00,16
Comox,2025-08-21,13:40:00,16.04
Comox,2025-08-21,13:50:00,16.01
Comox,2025-08-21,14:00:00,15.96
Comox,2025-08-21,14:10:00,16.04
Comox,2025-08-21,14:20:00,16.07
Comox,2025-08-21,14:30:00,16.07
Comox,2025-08-21,14:40:00,15.91
Comox,2025-08-21,14:50:00,15.86
Comox,2025-08-21,15:00:00,15.83
Comox,2025-08-21,15:10:00,15.95
Comox,2025-08-21,15:20:00,16.03
Comox,2025-08-21,15:30:00,16.1
Comox,2025-08-21,15:40:00,16.13
Comox,2025-08-21,15:50:00,16.87
Comox,2025-08-21,16:00:00,16.7
Comox,2025-08-21,16:10:00,16.51
Comox,2025-08-21,16:20:00,16.31
Comox,2025-08-21,16:30:00,16.54
Comox,2025-08-21,16:40:00,16.63
Comox,2025-08-21,16:50:00,16.67
Comox,2025-08-21,17:00:00,16.45
Comox,2025-08-21,17:10:00,16.49
Comox,2025-08-21,17:20:00,16.54
Comox,2025-08-21,17:30:00,16.76
Comox,2025-08-21,17:40:00,16.6
Comox,2025-08-21,17:50:00,16.58
Comox,2025-08-21,18:00:00,16.52
Comox,2025-08-21,18:10:00,16.46
Comox,2025-08-21,18:20:00,16.51
Comox,2025-08-21,18:30:00,16.41
Comox,2025-08-21,18:40:00,16.55
Comox,2025-08-21,18:50:00,16.69
Comox,2025-08-21,19:00:00,16.59
Comox,2025-08-21,19:10:00,16.47
Comox,2025-08-21,19:20:00,16.48
Comox,2025-08-21,19:30:00,16.49
Comox,2025-08-21,19:40:00,16.37
Comox,2025-08-21,19:50:00,16.3
Comox,2025-08-21,20:00:00,16.17
Comox,2025-08-21,20:10:00,16.13
Comox,2025-08-21,20:20:00,16.11
Comox,2025-08-21,20:30:00,16.12
Comox,2025-08-21,20:40:00,16.15
Comox,2025-08-21,20:50:00,16.28
Comox,2025-08-21,21:00:00,16.28
Comox,2025-08-21,21:10:00,16.24
Comox,2025-08-21,21:20:00,16.21
Comox,2025-08-21,21:30:00,16.25
Comox,2025-08-21,21:40:00,16.28
Comox,2025-08-21,21:50:00,16.26
Comox,2025-08-21,22:00:00,16.26
Comox,2025-08-21,22:10:00,16.26
Comox,2025-08-21,22:20:00,16.29
Comox,2025-08-21,22:30:00,16.26
Comox,2025-08-21,22:40:00,16.26
Comox,2025-08-21,22:50:00,16.26
Comox,2025-08-21,23:00:00,16.26
Comox,2025-08-21,23:10:00,16.28
Comox,2025-08-21,23:20:00,16.28
Comox,2025-08-21,23:30:00,16.28
Comox,2025-08-21,23:40:00,16.31
Comox,2025-08-21,23:50:00,16.31
Comox,2025-08-22,0:00:00,16.29
Comox,2025-08-22,0:10:00,16.31
Comox,2025-08-22,0:20:00,16.28
Comox,2025-08-22,0:30:00,16.32
Comox,2025-08-22,0:40:00,16.32
Comox,2025-08-22,0:50:00,16.37
Comox,2025-08-22,1:00:00,16.36
Comox,2025-08-22,1:10:00,16.34
Comox,2025-08-22,1:20:00,16.34
Comox,2025-08-22,1:30:00,16.3
Comox,2025-08-22,1:40:00,16.27
Comox,2025-08-22,1:50:00,16.16
Comox,2025-08-22,2:00:00,16.17
Comox,2025-08-22,2:10:00,16.14
Comox,2025-08-22,2:20:00,16.2
Comox,2025-08-22,2:30:00,16.18
Comox,2025-08-22,2:40:00,16.14
Comox,2025-08-22,2:50:00,16.17
Comox,2025-08-22,3:00:00,16.2
Comox,2025-08-22,3:10:00,16.2
Comox,2025-08-22,3:20:00,16.21
Comox,2025-08-22,3:30:00,16.22
Comox,2025-08-22,3:40:00,16.18
Comox,2025-08-22,3:50:00,16.12
Comox,2025-08-22,4:00:00,16.15
Comox,2025-08-22,4:10:00,15.95
Comox,2025-08-22,4:20:00,16.02
Comox,2025-08-22,4:30:00,15.76
Comox,2025-08-22,4:40:00,15.8
Comox,2025-08-22,4:50:00,15.93
Comox,2025-08-22,5:00:00,16.35
Comox,2025-08-22,5:10:00,16.5
Comox,2025-08-22,5:20:00,16.45
Comox,2025-08-22,5:30:00,16.39
Comox,2025-08-22,5:40:00,16.31
Comox,2025-08-22,5:50:00,16.05
Comox,2025-08-22,6:00:00,15.87
Comox,2025-08-22,6:10:00,15.82
Comox,2025-08-22,6:20:00,15.91
Comox,2025-08-22,6:30:00,15.84
Comox,2025-08-22,6:40:00,15.73
Comox,2025-08-22,6:50:00,15.72
Comox,2025-08-22,7:00:00,15.8
Comox,2025-08-22,7:10:00,15.84
Comox,2025-08-22,7:20:00,15.84
Comox,2025-08-22,7:30:00,15.91
Comox,2025-08-22,7:40:00,15.92
Comox,2025-08-22,7:50:00,15.98
Comox,2025-08-22,8:00:00,16.06
Comox,2025-08-22,8:10:00,16.08
Comox,2025-08-22,8:20:00,16.17
Comox,2025-08-22,8:30:00,16.25
Comox,2025-08-22,8:40:00,16.26
Comox,2025-08-22,8:50:00,16.27
Comox,2025-08-22,9:00:00,16.17
Comox,2025-08-22,9:10:00,16.18
Comox,2025-08-22,9:20:00,16.08
Comox,2025-08-22,9:30:00,16.15
Comox,2025-08-22,9:40:00,16.14
Comox,2025-08-22,9:50:00,16.17
Comox,2025-08-22,10:00:00,16.26
Comox,2025-08-22,10:10:00,16.31
Comox,2025-08-22,10:20:00,16.41
Comox,2025-08-22,10:30:00,16.44
Comox,2025-08-22,10:40:00,16.42
Comox,2025-08-22,10:50:00,16.41
Comox,2025-08-22,11:00:00,16.51
Comox,2025-08-22,11:10:00,16.63
Comox,2025-08-22,11:20:00,16.63
Comox,2025-08-22,11:30:00,16.67
Comox,2025-08-22,11:40:00,16.65
Comox,2025-08-22,11:50:00,16.67
Comox,2025-08-22,12:00:00,16.66
Comox,2025-08-22,12:10:00,16.67
Comox,2025-08-22,12:20:00,16.71
Comox,2025-08-22,12:30:00,16.71
Comox,2025-08-22,12:40:00,16.64
Comox,2025-08-22,12:50:00,16.74
Comox,2025-08-22,13:00:00,16.84
Comox,2025-08-22,13:10:00,16.8
Comox,2025-08-22,13:20:00,16.85
Comox,2025-08-22,13:30:00,16.77
Comox,2025-08-22,13:40:00,16.84
Comox,2025-08-22,13:50:00,16.99
Comox,2025-08-22,14:00:00,16.91
Comox,2025-08-22,14:10:00,16.82
Comox,2025-08-22,14:20:00,17.07
Comox,2025-08-22,14:30:00,17.02
Comox,2025-08-22,14:40:00,17.04
Comox,2025-08-22,14:50:00,17.07
Comox,2025-08-22,15:00:00,17.07
Comox,2025-08-22,15:10:00,17.06
Comox,2025-08-22,15:20:00,17.07
Comox,2025-08-22,15:30:00,17.32
Comox,2025-08-22,15:40:00,17.28
Comox,2025-08-22,15:50:00,17.48
Comox,2025-08-22,16:00:00,17.64
Comox,2025-08-22,16:10:00,17.7
Comox,2025-08-22,16:20:00,17.6
Comox,2025-08-22,16:30:00,17.78
Comox,2025-08-22,16:40:00,17.74
Comox,2025-08-22,16:50:00,17.67
Comox,2025-08-22,17:00:00,17.74
Comox,2025-08-22,17:10:00,17.62
Comox,2025-08-22,17:20:00,17.43
Comox,2025-08-22,17:30:00,17.44
Comox,2025-08-22,17:40:00,17.66
Comox,2025-08-22,17:50:00,17.72
Comox,2025-08-22,18:00:00,17.7
Comox,2025-08-22,18:10:00,17.73
Comox,2025-08-22,18:20:00,17.59
Comox,2025-08-22,18:30:00,17.59
Comox,2025-08-22,18:40:00,17.33
Comox,2025-08-22,18:50:00,17.48
Comox,2025-08-22,19:00:00,17.48
Comox,2025-08-22,19:10:00,17.43
Comox,2025-08-22,19:20:00,17.43
Comox,2025-08-22,19:30:00,17.38
Comox,2025-08-22,19:40:00,17.3
Comox,2025-08-22,19:50:00,17.32
Comox,2025-08-22,20:00:00,17.36
Comox,2025-08-22,20:10:00,17.35
Comox,2025-08-22,20:20:00,17.39
Comox,2025-08-22,20:30:00,17.39
Comox,2025-08-22,20:40:00,17.4
Comox,2025-08-22,20:50:00,17.39
Comox,2025-08-22,21:00:00,17.38
Comox,2025-08-22,21:10:00,17.3
Comox,2025-08-22,21:20:00,17.31
Comox,2025-08-22,21:30:00,17.31
Comox,2025-08-22,21:40:00,17.3
Comox,2025-08-22,21:50:00,17.32
Comox,2025-08-22,22:00:00,17.3
Comox,2025-08-22,22:10:00,17.33
Comox,2025-08-22,22:20:00,17.34
Comox,2025-08-22,22:30:00,17.34
Comox,2025-08-22,22:40:00,17.36
Comox,2025-08-22,22:50:00,17.34
Comox,2025-08-22,23:00:00,17.33
Comox,2025-08-22,23:10:00,17.33
Comox,2025-08-22,23:20:00,17.33
Comox,2025-08-22,23:30:00,17.29
Comox,2025-08-22,23:40:00,17.3
Comox,2025-08-22,23:50:00,17.31
Comox,2025-08-23,0:00:00,17.29
Comox,2025-08-23,0:10:00,17.32
Comox,2025-08-23,0:20:00,17.34
Comox,2025-08-23,0:30:00,17.32
Comox,2025-08-23,0:40:00,17.33
Comox,2025-08-23,0:50:00,17.3
Comox,2025-08-23,1:00:00,17.33
Comox,2025-08-23,1:10:00,17.31
Comox,2025-08-23,1:20:00,17.31
Comox,2025-08-23,1:30:00,17.3
Comox,2025-08-23,1:40:00,17.26
Comox,2025-08-23,1:50:00,17.22
Comox,2025-08-23,2:00:00,17.21
Comox,2025-08-23,2:10:00,17.19
Comox,2025-08-23,2:20:00,17.18
Comox,2025-08-23,2:30:00,17.18
Comox,2025-08-23,2:40:00,17.13
Comox,2025-08-23,2:50:00,17.14
Comox,2025-08-23,3:00:00,17.17
Comox,2025-08-23,3:10:00,17.13
Comox,2025-08-23,3:20:00,17.11
Comox,2025-08-23,3:30:00,17.04
Comox,2025-08-23,3:40:00,17.02
Comox,2025-08-23,3:50:00,17
Comox,2025-08-23,4:00:00,16.95
Comox,2025-08-23,4:10:00,16.93
Comox,2025-08-23,4:20:00,16.73
Comox,2025-08-23,4:30:00,16.74
Comox,2025-08-23,4:40:00,16.57
Comox,2025-08-23,4:50:00,16.71
Comox,2025-08-23,5:00:00,16.73
Comox,2025-08-23,5:10:00,16.73
Comox,2025-08-23,5:20:00,16.7
Comox,2025-08-23,5:30:00,16.7
Comox,2025-08-23,5:40:00,16.66
Comox,2025-08-23,5:50:00,16.6
Comox,2025-08-23,6:00:00,16.57
Comox,2025-08-23,6:10:00,16.56
Comox,2025-08-23,6:20:00,16.6
Comox,2025-08-23,6:30:00,16.6
Comox,2025-08-23,6:40:00,16.61
Comox,2025-08-23,6:50:00,16.59
Comox,2025-08-23,7:00:00,16.59
Comox,2025-08-23,7:10:00,16.52
Comox,2025-08-23,7:20:00,16.54
Comox,2025-08-23,7:30:00,16.64
Comox,2025-08-23,7:40:00,16.74
Comox,2025-08-23,7:50:00,16.8
Comox,2025-08-23,8:00:00,16.82
Comox,2025-08-23,8:10:00,16.74
Comox,2025-08-23,8:20:00,16.88
Comox,2025-08-23,8:30:00,16.99
Comox,2025-08-23,8:40:00,16.99
Comox,2025-08-23,8:50:00,17.02
Comox,2025-08-23,9:00:00,17
Comox,2025-08-23,9:10:00,17.01
Comox,2025-08-23,9:20:00,17.05
Comox,2025-08-23,9:30:00,17.07
Comox,2025-08-23,9:40:00,17.09
Comox,2025-08-23,9:50:00,17.07
Comox,2025-08-23,10:00:00,17.04
Comox,2025-08-23,10:10:00,17.05
Comox,2025-08-23,10:20:00,17.08
Comox,2025-08-23,10:30:00,17.24
Comox,2025-08-23,10:40:00,17.3
Comox,2025-08-23,10:50:00,17.5
Comox,2025-08-23,11:00:00,17.76
Comox,2025-08-23,11:10:00,17.97
Comox,2025-08-23,11:20:00,18.08
Comox,2025-08-23,11:30:00,18.23
Comox,2025-08-23,11:40:00,18.29
Comox,2025-08-23,11:50:00,18.37
Comox,2025-08-23,12:00:00,18.4
Comox,2025-08-23,12:10:00,18.34
Comox,2025-08-23,12:20:00,18.41
Comox,2025-08-23,12:30:00,18.43
Comox,2025-08-23,12:40:00,18.43
Comox,2025-08-23,12:50:00,18.52
Comox,2025-08-23,13:00:00,18.55
Comox,2025-08-23,13:10:00,18.65
Comox,2025-08-23,13:20:00,18.52
Comox,2025-08-23,13:30:00,18.57
Comox,2025-08-23,13:40:00,18.55
Comox,2025-08-23,13:50:00,18.61
Comox,2025-08-23,14:00:00,18.57
Comox,2025-08-23,14:10:00,18.63
Comox,2025-08-23,14:20:00,18.73
Comox,2025-08-23,14:30:00,18.87
Comox,2025-08-23,14:40:00,19.23
Comox,2025-08-23,14:50:00,19.18
Comox,2025-08-23,15:00:00,19.09
Comox,2025-08-23,15:10:00,18.77
Comox,2025-08-23,15:20:00,18.58
Comox,2025-08-23,15:30:00,18.57
Comox,2025-08-23,15:40:00,18.77
Comox,2025-08-23,15:50:00,18.58
Comox,2025-08-23,16:00:00,18.72
Comox,2025-08-23,16:10:00,19.32
Comox,2025-08-23,16:20:00,19.69
Comox,2025-08-23,16:30:00,19.4
Comox,2025-08-23,16:40:00,19.28
Comox,2025-08-23,16:50:00,19.42
Comox,2025-08-23,17:00:00,19.62
Comox,2025-08-23,17:10:00,19.67
Comox,2025-08-23,17:20:00,19.46
Comox,2025-08-23,17:30:00,19.72
Comox,2025-08-23,17:40:00,19.67
Comox,2025-08-23,17:50:00,19.67
Comox,2025-08-23,18:00:00,19.68
Comox,2025-08-23,18:10:00,19.52
Comox,2025-08-23,18:20:00,19.39
Comox,2025-08-23,18:30:00,19.57
Comox,2025-08-23,18:40:00,19.54
Comox,2025-08-23,18:50:00,19.38
Comox,2025-08-23,19:00:00,19.22
Comox,2025-08-23,19:10:00,19.03
Comox,2025-08-23,19:20:00,18.86
Comox,2025-08-23,19:30:00,18.74
Comox,2025-08-23,19:40:00,18.77
Comox,2025-08-23,19:50:00,18.81
Comox,2025-08-23,20:00:00,18.77
Comox,2025-08-23,20:10:00,18.74
Comox,2025-08-23,20:20:00,18.62
Comox,2025-08-23,20:30:00,18.51
Comox,2025-08-23,20:40:00,18.47
Comox,2025-08-23,20:50:00,18.41
Comox,2025-08-23,21:00:00,18.38
Comox,2025-08-23,21:10:00,18.27
Comox,2025-08-23,21:20:00,18.36
Comox,2025-08-23,21:30:00,18.33
Comox,2025-08-23,21:40:00,18.22
Comox,2025-08-23,21:50:00,18.21
Comox,2025-08-23,22:00:00,18.14
Comox,2025-08-23,22:10:00,18.09
Comox,2025-08-23,22:20:00,18.07
Comox,2025-08-23,22:30:00,18.06
Comox,2025-08-23,22:40:00,18.09
Comox,2025-08-23,22:50:00,18.11
Comox,2025-08-23,23:00:00,18.17
Comox,2025-08-23,23:10:00,18.15
Comox,2025-08-23,23:20:00,18.14
Comox,2025-08-23,23:30:00,18.12
Comox,2025-08-23,23:40:00,18.13
Comox,2025-08-23,23:50:00,18.12
Comox,2025-08-24,0:00:00,18.1
Comox,2025-08-24,0:10:00,18.09
Comox,2025-08-24,0:20:00,18.09
Comox,2025-08-24,0:30:00,18.15
Comox,2025-08-24,0:40:00,18.24
Comox,2025-08-24,0:50:00,18.21
Comox,2025-08-24,1:00:00,18.18
Comox,2025-08-24,1:10:00,18.12
Comox,2025-08-24,1:20:00,18.09
Comox,2025-08-24,1:30:00,18.07
Comox,2025-08-24,1:40:00,18.02
Comox,2025-08-24,1:50:00,18
Comox,2025-08-24,2:00:00,17.97
Comox,2025-08-24,2:10:00,17.95
Comox,2025-08-24,2:20:00,17.97
Comox,2025-08-24,2:30:00,17.9
Comox,2025-08-24,2:40:00,17.89
Comox,2025-08-24,2:50:00,17.83
Comox,2025-08-24,3:00:00,17.8
Comox,2025-08-24,3:10:00,17.81
Comox,2025-08-24,3:20:00,17.78
Comox,2025-08-24,3:30:00,17.7
Comox,2025-08-24,3:40:00,17.68
Comox,2025-08-24,3:50:00,17.68
Comox,2025-08-24,4:00:00,17.66
Comox,2025-08-24,4:10:00,17.65
Comox,2025-08-24,4:20:00,17.59
Comox,2025-08-24,4:30:00,17.6
Comox,2025-08-24,4:40:00,17.64
Comox,2025-08-24,4:50:00,17.66
Comox,2025-08-24,5:00:00,17.66
Comox,2025-08-24,5:10:00,17.66
Comox,2025-08-24,5:20:00,17.63
Comox,2025-08-24,5:30:00,17.54
Comox,2025-08-24,5:40:00,17.54
Comox,2025-08-24,5:50:00,17.34
Comox,2025-08-24,6:00:00,17.48
Comox,2025-08-24,6:10:00,17.38
Comox,2025-08-24,6:20:00,17.35
Comox,2025-08-24,6:30:00,17.18
Comox,2025-08-24,6:40:00,17.11
Comox,2025-08-24,6:50:00,17.05
Comox,2025-08-24,7:00:00,17.07
Comox,2025-08-24,7:10:00,17.07
Comox,2025-08-24,7:20:00,17.11
Comox,2025-08-24,7:30:00,17.13
Comox,2025-08-24,7:40:00,17.03
Comox,2025-08-24,7:50:00,17.14
Comox,2025-08-24,8:00:00,17.25
Comox,2025-08-24,8:10:00,17.37
Comox,2025-08-24,8:20:00,17.34
Comox,2025-08-24,8:30:00,17.37
Comox,2025-08-24,8:40:00,17.34
Comox,2025-08-24,8:50:00,17.35
Comox,2025-08-24,9:00:00,17.4
Comox,2025-08-24,9:10:00,17.43
Comox,2025-08-24,9:20:00,17.37
Comox,2025-08-24,9:30:00,17.43
Comox,2025-08-24,9:40:00,17.48
Comox,2025-08-24,9:50:00,17.48
Comox,2025-08-24,10:00:00,17.51
Comox,2025-08-24,10:10:00,17.5
Comox,2025-08-24,10:20:00,17.48
Comox,2025-08-24,10:30:00,17.53
Comox,2025-08-24,10:40:00,17.5
Comox,2025-08-24,10:50:00,17.52
Comox,2025-08-24,11:00:00,17.54
Comox,2025-08-24,11:10:00,17.55
Comox,2025-08-24,11:20:00,17.65
Comox,2025-08-24,11:30:00,17.76
Comox,2025-08-24,11:40:00,17.89
Comox,2025-08-24,11:50:00,18
Comox,2025-08-24,12:00:00,18.47
Comox,2025-08-24,12:10:00,18.91
Comox,2025-08-24,12:20:00,18.99
Comox,2025-08-24,12:30:00,18.88
Comox,2025-08-24,12:40:00,19.08
Comox,2025-08-24,12:50:00,19.2
Comox,2025-08-24,13:00:00,19.31
Comox,2025-08-24,13:10:00,19.36
Comox,2025-08-24,13:20:00,19.37
Comox,2025-08-24,13:30:00,19.42
Comox,2025-08-24,13:40:00,19.58
Comox,2025-08-24,13:50:00,19.55
Comox,2025-08-24,14:00:00,19.58
Comox,2025-08-24,14:10:00,19.59
Comox,2025-08-24,14:20:00,19.55
Comox,2025-08-24,14:30:00,19.53
Comox,2025-08-24,14:40:00,19.54
Comox,2025-08-24,14:50:00,19.54
Comox,2025-08-24,15:00:00,19.6
Comox,2025-08-24,15:10:00,19.61
Comox,2025-08-24,15:20:00,19.59
Comox,2025-08-24,15:30:00,19.57
Comox,2025-08-24,15:40:00,19.42
Comox,2025-08-24,15:50:00,19.25
Comox,2025-08-24,16:00:00,19.26
Comox,2025-08-24,16:10:00,19.17
Comox,2025-08-24,16:20:00,19.2
Comox,2025-08-24,16:30:00,19.12
Comox,2025-08-24,16:40:00,19.06
Comox,2025-08-24,16:50:00,18.88
Comox,2025-08-24,17:00:00,18.7
Comox,2025-08-24,17:10:00,18.48
Comox,2025-08-24,17:20:00,18.58
Comox,2025-08-24,17:30:00,18.91
Comox,2025-08-24,17:40:00,19.15
Comox,2025-08-24,17:50:00,19.2
Comox,2025-08-24,18:00:00,19.29
Comox,2025-08-24,18:10:00,19.08
Comox,2025-08-24,18:20:00,19.24
Comox,2025-08-24,18:30:00,19.58
Comox,2025-08-24,18:40:00,19.43
Comox,2025-08-24,18:50:00,19.55
Comox,2025-08-24,19:00:00,19.41
Comox,2025-08-24,19:10:00,19.45
Comox,2025-08-24,19:20:00,19.65
Comox,2025-08-24,19:30:00,19.59
Comox,2025-08-24,19:40:00,19.76
Comox,2025-08-24,19:50:00,19.85
Comox,2025-08-24,20:00:00,19.83
Comox,2025-08-24,20:10:00,19.84
Comox,2025-08-24,20:20:00,19.8
Comox,2025-08-24,20:30:00,19.74
Comox,2025-08-24,20:40:00,19.69
Comox,2025-08-24,20:50:00,19.66
Comox,2025-08-24,21:00:00,19.63
Comox,2025-08-24,21:10:00,19.54
Comox,2025-08-24,21:20:00,19.52
Comox,2025-08-24,21:30:00,19.43
Comox,2025-08-24,21:40:00,19.38
Comox,2025-08-24,21:50:00,19.25
Comox,2025-08-24,22:00:00,19.16
Comox,2025-08-24,22:10:00,19.02
Comox,2025-08-24,22:20:00,18.88
Comox,2025-08-24,22:30:00,18.91
Comox,2025-08-24,22:40:00,19.09
Comox,2025-08-24,22:50:00,19.21
Comox,2025-08-24,23:00:00,19.18
Comox,2025-08-24,23:10:00,19.21
Comox,2025-08-24,23:20:00,19.17
Comox,2025-08-24,23:30:00,19.13
Comox,2025-08-24,23:40:00,19.12
Comox,2025-08-24,23:50:00,19.1
Comox,2025-08-25,0:00:00,19.1
Comox,2025-08-25,0:10:00,19.08
Comox,2025-08-25,0:20:00,19.01
Comox,2025-08-25,0:30:00,18.99
Comox,2025-08-25,0:40:00,19.01
Comox,2025-08-25,0:50:00,19.08
Comox,2025-08-25,1:00:00,19.1
Comox,2025-08-25,1:10:00,19.08
Comox,2025-08-25,1:20:00,19.12
Comox,2025-08-25,1:30:00,19.09
Comox,2025-08-25,1:40:00,19.04
Comox,2025-08-25,1:50:00,19
Comox,2025-08-25,2:00:00,19.01
Comox,2025-08-25,2:10:00,18.96
Comox,2025-08-25,2:20:00,18.91
Comox,2025-08-25,2:30:00,18.81
Comox,2025-08-25,2:40:00,18.66
Comox,2025-08-25,2:50:00,18.65
Comox,2025-08-25,3:00:00,18.61
Comox,2025-08-25,3:10:00,18.53
Comox,2025-08-25,3:20:00,18.69
Comox,2025-08-25,3:30:00,18.64
Comox,2025-08-25,3:40:00,18.62
Comox,2025-08-25,3:50:00,18.56
Comox,2025-08-25,4:00:00,18.47
Comox,2025-08-25,4:10:00,18.43
Comox,2025-08-25,4:20:00,18.37
Comox,2025-08-25,4:30:00,18.35
Comox,2025-08-25,4:40:00,18.27
Comox,2025-08-25,4:50:00,18.2
Comox,2025-08-25,5:00:00,18.02
Comox,2025-08-25,5:10:00,18.03
Comox,2025-08-25,5:20:00,18.11
Comox,2025-08-25,5:30:00,17.97
Comox,2025-08-25,5:40:00,17.82
Comox,2025-08-25,5:50:00,17.75
Comox,2025-08-25,6:00:00,17.84
Comox,2025-08-25,6:10:00,17.79
Comox,2025-08-25,6:20:00,17.78
Comox,2025-08-25,6:30:00,17.82
Comox,2025-08-25,6:40:00,17.77
Comox,2025-08-25,6:50:00,17.82
Comox,2025-08-25,7:00:00,17.78
Comox,2025-08-25,7:10:00,17.79
Comox,2025-08-25,7:20:00,17.72
Comox,2025-08-25,7:30:00,17.64
Comox,2025-08-25,7:40:00,17.7
Comox,2025-08-25,7:50:00,17.63
Comox,2025-08-25,8:00:00,17.53
Comox,2025-08-25,8:10:00,17.46
Comox,2025-08-25,8:20:00,17.47
Comox,2025-08-25,8:30:00,17.35
Comox,2025-08-25,8:40:00,17.26
Comox,2025-08-25,8:50:00,17.22
Comox,2025-08-25,9:00:00,17.23
Comox,2025-08-25,9:10:00,17.18
Comox,2025-08-25,9:20:00,17.24
Comox,2025-08-25,9:30:00,17.3
Comox,2025-08-25,9:40:00,17.29
Comox,2025-08-25,9:50:00,17.33
Comox,2025-08-25,10:00:00,17.36
Comox,2025-08-25,10:10:00,17.34
Comox,2025-08-25,10:20:00,17.44
Comox,2025-08-25,10:30:00,17.48
Comox,2025-08-25,10:40:00,17.5
Comox,2025-08-25,10:50:00,17.65
Comox,2025-08-25,11:00:00,17.76
Comox,2025-08-25,11:10:00,17.78
Comox,2025-08-25,11:20:00,17.82
Comox,2025-08-25,11:30:00,17.83
Comox,2025-08-25,11:40:00,17.9
Comox,2025-08-25,11:50:00,17.9
Comox,2025-08-25,12:00:00,17.94
Comox,2025-08-25,12:10:00,18.12
Comox,2025-08-25,12:20:00,18.14
Comox,2025-08-25,12:30:00,18.08
Comox,2025-08-25,12:40:00,18.15
Comox,2025-08-25,12:50:00,18.4
Comox,2025-08-25,13:00:00,18.49
Comox,2025-08-25,13:10:00,18.66
Comox,2025-08-25,13:20:00,18.89
Comox,2025-08-25,13:30:00,18.99
Comox,2025-08-25,13:40:00,19.35
Comox,2025-08-25,13:50:00,19.79
Comox,2025-08-25,14:00:00,20.07
Comox,2025-08-25,14:10:00,20.15
Comox,2025-08-25,14:20:00,20.16
Comox,2025-08-25,14:30:00,20.44
Comox,2025-08-25,14:40:00,20.49
Comox,2025-08-25,14:50:00,20.43
Comox,2025-08-25,15:00:00,20.31
Comox,2025-08-25,15:10:00,20.35
Comox,2025-08-25,15:20:00,20.17
Comox,2025-08-25,15:30:00,20.05
Comox,2025-08-25,15:40:00,19.84
Comox,2025-08-25,15:50:00,19.58
Comox,2025-08-25,16:00:00,19.53
Comox,2025-08-25,16:10:00,19.44
Comox,2025-08-25,16:20:00,19.38
Comox,2025-08-25,16:30:00,19.36
Comox,2025-08-25,16:40:00,19.32
Comox,2025-08-25,16:50:00,19.28
Comox,2025-08-25,17:00:00,19.3
Comox,2025-08-25,17:10:00,19.23
Comox,2025-08-25,17:20:00,19.15
Comox,2025-08-25,17:30:00,19.22
Comox,2025-08-25,17:40:00,19.27
Comox,2025-08-25,17:50:00,19.18
Comox,2025-08-25,18:00:00,19.26
Comox,2025-08-25,18:10:00,19.37
Comox,2025-08-25,18:20:00,19.45
Comox,2025-08-25,18:30:00,19.52
Comox,2025-08-25,18:40:00,19.33
Comox,2025-08-25,18:50:00,19.65
Comox,2025-08-25,19:00:00,19.55
Comox,2025-08-25,19:10:00,19.75
Comox,2025-08-25,19:20:00,19.61
Comox,2025-08-25,19:30:00,19.77
Comox,2025-08-25,19:40:00,19.94
Comox,2025-08-25,19:50:00,19.83
Comox,2025-08-25,20:00:00,20.05
Comox,2025-08-25,20:10:00,20.18
Comox,2025-08-25,20:20:00,20.03
Comox,2025-08-25,20:30:00,19.92
Comox,2025-08-25,20:40:00,19.94
Comox,2025-08-25,20:50:00,19.98
Comox,2025-08-25,21:00:00,20.02
Comox,2025-08-25,21:10:00,19.96
Comox,2025-08-25,21:20:00,19.83
Comox,2025-08-25,21:30:00,19.76
Comox,2025-08-25,21:40:00,19.57
Comox,2025-08-25,21:50:00,19.63
Comox,2025-08-25,22:00:00,19.58
Comox,2025-08-25,22:10:00,19.45
Comox,2025-08-25,22:20:00,19.38
Comox,2025-08-25,22:30:00,19.36
Comox,2025-08-25,22:40:00,19.3
Comox,2025-08-25,22:50:00,19.37
Comox,2025-08-25,23:00:00,19.48
Comox,2025-08-25,23:10:00,19.57
Comox,2025-08-25,23:20:00,19.55
Comox,2025-08-25,23:30:00,19.53
Comox,2025-08-25,23:40:00,19.48
Comox,2025-08-25,23:50:00,19.46
Comox,2025-08-26,0:00:00,19.51
Comox,2025-08-26,0:10:00,19.48
Comox,2025-08-26,0:20:00,19.45
Comox,2025-08-26,0:30:00,19.42
Comox,2025-08-26,0:40:00,19.38
Comox,2025-08-26,0:50:00,19.32
Comox,2025-08-26,1:00:00,19.31
Comox,2025-08-26,1:10:00,19.37
Comox,2025-08-26,1:20:00,19.35
Comox,2025-08-26,1:30:00,19.3
Comox,2025-08-26,1:40:00,19.25
Comox,2025-08-26,1:50:00,19.25
Comox,2025-08-26,2:00:00,19.4
Comox,2025-08-26,2:10:00,19.44
Comox,2025-08-26,2:20:00,19.39
Comox,2025-08-26,2:30:00,19.32
Comox,2025-08-26,2:40:00,19.25
Comox,2025-08-26,2:50:00,19.22
Comox,2025-08-26,3:00:00,19.17
Comox,2025-08-26,3:10:00,19.09
Comox,2025-08-26,3:20:00,19.15
Comox,2025-08-26,3:30:00,19.15
Comox,2025-08-26,3:40:00,19.12
Comox,2025-08-26,3:50:00,19.14
Comox,2025-08-26,4:00:00,19.08
Comox,2025-08-26,4:10:00,19.08
Comox,2025-08-26,4:20:00,19.07
Comox,2025-08-26,4:30:00,19.1
Comox,2025-08-26,4:40:00,19.08
Comox,2025-08-26,4:50:00,19.03
Comox,2025-08-26,5:00:00,19.01
Comox,2025-08-26,5:10:00,19.01
Comox,2025-08-26,5:20:00,18.94
Comox,2025-08-26,5:30:00,18.85
Comox,2025-08-26,5:40:00,18.73
Comox,2025-08-26,5:50:00,18.65
Comox,2025-08-26,6:00:00,18.62
Comox,2025-08-26,6:10:00,18.55
Comox,2025-08-26,6:20:00,18.57
Comox,2025-08-26,6:30:00,18.53
Comox,2025-08-26,6:40:00,18.48
Comox,2025-08-26,6:50:00,18.37
Comox,2025-08-26,7:00:00,18.14
Comox,2025-08-26,7:10:00,18.09
Comox,2025-08-26,7:20:00,18.05
Comox,2025-08-26,7:30:00,18.15
Comox,2025-08-26,7:40:00,18.24
Comox,2025-08-26,7:50:00,18.27
Comox,2025-08-26,8:00:00,18.25
Comox,2025-08-26,8:10:00,18.24
Comox,2025-08-26,8:20:00,18.23
Comox,2025-08-26,8:30:00,17.95
Comox,2025-08-26,8:40:00,18.08
Comox,2025-08-26,8:50:00,18.08
Comox,2025-08-26,9:00:00,18.1
Comox,2025-08-26,9:10:00,18.09
Comox,2025-08-26,9:20:00,18.12
Comox,2025-08-26,9:30:00,18.04
Comox,2025-08-26,9:40:00,17.81
Comox,2025-08-26,9:50:00,17.55
Comox,2025-08-26,10:00:00,17.63
Comox,2025-08-26,10:10:00,17.62
Comox,2025-08-26,10:20:00,17.69
Comox,2025-08-26,10:30:00,17.69
Comox,2025-08-26,10:40:00,17.72
Comox,2025-08-26,10:50:00,17.85
Comox,2025-08-26,11:00:00,17.84
Comox,2025-08-26,11:10:00,17.98
Comox,2025-08-26,11:20:00,17.98
Comox,2025-08-26,11:30:00,18.03
Comox,2025-08-26,11:40:00,18.07
Comox,2025-08-26,11:50:00,18.04
Comox,2025-08-26,12:00:00,18.02
Comox,2025-08-26,12:10:00,17.95
Comox,2025-08-26,12:20:00,18.07
Comox,2025-08-26,12:30:00,17.83
Comox,2025-08-26,12:40:00,17.98
Comox,2025-08-26,12:50:00,18.23
Comox,2025-08-26,13:00:00,18.37
Comox,2025-08-26,13:10:00,18.51
Comox,2025-08-26,13:20:00,18.54
Comox,2025-08-26,13:30:00,18.69
Comox,2025-08-26,13:40:00,18.72
Comox,2025-08-26,13:50:00,18.85
Comox,2025-08-26,14:00:00,18.85
Comox,2025-08-26,14:10:00,19.18
Comox,2025-08-26,14:20:00,19.3
Comox,2025-08-26,14:30:00,19.72
Comox,2025-08-26,14:40:00,20.01
Comox,2025-08-26,14:50:00,20.37
Comox,2025-08-26,15:00:00,20.56
Comox,2025-08-26,15:10:00,20.74
Comox,2025-08-26,15:20:00,20.87
Comox,2025-08-26,15:30:00,21
Comox,2025-08-26,15:40:00,20.91
Comox,2025-08-26,15:50:00,20.79
Comox,2025-08-26,16:00:00,20.76
Comox,2025-08-26,16:10:00,20.61
Comox,2025-08-26,16:20:00,20.56
Comox,2025-08-26,16:30:00,20.49
Comox,2025-08-26,16:40:00,20.24
Comox,2025-08-26,16:50:00,20.06
Comox,2025-08-26,17:00:00,20.14
Comox,2025-08-26,17:10:00,20.05
Comox,2025-08-26,17:20:00,20.04
Comox,2025-08-26,17:30:00,19.83
Comox,2025-08-26,17:40:00,19.89
Comox,2025-08-26,17:50:00,19.8
Comox,2025-08-26,18:00:00,19.73
Comox,2025-08-26,18:10:00,19.83
Comox,2025-08-26,18:20:00,19.88
Comox,2025-08-26,18:30:00,19.85
Comox,2025-08-26,18:40:00,19.82
Comox,2025-08-26,18:50:00,19.66
Comox,2025-08-26,19:00:00,19.6
Comox,2025-08-26,19:10:00,19.71
Comox,2025-08-26,19:20:00,19.88
Comox,2025-08-26,19:30:00,19.91
Comox,2025-08-26,19:40:00,19.9
Comox,2025-08-26,19:50:00,19.83
Comox,2025-08-26,20:00:00,19.99
Comox,2025-08-26,20:10:00,20.05
Comox,2025-08-26,20:20:00,20.07
Comox,2025-08-26,20:30:00,20.03
Comox,2025-08-26,20:40:00,20.06
Comox,2025-08-26,20:50:00,20
Comox,2025-08-26,21:00:00,19.96
Comox,2025-08-26,21:10:00,19.86
Comox,2025-08-26,21:20:00,19.89
Comox,2025-08-26,21:30:00,19.89
Comox,2025-08-26,21:40:00,19.95
Comox,2025-08-26,21:50:00,19.91
Comox,2025-08-26,22:00:00,19.94
Comox,2025-08-26,22:10:00,19.92
Comox,2025-08-26,22:20:00,19.94
Comox,2025-08-26,22:30:00,20.01
Comox,2025-08-26,22:40:00,20.07
Comox,2025-08-26,22:50:00,20.11
Comox,2025-08-26,23:00:00,20.1
Comox,2025-08-26,23:10:00,20.13
Comox,2025-08-26,23:20:00,20.09
Comox,2025-08-26,23:30:00,20.09
Comox,2025-08-26,23:40:00,20.07
Comox,2025-08-26,23:50:00,20.09
Comox,2025-08-27,0:00:00,20.09
Comox,2025-08-27,0:10:00,20.09
Comox,2025-08-27,0:20:00,20.1
Comox,2025-08-27,0:30:00,20.07
Comox,2025-08-27,0:40:00,20.07
Comox,2025-08-27,0:50:00,20.1
Comox,2025-08-27,1:00:00,20.1
Comox,2025-08-27,1:10:00,20.09
Comox,2025-08-27,1:20:00,20.02
Comox,2025-08-27,1:30:00,20.04
Comox,2025-08-27,1:40:00,20
Comox,2025-08-27,1:50:00,19.81
Comox,2025-08-27,2:00:00,19.79
Comox,2025-08-27,2:10:00,19.61
Comox,2025-08-27,2:20:00,19.6
Comox,2025-08-27,2:30:00,19.69
Comox,2025-08-27,2:40:00,19.58
Comox,2025-08-27,2:50:00,19.5
Comox,2025-08-27,3:00:00,19.51
Comox,2025-08-27,3:10:00,19.5
Comox,2025-08-27,3:20:00,19.5
Comox,2025-08-27,3:30:00,19.54
Comox,2025-08-27,3:40:00,19.55
Comox,2025-08-27,3:50:00,19.57
Comox,2025-08-27,4:00:00,19.57
Comox,2025-08-27,4:10:00,19.57
Comox,2025-08-27,4:20:00,19.6
Comox,2025-08-27,4:30:00,19.58
Comox,2025-08-27,4:40:00,19.53
Comox,2025-08-27,4:50:00,19.53
Comox,2025-08-27,5:00:00,19.56
Comox,2025-08-27,5:10:00,19.51
Comox,2025-08-27,5:20:00,19.44
Comox,2025-08-27,5:30:00,19.37
Comox,2025-08-27,5:40:00,19.29
Comox,2025-08-27,5:50:00,19.15
Comox,2025-08-27,6:00:00,19.11
Comox,2025-08-27,6:10:00,18.95
Comox,2025-08-27,6:20:00,18.83
Comox,2025-08-27,6:30:00,18.66
Comox,2025-08-27,6:40:00,18.68
Comox,2025-08-27,6:50:00,18.64
Comox,2025-08-27,7:00:00,18.61
Comox,2025-08-27,7:10:00,18.44
Comox,2025-08-27,7:20:00,18.33
Comox,2025-08-27,7:30:00,18.2
Comox,2025-08-27,7:40:00,18.24
Comox,2025-08-27,7:50:00,18.26
Comox,2025-08-27,8:00:00,18.09
Comox,2025-08-27,8:10:00,18.07
Comox,2025-08-27,8:20:00,18.05
Comox,2025-08-27,8:30:00,18.11
Comox,2025-08-27,8:40:00,18.05
Comox,2025-08-27,8:50:00,18.25
Comox,2025-08-27,9:00:00,18.25
Comox,2025-08-27,9:10:00,18.25
Comox,2025-08-27,9:20:00,18.21
Comox,2025-08-27,9:30:00,18.21
Comox,2025-08-27,9:40:00,18.18
Comox,2025-08-27,9:50:00,18.21
Comox,2025-08-27,10:00:00,18.21
Comox,2025-08-27,10:10:00,18.36
Comox,2025-08-27,10:20:00,18.21
Comox,2025-08-27,10:30:00,18.19
Comox,2025-08-27,10:40:00,18.11
Comox,2025-08-27,10:50:00,18.2
Comox,2025-08-27,11:00:00,18.14
Comox,2025-08-27,11:10:00,18.09
Comox,2025-08-27,11:20:00,18.18
Comox,2025-08-27,11:30:00,18.37
Comox,2025-08-27,11:40:00,18.43
Comox,2025-08-27,11:50:00,18.49
Comox,2025-08-27,12:00:00,18.47
Comox,2025-08-27,12:10:00,18.56
Comox,2025-08-27,12:20:00,18.54
Comox,2025-08-27,12:30:00,18.43
Comox,2025-08-27,12:40:00,18.48
Comox,2025-08-27,12:50:00,18.64
Comox,2025-08-27,13:00:00,18.82
Comox,2025-08-27,13:10:00,18.89
Comox,2025-08-27,13:20:00,19.03
Comox,2025-08-27,13:30:00,19.11
Comox,2025-08-27,13:40:00,19.15
Comox,2025-08-27,13:50:00,19.15
Comox,2025-08-27,14:00:00,19.22
Comox,2025-08-27,14:10:00,19.38
Comox,2025-08-27,14:20:00,19.52
Comox,2025-08-27,14:30:00,19.98
Comox,2025-08-27,14:40:00,20.36
Comox,2025-08-27,14:50:00,20.51
Comox,2025-08-27,15:00:00,20.5
Comox,2025-08-27,15:10:00,20.53
Comox,2025-08-27,15:20:00,20.54
Comox,2025-08-27,15:30:00,20.6
Comox,2025-08-27,15:40:00,20.57
Comox,2025-08-27,15:50:00,20.43
Comox,2025-08-27,16:00:00,20.48
Comox,2025-08-27,16:10:00,20.48
Comox,2025-08-27,16:20:00,20.45
Comox,2025-08-27,16:30:00,20.43
Comox,2025-08-27,16:40:00,20.48
Comox,2025-08-27,16:50:00,20.6
Comox,2025-08-27,17:00:00,20.75
Comox,2025-08-27,17:10:00,20.78
Comox,2025-08-27,17:20:00,20.75
Comox,2025-08-27,17:30:00,20.84
Comox,2025-08-27,17:40:00,20.58
Comox,2025-08-27,17:50:00,20.14
Comox,2025-08-27,18:00:00,19.89
Comox,2025-08-27,18:10:00,19.81
Comox,2025-08-27,18:20:00,19.82
Comox,2025-08-27,18:30:00,19.83
Comox,2025-08-27,18:40:00,19.88
Comox,2025-08-27,18:50:00,19.75
Comox,2025-08-27,19:00:00,19.84
Comox,2025-08-27,19:10:00,19.91
Comox,2025-08-27,19:20:00,19.92
Comox,2025-08-27,19:30:00,19.8
Comox,2025-08-27,19:40:00,19.72
Comox,2025-08-27,19:50:00,19.85
Comox,2025-08-27,20:00:00,19.89
Comox,2025-08-27,20:10:00,19.83
Comox,2025-08-27,20:20:00,19.84
Comox,2025-08-27,20:30:00,19.82
Comox,2025-08-27,20:40:00,19.85
Comox,2025-08-27,20:50:00,19.74
Comox,2025-08-27,21:00:00,19.82
Comox,2025-08-27,21:10:00,19.77
Comox,2025-08-27,21:20:00,19.73
Comox,2025-08-27,21:30:00,19.74
Comox,2025-08-27,21:40:00,19.81
Comox,2025-08-27,21:50:00,19.85
Comox,2025-08-27,22:00:00,19.86
Comox,2025-08-27,22:10:00,19.86
Comox,2025-08-27,22:20:00,19.8
Comox,2025-08-27,22:30:00,19.75
Comox,2025-08-27,22:40:00,19.74
Comox,2025-08-27,22:50:00,19.73
Comox,2025-08-27,23:00:00,19.72
Comox,2025-08-27,23:10:00,19.71
Comox,2025-08-27,23:20:00,19.72
Comox,2025-08-27,23:30:00,19.75
Comox,2025-08-27,23:40:00,19.72
Comox,2025-08-27,23:50:00,19.69
Comox,2025-08-28,0:00:00,19.65
Comox,2025-08-28,0:10:00,19.65
Comox,2025-08-28,0:20:00,19.65
Comox,2025-08-28,0:30:00,19.68
Comox,2025-08-28,0:40:00,19.69
Comox,2025-08-28,0:50:00,19.68
Comox,2025-08-28,1:00:00,19.69
Comox,2025-08-28,1:10:00,19.68
Comox,2025-08-28,1:20:00,19.68
Comox,2025-08-28,1:30:00,19.66
Comox,2025-08-28,1:40:00,19.66
Comox,2025-08-28,1:50:00,19.66
Comox,2025-08-28,2:00:00,19.63
Comox,2025-08-28,2:10:00,19.61
Comox,2025-08-28,2:20:00,19.66
Comox,2025-08-28,2:30:00,19.65
Comox,2025-08-28,2:40:00,19.63
Comox,2025-08-28,2:50:00,19.63
Comox,2025-08-28,3:00:00,19.65
Comox,2025-08-28,3:10:00,19.63
Comox,2025-08-28,3:20:00,19.63
Comox,2025-08-28,3:30:00,19.62
Comox,2025-08-28,3:40:00,19.66
Comox,2025-08-28,3:50:00,19.65
Comox,2025-08-28,4:00:00,19.63
Comox,2025-08-28,4:10:00,19.62
Comox,2025-08-28,4:20:00,19.65
Comox,2025-08-28,4:30:00,19.62
Comox,2025-08-28,4:40:00,19.61
Comox,2025-08-28,4:50:00,19.6
Comox,2025-08-28,5:00:00,19.59
Comox,2025-08-28,5:10:00,19.61
Comox,2025-08-28,5:20:00,19.59
Comox,2025-08-28,5:30:00,19.59
Comox,2025-08-28,5:40:00,19.57
Comox,2025-08-28,5:50:00,19.55
Comox,2025-08-28,6:00:00,19.55
Comox,2025-08-28,6:10:00,19.53
Comox,2025-08-28,6:20:00,19.42
Comox,2025-08-28,6:30:00,19.35
Comox,2025-08-28,6:40:00,19.26
Comox,2025-08-28,6:50:00,19.15
Comox,2025-08-28,7:00:00,19.07
Comox,2025-08-28,7:10:00,19.02
Comox,2025-08-28,7:20:00,19
Comox,2025-08-28,7:30:00,18.99
Comox,2025-08-28,7:40:00,18.97
Comox,2025-08-28,7:50:00,18.89
Comox,2025-08-28,8:00:00,18.82
Comox,2025-08-28,8:10:00,18.8
Comox,2025-08-28,8:20:00,18.74
Comox,2025-08-28,8:30:00,18.63
Comox,2025-08-28,8:40:00,18.69
Comox,2025-08-28,8:50:00,18.39
Comox,2025-08-28,9:00:00,18.63
Comox,2025-08-28,9:10:00,18.7
Comox,2025-08-28,9:20:00,18.83
Comox,2025-08-28,9:30:00,18.27
Comox,2025-08-28,9:40:00,18.55
Comox,2025-08-28,9:50:00,18.44
Comox,2025-08-28,10:00:00,18.65
Comox,2025-08-28,10:10:00,18.69
Comox,2025-08-28,10:20:00,18.4
Comox,2025-08-28,10:30:00,18.59
Comox,2025-08-28,10:40:00,18.58
Comox,2025-08-28,10:50:00,18.42
Comox,2025-08-28,11:00:00,18.46
Comox,2025-08-28,11:10:00,18.51
Comox,2025-08-28,11:20:00,18.54
Comox,2025-08-28,11:30:00,18.54
Comox,2025-08-28,11:40:00,18.71
Comox,2025-08-28,11:50:00,18.8
Comox,2025-08-28,12:00:00,18.74
Comox,2025-08-28,12:10:00,18.71
Comox,2025-08-28,12:20:00,18.76
Comox,2025-08-28,12:30:00,18.76
Comox,2025-08-28,12:40:00,18.81
Comox,2025-08-28,12:50:00,19.16
Comox,2025-08-28,13:00:00,19.17
Comox,2025-08-28,13:10:00,19.28
Comox,2025-08-28,13:20:00,19.5
Comox,2025-08-28,13:30:00,19.41
Comox,2025-08-28,13:40:00,19.39
Comox,2025-08-28,13:50:00,19.5
Comox,2025-08-28,14:00:00,19.59
Comox,2025-08-28,14:10:00,19.73
Comox,2025-08-28,14:20:00,19.79
Comox,2025-08-28,14:30:00,19.68
Comox,2025-08-28,14:40:00,19.6
Comox,2025-08-28,14:50:00,19.6
Comox,2025-08-28,15:00:00,19.71
Comox,2025-08-28,15:10:00,19.76
Comox,2025-08-28,15:20:00,19.86
Comox,2025-08-28,15:30:00,19.83
Comox,2025-08-28,15:40:00,19.84
Comox,2025-08-28,15:50:00,19.84
Comox,2025-08-28,16:00:00,19.81
Comox,2025-08-28,16:10:00,19.81
Comox,2025-08-28,16:20:00,19.75
Comox,2025-08-28,16:30:00,19.87
Comox,2025-08-28,16:40:00,19.96
Comox,2025-08-28,16:50:00,19.99
Comox,2025-08-28,17:00:00,20
Comox,2025-08-28,17:10:00,19.99
Comox,2025-08-28,17:20:00,19.95
Comox,2025-08-28,17:30:00,19.92
Comox,2025-08-28,17:40:00,20.07
Comox,2025-08-28,17:50:00,20.21
Comox,2025-08-28,18:00:00,20.35
Comox,2025-08-28,18:10:00,20.62
Comox,2025-08-28,18:20:00,20.66
Comox,2025-08-28,18:30:00,20.28
Comox,2025-08-28,18:40:00,20.12
Comox,2025-08-28,18:50:00,20
Comox,2025-08-28,19:00:00,20.05
Comox,2025-08-28,19:10:00,20.01
Comox,2025-08-28,19:20:00,20.05
Comox,2025-08-28,19:30:00,20.07
Comox,2025-08-28,19:40:00,20.19
Comox,2025-08-28,19:50:00,20.34
Comox,2025-08-28,20:00:00,20.37
Comox,2025-08-28,20:10:00,20.44
Comox,2025-08-28,20:20:00,20.56
Comox,2025-08-28,20:30:00,20.57
Comox,2025-08-28,20:40:00,20.58
Comox,2025-08-28,20:50:00,20.6
Comox,2025-08-28,21:00:00,20.66
Comox,2025-08-28,21:10:00,20.66
Comox,2025-08-28,21:20:00,20.62
Comox,2025-08-28,21:30:00,20.57
Comox,2025-08-28,21:40:00,20.43
Comox,2025-08-28,21:50:00,20.44
Comox,2025-08-28,22:00:00,20.42
Comox,2025-08-28,22:10:00,20.35
Comox,2025-08-28,22:20:00,20.27
Comox,2025-08-28,22:30:00,20.18
Comox,2025-08-28,22:40:00,20.02
Comox,2025-08-28,22:50:00,19.89
Comox,2025-08-28,23:00:00,19.81
Comox,2025-08-28,23:10:00,19.81
Comox,2025-08-28,23:20:00,19.81
Comox,2025-08-28,23:30:00,19.77
Comox,2025-08-28,23:40:00,19.7
Comox,2025-08-28,23:50:00,19.8
Comox,2025-08-29,0:00:00,19.74
Comox,2025-08-29,0:10:00,19.72
Comox,2025-08-29,0:20:00,19.72
Comox,2025-08-29,0:30:00,19.74
Comox,2025-08-29,0:40:00,19.73
Comox,2025-08-29,0:50:00,19.75
Comox,2025-08-29,1:00:00,19.74
Comox,2025-08-29,1:10:00,19.77
Comox,2025-08-29,1:20:00,19.76
Comox,2025-08-29,1:30:00,19.8
Comox,2025-08-29,1:40:00,19.77
Comox,2025-08-29,1:50:00,19.79
Comox,2025-08-29,2:00:00,19.8
Comox,2025-08-29,2:10:00,19.8
Comox,2025-08-29,2:20:00,19.82
Comox,2025-08-29,2:30:00,19.81
Comox,2025-08-29,2:40:00,19.81
Comox,2025-08-29,2:50:00,19.81
Comox,2025-08-29,3:00:00,19.79
Comox,2025-08-29,3:10:00,19.77
Comox,2025-08-29,3:20:00,19.82
Comox,2025-08-29,3:30:00,19.84
Comox,2025-08-29,3:40:00,19.85
Comox,2025-08-29,3:50:00,19.87
Comox,2025-08-29,4:00:00,19.81
Comox,2025-08-29,4:10:00,19.83
Comox,2025-08-29,4:20:00,19.83
Comox,2025-08-29,4:30:00,19.81
Comox,2025-08-29,4:40:00,19.75
Comox,2025-08-29,4:50:00,19.7
Comox,2025-08-29,5:00:00,19.7
Comox,2025-08-29,5:10:00,19.71
Comox,2025-08-29,5:20:00,19.7
Comox,2025-08-29,5:30:00,19.68
Comox,2025-08-29,5:40:00,19.67
Comox,2025-08-29,5:50:00,19.7
Comox,2025-08-29,6:00:00,19.63
Comox,2025-08-29,6:10:00,19.56
Comox,2025-08-29,6:20:00,19.55
Comox,2025-08-29,6:30:00,19.57
Comox,2025-08-29,6:40:00,19.51
Comox,2025-08-29,6:50:00,19.42
Comox,2025-08-29,7:00:00,19.38
Comox,2025-08-29,7:10:00,19.27
Comox,2025-08-29,7:20:00,19.18
Comox,2025-08-29,7:30:00,19.18
Comox,2025-08-29,7:40:00,19.16
Comox,2025-08-29,7:50:00,19.12
Comox,2025-08-29,8:00:00,19.04
Comox,2025-08-29,8:10:00,19.06
Comox,2025-08-29,8:20:00,19.04
Comox,2025-08-29,8:30:00,18.82
Comox,2025-08-29,8:40:00,18.63
Comox,2025-08-29,8:50:00,18.69
Comox,2025-08-29,9:00:00,18.74
Comox,2025-08-29,9:10:00,18.42
Comox,2025-08-29,9:20:00,18.72
Comox,2025-08-29,9:30:00,18.94
Comox,2025-08-29,9:40:00,18.81
Comox,2025-08-29,9:50:00,18.4
Comox,2025-08-29,10:00:00,18.06
Comox,2025-08-29,10:10:00,18.61
Comox,2025-08-29,10:20:00,18.09
Comox,2025-08-29,10:30:00,18.18
Comox,2025-08-29,10:40:00,18.07
Comox,2025-08-29,10:50:00,18.39
Comox,2025-08-29,11:00:00,18.46
Comox,2025-08-29,11:10:00,18.44
Comox,2025-08-29,11:20:00,18.48
Comox,2025-08-29,11:30:00,18.32
Comox,2025-08-29,11:40:00,18.4
Comox,2025-08-29,11:50:00,18.54
Comox,2025-08-29,12:00:00,18.43
Comox,2025-08-29,12:10:00,18.53
Comox,2025-08-29,12:20:00,18.57
Comox,2025-08-29,12:30:00,18.72
Comox,2025-08-29,12:40:00,18.81
Comox,2025-08-29,12:50:00,18.76
Comox,2025-08-29,13:00:00,18.77
Comox,2025-08-29,13:10:00,18.82
Comox,2025-08-29,13:20:00,19.01
Comox,2025-08-29,13:30:00,19.01
Comox,2025-08-29,13:40:00,19.13
Comox,2025-08-29,13:50:00,19.22
Comox,2025-08-29,14:00:00,19.32
Comox,2025-08-29,14:10:00,19.31
Comox,2025-08-29,14:20:00,19.25
Comox,2025-08-29,14:30:00,19.18
Comox,2025-08-29,14:40:00,19.14
Comox,2025-08-29,14:50:00,19.25
Comox,2025-08-29,15:00:00,19.3
Comox,2025-08-29,15:10:00,19.38
Comox,2025-08-29,15:20:00,19.54
Comox,2025-08-29,15:30:00,19.42
Comox,2025-08-29,15:40:00,19.31
Comox,2025-08-29,15:50:00,19.3
Comox,2025-08-29,16:00:00,19.29
Comox,2025-08-29,16:10:00,19.33
Comox,2025-08-29,16:20:00,19.38
Comox,2025-08-29,16:30:00,19.37
Comox,2025-08-29,16:40:00,19.43
Comox,2025-08-29,16:50:00,19.38
Comox,2025-08-29,17:00:00,19.45
Comox,2025-08-29,17:10:00,19.4
Comox,2025-08-29,17:20:00,19.38
Comox,2025-08-29,17:30:00,19.33
Comox,2025-08-29,17:40:00,19.29
Comox,2025-08-29,17:50:00,19.36
Comox,2025-08-29,18:00:00,19.3
Comox,2025-08-29,18:10:00,19.33
Comox,2025-08-29,18:20:00,19.35
Comox,2025-08-29,18:30:00,19.26
Comox,2025-08-29,18:40:00,19.3
Comox,2025-08-29,18:50:00,19.33
Comox,2025-08-29,19:00:00,19.3
Comox,2025-08-29,19:10:00,19.31
Comox,2025-08-29,19:20:00,19.32
Comox,2025-08-29,19:30:00,19.27
Comox,2025-08-29,19:40:00,19.3
Comox,2025-08-29,19:50:00,19.32
Comox,2025-08-29,20:00:00,19.32
Comox,2025-08-29,20:10:00,19.4
Comox,2025-08-29,20:20:00,19.36
Comox,2025-08-29,20:30:00,19.38
Comox,2025-08-29,20:40:00,19.51
Comox,2025-08-29,20:50:00,19.55
Comox,2025-08-29,21:00:00,19.57
Comox,2025-08-29,21:10:00,19.57
Comox,2025-08-29,21:20:00,19.61
Comox,2025-08-29,21:30:00,19.66
Comox,2025-08-29,21:40:00,19.73
Comox,2025-08-29,21:50:00,19.8
Comox,2025-08-29,22:00:00,19.85
Comox,2025-08-29,22:10:00,19.88
Comox,2025-08-29,22:20:00,19.96
Comox,2025-08-29,22:30:00,19.99
Comox,2025-08-29,22:40:00,20.05
Comox,2025-08-29,22:50:00,20.01
Comox,2025-08-29,23:00:00,20.01
Comox,2025-08-29,23:10:00,20.09
Comox,2025-08-29,23:20:00,20.16
Comox,2025-08-29,23:30:00,20.19
Comox,2025-08-29,23:40:00,20.2
Comox,2025-08-29,23:50:00,20.25
Comox,2025-08-30,0:00:00,20.26
Comox,2025-08-30,0:10:00,20.29
Comox,2025-08-30,0:20:00,20.34
Comox,2025-08-30,0:30:00,20.37
Comox,2025-08-30,0:40:00,20.42
Comox,2025-08-30,0:50:00,20.43
Comox,2025-08-30,1:00:00,20.43
Comox,2025-08-30,1:10:00,20.44
Comox,2025-08-30,1:20:00,20.42
Comox,2025-08-30,1:30:00,20.4
Comox,2025-08-30,1:40:00,20.4
Comox,2025-08-30,1:50:00,20.4
Comox,2025-08-30,2:00:00,20.36
Comox,2025-08-30,2:10:00,20.36
Comox,2025-08-30,2:20:00,20.33
Comox,2025-08-30,2:30:00,20.32
Comox,2025-08-30,2:40:00,20.32
Comox,2025-08-30,2:50:00,20.35
Comox,2025-08-30,3:00:00,20.34
Comox,2025-08-30,3:10:00,20.32
Comox,2025-08-30,3:20:00,20.29
Comox,2025-08-30,3:30:00,20.28
Comox,2025-08-30,3:40:00,20.3
Comox,2025-08-30,3:50:00,20.3
Comox,2025-08-30,4:00:00,20.3
Comox,2025-08-30,4:10:00,20.31
Comox,2025-08-30,4:20:00,20.29
Comox,2025-08-30,4:30:00,20.28
Comox,2025-08-30,4:40:00,20.26
Comox,2025-08-30,4:50:00,20.3
Comox,2025-08-30,5:00:00,20.3
Comox,2025-08-30,5:10:00,20.32
Comox,2025-08-30,5:20:00,20.29
Comox,2025-08-30,5:30:00,20.21
Comox,2025-08-30,5:40:00,20.16
Comox,2025-08-30,5:50:00,20.14
Comox,2025-08-30,6:00:00,20.11
Comox,2025-08-30,6:10:00,20.11
Comox,2025-08-30,6:20:00,20.04
Comox,2025-08-30,6:30:00,19.99
Comox,2025-08-30,6:40:00,19.97
Comox,2025-08-30,6:50:00,19.95
Comox,2025-08-30,7:00:00,19.72
Comox,2025-08-30,7:10:00,19.61
Comox,2025-08-30,7:20:00,19.63
Comox,2025-08-30,7:30:00,19.58
Comox,2025-08-30,7:40:00,19.56
Comox,2025-08-30,7:50:00,19.52
Comox,2025-08-30,8:00:00,19.36
Comox,2025-08-30,8:10:00,19.08
Comox,2025-08-30,8:20:00,18.97
Comox,2025-08-30,8:30:00,18.88
Comox,2025-08-30,8:40:00,18.77
Comox,2025-08-30,8:50:00,18.47
Comox,2025-08-30,9:00:00,18.61
Comox,2025-08-30,9:10:00,18.79
Comox,2025-08-30,9:20:00,19.15
Comox,2025-08-30,9:30:00,19.25
Comox,2025-08-30,9:40:00,18.87
Comox,2025-08-30,9:50:00,18.74
Comox,2025-08-30,10:00:00,18.77
Comox,2025-08-30,10:10:00,18.54
Comox,2025-08-30,10:20:00,18.54
Comox,2025-08-30,10:30:00,18.37
Comox,2025-08-30,10:40:00,18.14
Comox,2025-08-30,10:50:00,18.02
Comox,2025-08-30,11:00:00,18.06
Comox,2025-08-30,11:10:00,18.33
Comox,2025-08-30,11:20:00,18.23
Comox,2025-08-30,11:30:00,18.1
Comox,2025-08-30,11:40:00,17.94
Comox,2025-08-30,11:50:00,17.89
Comox,2025-08-30,12:00:00,18.05
Comox,2025-08-30,12:10:00,17.76
Comox,2025-08-30,12:20:00,18.14
Comox,2025-08-30,12:30:00,18.34
Comox,2025-08-30,12:40:00,18.06
Comox,2025-08-30,12:50:00,17.95
Comox,2025-08-30,13:00:00,17.97
Comox,2025-08-30,13:10:00,17.68
Comox,2025-08-30,13:20:00,17.6
Comox,2025-08-30,13:30:00,17.46
Comox,2025-08-30,13:40:00,17.36
Comox,2025-08-30,13:50:00,17.26
Comox,2025-08-30,14:00:00,17.25
Comox,2025-08-30,14:10:00,17.44
Comox,2025-08-30,14:20:00,17.84
Comox,2025-08-30,14:30:00,17.89
Comox,2025-08-30,14:40:00,17.87
Comox,2025-08-30,14:50:00,17.83
Comox,2025-08-30,15:00:00,17.84
Comox,2025-08-30,15:10:00,17.84
Comox,2025-08-30,15:20:00,17.75
Comox,2025-08-30,15:30:00,17.76
Comox,2025-08-30,15:40:00,17.8
Comox,2025-08-30,15:50:00,17.81
Comox,2025-08-30,16:00:00,18
Comox,2025-08-30,16:10:00,18.15
Comox,2025-08-30,16:20:00,18.15
Comox,2025-08-30,16:30:00,18.15
Comox,2025-08-30,16:40:00,18.21
Comox,2025-08-30,16:50:00,18.17
Comox,2025-08-30,17:00:00,18.13
Comox,2025-08-30,17:10:00,18.14
Comox,2025-08-30,17:20:00,18.15
Comox,2025-08-30,17:30:00,18.18
Comox,2025-08-30,17:40:00,18.18
Comox,2025-08-30,17:50:00,18.17
Comox,2025-08-30,18:00:00,18.24
Comox,2025-08-30,18:10:00,18.28
Comox,2025-08-30,18:20:00,18.34
Comox,2025-08-30,18:30:00,18.3
Comox,2025-08-30,18:40:00,18.29
Comox,2025-08-30,18:50:00,18.25
Comox,2025-08-30,19:00:00,18.26
Comox,2025-08-30,19:10:00,18.29
Comox,2025-08-30,19:20:00,18.3
Comox,2025-08-30,19:30:00,18.29
Comox,2025-08-30,19:40:00,18.27
Comox,2025-08-30,19:50:00,18.29
Comox,2025-08-30,20:00:00,18.28
Comox,2025-08-30,20:10:00,18.27
Comox,2025-08-30,20:20:00,18.29
Comox,2025-08-30,20:30:00,18.29
Comox,2025-08-30,20:40:00,18.29
Comox,2025-08-30,20:50:00,18.3
Comox,2025-08-30,21:00:00,18.3
Comox,2025-08-30,21:10:00,18.35
Comox,2025-08-30,21:20:00,18.37
Comox,2025-08-30,21:30:00,18.38
Comox,2025-08-30,21:40:00,18.42
Comox,2025-08-30,21:50:00,18.43
Comox,2025-08-30,22:00:00,18.44
Comox,2025-08-30,22:10:00,18.49
Comox,2025-08-30,22:20:00,18.58
Comox,2025-08-30,22:30:00,18.65
Comox,2025-08-30,22:40:00,18.72
Comox,2025-08-30,22:50:00,18.79
Comox,2025-08-30,23:00:00,18.8
Comox,2025-08-30,23:10:00,18.81
Comox,2025-08-30,23:20:00,18.82
Comox,2025-08-30,23:30:00,18.8
Comox,2025-08-30,23:40:00,18.77
Comox,2025-08-30,23:50:00,18.8
Comox,2025-08-31,0:00:00,18.83
Comox,2025-08-31,0:10:00,18.85
Comox,2025-08-31,0:20:00,18.87
Comox,2025-08-31,0:30:00,18.89
Comox,2025-08-31,0:40:00,18.86
Comox,2025-08-31,0:50:00,18.86
Comox,2025-08-31,1:00:00,18.86
Comox,2025-08-31,1:10:00,18.87
Comox,2025-08-31,1:20:00,18.87
Comox,2025-08-31,1:30:00,18.91
Comox,2025-08-31,1:40:00,18.92
Comox,2025-08-31,1:50:00,18.89
Comox,2025-08-31,2:00:00,18.91
Comox,2025-08-31,2:10:00,18.89
Comox,2025-08-31,2:20:00,18.88
Comox,2025-08-31,2:30:00,18.88
Comox,2025-08-31,2:40:00,18.87
Comox,2025-08-31,2:50:00,18.86
Comox,2025-08-31,3:00:00,18.85
Comox,2025-08-31,3:10:00,18.85
Comox,2025-08-31,3:20:00,18.84
Comox,2025-08-31,3:30:00,18.83
Comox,2025-08-31,3:40:00,18.83
Comox,2025-08-31,3:50:00,18.79
Comox,2025-08-31,4:00:00,18.83
Comox,2025-08-31,4:10:00,18.84
Comox,2025-08-31,4:20:00,18.83
Comox,2025-08-31,4:30:00,18.83
Comox,2025-08-31,4:40:00,18.85
Comox,2025-08-31,4:50:00,18.83
Comox,2025-08-31,5:00:00,18.82
Comox,2025-08-31,5:10:00,18.83
Comox,2025-08-31,5:20:00,18.83
Comox,2025-08-31,5:30:00,18.83
Comox,2025-08-31,5:40:00,18.83
Comox,2025-08-31,5:50:00,18.79
Comox,2025-08-31,6:00:00,18.79
Comox,2025-08-31,6:10:00,18.77
Comox,2025-08-31,6:20:00,18.64
Comox,2025-08-31,6:30:00,18.59
Comox,2025-08-31,6:40:00,18.54
Comox,2025-08-31,6:50:00,18.55
Comox,2025-08-31,7:00:00,18.56
Comox,2025-08-31,7:10:00,18.52
Comox,2025-08-31,7:20:00,18.57
Comox,2025-08-31,7:30:00,18.47
Comox,2025-08-31,7:40:00,18.46
Comox,2025-08-31,7:50:00,18.27
Comox,2025-08-31,8:00:00,18.2
Comox,2025-08-31,8:10:00,18.17
Comox,2025-08-31,8:20:00,18.2
Comox,2025-08-31,8:30:00,18.21
Comox,2025-08-31,8:40:00,18.24
Comox,2025-08-31,8:50:00,18.18
Comox,2025-08-31,9:00:00,18.13
Comox,2025-08-31,9:10:00,18.2
Comox,2025-08-31,9:20:00,18.04
Comox,2025-08-31,9:30:00,17.95
Comox,2025-08-31,9:40:00,17.88
Comox,2025-08-31,9:50:00,17.92
Comox,2025-08-31,10:00:00,17.7
Comox,2025-08-31,10:10:00,17.92
Comox,2025-08-31,10:20:00,17.97
Comox,2025-08-31,10:30:00,18.2
Comox,2025-08-31,10:40:00,18.14
Comox,2025-08-31,10:50:00,18.2
Comox,2025-08-31,11:00:00,18.22
Comox,2025-08-31,11:10:00,18.27
Comox,2025-08-31,11:20:00,18.18
Comox,2025-08-31,11:30:00,18.27
Comox,2025-08-31,11:40:00,18.27
Comox,2025-08-31,11:50:00,18.24
Comox,2025-08-31,12:00:00,18.21
Comox,2025-08-31,12:10:00,18.24
Comox,2025-08-31,12:20:00,18.14
Comox,2025-08-31,12:30:00,17.93
Comox,2025-08-31,12:40:00,17.78
Comox,2025-08-31,12:50:00,18.04
Comox,2025-08-31,13:00:00,17.99
Comox,2025-08-31,13:10:00,18.06
Comox,2025-08-31,13:20:00,18.04
Comox,2025-08-31,13:30:00,18.04
Comox,2025-08-31,13:40:00,18.04
Comox,2025-08-31,13:50:00,18.23
Comox,2025-08-31,14:00:00,18.49
Comox,2025-08-31,14:10:00,18.94
Comox,2025-08-31,14:20:00,18.63
Comox,2025-08-31,14:30:00,18.92
Comox,2025-08-31,14:40:00,18.79
Comox,2025-08-31,14:50:00,18.94
Comox,2025-08-31,15:00:00,19.02
Comox,2025-08-31,15:10:00,18.99
Comox,2025-08-31,15:20:00,18.99
Comox,2025-08-31,15:30:00,18.96
Comox,2025-08-31,15:40:00,18.95
Comox,2025-08-31,15:50:00,18.84
Comox,2025-08-31,16:00:00,18.79
Comox,2025-08-31,16:10:00,18.73
Comox,2025-08-31,16:20:00,18.76
Comox,2025-08-31,16:30:00,18.76
Comox,2025-08-31,16:40:00,18.4
Comox,2025-08-31,16:50:00,18.3
Comox,2025-08-31,17:00:00,18.51
Comox,2025-08-31,17:10:00,18.65
Comox,2025-08-31,17:20:00,18.67
Comox,2025-08-31,17:30:00,18.79
Comox,2025-08-31,17:40:00,18.85
Comox,2025-08-31,17:50:00,18.91
Comox,2025-08-31,18:00:00,18.94
Comox,2025-08-31,18:10:00,19.03
Comox,2025-08-31,18:20:00,19.03
Comox,2025-08-31,18:30:00,19.04
Comox,2025-08-31,18:40:00,19.08
Comox,2025-08-31,18:50:00,19.02
Comox,2025-08-31,19:00:00,19.11
Comox,2025-08-31,19:10:00,19.08
Comox,2025-08-31,19:20:00,19.07
Comox,2025-08-31,19:30:00,19.07
Comox,2025-08-31,19:40:00,19.08
Comox,2025-08-31,19:50:00,19.08
Comox,2025-08-31,20:00:00,19.07
Comox,2025-08-31,20:10:00,19.11
Comox,2025-08-31,20:20:00,19.11
Comox,2025-08-31,20:30:00,18.97
Comox,2025-08-31,20:40:00,19.07
Comox,2025-08-31,20:50:00,19.15
Comox,2025-08-31,21:00:00,19.12
Comox,2025-08-31,21:10:00,19.17
Comox,2025-08-31,21:20:00,19.26
Comox,2025-08-31,21:30:00,19.27
Comox,2025-08-31,21:40:00,19.28
Comox,2025-08-31,21:50:00,19.27
Comox,2025-08-31,22:00:00,19.27
Comox,2025-08-31,22:10:00,19.27
Comox,2025-08-31,22:20:00,19.32
Comox,2025-08-31,22:30:00,19.3
Comox,2025-08-31,22:40:00,19.3
Comox,2025-08-31,22:50:00,19.33
Comox,2025-08-31,23:00:00,19.4
Comox,2025-08-31,23:10:00,19.39
Comox,2025-08-31,23:20:00,19.4
Comox,2025-08-31,23:30:00,19.36
Comox,2025-08-31,23:40:00,19.31
Comox,2025-08-31,23:50:00,19.27
Comox,2025-09-01,0:00:00,19.29
Comox,2025-09-01,0:10:00,19.32
Comox,2025-09-01,0:20:00,19.32
Comox,2025-09-01,0:30:00,19.36
Comox,2025-09-01,0:40:00,19.33
Comox,2025-09-01,0:50:00,19.35
Comox,2025-09-01,1:00:00,19.29
Comox,2025-09-01,1:10:00,19.23
Comox,2025-09-01,1:20:00,18.84
Comox,2025-09-01,1:30:00,18.79
Comox,2025-09-01,1:40:00,18.8
Comox,2025-09-01,1:50:00,18.8
Comox,2025-09-01,2:00:00,18.84
Comox,2025-09-01,2:10:00,18.8
Comox,2025-09-01,2:20:00,18.76
Comox,2025-09-01,2:30:00,18.64
Comox,2025-09-01,2:40:00,18.58
Comox,2025-09-01,2:50:00,18.64
Comox,2025-09-01,3:00:00,18.65
Comox,2025-09-01,3:10:00,18.72
Comox,2025-09-01,3:20:00,18.78
Comox,2025-09-01,3:30:00,18.78
Comox,2025-09-01,3:40:00,18.8
Comox,2025-09-01,3:50:00,18.87
Comox,2025-09-01,4:00:00,18.85
Comox,2025-09-01,4:10:00,18.87
Comox,2025-09-01,4:20:00,18.91
Comox,2025-09-01,4:30:00,18.93
Comox,2025-09-01,4:40:00,18.91
Comox,2025-09-01,4:50:00,18.77
Comox,2025-09-01,5:00:00,18.78
Comox,2025-09-01,5:10:00,18.7
Comox,2025-09-01,5:20:00,18.8
Comox,2025-09-01,5:30:00,18.73
Comox,2025-09-01,5:40:00,18.77
Comox,2025-09-01,5:50:00,18.76
Comox,2025-09-01,6:00:00,18.78
Comox,2025-09-01,6:10:00,18.66
Comox,2025-09-01,6:20:00,18.59
Comox,2025-09-01,6:30:00,18.54
Comox,2025-09-01,6:40:00,18.5
Comox,2025-09-01,6:50:00,18.5
Comox,2025-09-01,7:00:00,18.51
Comox,2025-09-01,7:10:00,18.44
Comox,2025-09-01,7:20:00,18.46
Comox,2025-09-01,7:30:00,18.47
Comox,2025-09-01,7:40:00,18.38
Comox,2025-09-01,7:50:00,18.36
Comox,2025-09-01,8:00:00,18.42
Comox,2025-09-01,8:10:00,18.46
Comox,2025-09-01,8:20:00,18.52
Comox,2025-09-01,8:30:00,18.52
Comox,2025-09-01,8:40:00,18.57
Comox,2025-09-01,8:50:00,18.57
Comox,2025-09-01,9:00:00,18.61
Comox,2025-09-01,9:10:00,18.62
Comox,2025-09-01,9:20:00,18.66
Comox,2025-09-01,9:30:00,18.62
Comox,2025-09-01,9:40:00,18.52
Comox,2025-09-01,9:50:00,18.41
Comox,2025-09-01,10:00:00,18.39
Comox,2025-09-01,10:10:00,18.38
Comox,2025-09-01,10:20:00,18.37
Comox,2025-09-01,10:30:00,18.3
Comox,2025-09-01,10:40:00,18.47
Comox,2025-09-01,10:50:00,18.48
Comox,2025-09-01,11:00:00,18.46
Comox,2025-09-01,11:10:00,18.43
Comox,2025-09-01,11:20:00,18.42
Comox,2025-09-01,11:30:00,18.42
Comox,2025-09-01,11:40:00,18.44
Comox,2025-09-01,11:50:00,18.25