Site,Date,Time,Temperature_C
Heather Marina,2025-06-04,20:00:00,16.95
Heather Marina,2025-06-04,20:30:00,16.44
Heather Marina,2025-06-04,21:00:00,16.32
Heather Marina,2025-06-04,21:30:00,16.47
Heather Marina,2025-06-04,22:00:00,16.41
Heather Marina,2025-06-04,22:30:00,16.35
Heather Marina,2025-06-04,23:00:00,16.35
Heather Marina,2025-06-04,23:30:00,16.38
Heather Marina,2025-06-05,0:00:00,16.35
Heather Marina,2025-06-05,0:30:00,16.29
Heather Marina,2025-06-05,1:00:00,16.29
Heather Marina,2025-06-05,1:30:00,16.35
Heather Marina,2025-06-05,2:00:00,16.32
Heather Marina,2025-06-05,2:30:00,16.26
Heather Marina,2025-06-05,3:00:00,16.26
Heather Marina,2025-06-05,3:30:00,16.26
Heather Marina,2025-06-05,4:00:00,16.32
Heather Marina,2025-06-05,4:30:00,16.41
Heather Marina,2025-06-05,5:00:00,16.32
Heather Marina,2025-06-05,5:30:00,16.2
Heather Marina,2025-06-05,6:00:00,16.23
Heather Marina,2025-06-05,6:30:00,16.23
Heather Marina,2025-06-05,7:00:00,16.29
Heather Marina,2025-06-05,7:30:00,16.32
Heather Marina,2025-06-05,8:00:00,16.23
Heather Marina,2025-06-05,8:30:00,16.38
Heather Marina,2025-06-05,9:00:00,16.53
Heather Marina,2025-06-05,9:30:00,16.59
Heather Marina,2025-06-05,10:00:00,16.65
Heather Marina,2025-06-05,10:30:00,16.8
Heather Marina,2025-06-05,11:00:00,16.65
Heather Marina,2025-06-05,11:30:00,16.59
Heather Marina,2025-06-05,12:00:00,16.59
Heather Marina,2025-06-05,12:30:00,16.71
Heather Marina,2025-06-05,13:00:00,16.74
Heather Marina,2025-06-05,13:30:00,16.83
Heather Marina,2025-06-05,14:00:00,16.86
Heather Marina,2025-06-05,14:30:00,17.04
Heather Marina,2025-06-05,15:00:00,17.19
Heather Marina,2025-06-05,15:30:00,17.28
Heather Marina,2025-06-05,16:00:00,17.52
Heather Marina,2025-06-05,16:30:00,17.73
Heather Marina,2025-06-05,17:00:00,17.82
Heather Marina,2025-06-05,17:30:00,17.79
Heather Marina,2025-06-05,18:00:00,17.79
Heather Marina,2025-06-05,18:30:00,17.76
Heather Marina,2025-06-05,19:00:00,17.79
Heather Marina,2025-06-05,19:30:00,17.76
Heather Marina,2025-06-05,20:00:00,17.73
Heather Marina,2025-06-05,20:30:00,17.84
Heather Marina,2025-06-05,21:00:00,17.7
Heather Marina,2025-06-05,21:30:00,17.61
Heather Marina,2025-06-05,22:00:00,17.67
Heather Marina,2025-06-05,22:30:00,17.67
Heather Marina,2025-06-05,23:00:00,17.67
Heather Marina,2025-06-05,23:30:00,17.73
Heather Marina,2025-06-06,0:00:00,17.25
Heather Marina,2025-06-06,0:30:00,17.46
Heather Marina,2025-06-06,1:00:00,17.46
Heather Marina,2025-06-06,1:30:00,17.28
Heather Marina,2025-06-06,2:00:00,17.1
Heather Marina,2025-06-06,2:30:00,17.16
Heather Marina,2025-06-06,3:00:00,17.07
Heather Marina,2025-06-06,3:30:00,17.04
Heather Marina,2025-06-06,4:00:00,17.01
Heather Marina,2025-06-06,4:30:00,16.95
Heather Marina,2025-06-06,5:00:00,17.04
Heather Marina,2025-06-06,5:30:00,16.92
Heather Marina,2025-06-06,6:00:00,17.01
Heather Marina,2025-06-06,6:30:00,17.1
Heather Marina,2025-06-06,7:00:00,17.16
Heather Marina,2025-06-06,7:30:00,17.1
Heather Marina,2025-06-06,8:00:00,17.16
Heather Marina,2025-06-06,8:30:00,17.16
Heather Marina,2025-06-06,9:00:00,17.25
Heather Marina,2025-06-06,9:30:00,17.34
Heather Marina,2025-06-06,10:00:00,17.49
Heather Marina,2025-06-06,10:30:00,17.61
Heather Marina,2025-06-06,11:00:00,17.76
Heather Marina,2025-06-06,11:30:00,17.93
Heather Marina,2025-06-06,12:00:00,17.52
Heather Marina,2025-06-06,12:30:00,17.37
Heather Marina,2025-06-06,13:00:00,17.37
Heather Marina,2025-06-06,13:30:00,17.43
Heather Marina,2025-06-06,14:00:00,17.64
Heather Marina,2025-06-06,14:30:00,17.82
Heather Marina,2025-06-06,15:00:00,17.84
Heather Marina,2025-06-06,15:30:00,17.99
Heather Marina,2025-06-06,16:00:00,18.17
Heather Marina,2025-06-06,16:30:00,18.35
Heather Marina,2025-06-06,17:00:00,18.47
Heather Marina,2025-06-06,17:30:00,18.41
Heather Marina,2025-06-06,18:00:00,18.38
Heather Marina,2025-06-06,18:30:00,18.47
Heather Marina,2025-06-06,19:00:00,18.5
Heather Marina,2025-06-06,19:30:00,18.5
Heather Marina,2025-06-06,20:00:00,18.56
Heather Marina,2025-06-06,20:30:00,18.38
Heather Marina,2025-06-06,21:00:00,18.35
Heather Marina,2025-06-06,21:30:00,18.32
Heather Marina,2025-06-06,22:00:00,18.23
Heather Marina,2025-06-06,22:30:00,18.23
Heather Marina,2025-06-06,23:00:00,18.2
Heather Marina,2025-06-06,23:30:00,18.17
Heather Marina,2025-06-07,0:00:00,18.14
Heather Marina,2025-06-07,0:30:00,18.02
Heather Marina,2025-06-07,1:00:00,18.02
Heather Marina,2025-06-07,1:30:00,18.08
Heather Marina,2025-06-07,2:00:00,18.14
Heather Marina,2025-06-07,2:30:00,18.14
Heather Marina,2025-06-07,3:00:00,18.11
Heather Marina,2025-06-07,3:30:00,18.11
Heather Marina,2025-06-07,4:00:00,18.08
Heather Marina,2025-06-07,4:30:00,18.02
Heather Marina,2025-06-07,5:00:00,17.87
Heather Marina,2025-06-07,5:30:00,17.9
Heather Marina,2025-06-07,6:00:00,17.99
Heather Marina,2025-06-07,6:30:00,17.84
Heather Marina,2025-06-07,7:00:00,17.64
Heather Marina,2025-06-07,7:30:00,17.82
Heather Marina,2025-06-07,8:00:00,18.05
Heather Marina,2025-06-07,8:30:00,18.05
Heather Marina,2025-06-07,9:00:00,18.08
Heather Marina,2025-06-07,9:30:00,18.2
Heather Marina,2025-06-07,10:00:00,18.32
Heather Marina,2025-06-07,10:30:00,18.5
Heather Marina,2025-06-07,11:00:00,18.62
Heather Marina,2025-06-07,11:30:00,17.7
Heather Marina,2025-06-07,12:00:00,17.46
Heather Marina,2025-06-07,12:30:00,17.13
Heather Marina,2025-06-07,13:00:00,17.34
Heather Marina,2025-06-07,13:30:00,17.46
Heather Marina,2025-06-07,14:00:00,17.46
Heather Marina,2025-06-07,14:30:00,17.55
Heather Marina,2025-06-07,15:00:00,17.7
Heather Marina,2025-06-07,15:30:00,17.82
Heather Marina,2025-06-07,16:00:00,17.84
Heather Marina,2025-06-07,16:30:00,17.96
Heather Marina,2025-06-07,17:00:00,18.02
Heather Marina,2025-06-07,17:30:00,18.11
Heather Marina,2025-06-07,18:00:00,18.14
Heather Marina,2025-06-07,18:30:00,18.05
Heather Marina,2025-06-07,19:00:00,18.11
Heather Marina,2025-06-07,19:30:00,18.38
Heather Marina,2025-06-07,20:00:00,18.26
Heather Marina,2025-06-07,20:30:00,18.26
Heather Marina,2025-06-07,21:00:00,18.08
Heather Marina,2025-06-07,21:30:00,18.05
Heather Marina,2025-06-07,22:00:00,18.11
Heather Marina,2025-06-07,22:30:00,18.2
Heather Marina,2025-06-07,23:00:00,18.14
Heather Marina,2025-06-07,23:30:00,18.08
Heather Marina,2025-06-08,0:00:00,18.08
Heather Marina,2025-06-08,0:30:00,18.08
Heather Marina,2025-06-08,1:00:00,18.05
Heather Marina,2025-06-08,1:30:00,18.05
Heather Marina,2025-06-08,2:00:00,18.08
Heather Marina,2025-06-08,2:30:00,18.08
Heather Marina,2025-06-08,3:00:00,18.05
Heather Marina,2025-06-08,3:30:00,18.08
Heather Marina,2025-06-08,4:00:00,18.05
Heather Marina,2025-06-08,4:30:00,18.02
Heather Marina,2025-06-08,5:00:00,17.99
Heather Marina,2025-06-08,5:30:00,18.05
Heather Marina,2025-06-08,6:00:00,17.93
Heather Marina,2025-06-08,6:30:00,18.05
Heather Marina,2025-06-08,7:00:00,18.17
Heather Marina,2025-06-08,7:30:00,18.23
Heather Marina,2025-06-08,8:00:00,18.02
Heather Marina,2025-06-08,8:30:00,18.02
Heather Marina,2025-06-08,9:00:00,18.23
Heather Marina,2025-06-08,9:30:00,18.47
Heather Marina,2025-06-08,10:00:00,18.68
Heather Marina,2025-06-08,10:30:00,18.76
Heather Marina,2025-06-08,11:00:00,18.88
Heather Marina,2025-06-08,11:30:00,19.12
Heather Marina,2025-06-08,12:00:00,19.38
Heather Marina,2025-06-08,12:30:00,19.5
Heather Marina,2025-06-08,13:00:00,19.38
Heather Marina,2025-06-08,13:30:00,19.62
Heather Marina,2025-06-08,14:00:00,19.62
Heather Marina,2025-06-08,14:30:00,19.65
Heather Marina,2025-06-08,15:00:00,19.62
Heather Marina,2025-06-08,15:30:00,19.65
Heather Marina,2025-06-08,16:00:00,20.06
Heather Marina,2025-06-08,16:30:00,19.65
Heather Marina,2025-06-08,17:00:00,19.83
Heather Marina,2025-06-08,17:30:00,19.91
Heather Marina,2025-06-08,18:00:00,20.21
Heather Marina,2025-06-08,18:30:00,20.27
Heather Marina,2025-06-08,19:00:00,20.12
Heather Marina,2025-06-08,19:30:00,19.94
Heather Marina,2025-06-08,20:00:00,19.74
Heather Marina,2025-06-08,20:30:00,19.77
Heather Marina,2025-06-08,21:00:00,19.77
Heather Marina,2025-06-08,21:30:00,19.74
Heather Marina,2025-06-08,22:00:00,19.65
Heather Marina,2025-06-08,22:30:00,19.65
Heather Marina,2025-06-08,23:00:00,19.53
Heather Marina,2025-06-08,23:30:00,19.56
Heather Marina,2025-06-09,0:00:00,19.56
Heather Marina,2025-06-09,0:30:00,19.5
Heather Marina,2025-06-09,1:00:00,19.47
Heather Marina,2025-06-09,1:30:00,19.41
Heather Marina,2025-06-09,2:00:00,19.27
Heather Marina,2025-06-09,2:30:00,19.27
Heather Marina,2025-06-09,3:00:00,19.24
Heather Marina,2025-06-09,3:30:00,19.15
Heather Marina,2025-06-09,4:00:00,19.18
Heather Marina,2025-06-09,4:30:00,19.18
Heather Marina,2025-06-09,5:00:00,19.12
Heather Marina,2025-06-09,5:30:00,19.03
Heather Marina,2025-06-09,6:00:00,19.06
Heather Marina,2025-06-09,6:30:00,18.97
Heather Marina,2025-06-09,7:00:00,18.97
Heather Marina,2025-06-09,7:30:00,18.97
Heather Marina,2025-06-09,8:00:00,18.97
Heather Marina,2025-06-09,8:30:00,19
Heather Marina,2025-06-09,9:00:00,19.03
Heather Marina,2025-06-09,9:30:00,19.09
Heather Marina,2025-06-09,10:00:00,19.12
Heather Marina,2025-06-09,10:30:00,19.18
Heather Marina,2025-06-09,11:00:00,19.41
Heather Marina,2025-06-09,11:30:00,19.65
Heather Marina,2025-06-09,12:00:00,19.74
Heather Marina,2025-06-09,12:30:00,19.86
Heather Marina,2025-06-09,13:00:00,19.94
Heather Marina,2025-06-09,13:30:00,19.97
Heather Marina,2025-06-09,14:00:00,20.21
Heather Marina,2025-06-09,14:30:00,20.33
Heather Marina,2025-06-09,15:00:00,20.35
Heather Marina,2025-06-09,15:30:00,20.24
Heather Marina,2025-06-09,16:00:00,20.27
Heather Marina,2025-06-09,16:30:00,20.27
Heather Marina,2025-06-09,17:00:00,20.21
Heather Marina,2025-06-09,17:30:00,20.41
Heather Marina,2025-06-09,18:00:00,20.35
Heather Marina,2025-06-09,18:30:00,20.27
Heather Marina,2025-06-09,19:00:00,20.27
Heather Marina,2025-06-09,19:30:00,20.35
Heather Marina,2025-06-09,20:00:00,20.35
Heather Marina,2025-06-09,20:30:00,20.27
Heather Marina,2025-06-09,21:00:00,20.18
Heather Marina,2025-06-09,21:30:00,20.15
Heather Marina,2025-06-09,22:00:00,20.09
Heather Marina,2025-06-09,22:30:00,20.03
Heather Marina,2025-06-09,23:00:00,20
Heather Marina,2025-06-09,23:30:00,19.88
Heather Marina,2025-06-10,0:00:00,19.88
Heather Marina,2025-06-10,0:30:00,19.94
Heather Marina,2025-06-10,1:00:00,19.94
Heather Marina,2025-06-10,1:30:00,19.91
Heather Marina,2025-06-10,2:00:00,19.86
Heather Marina,2025-06-10,2:30:00,19.77
Heather Marina,2025-06-10,3:00:00,19.68
Heather Marina,2025-06-10,3:30:00,19.65
Heather Marina,2025-06-10,4:00:00,19.62
Heather Marina,2025-06-10,4:30:00,19.56
Heather Marina,2025-06-10,5:00:00,19.47
Heather Marina,2025-06-10,5:30:00,19.33
Heather Marina,2025-06-10,6:00:00,19.27
Heather Marina,2025-06-10,6:30:00,19.27
Heather Marina,2025-06-10,7:00:00,19.3
Heather Marina,2025-06-10,7:30:00,19.27
Heather Marina,2025-06-10,8:00:00,19.3
Heather Marina,2025-06-10,8:30:00,19.3
Heather Marina,2025-06-10,9:00:00,19.33
Heather Marina,2025-06-10,9:30:00,19.36
Heather Marina,2025-06-10,10:00:00,19.44
Heather Marina,2025-06-10,10:30:00,19.56
Heather Marina,2025-06-10,11:00:00,19.77
Heather Marina,2025-06-10,11:30:00,20
Heather Marina,2025-06-10,12:00:00,20.15
Heather Marina,2025-06-10,12:30:00,20.27
Heather Marina,2025-06-10,13:00:00,20.35
Heather Marina,2025-06-10,13:30:00,20.27
Heather Marina,2025-06-10,14:00:00,20.5
Heather Marina,2025-06-10,14:30:00,20.62
Heather Marina,2025-06-10,15:00:00,20.85
Heather Marina,2025-06-10,15:30:00,20.71
Heather Marina,2025-06-10,16:00:00,20.76
Heather Marina,2025-06-10,16:30:00,20.59
Heather Marina,2025-06-10,17:00:00,20.76
Heather Marina,2025-06-10,17:30:00,20.59
Heather Marina,2025-06-10,18:00:00,20.62
Heather Marina,2025-06-10,18:30:00,20.53
Heather Marina,2025-06-10,19:00:00,20.47
Heather Marina,2025-06-10,19:30:00,20.41
Heather Marina,2025-06-10,20:00:00,20.38
Heather Marina,2025-06-10,20:30:00,20.3
Heather Marina,2025-06-10,21:00:00,20.15
Heather Marina,2025-06-10,21:30:00,20.12
Heather Marina,2025-06-10,22:00:00,20.12
Heather Marina,2025-06-10,22:30:00,20.12
Heather Marina,2025-06-10,23:00:00,20.09
Heather Marina,2025-06-10,23:30:00,20.09
Heather Marina,2025-06-11,0:00:00,20.03
Heather Marina,2025-06-11,0:30:00,20.03
Heather Marina,2025-06-11,1:00:00,20
Heather Marina,2025-06-11,1:30:00,19.97
Heather Marina,2025-06-11,2:00:00,19.94
Heather Marina,2025-06-11,2:30:00,19.86
Heather Marina,2025-06-11,3:00:00,19.74
Heather Marina,2025-06-11,3:30:00,19.62
Heather Marina,2025-06-11,4:00:00,19.5
Heather Marina,2025-06-11,4:30:00,19.56
Heather Marina,2025-06-11,5:00:00,19.44
Heather Marina,2025-06-11,5:30:00,19.47
Heather Marina,2025-06-11,6:00:00,19.53
Heather Marina,2025-06-11,6:30:00,19.44
Heather Marina,2025-06-11,7:00:00,19.36
Heather Marina,2025-06-11,7:30:00,19.36
Heather Marina,2025-06-11,8:00:00,19.33
Heather Marina,2025-06-11,8:30:00,19.36
Heather Marina,2025-06-11,9:00:00,19.38
Heather Marina,2025-06-11,9:30:00,19.41
Heather Marina,2025-06-11,10:00:00,19.47
Heather Marina,2025-06-11,10:30:00,19.62
Heather Marina,2025-06-11,11:00:00,19.62
Heather Marina,2025-06-11,11:30:00,19.8
Heather Marina,2025-06-11,12:00:00,20
Heather Marina,2025-06-11,12:30:00,20.09
Heather Marina,2025-06-11,13:00:00,20.06
Heather Marina,2025-06-11,13:30:00,20.12
Heather Marina,2025-06-11,14:00:00,20.24
Heather Marina,2025-06-11,14:30:00,20.65
Heather Marina,2025-06-11,15:00:00,20.76
Heather Marina,2025-06-11,15:30:00,20.71
Heather Marina,2025-06-11,16:00:00,20.3
Heather Marina,2025-06-11,16:30:00,20.06
Heather Marina,2025-06-11,17:00:00,20.12
Heather Marina,2025-06-11,17:30:00,20.06
Heather Marina,2025-06-11,18:00:00,19.97
Heather Marina,2025-06-11,18:30:00,19.94
Heather Marina,2025-06-11,19:00:00,19.83
Heather Marina,2025-06-11,19:30:00,19.91
Heather Marina,2025-06-11,20:00:00,19.83
Heather Marina,2025-06-11,20:30:00,19.83
Heather Marina,2025-06-11,21:00:00,19.86
Heather Marina,2025-06-11,21:30:00,19.83
Heather Marina,2025-06-11,22:00:00,19.8
Heather Marina,2025-06-11,22:30:00,19.74
Heather Marina,2025-06-11,23:00:00,19.77
Heather Marina,2025-06-11,23:30:00,19.74
Heather Marina,2025-06-12,0:00:00,19.65
Heather Marina,2025-06-12,0:30:00,19.56
Heather Marina,2025-06-12,1:00:00,19.56
Heather Marina,2025-06-12,1:30:00,19.62
Heather Marina,2025-06-12,2:00:00,19.56
Heather Marina,2025-06-12,2:30:00,19.38
Heather Marina,2025-06-12,3:00:00,19.44
Heather Marina,2025-06-12,3:30:00,19.44
Heather Marina,2025-06-12,4:00:00,19.47
Heather Marina,2025-06-12,4:30:00,19.47
Heather Marina,2025-06-12,5:00:00,19.44
Heather Marina,2025-06-12,5:30:00,19.36
Heather Marina,2025-06-12,6:00:00,19.24
Heather Marina,2025-06-12,6:30:00,19.12
Heather Marina,2025-06-12,7:00:00,19.27
Heather Marina,2025-06-12,7:30:00,19.06
Heather Marina,2025-06-12,8:00:00,19
Heather Marina,2025-06-12,8:30:00,19
Heather Marina,2025-06-12,9:00:00,19.12
Heather Marina,2025-06-12,9:30:00,19.12
Heather Marina,2025-06-12,10:00:00,19.06
Heather Marina,2025-06-12,10:30:00,18.94
Heather Marina,2025-06-12,11:00:00,18.82
Heather Marina,2025-06-12,11:30:00,18.76
Heather Marina,2025-06-12,12:00:00,18.82
Heather Marina,2025-06-12,12:30:00,18.76
Heather Marina,2025-06-12,13:00:00,18.79
Heather Marina,2025-06-12,13:30:00,18.82
Heather Marina,2025-06-12,14:00:00,18.76
Heather Marina,2025-06-12,14:30:00,18.26
Heather Marina,2025-06-12,15:00:00,18.29
Heather Marina,2025-06-12,15:30:00,18.35
Heather Marina,2025-06-12,16:00:00,18.26
Heather Marina,2025-06-12,16:30:00,18.23
Heather Marina,2025-06-12,17:00:00,18.08
Heather Marina,2025-06-12,17:30:00,17.99
Heather Marina,2025-06-12,18:00:00,17.96
Heather Marina,2025-06-12,18:30:00,17.9
Heather Marina,2025-06-12,19:00:00,17.87
Heather Marina,2025-06-12,19:30:00,17.9
Heather Marina,2025-06-12,20:00:00,17.99
Heather Marina,2025-06-12,20:30:00,15.68
Heather Marina,2025-06-12,21:00:00,15.59
Heather Marina,2025-06-12,21:30:00,15.68
Heather Marina,2025-06-12,22:00:00,15.65
Heather Marina,2025-06-12,22:30:00,15.74
Heather Marina,2025-06-12,23:00:00,15.74
Heather Marina,2025-06-12,23:30:00,15.59
Heather Marina,2025-06-13,0:00:00,15.44
Heather Marina,2025-06-13,0:30:00,15.35
Heather Marina,2025-06-13,1:00:00,15.44
Heather Marina,2025-06-13,1:30:00,15.59
Heather Marina,2025-06-13,2:00:00,15.5
Heather Marina,2025-06-13,2:30:00,15.26
Heather Marina,2025-06-13,3:00:00,15.04
Heather Marina,2025-06-13,3:30:00,15.17
Heather Marina,2025-06-13,4:00:00,15.04
Heather Marina,2025-06-13,4:30:00,15.07
Heather Marina,2025-06-13,5:00:00,15.17
Heather Marina,2025-06-13,5:30:00,14.98
Heather Marina,2025-06-13,6:00:00,15.2
Heather Marina,2025-06-13,6:30:00,15.32
Heather Marina,2025-06-13,7:00:00,15.14
Heather Marina,2025-06-13,7:30:00,15.1
Heather Marina,2025-06-13,8:00:00,15.14
Heather Marina,2025-06-13,8:30:00,15.14
Heather Marina,2025-06-13,9:00:00,15.35
Heather Marina,2025-06-13,9:30:00,15.26
Heather Marina,2025-06-13,10:00:00,15.26
Heather Marina,2025-06-13,10:30:00,15.32
Heather Marina,2025-06-13,11:00:00,15.41
Heather Marina,2025-06-13,11:30:00,15.53
Heather Marina,2025-06-13,12:00:00,15.92
Heather Marina,2025-06-13,12:30:00,16.14
Heather Marina,2025-06-13,13:00:00,16.38
Heather Marina,2025-06-13,13:30:00,16.71
Heather Marina,2025-06-13,14:00:00,16.92
Heather Marina,2025-06-13,14:30:00,17.19
Heather Marina,2025-06-13,15:00:00,17.4
Heather Marina,2025-06-13,15:30:00,17.43
Heather Marina,2025-06-13,16:00:00,17.43
Heather Marina,2025-06-13,16:30:00,17.22
Heather Marina,2025-06-13,17:00:00,16.86
Heather Marina,2025-06-13,17:30:00,16.65
Heather Marina,2025-06-13,18:00:00,16.89
Heather Marina,2025-06-13,18:30:00,16.86
Heather Marina,2025-06-13,19:00:00,16.59
Heather Marina,2025-06-13,19:30:00,16.8
Heather Marina,2025-06-13,20:00:00,16.83
Heather Marina,2025-06-13,20:30:00,16.8
Heather Marina,2025-06-13,21:00:00,16.71
Heather Marina,2025-06-13,21:30:00,16.62
Heather Marina,2025-06-13,22:00:00,16.56
Heather Marina,2025-06-13,22:30:00,16.53
Heather Marina,2025-06-13,23:00:00,16.56
Heather Marina,2025-06-13,23:30:00,16.53
Heather Marina,2025-06-14,0:00:00,16.53
Heather Marina,2025-06-14,0:30:00,16.53
Heather Marina,2025-06-14,1:00:00,16.53
Heather Marina,2025-06-14,1:30:00,16.41
Heather Marina,2025-06-14,2:00:00,15.86
Heather Marina,2025-06-14,2:30:00,15.77
Heather Marina,2025-06-14,3:00:00,15.8
Heather Marina,2025-06-14,3:30:00,15.71
Heather Marina,2025-06-14,4:00:00,15.74
Heather Marina,2025-06-14,4:30:00,15.92
Heather Marina,2025-06-14,5:00:00,15.83
Heather Marina,2025-06-14,5:30:00,15.89
Heather Marina,2025-06-14,6:00:00,15.83
Heather Marina,2025-06-14,6:30:00,15.83
Heather Marina,2025-06-14,7:00:00,15.74
Heather Marina,2025-06-14,7:30:00,15.86
Heather Marina,2025-06-14,8:00:00,15.92
Heather Marina,2025-06-14,8:30:00,15.92
Heather Marina,2025-06-14,9:00:00,15.89
Heather Marina,2025-06-14,9:30:00,15.96
Heather Marina,2025-06-14,10:00:00,15.99
Heather Marina,2025-06-14,10:30:00,16.14
Heather Marina,2025-06-14,11:00:00,16.17
Heather Marina,2025-06-14,11:30:00,16.23
Heather Marina,2025-06-14,12:00:00,16.26
Heather Marina,2025-06-14,12:30:00,16.35
Heather Marina,2025-06-14,13:00:00,16.47
Heather Marina,2025-06-14,13:30:00,16.56
Heather Marina,2025-06-14,14:00:00,16.74
Heather Marina,2025-06-14,14:30:00,16.92
Heather Marina,2025-06-14,15:00:00,17.16
Heather Marina,2025-06-14,15:30:00,17.96
Heather Marina,2025-06-14,16:00:00,17.93
Heather Marina,2025-06-14,16:30:00,17.67
Heather Marina,2025-06-14,17:00:00,17.99
Heather Marina,2025-06-14,17:30:00,17.79
Heather Marina,2025-06-14,18:00:00,17.93
Heather Marina,2025-06-14,18:30:00,17.76
Heather Marina,2025-06-14,19:00:00,17.67
Heather Marina,2025-06-14,19:30:00,17.55
Heather Marina,2025-06-14,20:00:00,17.46
Heather Marina,2025-06-14,20:30:00,17.4
Heather Marina,2025-06-14,21:00:00,17.34
Heather Marina,2025-06-14,21:30:00,17.19
Heather Marina,2025-06-14,22:00:00,17.07
Heather Marina,2025-06-14,22:30:00,17.01
Heather Marina,2025-06-14,23:00:00,16.83
Heather Marina,2025-06-14,23:30:00,16.86
Heather Marina,2025-06-15,0:00:00,16.92
Heather Marina,2025-06-15,0:30:00,16.95
Heather Marina,2025-06-15,1:00:00,16.62
Heather Marina,2025-06-15,1:30:00,16.5
Heather Marina,2025-06-15,2:00:00,16.44
Heather Marina,2025-06-15,2:30:00,16.35
Heather Marina,2025-06-15,3:00:00,16.26
Heather Marina,2025-06-15,3:30:00,16.02
Heather Marina,2025-06-15,4:00:00,15.77
Heather Marina,2025-06-15,4:30:00,15.38
Heather Marina,2025-06-15,5:00:00,15.14
Heather Marina,2025-06-15,5:30:00,15.14
Heather Marina,2025-06-15,6:00:00,15.59
Heather Marina,2025-06-15,6:30:00,15.68
Heather Marina,2025-06-15,7:00:00,15.83
Heather Marina,2025-06-15,7:30:00,15.59
Heather Marina,2025-06-15,8:00:00,15.74
Heather Marina,2025-06-15,8:30:00,15.89
Heather Marina,2025-06-15,9:00:00,15.86
Heather Marina,2025-06-15,9:30:00,15.89
Heather Marina,2025-06-15,10:00:00,16.02
Heather Marina,2025-06-15,10:30:00,16.26
Heather Marina,2025-06-15,11:00:00,16.38
Heather Marina,2025-06-15,11:30:00,16.62
Heather Marina,2025-06-15,12:00:00,16.77
Heather Marina,2025-06-15,12:30:00,16.89
Heather Marina,2025-06-15,13:00:00,17.04
Heather Marina,2025-06-15,13:30:00,17.25
Heather Marina,2025-06-15,14:00:00,17.43
Heather Marina,2025-06-15,14:30:00,17.55
Heather Marina,2025-06-15,15:00:00,17.61
Heather Marina,2025-06-15,15:30:00,17.64
Heather Marina,2025-06-15,16:00:00,17.79
Heather Marina,2025-06-15,16:30:00,17.76
Heather Marina,2025-06-15,17:00:00,17.84
Heather Marina,2025-06-15,17:30:00,17.87
Heather Marina,2025-06-15,18:00:00,17.64
Heather Marina,2025-06-15,18:30:00,17.76
Heather Marina,2025-06-15,19:00:00,17.79
Heather Marina,2025-06-15,19:30:00,17.76
Heather Marina,2025-06-15,20:00:00,17.58
Heather Marina,2025-06-15,20:30:00,17.55
Heather Marina,2025-06-15,21:00:00,17.61
Heather Marina,2025-06-15,21:30:00,17.55
Heather Marina,2025-06-15,22:00:00,17.55
Heather Marina,2025-06-15,22:30:00,17.46
Heather Marina,2025-06-15,23:00:00,17.46
Heather Marina,2025-06-15,23:30:00,17.49
Heather Marina,2025-06-16,0:00:00,17.52
Heather Marina,2025-06-16,0:30:00,17.52
Heather Marina,2025-06-16,1:00:00,17.52
Heather Marina,2025-06-16,1:30:00,17.49
Heather Marina,2025-06-16,2:00:00,17.46
Heather Marina,2025-06-16,2:30:00,17.37
Heather Marina,2025-06-16,3:00:00,17.28
Heather Marina,2025-06-16,3:30:00,17.31
Heather Marina,2025-06-16,4:00:00,15.86
Heather Marina,2025-06-16,4:30:00,15.71
Heather Marina,2025-06-16,5:00:00,15.77
Heather Marina,2025-06-16,5:30:00,15.83
Heather Marina,2025-06-16,6:00:00,15.92
Heather Marina,2025-06-16,6:30:00,16.2
Heather Marina,2025-06-16,7:00:00,16.17
Heather Marina,2025-06-16,7:30:00,16.05
Heather Marina,2025-06-16,8:00:00,16.35
Heather Marina,2025-06-16,8:30:00,16.44
Heather Marina,2025-06-16,9:00:00,16.59
Heather Marina,2025-06-16,9:30:00,16.47
Heather Marina,2025-06-16,10:00:00,16.5
Heather Marina,2025-06-16,10:30:00,16.68
Heather Marina,2025-06-16,11:00:00,16.8
Heather Marina,2025-06-16,11:30:00,16.86
Heather Marina,2025-06-16,12:00:00,16.92
Heather Marina,2025-06-16,12:30:00,17.07
Heather Marina,2025-06-16,13:00:00,17.19
Heather Marina,2025-06-16,13:30:00,17.28
Heather Marina,2025-06-16,14:00:00,17.49
Heather Marina,2025-06-16,14:30:00,17.67
Heather Marina,2025-06-16,15:00:00,17.84
Heather Marina,2025-06-16,15:30:00,18.02
Heather Marina,2025-06-16,16:00:00,18.29
Heather Marina,2025-06-16,16:30:00,18.35
Heather Marina,2025-06-16,17:00:00,18.2
Heather Marina,2025-06-16,17:30:00,18.44
Heather Marina,2025-06-16,18:00:00,18.47
Heather Marina,2025-06-16,18:30:00,18.71
Heather Marina,2025-06-16,19:00:00,18.71
Heather Marina,2025-06-16,19:30:00,18.5
Heather Marina,2025-06-16,20:00:00,18.29
Heather Marina,2025-06-16,20:30:00,18.29
Heather Marina,2025-06-16,21:00:00,18.29
Heather Marina,2025-06-16,21:30:00,18.29
Heather Marina,2025-06-16,22:00:00,18.26
Heather Marina,2025-06-16,22:30:00,18.2
Heather Marina,2025-06-16,23:00:00,17.87
Heather Marina,2025-06-16,23:30:00,18.14
Heather Marina,2025-06-17,0:00:00,18.05
Heather Marina,2025-06-17,0:30:00,18.14
Heather Marina,2025-06-17,1:00:00,18.11
Heather Marina,2025-06-17,1:30:00,18.05
Heather Marina,2025-06-17,2:00:00,17.9
Heather Marina,2025-06-17,2:30:00,17.87
Heather Marina,2025-06-17,3:00:00,17.87
Heather Marina,2025-06-17,3:30:00,17.79
Heather Marina,2025-06-17,4:00:00,17.82
Heather Marina,2025-06-17,4:30:00,17.79
Heather Marina,2025-06-17,5:00:00,17.7
Heather Marina,2025-06-17,5:30:00,17.64
Heather Marina,2025-06-17,6:00:00,17.52
Heather Marina,2025-06-17,6:30:00,17.46
Heather Marina,2025-06-17,7:00:00,17.52
Heather Marina,2025-06-17,7:30:00,17.49
Heather Marina,2025-06-17,8:00:00,17.52
Heather Marina,2025-06-17,8:30:00,17.52
Heather Marina,2025-06-17,9:00:00,17.55
Heather Marina,2025-06-17,9:30:00,17.61
Heather Marina,2025-06-17,10:00:00,17.67
Heather Marina,2025-06-17,10:30:00,17.7
Heather Marina,2025-06-17,11:00:00,17.76
Heather Marina,2025-06-17,11:30:00,17.82
Heather Marina,2025-06-17,12:00:00,17.87
Heather Marina,2025-06-17,12:30:00,17.9
Heather Marina,2025-06-17,13:00:00,17.9
Heather Marina,2025-06-17,13:30:00,17.93
Heather Marina,2025-06-17,14:00:00,18.2
Heather Marina,2025-06-17,14:30:00,18.29
Heather Marina,2025-06-17,15:00:00,18.26
Heather Marina,2025-06-17,15:30:00,18.41
Heather Marina,2025-06-17,16:00:00,18.85
Heather Marina,2025-06-17,16:30:00,19.3
Heather Marina,2025-06-17,17:00:00,18.88
Heather Marina,2025-06-17,17:30:00,18.88
Heather Marina,2025-06-17,18:00:00,18.79
Heather Marina,2025-06-17,18:30:00,18.68
Heather Marina,2025-06-17,19:00:00,18.62
Heather Marina,2025-06-17,19:30:00,18.71
Heather Marina,2025-06-17,20:00:00,18.68
Heather Marina,2025-06-17,20:30:00,18.65
Heather Marina,2025-06-17,21:00:00,18.5
Heather Marina,2025-06-17,21:30:00,18.5
Heather Marina,2025-06-17,22:00:00,18.5
Heather Marina,2025-06-17,22:30:00,18.44
Heather Marina,2025-06-17,23:00:00,18.44
Heather Marina,2025-06-17,23:30:00,18.38
Heather Marina,2025-06-18,0:00:00,18.32
Heather Marina,2025-06-18,0:30:00,18.29
Heather Marina,2025-06-18,1:00:00,18.26
Heather Marina,2025-06-18,1:30:00,18.29
Heather Marina,2025-06-18,2:00:00,18.29
Heather Marina,2025-06-18,2:30:00,18.29
Heather Marina,2025-06-18,3:00:00,18.29
Heather Marina,2025-06-18,3:30:00,18.26
Heather Marina,2025-06-18,4:00:00,18.26
Heather Marina,2025-06-18,4:30:00,18.29
Heather Marina,2025-06-18,5:00:00,18.23
Heather Marina,2025-06-18,5:30:00,18.2
Heather Marina,2025-06-18,6:00:00,18.2
Heather Marina,2025-06-18,6:30:00,18.17
Heather Marina,2025-06-18,7:00:00,18.14
Heather Marina,2025-06-18,7:30:00,18.17
Heather Marina,2025-06-18,8:00:00,18.14
Heather Marina,2025-06-18,8:30:00,18.17
Heather Marina,2025-06-18,9:00:00,18.23
Heather Marina,2025-06-18,9:30:00,18.11
Heather Marina,2025-06-18,10:00:00,17.79
Heather Marina,2025-06-18,10:30:00,17.58
Heather Marina,2025-06-18,11:00:00,17.52
Heather Marina,2025-06-18,11:30:00,17.52
Heather Marina,2025-06-18,12:00:00,17.67
Heather Marina,2025-06-18,12:30:00,17.73
Heather Marina,2025-06-18,13:00:00,17.76
Heather Marina,2025-06-18,13:30:00,17.79
Heather Marina,2025-06-18,14:00:00,17.9
Heather Marina,2025-06-18,14:30:00,17.9
Heather Marina,2025-06-18,15:00:00,17.99
Heather Marina,2025-06-18,15:30:00,18.11
Heather Marina,2025-06-18,16:00:00,18.05
Heather Marina,2025-06-18,16:30:00,18.11
Heather Marina,2025-06-18,17:00:00,18.35
Heather Marina,2025-06-18,17:30:00,18.62
Heather Marina,2025-06-18,18:00:00,18.68
Heather Marina,2025-06-18,18:30:00,18.59
Heather Marina,2025-06-18,19:00:00,18.62
Heather Marina,2025-06-18,19:30:00,18.53
Heather Marina,2025-06-18,20:00:00,18.41
Heather Marina,2025-06-18,20:30:00,18.35
Heather Marina,2025-06-18,21:00:00,18.26
Heather Marina,2025-06-18,21:30:00,18.11
Heather Marina,2025-06-18,22:00:00,18.23
Heather Marina,2025-06-18,22:30:00,18.05
Heather Marina,2025-06-18,23:00:00,18.02
Heather Marina,2025-06-18,23:30:00,18.05
Heather Marina,2025-06-19,0:00:00,18.05
Heather Marina,2025-06-19,0:30:00,18.08
Heather Marina,2025-06-19,1:00:00,17.96
Heather Marina,2025-06-19,1:30:00,17.96
Heather Marina,2025-06-19,2:00:00,17.93
Heather Marina,2025-06-19,2:30:00,17.87
Heather Marina,2025-06-19,3:00:00,17.84
Heather Marina,2025-06-19,3:30:00,17.84
Heather Marina,2025-06-19,4:00:00,17.84
Heather Marina,2025-06-19,4:30:00,17.82
Heather Marina,2025-06-19,5:00:00,17.79
Heather Marina,2025-06-19,5:30:00,17.76
Heather Marina,2025-06-19,6:00:00,17.79
Heather Marina,2025-06-19,6:30:00,17.9
Heather Marina,2025-06-19,7:00:00,18.08
Heather Marina,2025-06-19,7:30:00,17.9
Heather Marina,2025-06-19,8:00:00,17.82
Heather Marina,2025-06-19,8:30:00,17.84
Heather Marina,2025-06-19,9:00:00,17.93
Heather Marina,2025-06-19,9:30:00,18.05
Heather Marina,2025-06-19,10:00:00,18.17
Heather Marina,2025-06-19,10:30:00,18.29
Heather Marina,2025-06-19,11:00:00,18.02
Heather Marina,2025-06-19,11:30:00,18.23
Heather Marina,2025-06-19,12:00:00,18.02
Heather Marina,2025-06-19,12:30:00,17.96
Heather Marina,2025-06-19,13:00:00,17.9
Heather Marina,2025-06-19,13:30:00,17.99
Heather Marina,2025-06-19,14:00:00,18.2
Heather Marina,2025-06-19,14:30:00,18.32
Heather Marina,2025-06-19,15:00:00,18.35
Heather Marina,2025-06-19,15:30:00,18.38
Heather Marina,2025-06-19,16:00:00,18.38
Heather Marina,2025-06-19,16:30:00,18.41
Heather Marina,2025-06-19,17:00:00,18.53
Heather Marina,2025-06-19,17:30:00,18.44
Heather Marina,2025-06-19,18:00:00,18.47
Heather Marina,2025-06-19,18:30:00,18.59
Heather Marina,2025-06-19,19:00:00,18.59
Heather Marina,2025-06-19,19:30:00,18.53
Heather Marina,2025-06-19,20:00:00,18.47
Heather Marina,2025-06-19,20:30:00,18.29
Heather Marina,2025-06-19,21:00:00,18.26
Heather Marina,2025-06-19,21:30:00,18.23
Heather Marina,2025-06-19,22:00:00,18.2
Heather Marina,2025-06-19,22:30:00,18.14
Heather Marina,2025-06-19,23:00:00,18.08
Heather Marina,2025-06-19,23:30:00,17.96
Heather Marina,2025-06-20,0:00:00,17.99
Heather Marina,2025-06-20,0:30:00,18.05
Heather Marina,2025-06-20,1:00:00,18.05
Heather Marina,2025-06-20,1:30:00,18.11
Heather Marina,2025-06-20,2:00:00,18.11
Heather Marina,2025-06-20,2:30:00,18.05
Heather Marina,2025-06-20,3:00:00,17.99
Heather Marina,2025-06-20,3:30:00,18.02
Heather Marina,2025-06-20,4:00:00,18.2
Heather Marina,2025-06-20,4:30:00,18.26
Heather Marina,2025-06-20,5:00:00,18.2
Heather Marina,2025-06-20,5:30:00,18.23
Heather Marina,2025-06-20,6:00:00,18.26
Heather Marina,2025-06-20,6:30:00,18.23
Heather Marina,2025-06-20,7:00:00,18.29
Heather Marina,2025-06-20,7:30:00,18.35
Heather Marina,2025-06-20,8:00:00,18.35
Heather Marina,2025-06-20,8:30:00,18.05
Heather Marina,2025-06-20,9:00:00,17.99
Heather Marina,2025-06-20,9:30:00,18.08
Heather Marina,2025-06-20,10:00:00,17.96
Heather Marina,2025-06-20,10:30:00,17.96
Heather Marina,2025-06-20,11:00:00,18.14
Heather Marina,2025-06-20,11:30:00,17.37
Heather Marina,2025-06-20,12:00:00,17.31
Heather Marina,2025-06-20,12:30:00,17.4
Heather Marina,2025-06-20,13:00:00,17.4
Heather Marina,2025-06-20,13:30:00,17.55
Heather Marina,2025-06-20,14:00:00,17.58
Heather Marina,2025-06-20,14:30:00,17.61
Heather Marina,2025-06-20,15:00:00,17.64
Heather Marina,2025-06-20,15:30:00,17.61
Heather Marina,2025-06-20,16:00:00,17.64
Heather Marina,2025-06-20,16:30:00,17.64
Heather Marina,2025-06-20,17:00:00,17.64
Heather Marina,2025-06-20,17:30:00,17.67
Heather Marina,2025-06-20,18:00:00,17.76
Heather Marina,2025-06-20,18:30:00,17.79
Heather Marina,2025-06-20,19:00:00,17.76
Heather Marina,2025-06-20,19:30:00,17.67
Heather Marina,2025-06-20,20:00:00,17.67
Heather Marina,2025-06-20,20:30:00,17.64
Heather Marina,2025-06-20,21:00:00,17.52
Heather Marina,2025-06-20,21:30:00,17.49
Heather Marina,2025-06-20,22:00:00,17.49
Heather Marina,2025-06-20,22:30:00,17.67
Heather Marina,2025-06-20,23:00:00,17.58
Heather Marina,2025-06-20,23:30:00,17.64
Heather Marina,2025-06-21,0:00:00,17.64
Heather Marina,2025-06-21,0:30:00,17.49
Heather Marina,2025-06-21,1:00:00,17.4
Heather Marina,2025-06-21,1:30:00,17.34
Heather Marina,2025-06-21,2:00:00,17.28
Heather Marina,2025-06-21,2:30:00,17.28
Heather Marina,2025-06-21,3:00:00,17.28
Heather Marina,2025-06-21,3:30:00,17.22
Heather Marina,2025-06-21,4:00:00,17.16
Heather Marina,2025-06-21,4:30:00,17.25
Heather Marina,2025-06-21,5:00:00,17.25
Heather Marina,2025-06-21,5:30:00,17.31
Heather Marina,2025-06-21,6:00:00,17.31
Heather Marina,2025-06-21,6:30:00,17.25
Heather Marina,2025-06-21,7:00:00,17.25
Heather Marina,2025-06-21,7:30:00,17.22
Heather Marina,2025-06-21,8:00:00,17.25
Heather Marina,2025-06-21,8:30:00,17.28
Heather Marina,2025-06-21,9:00:00,17.19
Heather Marina,2025-06-21,9:30:00,17.07
Heather Marina,2025-06-21,10:00:00,17.01
Heather Marina,2025-06-21,10:30:00,17.04
Heather Marina,2025-06-21,11:00:00,17.04
Heather Marina,2025-06-21,11:30:00,17.04
Heather Marina,2025-06-21,12:00:00,17.04
Heather Marina,2025-06-21,12:30:00,17.04
Heather Marina,2025-06-21,13:00:00,17.1
Heather Marina,2025-06-21,13:30:00,17.07
Heather Marina,2025-06-21,14:00:00,17.01
Heather Marina,2025-06-21,14:30:00,16.92
Heather Marina,2025-06-21,15:00:00,16.86
Heather Marina,2025-06-21,15:30:00,16.86
Heather Marina,2025-06-21,16:00:00,16.92
Heather Marina,2025-06-21,16:30:00,16.98
Heather Marina,2025-06-21,17:00:00,17.04
Heather Marina,2025-06-21,17:30:00,17.04
Heather Marina,2025-06-21,18:00:00,17.1
Heather Marina,2025-06-21,18:30:00,17.13
Heather Marina,2025-06-21,19:00:00,17.16
Heather Marina,2025-06-21,19:30:00,17.1
Heather Marina,2025-06-21,20:00:00,17.07
Heather Marina,2025-06-21,20:30:00,17.04
Heather Marina,2025-06-21,21:00:00,16.74
Heather Marina,2025-06-21,21:30:00,16.2
Heather Marina,2025-06-21,22:00:00,16.11
Heather Marina,2025-06-21,22:30:00,16.14
Heather Marina,2025-06-21,23:00:00,16.11
Heather Marina,2025-06-21,23:30:00,16.11
Heather Marina,2025-06-22,0:00:00,16.11
Heather Marina,2025-06-22,0:30:00,16.11
Heather Marina,2025-06-22,1:00:00,16.08
Heather Marina,2025-06-22,1:30:00,16.08
Heather Marina,2025-06-22,2:00:00,16.05
Heather Marina,2025-06-22,2:30:00,16.02
Heather Marina,2025-06-22,3:00:00,16.08
Heather Marina,2025-06-22,3:30:00,16.08
Heather Marina,2025-06-22,4:00:00,16.08
Heather Marina,2025-06-22,4:30:00,16.05
Heather Marina,2025-06-22,5:00:00,16.02
Heather Marina,2025-06-22,5:30:00,15.99
Heather Marina,2025-06-22,6:00:00,16.17
Heather Marina,2025-06-22,6:30:00,16.08
Heather Marina,2025-06-22,7:00:00,16.23
Heather Marina,2025-06-22,7:30:00,16.23
Heather Marina,2025-06-22,8:00:00,16.23
Heather Marina,2025-06-22,8:30:00,16.32
Heather Marina,2025-06-22,9:00:00,16.32
Heather Marina,2025-06-22,9:30:00,16.41
Heather Marina,2025-06-22,10:00:00,16.38
Heather Marina,2025-06-22,10:30:00,16.29
Heather Marina,2025-06-22,11:00:00,16.29
Heather Marina,2025-06-22,11:30:00,16.32
Heather Marina,2025-06-22,12:00:00,16.32
Heather Marina,2025-06-22,12:30:00,16.38
Heather Marina,2025-06-22,13:00:00,16.38
Heather Marina,2025-06-22,13:30:00,16.38
Heather Marina,2025-06-22,14:00:00,16.2
Heather Marina,2025-06-22,14:30:00,16.32
Heather Marina,2025-06-22,15:00:00,16.44
Heather Marina,2025-06-22,15:30:00,16.41
Heather Marina,2025-06-22,16:00:00,16.38
Heather Marina,2025-06-22,16:30:00,16.35
Heather Marina,2025-06-22,17:00:00,16.47
Heather Marina,2025-06-22,17:30:00,16.44
Heather Marina,2025-06-22,18:00:00,16.38
Heather Marina,2025-06-22,18:30:00,16.44
Heather Marina,2025-06-22,19:00:00,16.44
Heather Marina,2025-06-22,19:30:00,16.44
Heather Marina,2025-06-22,20:00:00,16.44
Heather Marina,2025-06-22,20:30:00,16.41
Heather Marina,2025-06-22,21:00:00,16.44
Heather Marina,2025-06-22,21:30:00,16.47
Heather Marina,2025-06-22,22:00:00,16.41
Heather Marina,2025-06-22,22:30:00,16.41
Heather Marina,2025-06-22,23:00:00,16.35
Heather Marina,2025-06-22,23:30:00,16.35
Heather Marina,2025-06-23,0:00:00,16.32
Heather Marina,2025-06-23,0:30:00,16.32
Heather Marina,2025-06-23,1:00:00,16.29
Heather Marina,2025-06-23,1:30:00,16.23
Heather Marina,2025-06-23,2:00:00,16.17
Heather Marina,2025-06-23,2:30:00,16.17
Heather Marina,2025-06-23,3:00:00,16.2
Heather Marina,2025-06-23,3:30:00,16.23
Heather Marina,2025-06-23,4:00:00,16.23
Heather Marina,2025-06-23,4:30:00,16.23
Heather Marina,2025-06-23,5:00:00,16.23
Heather Marina,2025-06-23,5:30:00,16.2
Heather Marina,2025-06-23,6:00:00,16.23
Heather Marina,2025-06-23,6:30:00,16.26
Heather Marina,2025-06-23,7:00:00,16.26
Heather Marina,2025-06-23,7:30:00,16.26
Heather Marina,2025-06-23,8:00:00,16.23
Heather Marina,2025-06-23,8:30:00,16.26
Heather Marina,2025-06-23,9:00:00,16.29
Heather Marina,2025-06-23,9:30:00,16.32
Heather Marina,2025-06-23,10:00:00,16.35
Heather Marina,2025-06-23,10:30:00,16.38
Heather Marina,2025-06-23,11:00:00,16.53
Heather Marina,2025-06-23,11:30:00,16.65
Heather Marina,2025-06-23,12:00:00,16.92
Heather Marina,2025-06-23,12:30:00,17.04
Heather Marina,2025-06-23,13:00:00,16.8
Heather Marina,2025-06-23,13:30:00,16.8
Heather Marina,2025-06-23,14:00:00,16.56
Heather Marina,2025-06-23,14:30:00,16.62
Heather Marina,2025-06-23,15:00:00,17.34
Heather Marina,2025-06-23,15:30:00,17.55
Heather Marina,2025-06-23,16:00:00,17.1
Heather Marina,2025-06-23,16:30:00,17.25
Heather Marina,2025-06-23,17:00:00,17.25
Heather Marina,2025-06-23,17:30:00,17.19
Heather Marina,2025-06-23,18:00:00,17.34
Heather Marina,2025-06-23,18:30:00,17.43
Heather Marina,2025-06-23,19:00:00,17.43
Heather Marina,2025-06-23,19:30:00,17.28
Heather Marina,2025-06-23,20:00:00,17.28
Heather Marina,2025-06-23,20:30:00,17.28
Heather Marina,2025-06-23,21:00:00,17.22
Heather Marina,2025-06-23,21:30:00,17.22
Heather Marina,2025-06-23,22:00:00,17.19
Heather Marina,2025-06-23,22:30:00,17.19
Heather Marina,2025-06-23,23:00:00,17.16
Heather Marina,2025-06-23,23:30:00,16.89
Heather Marina,2025-06-24,0:00:00,17.1
Heather Marina,2025-06-24,0:30:00,17.01
Heather Marina,2025-06-24,1:00:00,17.1
Heather Marina,2025-06-24,1:30:00,17.1
Heather Marina,2025-06-24,2:00:00,17.07
Heather Marina,2025-06-24,2:30:00,17.04
Heather Marina,2025-06-24,3:00:00,17.07
Heather Marina,2025-06-24,3:30:00,17.07
Heather Marina,2025-06-24,4:00:00,16.83
Heather Marina,2025-06-24,4:30:00,16.98
Heather Marina,2025-06-24,5:00:00,17.07
Heather Marina,2025-06-24,5:30:00,17.07
Heather Marina,2025-06-24,6:00:00,16.71
Heather Marina,2025-06-24,6:30:00,16.71
Heather Marina,2025-06-24,7:00:00,16.89
Heather Marina,2025-06-24,7:30:00,17.01
Heather Marina,2025-06-24,8:00:00,16.89
Heather Marina,2025-06-24,8:30:00,16.95
Heather Marina,2025-06-24,9:00:00,16.92
Heather Marina,2025-06-24,9:30:00,17.04
Heather Marina,2025-06-24,10:00:00,17.25
Heather Marina,2025-06-24,10:30:00,17.55
Heather Marina,2025-06-24,11:00:00,17.87
Heather Marina,2025-06-24,11:30:00,18.02
Heather Marina,2025-06-24,12:00:00,18.11
Heather Marina,2025-06-24,12:30:00,18.35
Heather Marina,2025-06-24,13:00:00,18.23
Heather Marina,2025-06-24,13:30:00,17.93
Heather Marina,2025-06-24,14:00:00,17.99
Heather Marina,2025-06-24,14:30:00,18.11
Heather Marina,2025-06-24,15:00:00,18.5
Heather Marina,2025-06-24,15:30:00,18.29
Heather Marina,2025-06-24,16:00:00,18.38
Heather Marina,2025-06-24,16:30:00,18.62
Heather Marina,2025-06-24,17:00:00,18.53
Heather Marina,2025-06-24,17:30:00,18.41
Heather Marina,2025-06-24,18:00:00,18.35
Heather Marina,2025-06-24,18:30:00,18.47
Heather Marina,2025-06-24,19:00:00,18.41
Heather Marina,2025-06-24,19:30:00,18.23
Heather Marina,2025-06-24,20:00:00,18.23
Heather Marina,2025-06-24,20:30:00,18.32
Heather Marina,2025-06-24,21:00:00,18.35
Heather Marina,2025-06-24,21:30:00,18.35
Heather Marina,2025-06-24,22:00:00,18.26
Heather Marina,2025-06-24,22:30:00,18.2
Heather Marina,2025-06-24,23:00:00,18.17
Heather Marina,2025-06-24,23:30:00,18.17
Heather Marina,2025-06-25,0:00:00,18.14
Heather Marina,2025-06-25,0:30:00,18.14
Heather Marina,2025-06-25,1:00:00,18.14
Heather Marina,2025-06-25,1:30:00,18.17
Heather Marina,2025-06-25,2:00:00,18.14
Heather Marina,2025-06-25,2:30:00,18.17
Heather Marina,2025-06-25,3:00:00,18.2
Heather Marina,2025-06-25,3:30:00,18.14
Heather Marina,2025-06-25,4:00:00,18.14
Heather Marina,2025-06-25,4:30:00,18.14
Heather Marina,2025-06-25,5:00:00,18.11
Heather Marina,2025-06-25,5:30:00,18.11
Heather Marina,2025-06-25,6:00:00,18.08
Heather Marina,2025-06-25,6:30:00,17.9
Heather Marina,2025-06-25,7:00:00,17.73
Heather Marina,2025-06-25,7:30:00,17.84
Heather Marina,2025-06-25,8:00:00,17.87
Heather Marina,2025-06-25,8:30:00,18.08
Heather Marina,2025-06-25,9:00:00,18.05
Heather Marina,2025-06-25,9:30:00,18.05
Heather Marina,2025-06-25,10:00:00,18.05
Heather Marina,2025-06-25,10:30:00,17.99
Heather Marina,2025-06-25,11:00:00,17.99
Heather Marina,2025-06-25,11:30:00,17.99
Heather Marina,2025-06-25,12:00:00,17.87
Heather Marina,2025-06-25,12:30:00,17.87
Heather Marina,2025-06-25,13:00:00,17.93
Heather Marina,2025-06-25,13:30:00,17.99
Heather Marina,2025-06-25,14:00:00,17.87
Heather Marina,2025-06-25,14:30:00,17.9
Heather Marina,2025-06-25,15:00:00,18.02
Heather Marina,2025-06-25,15:30:00,17.84
Heather Marina,2025-06-25,16:00:00,17.76
Heather Marina,2025-06-25,16:30:00,17.61
Heather Marina,2025-06-25,17:00:00,17.49
Heather Marina,2025-06-25,17:30:00,17.55
Heather Marina,2025-06-25,18:00:00,17.49
Heather Marina,2025-06-25,18:30:00,17.52
Heather Marina,2025-06-25,19:00:00,17.52
Heather Marina,2025-06-25,19:30:00,17.52
Heather Marina,2025-06-25,20:00:00,17.46
Heather Marina,2025-06-25,20:30:00,17.43
Heather Marina,2025-06-25,21:00:00,17.4
Heather Marina,2025-06-25,21:30:00,17.37
Heather Marina,2025-06-25,22:00:00,17.37
Heather Marina,2025-06-25,22:30:00,17.37
Heather Marina,2025-06-25,23:00:00,17.37
Heather Marina,2025-06-25,23:30:00,17.28
Heather Marina,2025-06-26,0:00:00,17.28
Heather Marina,2025-06-26,0:30:00,17.25
Heather Marina,2025-06-26,1:00:00,17.25
Heather Marina,2025-06-26,1:30:00,16.8
Heather Marina,2025-06-26,2:00:00,16.2
Heather Marina,2025-06-26,2:30:00,16.11
Heather Marina,2025-06-26,3:00:00,16.11
Heather Marina,2025-06-26,3:30:00,16.11
Heather Marina,2025-06-26,4:00:00,16.11
Heather Marina,2025-06-26,4:30:00,16.05
Heather Marina,2025-06-26,5:00:00,16.05
Heather Marina,2025-06-26,5:30:00,16.11
Heather Marina,2025-06-26,6:00:00,16.11
Heather Marina,2025-06-26,6:30:00,16.11
Heather Marina,2025-06-26,7:00:00,16.14
Heather Marina,2025-06-26,7:30:00,16.14
Heather Marina,2025-06-26,8:00:00,16.14
Heather Marina,2025-06-26,8:30:00,16.14
Heather Marina,2025-06-26,9:00:00,16.14
Heather Marina,2025-06-26,9:30:00,16.14
Heather Marina,2025-06-26,10:00:00,16.2
Heather Marina,2025-06-26,10:30:00,16.29
Heather Marina,2025-06-26,11:00:00,16.29
Heather Marina,2025-06-26,11:30:00,16.32
Heather Marina,2025-06-26,12:00:00,16.47
Heather Marina,2025-06-26,12:30:00,16.53
Heather Marina,2025-06-26,13:00:00,16.62
Heather Marina,2025-06-26,13:30:00,16.71
Heather Marina,2025-06-26,14:00:00,16.74
Heather Marina,2025-06-26,14:30:00,16.77
Heather Marina,2025-06-26,15:00:00,16.83
Heather Marina,2025-06-26,15:30:00,16.8
Heather Marina,2025-06-26,16:00:00,16.77
Heather Marina,2025-06-26,16:30:00,16.74
Heather Marina,2025-06-26,17:00:00,16.68
Heather Marina,2025-06-26,17:30:00,16.62
Heather Marina,2025-06-26,18:00:00,16.59
Heather Marina,2025-06-26,18:30:00,16.53
Heather Marina,2025-06-26,19:00:00,16.5
Heather Marina,2025-06-26,19:30:00,16.53
Heather Marina,2025-06-26,20:00:00,16.53
Heather Marina,2025-06-26,20:30:00,16.53
Heather Marina,2025-06-26,21:00:00,16.56
Heather Marina,2025-06-26,21:30:00,16.44
Heather Marina,2025-06-26,22:00:00,16.53
Heather Marina,2025-06-26,22:30:00,16.53
Heather Marina,2025-06-26,23:00:00,16.53
Heather Marina,2025-06-26,23:30:00,16.53
Heather Marina,2025-06-27,0:00:00,16.47
Heather Marina,2025-06-27,0:30:00,16.44
Heather Marina,2025-06-27,1:00:00,16.47
Heather Marina,2025-06-27,1:30:00,16.47
Heather Marina,2025-06-27,2:00:00,16.47
Heather Marina,2025-06-27,2:30:00,16.44
Heather Marina,2025-06-27,3:00:00,16.41
Heather Marina,2025-06-27,3:30:00,16.41
Heather Marina,2025-06-27,4:00:00,16.05
Heather Marina,2025-06-27,4:30:00,15.92
Heather Marina,2025-06-27,5:00:00,15.92
Heather Marina,2025-06-27,5:30:00,15.96
Heather Marina,2025-06-27,6:00:00,16.14
Heather Marina,2025-06-27,6:30:00,16.11
Heather Marina,2025-06-27,7:00:00,16.23
Heather Marina,2025-06-27,7:30:00,16.14
Heather Marina,2025-06-27,8:00:00,16.2
Heather Marina,2025-06-27,8:30:00,16.2
Heather Marina,2025-06-27,9:00:00,16.17
Heather Marina,2025-06-27,9:30:00,16.26
Heather Marina,2025-06-27,10:00:00,16.26
Heather Marina,2025-06-27,10:30:00,16.32
Heather Marina,2025-06-27,11:00:00,16.41
Heather Marina,2025-06-27,11:30:00,16.41
Heather Marina,2025-06-27,12:00:00,16.5
Heather Marina,2025-06-27,12:30:00,16.53
Heather Marina,2025-06-27,13:00:00,16.56
Heather Marina,2025-06-27,13:30:00,16.62
Heather Marina,2025-06-27,14:00:00,16.68
Heather Marina,2025-06-27,14:30:00,16.8
Heather Marina,2025-06-27,15:00:00,16.68
Heather Marina,2025-06-27,15:30:00,16.71
Heather Marina,2025-06-27,16:00:00,16.71
Heather Marina,2025-06-27,16:30:00,16.62
Heather Marina,2025-06-27,17:00:00,16.65
Heather Marina,2025-06-27,17:30:00,16.32
Heather Marina,2025-06-27,18:00:00,16.44
Heather Marina,2025-06-27,18:30:00,16.41
Heather Marina,2025-06-27,19:00:00,16.29
Heather Marina,2025-06-27,19:30:00,16.29
Heather Marina,2025-06-27,20:00:00,16.2
Heather Marina,2025-06-27,20:30:00,16.17
Heather Marina,2025-06-27,21:00:00,16.14
Heather Marina,2025-06-27,21:30:00,16.14
Heather Marina,2025-06-27,22:00:00,16.26
Heather Marina,2025-06-27,22:30:00,16.29
Heather Marina,2025-06-27,23:00:00,16.26
Heather Marina,2025-06-27,23:30:00,16.26
Heather Marina,2025-06-28,0:00:00,16.26
Heather Marina,2025-06-28,0:30:00,16.23
Heather Marina,2025-06-28,1:00:00,16.26
Heather Marina,2025-06-28,1:30:00,16.26
Heather Marina,2025-06-28,2:00:00,16.2
Heather Marina,2025-06-28,2:30:00,16.17
Heather Marina,2025-06-28,3:00:00,16.17
Heather Marina,2025-06-28,3:30:00,16.14
Heather Marina,2025-06-28,4:00:00,16.11
Heather Marina,2025-06-28,4:30:00,16.05
Heather Marina,2025-06-28,5:00:00,16.05
Heather Marina,2025-06-28,5:30:00,16.02
Heather Marina,2025-06-28,6:00:00,16.02
Heather Marina,2025-06-28,6:30:00,15.99
Heather Marina,2025-06-28,7:00:00,15.99
Heather Marina,2025-06-28,7:30:00,15.99
Heather Marina,2025-06-28,8:00:00,15.99
Heather Marina,2025-06-28,8:30:00,16.02
Heather Marina,2025-06-28,9:00:00,16.02
Heather Marina,2025-06-28,9:30:00,16.08
Heather Marina,2025-06-28,10:00:00,16.14
Heather Marina,2025-06-28,10:30:00,16.2
Heather Marina,2025-06-28,11:00:00,16.23
Heather Marina,2025-06-28,11:30:00,16.38
Heather Marina,2025-06-28,12:00:00,16.62
Heather Marina,2025-06-28,12:30:00,16.56
Heather Marina,2025-06-28,13:00:00,16.53
Heather Marina,2025-06-28,13:30:00,16.5
Heather Marina,2025-06-28,14:00:00,16.8
Heather Marina,2025-06-28,14:30:00,16.95
Heather Marina,2025-06-28,15:00:00,17.19
Heather Marina,2025-06-28,15:30:00,17.28
Heather Marina,2025-06-28,16:00:00,17.4
Heather Marina,2025-06-28,16:30:00,17.49
Heather Marina,2025-06-28,17:00:00,17.1
Heather Marina,2025-06-28,17:30:00,17.28
Heather Marina,2025-06-28,18:00:00,17.4
Heather Marina,2025-06-28,18:30:00,17.43
Heather Marina,2025-06-28,19:00:00,17.49
Heather Marina,2025-06-28,19:30:00,17.55
Heather Marina,2025-06-28,20:00:00,17.49
Heather Marina,2025-06-28,20:30:00,17.37
Heather Marina,2025-06-28,21:00:00,17.34
Heather Marina,2025-06-28,21:30:00,17.28
Heather Marina,2025-06-28,22:00:00,17.25
Heather Marina,2025-06-28,22:30:00,17.22
Heather Marina,2025-06-28,23:00:00,17.22
Heather Marina,2025-06-28,23:30:00,17.19
Heather Marina,2025-06-29,0:00:00,17.13
Heather Marina,2025-06-29,0:30:00,17.1
Heather Marina,2025-06-29,1:00:00,17.13
Heather Marina,2025-06-29,1:30:00,17.13
Heather Marina,2025-06-29,2:00:00,17.1
Heather Marina,2025-06-29,2:30:00,17.04
Heather Marina,2025-06-29,3:00:00,17.1
Heather Marina,2025-06-29,3:30:00,17.13
Heather Marina,2025-06-29,4:00:00,16.71
Heather Marina,2025-06-29,4:30:00,16.62
Heather Marina,2025-06-29,5:00:00,16.68
Heather Marina,2025-06-29,5:30:00,16.62
Heather Marina,2025-06-29,6:00:00,16.83
Heather Marina,2025-06-29,6:30:00,16.83
Heather Marina,2025-06-29,7:00:00,16.83
Heather Marina,2025-06-29,7:30:00,16.83
Heather Marina,2025-06-29,8:00:00,16.89
Heather Marina,2025-06-29,8:30:00,16.92
Heather Marina,2025-06-29,9:00:00,16.95
Heather Marina,2025-06-29,9:30:00,17.01
Heather Marina,2025-06-29,10:00:00,17.16
Heather Marina,2025-06-29,10:30:00,17.37
Heather Marina,2025-06-29,11:00:00,17.46
Heather Marina,2025-06-29,11:30:00,17.34
Heather Marina,2025-06-29,12:00:00,17.61
Heather Marina,2025-06-29,12:30:00,17.61
Heather Marina,2025-06-29,13:00:00,17.87
Heather Marina,2025-06-29,13:30:00,18.14
Heather Marina,2025-06-29,14:00:00,18.5
Heather Marina,2025-06-29,14:30:00,18.76
Heather Marina,2025-06-29,15:00:00,18.88
Heather Marina,2025-06-29,15:30:00,18.97
Heather Marina,2025-06-29,16:00:00,18.82
Heather Marina,2025-06-29,16:30:00,18.74
Heather Marina,2025-06-29,17:00:00,18.76
Heather Marina,2025-06-29,17:30:00,18.2
Heather Marina,2025-06-29,18:00:00,18.29
Heather Marina,2025-06-29,18:30:00,18.35
Heather Marina,2025-06-29,19:00:00,18.41
Heather Marina,2025-06-29,19:30:00,18.35
Heather Marina,2025-06-29,20:00:00,18.32
Heather Marina,2025-06-29,20:30:00,18.26
Heather Marina,2025-06-29,21:00:00,18.29
Heather Marina,2025-06-29,21:30:00,18.32
Heather Marina,2025-06-29,22:00:00,18.29
Heather Marina,2025-06-29,22:30:00,18.26
Heather Marina,2025-06-29,23:00:00,18.23
Heather Marina,2025-06-29,23:30:00,18.2
Heather Marina,2025-06-30,0:00:00,18.2
Heather Marina,2025-06-30,0:30:00,18.2
Heather Marina,2025-06-30,1:00:00,18.17
Heather Marina,2025-06-30,1:30:00,18.17
Heather Marina,2025-06-30,2:00:00,18.17
Heather Marina,2025-06-30,2:30:00,18.2
Heather Marina,2025-06-30,3:00:00,18.17
Heather Marina,2025-06-30,3:30:00,18.2
Heather Marina,2025-06-30,4:00:00,18.2
Heather Marina,2025-06-30,4:30:00,18.2
Heather Marina,2025-06-30,5:00:00,18.14
Heather Marina,2025-06-30,5:30:00,18.14
Heather Marina,2025-06-30,6:00:00,17.84
Heather Marina,2025-06-30,6:30:00,17.82
Heather Marina,2025-06-30,7:00:00,17.79
Heather Marina,2025-06-30,7:30:00,17.82
Heather Marina,2025-06-30,8:00:00,17.82
Heather Marina,2025-06-30,8:30:00,17.93
Heather Marina,2025-06-30,9:00:00,18.11
Heather Marina,2025-06-30,9:30:00,18.23
Heather Marina,2025-06-30,10:00:00,18.35
Heather Marina,2025-06-30,10:30:00,18.47
Heather Marina,2025-06-30,11:00:00,18.53
Heather Marina,2025-06-30,11:30:00,18.68
Heather Marina,2025-06-30,12:00:00,18.65
Heather Marina,2025-06-30,12:30:00,18.82
Heather Marina,2025-06-30,13:00:00,19
Heather Marina,2025-06-30,13:30:00,19.18
Heather Marina,2025-06-30,14:00:00,19.24
Heather Marina,2025-06-30,14:30:00,19.41
Heather Marina,2025-06-30,15:00:00,19.59
Heather Marina,2025-06-30,15:30:00,19.91
Heather Marina,2025-06-30,16:00:00,19.91
Heather Marina,2025-06-30,16:30:00,20.09
Heather Marina,2025-06-30,17:00:00,20.12
Heather Marina,2025-06-30,17:30:00,20.15
Heather Marina,2025-06-30,18:00:00,20.24
Heather Marina,2025-06-30,18:30:00,19.59
Heather Marina,2025-06-30,19:00:00,19.94
Heather Marina,2025-06-30,19:30:00,19.88
Heather Marina,2025-06-30,20:00:00,19.94
Heather Marina,2025-06-30,20:30:00,19.47
Heather Marina,2025-06-30,21:00:00,19.41
Heather Marina,2025-06-30,21:30:00,19.3
Heather Marina,2025-06-30,22:00:00,19.33
Heather Marina,2025-06-30,22:30:00,19.3
Heather Marina,2025-06-30,23:00:00,19.09
Heather Marina,2025-06-30,23:30:00,19.21
Heather Marina,2025-07-01,0:00:00,19.06
Heather Marina,2025-07-01,0:30:00,19
Heather Marina,2025-07-01,1:00:00,19.06
Heather Marina,2025-07-01,1:30:00,19.09
Heather Marina,2025-07-01,2:00:00,19.15
Heather Marina,2025-07-01,2:30:00,19.21
Heather Marina,2025-07-01,3:00:00,19.18
Heather Marina,2025-07-01,3:30:00,19.15
Heather Marina,2025-07-01,4:00:00,19.12
Heather Marina,2025-07-01,4:30:00,19.09
Heather Marina,2025-07-01,5:00:00,19.09
Heather Marina,2025-07-01,5:30:00,19.06
Heather Marina,2025-07-01,6:00:00,19.06
Heather Marina,2025-07-01,6:30:00,19.06
Heather Marina,2025-07-01,7:00:00,19.03
Heather Marina,2025-07-01,7:30:00,19.03
Heather Marina,2025-07-01,8:00:00,19.06
Heather Marina,2025-07-01,8:30:00,19.06
Heather Marina,2025-07-01,9:00:00,19.15
Heather Marina,2025-07-01,9:30:00,19.41
Heather Marina,2025-07-01,10:00:00,19.47
Heather Marina,2025-07-01,10:30:00,19.56
Heather Marina,2025-07-01,11:00:00,19.56
Heather Marina,2025-07-01,11:30:00,19.62
Heather Marina,2025-07-01,12:00:00,19.74
Heather Marina,2025-07-01,12:30:00,19.88
Heather Marina,2025-07-01,13:00:00,20.21
Heather Marina,2025-07-01,13:30:00,20.41
Heather Marina,2025-07-01,14:00:00,20.41
Heather Marina,2025-07-01,14:30:00,20.47
Heather Marina,2025-07-01,15:00:00,20.53
Heather Marina,2025-07-01,15:30:00,20.68
Heather Marina,2025-07-01,16:00:00,20.88
Heather Marina,2025-07-01,16:30:00,20.76
Heather Marina,2025-07-01,17:00:00,20.79
Heather Marina,2025-07-01,17:30:00,21.09
Heather Marina,2025-07-01,18:00:00,21.12
Heather Marina,2025-07-01,18:30:00,20.27
Heather Marina,2025-07-01,19:00:00,20.09
Heather Marina,2025-07-01,19:30:00,20.79
Heather Marina,2025-07-01,20:00:00,20.38
Heather Marina,2025-07-01,20:30:00,19.94
Heather Marina,2025-07-01,21:00:00,19.74
Heather Marina,2025-07-01,21:30:00,19.65
Heather Marina,2025-07-01,22:00:00,19.65
Heather Marina,2025-07-01,22:30:00,19.62
Heather Marina,2025-07-01,23:00:00,19.53
Heather Marina,2025-07-01,23:30:00,19.71
Heather Marina,2025-07-02,0:00:00,19.74
Heather Marina,2025-07-02,0:30:00,19.77
Heather Marina,2025-07-02,1:00:00,19.71
Heather Marina,2025-07-02,1:30:00,19.68
Heather Marina,2025-07-02,2:00:00,19.65
Heather Marina,2025-07-02,2:30:00,19.62
Heather Marina,2025-07-02,3:00:00,19.59
Heather Marina,2025-07-02,3:30:00,19.59
Heather Marina,2025-07-02,4:00:00,19.71
Heather Marina,2025-07-02,4:30:00,19.77
Heather Marina,2025-07-02,5:00:00,19.77
Heather Marina,2025-07-02,5:30:00,19.71
Heather Marina,2025-07-02,6:00:00,19.71
Heather Marina,2025-07-02,6:30:00,19.77
Heather Marina,2025-07-02,7:00:00,19.83
Heather Marina,2025-07-02,7:30:00,19.77
Heather Marina,2025-07-02,8:00:00,19.86
Heather Marina,2025-07-02,8:30:00,19.86
Heather Marina,2025-07-02,9:00:00,19.88
Heather Marina,2025-07-02,9:30:00,19.91
Heather Marina,2025-07-02,10:00:00,19.97
Heather Marina,2025-07-02,10:30:00,19.97
Heather Marina,2025-07-02,11:00:00,19.91
Heather Marina,2025-07-02,11:30:00,19.88
Heather Marina,2025-07-02,12:00:00,19.8
Heather Marina,2025-07-02,12:30:00,19.8
Heather Marina,2025-07-02,13:00:00,20.21
Heather Marina,2025-07-02,13:30:00,20.62
Heather Marina,2025-07-02,14:00:00,20.44
Heather Marina,2025-07-02,14:30:00,20.47
Heather Marina,2025-07-02,15:00:00,20.06
Heather Marina,2025-07-02,15:30:00,20.03
Heather Marina,2025-07-02,16:00:00,20.09
Heather Marina,2025-07-02,16:30:00,20
Heather Marina,2025-07-02,17:00:00,20.68
Heather Marina,2025-07-02,17:30:00,20.97
Heather Marina,2025-07-02,18:00:00,21
Heather Marina,2025-07-02,18:30:00,19.91
Heather Marina,2025-07-02,19:00:00,19.71
Heather Marina,2025-07-02,19:30:00,19.68
Heather Marina,2025-07-02,20:00:00,19.68
Heather Marina,2025-07-02,20:30:00,19.68
Heather Marina,2025-07-02,21:00:00,19.68
Heather Marina,2025-07-02,21:30:00,19.68
Heather Marina,2025-07-02,22:00:00,19.65
Heather Marina,2025-07-02,22:30:00,19.62
Heather Marina,2025-07-02,23:00:00,19.59
Heather Marina,2025-07-02,23:30:00,19.56
Heather Marina,2025-07-03,0:00:00,19.53
Heather Marina,2025-07-03,0:30:00,19.44
Heather Marina,2025-07-03,1:00:00,19.41
Heather Marina,2025-07-03,1:30:00,19.47
Heather Marina,2025-07-03,2:00:00,19.47
Heather Marina,2025-07-03,2:30:00,19.44
Heather Marina,2025-07-03,3:00:00,19.41
Heather Marina,2025-07-03,3:30:00,19.41
Heather Marina,2025-07-03,4:00:00,19.33
Heather Marina,2025-07-03,4:30:00,19.3
Heather Marina,2025-07-03,5:00:00,19.3
Heather Marina,2025-07-03,5:30:00,19.3
Heather Marina,2025-07-03,6:00:00,19.38
Heather Marina,2025-07-03,6:30:00,19.36
Heather Marina,2025-07-03,7:00:00,19.24
Heather Marina,2025-07-03,7:30:00,19.36
Heather Marina,2025-07-03,8:00:00,19.38
Heather Marina,2025-07-03,8:30:00,19.47
Heather Marina,2025-07-03,9:00:00,19.5
Heather Marina,2025-07-03,9:30:00,19.59
Heather Marina,2025-07-03,10:00:00,19.56
Heather Marina,2025-07-03,10:30:00,19.68
Heather Marina,2025-07-03,11:00:00,19.53
Heather Marina,2025-07-03,11:30:00,19.47
Heather Marina,2025-07-03,12:00:00,19.59
Heather Marina,2025-07-03,12:30:00,19.65
Heather Marina,2025-07-03,13:00:00,19.74
Heather Marina,2025-07-03,13:30:00,19.83
Heather Marina,2025-07-03,14:00:00,19.65
Heather Marina,2025-07-03,14:30:00,19.5
Heather Marina,2025-07-03,15:00:00,19.53
Heather Marina,2025-07-03,15:30:00,19.41
Heather Marina,2025-07-03,16:00:00,19.83
Heather Marina,2025-07-03,16:30:00,19.88
Heather Marina,2025-07-03,17:00:00,19.97
Heather Marina,2025-07-03,17:30:00,20.21
Heather Marina,2025-07-03,18:00:00,20.15
Heather Marina,2025-07-03,18:30:00,20.21
Heather Marina,2025-07-03,19:00:00,20.12
Heather Marina,2025-07-03,19:30:00,20.09
Heather Marina,2025-07-03,20:00:00,20.15
Heather Marina,2025-07-03,20:30:00,20.06
Heather Marina,2025-07-03,21:00:00,19.86
Heather Marina,2025-07-03,21:30:00,19.74
Heather Marina,2025-07-03,22:00:00,19.65
Heather Marina,2025-07-03,22:30:00,19.47
Heather Marina,2025-07-03,23:00:00,19.56
Heather Marina,2025-07-03,23:30:00,19.5
Heather Marina,2025-07-04,0:00:00,19.38
Heather Marina,2025-07-04,0:30:00,19.3
Heather Marina,2025-07-04,1:00:00,19.27
Heather Marina,2025-07-04,1:30:00,19.24
Heather Marina,2025-07-04,2:00:00,19.24
Heather Marina,2025-07-04,2:30:00,19.3
Heather Marina,2025-07-04,3:00:00,19.38
Heather Marina,2025-07-04,3:30:00,19.38
Heather Marina,2025-07-04,4:00:00,19.36
Heather Marina,2025-07-04,4:30:00,19.36
Heather Marina,2025-07-04,5:00:00,19.38
Heather Marina,2025-07-04,5:30:00,19.33
Heather Marina,2025-07-04,6:00:00,19.24
Heather Marina,2025-07-04,6:30:00,19.18
Heather Marina,2025-07-04,7:00:00,19.15
Heather Marina,2025-07-04,7:30:00,19.15
Heather Marina,2025-07-04,8:00:00,19.18
Heather Marina,2025-07-04,8:30:00,19.27
Heather Marina,2025-07-04,9:00:00,19.33
Heather Marina,2025-07-04,9:30:00,19.53
Heather Marina,2025-07-04,10:00:00,19.65
Heather Marina,2025-07-04,10:30:00,19.53
Heather Marina,2025-07-04,11:00:00,19.68
Heather Marina,2025-07-04,11:30:00,19.71
Heather Marina,2025-07-04,12:00:00,19.8
Heather Marina,2025-07-04,12:30:00,19.94
Heather Marina,2025-07-04,13:00:00,20.15
Heather Marina,2025-07-04,13:30:00,20.24
Heather Marina,2025-07-04,14:00:00,20.03
Heather Marina,2025-07-04,14:30:00,20.33
Heather Marina,2025-07-04,15:00:00,20.27
Heather Marina,2025-07-04,15:30:00,20.27
Heather Marina,2025-07-04,16:00:00,20.15
Heather Marina,2025-07-04,16:30:00,20.18
Heather Marina,2025-07-04,17:00:00,20.15
Heather Marina,2025-07-04,17:30:00,20.5
Heather Marina,2025-07-04,18:00:00,20.47
Heather Marina,2025-07-04,18:30:00,20.33
Heather Marina,2025-07-04,19:00:00,20.35
Heather Marina,2025-07-04,19:30:00,20.27
Heather Marina,2025-07-04,20:00:00,20.27
Heather Marina,2025-07-04,20:30:00,20.12
Heather Marina,2025-07-04,21:00:00,20.09
Heather Marina,2025-07-04,21:30:00,20.03
Heather Marina,2025-07-04,22:00:00,19.97
Heather Marina,2025-07-04,22:30:00,19.97
Heather Marina,2025-07-04,23:00:00,19.91
Heather Marina,2025-07-04,23:30:00,19.88
Heather Marina,2025-07-05,0:00:00,19.8
Heather Marina,2025-07-05,0:30:00,19.77
Heather Marina,2025-07-05,1:00:00,19.74
Heather Marina,2025-07-05,1:30:00,19.83
Heather Marina,2025-07-05,2:00:00,19.83
Heather Marina,2025-07-05,2:30:00,19.8
Heather Marina,2025-07-05,3:00:00,19.77
Heather Marina,2025-07-05,3:30:00,19.71
Heather Marina,2025-07-05,4:00:00,19.65
Heather Marina,2025-07-05,4:30:00,19.56
Heather Marina,2025-07-05,5:00:00,19.53
Heather Marina,2025-07-05,5:30:00,19.47
Heather Marina,2025-07-05,6:00:00,19.44
Heather Marina,2025-07-05,6:30:00,19.41
Heather Marina,2025-07-05,7:00:00,19.33
Heather Marina,2025-07-05,7:30:00,19.3
Heather Marina,2025-07-05,8:00:00,19.27
Heather Marina,2025-07-05,8:30:00,19.27
Heather Marina,2025-07-05,9:00:00,19.24
Heather Marina,2025-07-05,9:30:00,19.18
Heather Marina,2025-07-05,10:00:00,19.12
Heather Marina,2025-07-05,10:30:00,19.21
Heather Marina,2025-07-05,11:00:00,19.3
Heather Marina,2025-07-05,11:30:00,19.36
Heather Marina,2025-07-05,12:00:00,19.41
Heather Marina,2025-07-05,12:30:00,19.33
Heather Marina,2025-07-05,13:00:00,19.41
Heather Marina,2025-07-05,13:30:00,19.36
Heather Marina,2025-07-05,14:00:00,19.36
Heather Marina,2025-07-05,14:30:00,19.36
Heather Marina,2025-07-05,15:00:00,19.3
Heather Marina,2025-07-05,15:30:00,19.24
Heather Marina,2025-07-05,16:00:00,19.18
Heather Marina,2025-07-05,16:30:00,19.18
Heather Marina,2025-07-05,17:00:00,19.5
Heather Marina,2025-07-05,17:30:00,19.74
Heather Marina,2025-07-05,18:00:00,19.77
Heather Marina,2025-07-05,18:30:00,19.74
Heather Marina,2025-07-05,19:00:00,19.71
Heather Marina,2025-07-05,19:30:00,19.71
Heather Marina,2025-07-05,20:00:00,19.68
Heather Marina,2025-07-05,20:30:00,19.65
Heather Marina,2025-07-05,21:00:00,19.56
Heather Marina,2025-07-05,21:30:00,19.33
Heather Marina,2025-07-05,22:00:00,19.36
Heather Marina,2025-07-05,22:30:00,18.91
Heather Marina,2025-07-05,23:00:00,18.91
Heather Marina,2025-07-05,23:30:00,18.88
Heather Marina,2025-07-06,0:00:00,18.85
Heather Marina,2025-07-06,0:30:00,18.79
Heather Marina,2025-07-06,1:00:00,18.76
Heather Marina,2025-07-06,1:30:00,18.74
Heather Marina,2025-07-06,2:00:00,18.68
Heather Marina,2025-07-06,2:30:00,18.65
Heather Marina,2025-07-06,3:00:00,18.47
Heather Marina,2025-07-06,3:30:00,18.38
Heather Marina,2025-07-06,4:00:00,18.32
Heather Marina,2025-07-06,4:30:00,18.26
Heather Marina,2025-07-06,5:00:00,18.2
Heather Marina,2025-07-06,5:30:00,17.99
Heather Marina,2025-07-06,6:00:00,18.11
Heather Marina,2025-07-06,6:30:00,18.14
Heather Marina,2025-07-06,7:00:00,18.29
Heather Marina,2025-07-06,7:30:00,18.29
Heather Marina,2025-07-06,8:00:00,18.41
Heather Marina,2025-07-06,8:30:00,18.5
Heather Marina,2025-07-06,9:00:00,18.62
Heather Marina,2025-07-06,9:30:00,18.65
Heather Marina,2025-07-06,10:00:00,18.85
Heather Marina,2025-07-06,10:30:00,19.09
Heather Marina,2025-07-06,11:00:00,19.24
Heather Marina,2025-07-06,11:30:00,19.33
Heather Marina,2025-07-06,12:00:00,19.41
Heather Marina,2025-07-06,12:30:00,19.27
Heather Marina,2025-07-06,13:00:00,19.3
Heather Marina,2025-07-06,13:30:00,19.59
Heather Marina,2025-07-06,14:00:00,19.88
Heather Marina,2025-07-06,14:30:00,19.88
Heather Marina,2025-07-06,15:00:00,19.86
Heather Marina,2025-07-06,15:30:00,19.74
Heather Marina,2025-07-06,16:00:00,19.77
Heather Marina,2025-07-06,16:30:00,19.8
Heather Marina,2025-07-06,17:00:00,19.86
Heather Marina,2025-07-06,17:30:00,19.94
Heather Marina,2025-07-06,18:00:00,19.97
Heather Marina,2025-07-06,18:30:00,19.97
Heather Marina,2025-07-06,19:00:00,20
Heather Marina,2025-07-06,19:30:00,20
Heather Marina,2025-07-06,20:00:00,20
Heather Marina,2025-07-06,20:30:00,19.97
Heather Marina,2025-07-06,21:00:00,19.94
Heather Marina,2025-07-06,21:30:00,19.91
Heather Marina,2025-07-06,22:00:00,19.91
Heather Marina,2025-07-06,22:30:00,19.88
Heather Marina,2025-07-06,23:00:00,19.86
Heather Marina,2025-07-06,23:30:00,19.86
Heather Marina,2025-07-07,0:00:00,19.83
Heather Marina,2025-07-07,0:30:00,19.74
Heather Marina,2025-07-07,1:00:00,19.71
Heather Marina,2025-07-07,1:30:00,19.68
Heather Marina,2025-07-07,2:00:00,19.68
Heather Marina,2025-07-07,2:30:00,19.68
Heather Marina,2025-07-07,3:00:00,19.62
Heather Marina,2025-07-07,3:30:00,19.59
Heather Marina,2025-07-07,4:00:00,19.62
Heather Marina,2025-07-07,4:30:00,19.44
Heather Marina,2025-07-07,5:00:00,19.47
Heather Marina,2025-07-07,5:30:00,19.33
Heather Marina,2025-07-07,6:00:00,19.33
Heather Marina,2025-07-07,6:30:00,19.47
Heather Marina,2025-07-07,7:00:00,19.53
Heather Marina,2025-07-07,7:30:00,19.59
Heather Marina,2025-07-07,8:00:00,19.53
Heather Marina,2025-07-07,8:30:00,19.41
Heather Marina,2025-07-07,9:00:00,19.47
Heather Marina,2025-07-07,9:30:00,19.68
Heather Marina,2025-07-07,10:00:00,19.86
Heather Marina,2025-07-07,10:30:00,19.94
Heather Marina,2025-07-07,11:00:00,20.06
Heather Marina,2025-07-07,11:30:00,20.3
Heather Marina,2025-07-07,12:00:00,20.41
Heather Marina,2025-07-07,12:30:00,20.47
Heather Marina,2025-07-07,13:00:00,20.79
Heather Marina,2025-07-07,13:30:00,20.82
Heather Marina,2025-07-07,14:00:00,20.62
Heather Marina,2025-07-07,14:30:00,20.53
Heather Marina,2025-07-07,15:00:00,20.59
Heather Marina,2025-07-07,15:30:00,20.71
Heather Marina,2025-07-07,16:00:00,20.74
Heather Marina,2025-07-07,16:30:00,20.85
Heather Marina,2025-07-07,17:00:00,20.91
Heather Marina,2025-07-07,17:30:00,20.94
Heather Marina,2025-07-07,18:00:00,20.91
Heather Marina,2025-07-07,18:30:00,20.94
Heather Marina,2025-07-07,19:00:00,20.94
Heather Marina,2025-07-07,19:30:00,20.94
Heather Marina,2025-07-07,20:00:00,20.91
Heather Marina,2025-07-07,20:30:00,20.91
Heather Marina,2025-07-07,21:00:00,20.88
Heather Marina,2025-07-07,21:30:00,20.88
Heather Marina,2025-07-07,22:00:00,20.82
Heather Marina,2025-07-07,22:30:00,20.82
Heather Marina,2025-07-07,23:00:00,20.82
Heather Marina,2025-07-07,23:30:00,20.79
Heather Marina,2025-07-08,0:00:00,20.76
Heather Marina,2025-07-08,0:30:00,20.76
Heather Marina,2025-07-08,1:00:00,20.74
Heather Marina,2025-07-08,1:30:00,20.76
Heather Marina,2025-07-08,2:00:00,20.74
Heather Marina,2025-07-08,2:30:00,20.71
Heather Marina,2025-07-08,3:00:00,20.65
Heather Marina,2025-07-08,3:30:00,20.5
Heather Marina,2025-07-08,4:00:00,20.38
Heather Marina,2025-07-08,4:30:00,20.56
Heather Marina,2025-07-08,5:00:00,20.44
Heather Marina,2025-07-08,5:30:00,20.59
Heather Marina,2025-07-08,6:00:00,20.59
Heather Marina,2025-07-08,6:30:00,20.53
Heather Marina,2025-07-08,7:00:00,20.56
Heather Marina,2025-07-08,7:30:00,20.5
Heather Marina,2025-07-08,8:00:00,20.41
Heather Marina,2025-07-08,8:30:00,20.41
Heather Marina,2025-07-08,9:00:00,20.38
Heather Marina,2025-07-08,9:30:00,20.47
Heather Marina,2025-07-08,10:00:00,20.53
Heather Marina,2025-07-08,10:30:00,20.53
Heather Marina,2025-07-08,11:00:00,20.68
Heather Marina,2025-07-08,11:30:00,20.82
Heather Marina,2025-07-08,12:00:00,20.91
Heather Marina,2025-07-08,12:30:00,21.03
Heather Marina,2025-07-08,13:00:00,21.17
Heather Marina,2025-07-08,13:30:00,21.29
Heather Marina,2025-07-08,14:00:00,21.29
Heather Marina,2025-07-08,14:30:00,21.2
Heather Marina,2025-07-08,15:00:00,21.23
Heather Marina,2025-07-08,15:30:00,21.52
Heather Marina,2025-07-08,16:00:00,21.47
Heather Marina,2025-07-08,16:30:00,21.55
Heather Marina,2025-07-08,17:00:00,21.52
Heather Marina,2025-07-08,17:30:00,21.49
Heather Marina,2025-07-08,18:00:00,21.47
Heather Marina,2025-07-08,18:30:00,21.44
Heather Marina,2025-07-08,19:00:00,21.38
Heather Marina,2025-07-08,19:30:00,21.32
Heather Marina,2025-07-08,20:00:00,21.2
Heather Marina,2025-07-08,20:30:00,21.23
Heather Marina,2025-07-08,21:00:00,21.2
Heather Marina,2025-07-08,21:30:00,21.2
Heather Marina,2025-07-08,22:00:00,21.2
Heather Marina,2025-07-08,22:30:00,21.23
Heather Marina,2025-07-08,23:00:00,21.2
Heather Marina,2025-07-08,23:30:00,21.2
Heather Marina,2025-07-09,0:00:00,21.17
Heather Marina,2025-07-09,0:30:00,21.12
Heather Marina,2025-07-09,1:00:00,20.97
Heather Marina,2025-07-09,1:30:00,19.83
Heather Marina,2025-07-09,2:00:00,19.59
Heather Marina,2025-07-09,2:30:00,19.38
Heather Marina,2025-07-09,3:00:00,19.59
Heather Marina,2025-07-09,3:30:00,19.44
Heather Marina,2025-07-09,4:00:00,19.56
Heather Marina,2025-07-09,4:30:00,19.62
Heather Marina,2025-07-09,5:00:00,19.86
Heather Marina,2025-07-09,5:30:00,19.88
Heather Marina,2025-07-09,6:00:00,19.88
Heather Marina,2025-07-09,6:30:00,19.91
Heather Marina,2025-07-09,7:00:00,19.91
Heather Marina,2025-07-09,7:30:00,19.88
Heather Marina,2025-07-09,8:00:00,19.86
Heather Marina,2025-07-09,8:30:00,19.88
Heather Marina,2025-07-09,9:00:00,19.91
Heather Marina,2025-07-09,9:30:00,19.86
Heather Marina,2025-07-09,10:00:00,19.86
Heather Marina,2025-07-09,10:30:00,19.86
Heather Marina,2025-07-09,11:00:00,19.88
Heather Marina,2025-07-09,11:30:00,19.88
Heather Marina,2025-07-09,12:00:00,20.12
Heather Marina,2025-07-09,12:30:00,20.38
Heather Marina,2025-07-09,13:00:00,20.18
Heather Marina,2025-07-09,13:30:00,20.21
Heather Marina,2025-07-09,14:00:00,20.18
Heather Marina,2025-07-09,14:30:00,20.38
Heather Marina,2025-07-09,15:00:00,20.47
Heather Marina,2025-07-09,15:30:00,20.59
Heather Marina,2025-07-09,16:00:00,20.5
Heather Marina,2025-07-09,16:30:00,20.68
Heather Marina,2025-07-09,17:00:00,20.59
Heather Marina,2025-07-09,17:30:00,20.44
Heather Marina,2025-07-09,18:00:00,20.44
Heather Marina,2025-07-09,18:30:00,20.3
Heather Marina,2025-07-09,19:00:00,20.21
Heather Marina,2025-07-09,19:30:00,20.35
Heather Marina,2025-07-09,20:00:00,20.53
Heather Marina,2025-07-09,20:30:00,20.53
Heather Marina,2025-07-09,21:00:00,20.47
Heather Marina,2025-07-09,21:30:00,20.47
Heather Marina,2025-07-09,22:00:00,20.38
Heather Marina,2025-07-09,22:30:00,20.38
Heather Marina,2025-07-09,23:00:00,20.35
Heather Marina,2025-07-09,23:30:00,20.3
Heather Marina,2025-07-10,0:00:00,20.27
Heather Marina,2025-07-10,0:30:00,20.18
Heather Marina,2025-07-10,1:00:00,20.15
Heather Marina,2025-07-10,1:30:00,20.12
Heather Marina,2025-07-10,2:00:00,20.03
Heather Marina,2025-07-10,2:30:00,20
Heather Marina,2025-07-10,3:00:00,19.97
Heather Marina,2025-07-10,3:30:00,19.97
Heather Marina,2025-07-10,4:00:00,19.91
Heather Marina,2025-07-10,4:30:00,19.83
Heather Marina,2025-07-10,5:00:00,19.83
Heather Marina,2025-07-10,5:30:00,19.8
Heather Marina,2025-07-10,6:00:00,19.71
Heather Marina,2025-07-10,6:30:00,19.71
Heather Marina,2025-07-10,7:00:00,19.71
Heather Marina,2025-07-10,7:30:00,19.71
Heather Marina,2025-07-10,8:00:00,19.71
Heather Marina,2025-07-10,8:30:00,19.65
Heather Marina,2025-07-10,9:00:00,19.62
Heather Marina,2025-07-10,9:30:00,19.68
Heather Marina,2025-07-10,10:00:00,19.77
Heather Marina,2025-07-10,10:30:00,19.86
Heather Marina,2025-07-10,11:00:00,19.77
Heather Marina,2025-07-10,11:30:00,19.86
Heather Marina,2025-07-10,12:00:00,20
Heather Marina,2025-07-10,12:30:00,20.09
Heather Marina,2025-07-10,13:00:00,20.12
Heather Marina,2025-07-10,13:30:00,20.41
Heather Marina,2025-07-10,14:00:00,20.3
Heather Marina,2025-07-10,14:30:00,20.3
Heather Marina,2025-07-10,15:00:00,20.5
Heather Marina,2025-07-10,15:30:00,20.68
Heather Marina,2025-07-10,16:00:00,20.56
Heather Marina,2025-07-10,16:30:00,20.5
Heather Marina,2025-07-10,17:00:00,20.41
Heather Marina,2025-07-10,17:30:00,20.35
Heather Marina,2025-07-10,18:00:00,20.35
Heather Marina,2025-07-10,18:30:00,20.18
Heather Marina,2025-07-10,19:00:00,20.21
Heather Marina,2025-07-10,19:30:00,20.24
Heather Marina,2025-07-10,20:00:00,20.15
Heather Marina,2025-07-10,20:30:00,20.09
Heather Marina,2025-07-10,21:00:00,20.06
Heather Marina,2025-07-10,21:30:00,19.97
Heather Marina,2025-07-10,22:00:00,19.94
Heather Marina,2025-07-10,22:30:00,19.86
Heather Marina,2025-07-10,23:00:00,19.8
Heather Marina,2025-07-10,23:30:00,19.74
Heather Marina,2025-07-11,0:00:00,19.77
Heather Marina,2025-07-11,0:30:00,19.8
Heather Marina,2025-07-11,1:00:00,19.8
Heather Marina,2025-07-11,1:30:00,19.68
Heather Marina,2025-07-11,2:00:00,19.65
Heather Marina,2025-07-11,2:30:00,19.68
Heather Marina,2025-07-11,3:00:00,19.65
Heather Marina,2025-07-11,3:30:00,19.18
Heather Marina,2025-07-11,4:00:00,19.21
Heather Marina,2025-07-11,4:30:00,19.18
Heather Marina,2025-07-11,5:00:00,19.18
Heather Marina,2025-07-11,5:30:00,19.06
Heather Marina,2025-07-11,6:00:00,18.97
Heather Marina,2025-07-11,6:30:00,19
Heather Marina,2025-07-11,7:00:00,19.03
Heather Marina,2025-07-11,7:30:00,19.24
Heather Marina,2025-07-11,8:00:00,19.3
Heather Marina,2025-07-11,8:30:00,19.33
Heather Marina,2025-07-11,9:00:00,19.36
Heather Marina,2025-07-11,9:30:00,19.36
Heather Marina,2025-07-11,10:00:00,19.5
Heather Marina,2025-07-11,10:30:00,19.59
Heather Marina,2025-07-11,11:00:00,19.88
Heather Marina,2025-07-11,11:30:00,19.94
Heather Marina,2025-07-11,12:00:00,20.18
Heather Marina,2025-07-11,12:30:00,20.3
Heather Marina,2025-07-11,13:00:00,20.41
Heather Marina,2025-07-11,13:30:00,20.62
Heather Marina,2025-07-11,14:00:00,20.76
Heather Marina,2025-07-11,14:30:00,20.91
Heather Marina,2025-07-11,15:00:00,21.32
Heather Marina,2025-07-11,15:30:00,21.41
Heather Marina,2025-07-11,16:00:00,21.14
Heather Marina,2025-07-11,16:30:00,20.94
Heather Marina,2025-07-11,17:00:00,20.91
Heather Marina,2025-07-11,17:30:00,21.12
Heather Marina,2025-07-11,18:00:00,21.58
Heather Marina,2025-07-11,18:30:00,21.17
Heather Marina,2025-07-11,19:00:00,21.17
Heather Marina,2025-07-11,19:30:00,21.29
Heather Marina,2025-07-11,20:00:00,21.29
Heather Marina,2025-07-11,20:30:00,21.29
Heather Marina,2025-07-11,21:00:00,21.29
Heather Marina,2025-07-11,21:30:00,21.26
Heather Marina,2025-07-11,22:00:00,21.23
Heather Marina,2025-07-11,22:30:00,21.2
Heather Marina,2025-07-11,23:00:00,21.2
Heather Marina,2025-07-11,23:30:00,21.2
Heather Marina,2025-07-12,0:00:00,21.2
Heather Marina,2025-07-12,0:30:00,21.17
Heather Marina,2025-07-12,1:00:00,21.17
Heather Marina,2025-07-12,1:30:00,21.12
Heather Marina,2025-07-12,2:00:00,21.12
Heather Marina,2025-07-12,2:30:00,21.12
Heather Marina,2025-07-12,3:00:00,20.44
Heather Marina,2025-07-12,3:30:00,20.35
Heather Marina,2025-07-12,4:00:00,20.35
Heather Marina,2025-07-12,4:30:00,20.68
Heather Marina,2025-07-12,5:00:00,20.68
Heather Marina,2025-07-12,5:30:00,20.59
Heather Marina,2025-07-12,6:00:00,20.09
Heather Marina,2025-07-12,6:30:00,19.97
Heather Marina,2025-07-12,7:00:00,20
Heather Marina,2025-07-12,7:30:00,20.12
Heather Marina,2025-07-12,8:00:00,20.24
Heather Marina,2025-07-12,8:30:00,20.3
Heather Marina,2025-07-12,9:00:00,20.35
Heather Marina,2025-07-12,9:30:00,20.41
Heather Marina,2025-07-12,10:00:00,20.44
Heather Marina,2025-07-12,10:30:00,20.62
Heather Marina,2025-07-12,11:00:00,20.85
Heather Marina,2025-07-12,11:30:00,21.29
Heather Marina,2025-07-12,12:00:00,21.44
Heather Marina,2025-07-12,12:30:00,21.55
Heather Marina,2025-07-12,13:00:00,21.76
Heather Marina,2025-07-12,13:30:00,21.96
Heather Marina,2025-07-12,14:00:00,22.17
Heather Marina,2025-07-12,14:30:00,22.31
Heather Marina,2025-07-12,15:00:00,22.28
Heather Marina,2025-07-12,15:30:00,22.49
Heather Marina,2025-07-12,16:00:00,22.28
Heather Marina,2025-07-12,16:30:00,22.14
Heather Marina,2025-07-12,17:00:00,22.05
Heather Marina,2025-07-12,17:30:00,22.46
Heather Marina,2025-07-12,18:00:00,22.4
Heather Marina,2025-07-12,18:30:00,22.43
Heather Marina,2025-07-12,19:00:00,22.43
Heather Marina,2025-07-12,19:30:00,22.31
Heather Marina,2025-07-12,20:00:00,22.22
Heather Marina,2025-07-12,20:30:00,22.17
Heather Marina,2025-07-12,21:00:00,22.14
Heather Marina,2025-07-12,21:30:00,22.14
Heather Marina,2025-07-12,22:00:00,22.14
Heather Marina,2025-07-12,22:30:00,22.11
Heather Marina,2025-07-12,23:00:00,21.96
Heather Marina,2025-07-12,23:30:00,21.9
Heather Marina,2025-07-13,0:00:00,21.99
Heather Marina,2025-07-13,0:30:00,22.02
Heather Marina,2025-07-13,1:00:00,21.96
Heather Marina,2025-07-13,1:30:00,21.9
Heather Marina,2025-07-13,2:00:00,21.9
Heather Marina,2025-07-13,2:30:00,21.96
Heather Marina,2025-07-13,3:00:00,21.84
Heather Marina,2025-07-13,3:30:00,21.76
Heather Marina,2025-07-13,4:00:00,21.67
Heather Marina,2025-07-13,4:30:00,21.87
Heather Marina,2025-07-13,5:00:00,21.93
Heather Marina,2025-07-13,5:30:00,21.9
Heather Marina,2025-07-13,6:00:00,21.87
Heather Marina,2025-07-13,6:30:00,21.84
Heather Marina,2025-07-13,7:00:00,21.82
Heather Marina,2025-07-13,7:30:00,21.87
Heather Marina,2025-07-13,8:00:00,21.9
Heather Marina,2025-07-13,8:30:00,21.93
Heather Marina,2025-07-13,9:00:00,21.93
Heather Marina,2025-07-13,9:30:00,21.99
Heather Marina,2025-07-13,10:00:00,22.14
Heather Marina,2025-07-13,10:30:00,22.19
Heather Marina,2025-07-13,11:00:00,22.22
Heather Marina,2025-07-13,11:30:00,22.43
Heather Marina,2025-07-13,12:00:00,22.49
Heather Marina,2025-07-13,12:30:00,22.69
Heather Marina,2025-07-13,13:00:00,22.89
Heather Marina,2025-07-13,13:30:00,23.1
Heather Marina,2025-07-13,14:00:00,23.18
Heather Marina,2025-07-13,14:30:00,23.3
Heather Marina,2025-07-13,15:00:00,23.5
Heather Marina,2025-07-13,15:30:00,23.36
Heather Marina,2025-07-13,16:00:00,23.62
Heather Marina,2025-07-13,16:30:00,23.76
Heather Marina,2025-07-13,17:00:00,23.65
Heather Marina,2025-07-13,17:30:00,23.5
Heather Marina,2025-07-13,18:00:00,23.59
Heather Marina,2025-07-13,18:30:00,23.73
Heather Marina,2025-07-13,19:00:00,23.39
Heather Marina,2025-07-13,19:30:00,23.27
Heather Marina,2025-07-13,20:00:00,23.3
Heather Marina,2025-07-13,20:30:00,23.3
Heather Marina,2025-07-13,21:00:00,23.18
Heather Marina,2025-07-13,21:30:00,23.18
Heather Marina,2025-07-13,22:00:00,23.12
Heather Marina,2025-07-13,22:30:00,23.07
Heather Marina,2025-07-13,23:00:00,23.04
Heather Marina,2025-07-13,23:30:00,23.01
Heather Marina,2025-07-14,0:00:00,22.95
Heather Marina,2025-07-14,0:30:00,22.95
Heather Marina,2025-07-14,1:00:00,22.86
Heather Marina,2025-07-14,1:30:00,22.83
Heather Marina,2025-07-14,2:00:00,22.78
Heather Marina,2025-07-14,2:30:00,22.83
Heather Marina,2025-07-14,3:00:00,22.78
Heather Marina,2025-07-14,3:30:00,22.75
Heather Marina,2025-07-14,4:00:00,22.69
Heather Marina,2025-07-14,4:30:00,22.66
Heather Marina,2025-07-14,5:00:00,22.46
Heather Marina,2025-07-14,5:30:00,22.4
Heather Marina,2025-07-14,6:00:00,22.43
Heather Marina,2025-07-14,6:30:00,22.49
Heather Marina,2025-07-14,7:00:00,22.43
Heather Marina,2025-07-14,7:30:00,22.46
Heather Marina,2025-07-14,8:00:00,22.43
Heather Marina,2025-07-14,8:30:00,22.34
Heather Marina,2025-07-14,9:00:00,22.34
Heather Marina,2025-07-14,9:30:00,22.34
Heather Marina,2025-07-14,10:00:00,22.28
Heather Marina,2025-07-14,10:30:00,22.31
Heather Marina,2025-07-14,11:00:00,22.34
Heather Marina,2025-07-14,11:30:00,22.46
Heather Marina,2025-07-14,12:00:00,22.54
Heather Marina,2025-07-14,12:30:00,22.57
Heather Marina,2025-07-14,13:00:00,22.6
Heather Marina,2025-07-14,13:30:00,22.69
Heather Marina,2025-07-14,14:00:00,22.78
Heather Marina,2025-07-14,14:30:00,22.89
Heather Marina,2025-07-14,15:00:00,23.01
Heather Marina,2025-07-14,15:30:00,23.15
Heather Marina,2025-07-14,16:00:00,23.15
Heather Marina,2025-07-14,16:30:00,23.5
Heather Marina,2025-07-14,17:00:00,23.39
Heather Marina,2025-07-14,17:30:00,23.36
Heather Marina,2025-07-14,18:00:00,23.39
Heather Marina,2025-07-14,18:30:00,23.36
Heather Marina,2025-07-14,19:00:00,23.27
Heather Marina,2025-07-14,19:30:00,23.24
Heather Marina,2025-07-14,20:00:00,23.24
Heather Marina,2025-07-14,20:30:00,23.18
Heather Marina,2025-07-14,21:00:00,23.12
Heather Marina,2025-07-14,21:30:00,23.07
Heather Marina,2025-07-14,22:00:00,23.01
Heather Marina,2025-07-14,22:30:00,22.92
Heather Marina,2025-07-14,23:00:00,22.92
Heather Marina,2025-07-14,23:30:00,22.92
Heather Marina,2025-07-15,0:00:00,22.92
Heather Marina,2025-07-15,0:30:00,22.92
Heather Marina,2025-07-15,1:00:00,22.89
Heather Marina,2025-07-15,1:30:00,22.83
Heather Marina,2025-07-15,2:00:00,22.83
Heather Marina,2025-07-15,2:30:00,22.78
Heather Marina,2025-07-15,3:00:00,22.66
Heather Marina,2025-07-15,3:30:00,22.6
Heather Marina,2025-07-15,4:00:00,22.57
Heather Marina,2025-07-15,4:30:00,22.54
Heather Marina,2025-07-15,5:00:00,22.51
Heather Marina,2025-07-15,5:30:00,22.46
Heather Marina,2025-07-15,6:00:00,22.43
Heather Marina,2025-07-15,6:30:00,22.43
Heather Marina,2025-07-15,7:00:00,22.43
Heather Marina,2025-07-15,7:30:00,22.43
Heather Marina,2025-07-15,8:00:00,22.4
Heather Marina,2025-07-15,8:30:00,22.4
Heather Marina,2025-07-15,9:00:00,22.37
Heather Marina,2025-07-15,9:30:00,22.4
Heather Marina,2025-07-15,10:00:00,22.34
Heather Marina,2025-07-15,10:30:00,22.34
Heather Marina,2025-07-15,11:00:00,22.57
Heather Marina,2025-07-15,11:30:00,22.51
Heather Marina,2025-07-15,12:00:00,22.57
Heather Marina,2025-07-15,12:30:00,22.63
Heather Marina,2025-07-15,13:00:00,22.89
Heather Marina,2025-07-15,13:30:00,23.07
Heather Marina,2025-07-15,14:00:00,23.15
Heather Marina,2025-07-15,14:30:00,23.27
Heather Marina,2025-07-15,15:00:00,23.39
Heather Marina,2025-07-15,15:30:00,23.36
Heather Marina,2025-07-15,16:00:00,23.21
Heather Marina,2025-07-15,16:30:00,23.27
Heather Marina,2025-07-15,17:00:00,23.33
Heather Marina,2025-07-15,17:30:00,23.47
Heather Marina,2025-07-15,18:00:00,23.56
Heather Marina,2025-07-15,18:30:00,23.56
Heather Marina,2025-07-15,19:00:00,23.33
Heather Marina,2025-07-15,19:30:00,23.3
Heather Marina,2025-07-15,20:00:00,23.27
Heather Marina,2025-07-15,20:30:00,23.24
Heather Marina,2025-07-15,21:00:00,23.21
Heather Marina,2025-07-15,21:30:00,23.18
Heather Marina,2025-07-15,22:00:00,23.15
Heather Marina,2025-07-15,22:30:00,23.1
Heather Marina,2025-07-15,23:00:00,23.04
Heather Marina,2025-07-15,23:30:00,22.98
Heather Marina,2025-07-16,0:00:00,22.95
Heather Marina,2025-07-16,0:30:00,22.95
Heather Marina,2025-07-16,1:00:00,22.92
Heather Marina,2025-07-16,1:30:00,22.89
Heather Marina,2025-07-16,2:00:00,22.89
Heather Marina,2025-07-16,2:30:00,22.86
Heather Marina,2025-07-16,3:00:00,22.83
Heather Marina,2025-07-16,3:30:00,22.8
Heather Marina,2025-07-16,4:00:00,22.69
Heather Marina,2025-07-16,4:30:00,22.6
Heather Marina,2025-07-16,5:00:00,22.69
Heather Marina,2025-07-16,5:30:00,22.57
Heather Marina,2025-07-16,6:00:00,22.43
Heather Marina,2025-07-16,6:30:00,22.34
Heather Marina,2025-07-16,7:00:00,22.05
Heather Marina,2025-07-16,7:30:00,21.9
Heather Marina,2025-07-16,8:00:00,22.14
Heather Marina,2025-07-16,8:30:00,22.17
Heather Marina,2025-07-16,9:00:00,22.14
Heather Marina,2025-07-16,9:30:00,22.11
Heather Marina,2025-07-16,10:00:00,22.14
Heather Marina,2025-07-16,10:30:00,22.11
Heather Marina,2025-07-16,11:00:00,22.17
Heather Marina,2025-07-16,11:30:00,22.37
Heather Marina,2025-07-16,12:00:00,22.6
Heather Marina,2025-07-16,12:30:00,22.72
Heather Marina,2025-07-16,13:00:00,22.83
Heather Marina,2025-07-16,13:30:00,23.07
Heather Marina,2025-07-16,14:00:00,23.18
Heather Marina,2025-07-16,14:30:00,23.24
Heather Marina,2025-07-16,15:00:00,23.27
Heather Marina,2025-07-16,15:30:00,23.27
Heather Marina,2025-07-16,16:00:00,23.36
Heather Marina,2025-07-16,16:30:00,23.44
Heather Marina,2025-07-16,17:00:00,23.56
Heather Marina,2025-07-16,17:30:00,23.44
Heather Marina,2025-07-16,18:00:00,23.62
Heather Marina,2025-07-16,18:30:00,23.62
Heather Marina,2025-07-16,19:00:00,23.59
Heather Marina,2025-07-16,19:30:00,23.47
Heather Marina,2025-07-16,20:00:00,23.39
Heather Marina,2025-07-16,20:30:00,23.24
Heather Marina,2025-07-16,21:00:00,23.1
Heather Marina,2025-07-16,21:30:00,22.98
Heather Marina,2025-07-16,22:00:00,22.92
Heather Marina,2025-07-16,22:30:00,22.89
Heather Marina,2025-07-16,23:00:00,22.69
Heather Marina,2025-07-16,23:30:00,22.66
Heather Marina,2025-07-17,0:00:00,22.63
Heather Marina,2025-07-17,0:30:00,22.63
Heather Marina,2025-07-17,1:00:00,22.6
Heather Marina,2025-07-17,1:30:00,22.54
Heather Marina,2025-07-17,2:00:00,22.4
Heather Marina,2025-07-17,2:30:00,22.31
Heather Marina,2025-07-17,3:00:00,22.22
Heather Marina,2025-07-17,3:30:00,22.22
Heather Marina,2025-07-17,4:00:00,22.14
Heather Marina,2025-07-17,4:30:00,22.14
Heather Marina,2025-07-17,5:00:00,22.05
Heather Marina,2025-07-17,5:30:00,22.02
Heather Marina,2025-07-17,6:00:00,21.99
Heather Marina,2025-07-17,6:30:00,21.96
Heather Marina,2025-07-17,7:00:00,21.87
Heather Marina,2025-07-17,7:30:00,21.76
Heather Marina,2025-07-17,8:00:00,21.87
Heather Marina,2025-07-17,8:30:00,21.93
Heather Marina,2025-07-17,9:00:00,21.82
Heather Marina,2025-07-17,9:30:00,21.82
Heather Marina,2025-07-17,10:00:00,21.82
Heather Marina,2025-07-17,10:30:00,21.87
Heather Marina,2025-07-17,11:00:00,22.05
Heather Marina,2025-07-17,11:30:00,22.31
Heather Marina,2025-07-17,12:00:00,22.37
Heather Marina,2025-07-17,12:30:00,22.46
Heather Marina,2025-07-17,13:00:00,22.63
Heather Marina,2025-07-17,13:30:00,22.72
Heather Marina,2025-07-17,14:00:00,22.83
Heather Marina,2025-07-17,14:30:00,22.92
Heather Marina,2025-07-17,15:00:00,23.04
Heather Marina,2025-07-17,15:30:00,23.15
Heather Marina,2025-07-17,16:00:00,23.21
Heather Marina,2025-07-17,16:30:00,23.24
Heather Marina,2025-07-17,17:00:00,23.27
Heather Marina,2025-07-17,17:30:00,23.39
Heather Marina,2025-07-17,18:00:00,23.41
Heather Marina,2025-07-17,18:30:00,23.39
Heather Marina,2025-07-17,19:00:00,23.36
Heather Marina,2025-07-17,19:30:00,23.33
Heather Marina,2025-07-17,20:00:00,23.18
Heather Marina,2025-07-17,20:30:00,23.12
Heather Marina,2025-07-17,21:00:00,23.04
Heather Marina,2025-07-17,21:30:00,22.95
Heather Marina,2025-07-17,22:00:00,22.92
Heather Marina,2025-07-17,22:30:00,22.83
Heather Marina,2025-07-17,23:00:00,22.78
Heather Marina,2025-07-17,23:30:00,22.75
Heather Marina,2025-07-18,0:00:00,22.72
Heather Marina,2025-07-18,0:30:00,22.63
Heather Marina,2025-07-18,1:00:00,22.57
Heather Marina,2025-07-18,1:30:00,22.46
Heather Marina,2025-07-18,2:00:00,22.34
Heather Marina,2025-07-18,2:30:00,22.37
Heather Marina,2025-07-18,3:00:00,22.28
Heather Marina,2025-07-18,3:30:00,22.22
Heather Marina,2025-07-18,4:00:00,22.17
Heather Marina,2025-07-18,4:30:00,22.08
Heather Marina,2025-07-18,5:00:00,22.05
Heather Marina,2025-07-18,5:30:00,22.05
Heather Marina,2025-07-18,6:00:00,22.11
Heather Marina,2025-07-18,6:30:00,22.02
Heather Marina,2025-07-18,7:00:00,21.84
Heather Marina,2025-07-18,7:30:00,21.23
Heather Marina,2025-07-18,8:00:00,21.23
Heather Marina,2025-07-18,8:30:00,21.2
Heather Marina,2025-07-18,9:00:00,21.12
Heather Marina,2025-07-18,9:30:00,21.26
Heather Marina,2025-07-18,10:00:00,21.29
Heather Marina,2025-07-18,10:30:00,21.32
Heather Marina,2025-07-18,11:00:00,21.35
Heather Marina,2025-07-18,11:30:00,21.44
Heather Marina,2025-07-18,12:00:00,21.41
Heather Marina,2025-07-18,12:30:00,21.47
Heather Marina,2025-07-18,13:00:00,21.47
Heather Marina,2025-07-18,13:30:00,21.49
Heather Marina,2025-07-18,14:00:00,21.47
Heather Marina,2025-07-18,14:30:00,21.93
Heather Marina,2025-07-18,15:00:00,22.19
Heather Marina,2025-07-18,15:30:00,22.14
Heather Marina,2025-07-18,16:00:00,22.17
Heather Marina,2025-07-18,16:30:00,22.14
Heather Marina,2025-07-18,17:00:00,22.17
Heather Marina,2025-07-18,17:30:00,21.99
Heather Marina,2025-07-18,18:00:00,21.76
Heather Marina,2025-07-18,18:30:00,21.73
Heather Marina,2025-07-18,19:00:00,21.82
Heather Marina,2025-07-18,19:30:00,21.58
Heather Marina,2025-07-18,20:00:00,21.55
Heather Marina,2025-07-18,20:30:00,21.41
Heather Marina,2025-07-18,21:00:00,21.38
Heather Marina,2025-07-18,21:30:00,21.32
Heather Marina,2025-07-18,22:00:00,21.26
Heather Marina,2025-07-18,22:30:00,21.14
Heather Marina,2025-07-18,23:00:00,21.06
Heather Marina,2025-07-18,23:30:00,21
Heather Marina,2025-07-19,0:00:00,21
Heather Marina,2025-07-19,0:30:00,20.97
Heather Marina,2025-07-19,1:00:00,20.94
Heather Marina,2025-07-19,1:30:00,20.91
Heather Marina,2025-07-19,2:00:00,20.88
Heather Marina,2025-07-19,2:30:00,20.79
Heather Marina,2025-07-19,3:00:00,20.71
Heather Marina,2025-07-19,3:30:00,20.65
Heather Marina,2025-07-19,4:00:00,20.59
Heather Marina,2025-07-19,4:30:00,20.47
Heather Marina,2025-07-19,5:00:00,20.44
Heather Marina,2025-07-19,5:30:00,20.38
Heather Marina,2025-07-19,6:00:00,20.33
Heather Marina,2025-07-19,6:30:00,20.3
Heather Marina,2025-07-19,7:00:00,20.35
Heather Marina,2025-07-19,7:30:00,20.3
Heather Marina,2025-07-19,8:00:00,20.24
Heather Marina,2025-07-19,8:30:00,19.97
Heather Marina,2025-07-19,9:00:00,19.74
Heather Marina,2025-07-19,9:30:00,19.71
Heather Marina,2025-07-19,10:00:00,19.74
Heather Marina,2025-07-19,10:30:00,20.03
Heather Marina,2025-07-19,11:00:00,19.59
Heather Marina,2025-07-19,11:30:00,19.56
Heather Marina,2025-07-19,12:00:00,19.44
Heather Marina,2025-07-19,12:30:00,19.3
Heather Marina,2025-07-19,13:00:00,19.21
Heather Marina,2025-07-19,13:30:00,19.21
Heather Marina,2025-07-19,14:00:00,19.41
Heather Marina,2025-07-19,14:30:00,19.44
Heather Marina,2025-07-19,15:00:00,19.47
Heather Marina,2025-07-19,15:30:00,19.59
Heather Marina,2025-07-19,16:00:00,19.62
Heather Marina,2025-07-19,16:30:00,19.53
Heather Marina,2025-07-19,17:00:00,19.62
Heather Marina,2025-07-19,17:30:00,19.65
Heather Marina,2025-07-19,18:00:00,19.74
Heather Marina,2025-07-19,18:30:00,19.68
Heather Marina,2025-07-19,19:00:00,19.59
Heather Marina,2025-07-19,19:30:00,19.41
Heather Marina,2025-07-19,20:00:00,19.3
Heather Marina,2025-07-19,20:30:00,19.18
Heather Marina,2025-07-19,21:00:00,19.15
Heather Marina,2025-07-19,21:30:00,19.15
Heather Marina,2025-07-19,22:00:00,19.12
Heather Marina,2025-07-19,22:30:00,18.91
Heather Marina,2025-07-19,23:00:00,18.88
Heather Marina,2025-07-19,23:30:00,18.85
Heather Marina,2025-07-20,0:00:00,18.71
Heather Marina,2025-07-20,0:30:00,18.71
Heather Marina,2025-07-20,1:00:00,18.76
Heather Marina,2025-07-20,1:30:00,18.71
Heather Marina,2025-07-20,2:00:00,18.56
Heather Marina,2025-07-20,2:30:00,18.56
Heather Marina,2025-07-20,3:00:00,18.53
Heather Marina,2025-07-20,3:30:00,18.44
Heather Marina,2025-07-20,4:00:00,18.41
Heather Marina,2025-07-20,4:30:00,18.32
Heather Marina,2025-07-20,5:00:00,18.26
Heather Marina,2025-07-20,5:30:00,18.26
Heather Marina,2025-07-20,6:00:00,18.26
Heather Marina,2025-07-20,6:30:00,18.32
Heather Marina,2025-07-20,7:00:00,18.26
Heather Marina,2025-07-20,7:30:00,18.2
Heather Marina,2025-07-20,8:00:00,18.11
Heather Marina,2025-07-20,8:30:00,18.08
Heather Marina,2025-07-20,9:00:00,18.2
Heather Marina,2025-07-20,9:30:00,18.23
Heather Marina,2025-07-20,10:00:00,18.32
Heather Marina,2025-07-20,10:30:00,18.41
Heather Marina,2025-07-20,11:00:00,18.47
Heather Marina,2025-07-20,11:30:00,18.65
Heather Marina,2025-07-20,12:00:00,18.71
Heather Marina,2025-07-20,12:30:00,18.79
Heather Marina,2025-07-20,13:00:00,18.88
Heather Marina,2025-07-20,13:30:00,19.03
Heather Marina,2025-07-20,14:00:00,19.12
Heather Marina,2025-07-20,14:30:00,19.24
Heather Marina,2025-07-20,15:00:00,19.3
Heather Marina,2025-07-20,15:30:00,19.41
Heather Marina,2025-07-20,16:00:00,19.41
Heather Marina,2025-07-20,16:30:00,19.33
Heather Marina,2025-07-20,17:00:00,19.44
Heather Marina,2025-07-20,17:30:00,19.56
Heather Marina,2025-07-20,18:00:00,19.62
Heather Marina,2025-07-20,18:30:00,19.65
Heather Marina,2025-07-20,19:00:00,19.65
Heather Marina,2025-07-20,19:30:00,19.62
Heather Marina,2025-07-20,20:00:00,19.53
Heather Marina,2025-07-20,20:30:00,19.47
Heather Marina,2025-07-20,21:00:00,19.36
Heather Marina,2025-07-20,21:30:00,19.33
Heather Marina,2025-07-20,22:00:00,19.27
Heather Marina,2025-07-20,22:30:00,19.18
Heather Marina,2025-07-20,23:00:00,19.15
Heather Marina,2025-07-20,23:30:00,19.12
Heather Marina,2025-07-21,0:00:00,19.12
Heather Marina,2025-07-21,0:30:00,19.06
Heather Marina,2025-07-21,1:00:00,19.06
Heather Marina,2025-07-21,1:30:00,19
Heather Marina,2025-07-21,2:00:00,19
Heather Marina,2025-07-21,2:30:00,18.94
Heather Marina,2025-07-21,3:00:00,18.91
Heather Marina,2025-07-21,3:30:00,18.91
Heather Marina,2025-07-21,4:00:00,19
Heather Marina,2025-07-21,4:30:00,18.94
Heather Marina,2025-07-21,5:00:00,18.97
Heather Marina,2025-07-21,5:30:00,19.03
Heather Marina,2025-07-21,6:00:00,19.06
Heather Marina,2025-07-21,6:30:00,18.97
Heather Marina,2025-07-21,7:00:00,18.91
Heather Marina,2025-07-21,7:30:00,18.94
Heather Marina,2025-07-21,8:00:00,18.91
Heather Marina,2025-07-21,8:30:00,18.97
Heather Marina,2025-07-21,9:00:00,18.97
Heather Marina,2025-07-21,9:30:00,19.27
Heather Marina,2025-07-21,10:00:00,19.24
Heather Marina,2025-07-21,10:30:00,19.41
Heather Marina,2025-07-21,11:00:00,19.5
Heather Marina,2025-07-21,11:30:00,19.65
Heather Marina,2025-07-21,12:00:00,19.8
Heather Marina,2025-07-21,12:30:00,19.91
Heather Marina,2025-07-21,13:00:00,20.06
Heather Marina,2025-07-21,13:30:00,20.24
Heather Marina,2025-07-21,14:00:00,20.33
Heather Marina,2025-07-21,14:30:00,20.21
Heather Marina,2025-07-21,15:00:00,20.41
Heather Marina,2025-07-21,15:30:00,20.21
Heather Marina,2025-07-21,16:00:00,20.59
Heather Marina,2025-07-21,16:30:00,20.62
Heather Marina,2025-07-21,17:00:00,20.88
Heather Marina,2025-07-21,17:30:00,20.94
Heather Marina,2025-07-21,18:00:00,20.41
Heather Marina,2025-07-21,18:30:00,20.53
Heather Marina,2025-07-21,19:00:00,20.68
Heather Marina,2025-07-21,19:30:00,20.56
Heather Marina,2025-07-21,20:00:00,20.44
Heather Marina,2025-07-21,20:30:00,20.38
Heather Marina,2025-07-21,21:00:00,20.35
Heather Marina,2025-07-21,21:30:00,20.35
Heather Marina,2025-07-21,22:00:00,20.38
Heather Marina,2025-07-21,22:30:00,20.35
Heather Marina,2025-07-21,23:00:00,20.21
Heather Marina,2025-07-21,23:30:00,20.24
Heather Marina,2025-07-22,0:00:00,20.18
Heather Marina,2025-07-22,0:30:00,20.15
Heather Marina,2025-07-22,1:00:00,20.03
Heather Marina,2025-07-22,1:30:00,20
Heather Marina,2025-07-22,2:00:00,19.91
Heather Marina,2025-07-22,2:30:00,19.74
Heather Marina,2025-07-22,3:00:00,19.8
Heather Marina,2025-07-22,3:30:00,19.86
Heather Marina,2025-07-22,4:00:00,19.97
Heather Marina,2025-07-22,4:30:00,20
Heather Marina,2025-07-22,5:00:00,20.03
Heather Marina,2025-07-22,5:30:00,20.06
Heather Marina,2025-07-22,6:00:00,20
Heather Marina,2025-07-22,6:30:00,20.03
Heather Marina,2025-07-22,7:00:00,20
Heather Marina,2025-07-22,7:30:00,19.94
Heather Marina,2025-07-22,8:00:00,20.06
Heather Marina,2025-07-22,8:30:00,20.03
Heather Marina,2025-07-22,9:00:00,20.09
Heather Marina,2025-07-22,9:30:00,20.12
Heather Marina,2025-07-22,10:00:00,20.21
Heather Marina,2025-07-22,10:30:00,20.21
Heather Marina,2025-07-22,11:00:00,20.24
Heather Marina,2025-07-22,11:30:00,20.27
Heather Marina,2025-07-22,12:00:00,20.27
Heather Marina,2025-07-22,12:30:00,20.33
Heather Marina,2025-07-22,13:00:00,20.41
Heather Marina,2025-07-22,13:30:00,20.74
Heather Marina,2025-07-22,14:00:00,20.94
Heather Marina,2025-07-22,14:30:00,20.91
Heather Marina,2025-07-22,15:00:00,21.03
Heather Marina,2025-07-22,15:30:00,20.91
Heather Marina,2025-07-22,16:00:00,20.97
Heather Marina,2025-07-22,16:30:00,21.2
Heather Marina,2025-07-22,17:00:00,21.14
Heather Marina,2025-07-22,17:30:00,21.03
Heather Marina,2025-07-22,18:00:00,21.03
Heather Marina,2025-07-22,18:30:00,21.12
Heather Marina,2025-07-22,19:00:00,21.14
Heather Marina,2025-07-22,19:30:00,20.65
Heather Marina,2025-07-22,20:00:00,20.53
Heather Marina,2025-07-22,20:30:00,20.41
Heather Marina,2025-07-22,21:00:00,20.35
Heather Marina,2025-07-22,21:30:00,20.27
Heather Marina,2025-07-22,22:00:00,20.18
Heather Marina,2025-07-22,22:30:00,20.12
Heather Marina,2025-07-22,23:00:00,20.09
Heather Marina,2025-07-22,23:30:00,20.03
Heather Marina,2025-07-23,0:00:00,20.03
Heather Marina,2025-07-23,0:30:00,19.91
Heather Marina,2025-07-23,1:00:00,19.91
Heather Marina,2025-07-23,1:30:00,19.88
Heather Marina,2025-07-23,2:00:00,19.88
Heather Marina,2025-07-23,2:30:00,19.86
Heather Marina,2025-07-23,3:00:00,19.94
Heather Marina,2025-07-23,3:30:00,20
Heather Marina,2025-07-23,4:00:00,19.88
Heather Marina,2025-07-23,4:30:00,19.77
Heather Marina,2025-07-23,5:00:00,19.77
Heather Marina,2025-07-23,5:30:00,19.83
Heather Marina,2025-07-23,6:00:00,19.8
Heather Marina,2025-07-23,6:30:00,19.8
Heather Marina,2025-07-23,7:00:00,19.77
Heather Marina,2025-07-23,7:30:00,19.77
Heather Marina,2025-07-23,8:00:00,19.8
Heather Marina,2025-07-23,8:30:00,19.86
Heather Marina,2025-07-23,9:00:00,19.88
Heather Marina,2025-07-23,9:30:00,19.97
Heather Marina,2025-07-23,10:00:00,20.09
Heather Marina,2025-07-23,10:30:00,20.24
Heather Marina,2025-07-23,11:00:00,20.56
Heather Marina,2025-07-23,11:30:00,20.85
Heather Marina,2025-07-23,12:00:00,20.97
Heather Marina,2025-07-23,12:30:00,21.03
Heather Marina,2025-07-23,13:00:00,21.32
Heather Marina,2025-07-23,13:30:00,21.29
Heather Marina,2025-07-23,14:00:00,21.52
Heather Marina,2025-07-23,14:30:00,21.67
Heather Marina,2025-07-23,15:00:00,21.38
Heather Marina,2025-07-23,15:30:00,21.49
Heather Marina,2025-07-23,16:00:00,21.41
Heather Marina,2025-07-23,16:30:00,21.52
Heather Marina,2025-07-23,17:00:00,21.61
Heather Marina,2025-07-23,17:30:00,21.7
Heather Marina,2025-07-23,18:00:00,21.49
Heather Marina,2025-07-23,18:30:00,21.38
Heather Marina,2025-07-23,19:00:00,21.44
Heather Marina,2025-07-23,19:30:00,21.41
Heather Marina,2025-07-23,20:00:00,21.38
Heather Marina,2025-07-23,20:30:00,21.29
Heather Marina,2025-07-23,21:00:00,21.23
Heather Marina,2025-07-23,21:30:00,21.14
Heather Marina,2025-07-23,22:00:00,21.17
Heather Marina,2025-07-23,22:30:00,21.17
Heather Marina,2025-07-23,23:00:00,21.2
Heather Marina,2025-07-23,23:30:00,21.26
Heather Marina,2025-07-24,0:00:00,21.26
Heather Marina,2025-07-24,0:30:00,21.23
Heather Marina,2025-07-24,1:00:00,21.2
Heather Marina,2025-07-24,1:30:00,21.2
Heather Marina,2025-07-24,2:00:00,21.17
Heather Marina,2025-07-24,2:30:00,21.17
Heather Marina,2025-07-24,3:00:00,21.14
Heather Marina,2025-07-24,3:30:00,21.14
Heather Marina,2025-07-24,4:00:00,21.12
Heather Marina,2025-07-24,4:30:00,21
Heather Marina,2025-07-24,5:00:00,20.21
Heather Marina,2025-07-24,5:30:00,20.12
Heather Marina,2025-07-24,6:00:00,20.27
Heather Marina,2025-07-24,6:30:00,20.59
Heather Marina,2025-07-24,7:00:00,20.62
Heather Marina,2025-07-24,7:30:00,20.76
Heather Marina,2025-07-24,8:00:00,20.91
Heather Marina,2025-07-24,8:30:00,20.94
Heather Marina,2025-07-24,9:00:00,20.97
Heather Marina,2025-07-24,9:30:00,20.82
Heather Marina,2025-07-24,10:00:00,21.03
Heather Marina,2025-07-24,10:30:00,21.09
Heather Marina,2025-07-24,11:00:00,21.17
Heather Marina,2025-07-24,11:30:00,21.29
Heather Marina,2025-07-24,12:00:00,21.52
Heather Marina,2025-07-24,12:30:00,21.73
Heather Marina,2025-07-24,13:00:00,21.67
Heather Marina,2025-07-24,13:30:00,21.7
Heather Marina,2025-07-24,14:00:00,21.96
Heather Marina,2025-07-24,14:30:00,21.87
Heather Marina,2025-07-24,15:00:00,21.96
Heather Marina,2025-07-24,15:30:00,22.11
Heather Marina,2025-07-24,16:00:00,22.08
Heather Marina,2025-07-24,16:30:00,21.99
Heather Marina,2025-07-24,17:00:00,22.02
Heather Marina,2025-07-24,17:30:00,22.08
Heather Marina,2025-07-24,18:00:00,22.14
Heather Marina,2025-07-24,18:30:00,22.11
Heather Marina,2025-07-24,19:00:00,22.17
Heather Marina,2025-07-24,19:30:00,22.05
Heather Marina,2025-07-24,20:00:00,21.87
Heather Marina,2025-07-24,20:30:00,21.79
Heather Marina,2025-07-24,21:00:00,21.73
Heather Marina,2025-07-24,21:30:00,21.67
Heather Marina,2025-07-24,22:00:00,21.61
Heather Marina,2025-07-24,22:30:00,21.58
Heather Marina,2025-07-24,23:00:00,21.49
Heather Marina,2025-07-24,23:30:00,21.49
Heather Marina,2025-07-25,0:00:00,21.41
Heather Marina,2025-07-25,0:30:00,21.35
Heather Marina,2025-07-25,1:00:00,21.26
Heather Marina,2025-07-25,1:30:00,21.17
Heather Marina,2025-07-25,2:00:00,21.06
Heather Marina,2025-07-25,2:30:00,20.94
Heather Marina,2025-07-25,3:00:00,20.47
Heather Marina,2025-07-25,3:30:00,20.53
Heather Marina,2025-07-25,4:00:00,20.65
Heather Marina,2025-07-25,4:30:00,20.44
Heather Marina,2025-07-25,5:00:00,19.94
Heather Marina,2025-07-25,5:30:00,20.03
Heather Marina,2025-07-25,6:00:00,19.91
Heather Marina,2025-07-25,6:30:00,20
Heather Marina,2025-07-25,7:00:00,20.35
Heather Marina,2025-07-25,7:30:00,20.3
Heather Marina,2025-07-25,8:00:00,20.27
Heather Marina,2025-07-25,8:30:00,20.3
Heather Marina,2025-07-25,9:00:00,20.38
Heather Marina,2025-07-25,9:30:00,20.41
Heather Marina,2025-07-25,10:00:00,20.38
Heather Marina,2025-07-25,10:30:00,20.47
Heather Marina,2025-07-25,11:00:00,20.5
Heather Marina,2025-07-25,11:30:00,20.44
Heather Marina,2025-07-25,12:00:00,20.53
Heather Marina,2025-07-25,12:30:00,20.62
Heather Marina,2025-07-25,13:00:00,20.59
Heather Marina,2025-07-25,13:30:00,20.71
Heather Marina,2025-07-25,14:00:00,20.76
Heather Marina,2025-07-25,14:30:00,20.85
Heather Marina,2025-07-25,15:00:00,20.97
Heather Marina,2025-07-25,15:30:00,21.09
Heather Marina,2025-07-25,16:00:00,21.14
Heather Marina,2025-07-25,16:30:00,21.23
Heather Marina,2025-07-25,17:00:00,21.06
Heather Marina,2025-07-25,17:30:00,21.03
Heather Marina,2025-07-25,18:00:00,21
Heather Marina,2025-07-25,18:30:00,20.97
Heather Marina,2025-07-25,19:00:00,20.94
Heather Marina,2025-07-25,19:30:00,20.85
Heather Marina,2025-07-25,20:00:00,20.74
Heather Marina,2025-07-25,20:30:00,20.68
Heather Marina,2025-07-25,21:00:00,20.59
Heather Marina,2025-07-25,21:30:00,20.59
Heather Marina,2025-07-25,22:00:00,20.53
Heather Marina,2025-07-25,22:30:00,20.44
Heather Marina,2025-07-25,23:00:00,20.35
Heather Marina,2025-07-25,23:30:00,20.15
Heather Marina,2025-07-26,0:00:00,20
Heather Marina,2025-07-26,0:30:00,19.77
Heather Marina,2025-07-26,1:00:00,19.65
Heather Marina,2025-07-26,1:30:00,19.77
Heather Marina,2025-07-26,2:00:00,19.33
Heather Marina,2025-07-26,2:30:00,18.76
Heather Marina,2025-07-26,3:00:00,18.68
Heather Marina,2025-07-26,3:30:00,18.65
Heather Marina,2025-07-26,4:00:00,18.62
Heather Marina,2025-07-26,4:30:00,18.41
Heather Marina,2025-07-26,5:00:00,18.56
Heather Marina,2025-07-26,5:30:00,18.41
Heather Marina,2025-07-26,6:00:00,18.41
Heather Marina,2025-07-26,6:30:00,18.65
Heather Marina,2025-07-26,7:00:00,18.59
Heather Marina,2025-07-26,7:30:00,18.56
Heather Marina,2025-07-26,8:00:00,18.53
Heather Marina,2025-07-26,8:30:00,18.53
Heather Marina,2025-07-26,9:00:00,18.53
Heather Marina,2025-07-26,9:30:00,18.62
Heather Marina,2025-07-26,10:00:00,18.65
Heather Marina,2025-07-26,10:30:00,18.68
Heather Marina,2025-07-26,11:00:00,18.71
Heather Marina,2025-07-26,11:30:00,18.74
Heather Marina,2025-07-26,12:00:00,18.79
Heather Marina,2025-07-26,12:30:00,18.91
Heather Marina,2025-07-26,13:00:00,19.06
Heather Marina,2025-07-26,13:30:00,19.27
Heather Marina,2025-07-26,14:00:00,19.38
Heather Marina,2025-07-26,14:30:00,19.65
Heather Marina,2025-07-26,15:00:00,20.15
Heather Marina,2025-07-26,15:30:00,20.38
Heather Marina,2025-07-26,16:00:00,20.27
Heather Marina,2025-07-26,16:30:00,20.44
Heather Marina,2025-07-26,17:00:00,20.53
Heather Marina,2025-07-26,17:30:00,20.15
Heather Marina,2025-07-26,18:00:00,20.24
Heather Marina,2025-07-26,18:30:00,20.41
Heather Marina,2025-07-26,19:00:00,20.09
Heather Marina,2025-07-26,19:30:00,19.88
Heather Marina,2025-07-26,20:00:00,19.86
Heather Marina,2025-07-26,20:30:00,19.83
Heather Marina,2025-07-26,21:00:00,19.77
Heather Marina,2025-07-26,21:30:00,19.77
Heather Marina,2025-07-26,22:00:00,19.71
Heather Marina,2025-07-26,22:30:00,19.59
Heather Marina,2025-07-26,23:00:00,19.56
Heather Marina,2025-07-26,23:30:00,19.59
Heather Marina,2025-07-27,0:00:00,19.56
Heather Marina,2025-07-27,0:30:00,19.53
Heather Marina,2025-07-27,1:00:00,19.53
Heather Marina,2025-07-27,1:30:00,19.5
Heather Marina,2025-07-27,2:00:00,19.5
Heather Marina,2025-07-27,2:30:00,19.5
Heather Marina,2025-07-27,3:00:00,19.47
Heather Marina,2025-07-27,3:30:00,19.38
Heather Marina,2025-07-27,4:00:00,19.38
Heather Marina,2025-07-27,4:30:00,19.36
Heather Marina,2025-07-27,5:00:00,19.3
Heather Marina,2025-07-27,5:30:00,19.24
Heather Marina,2025-07-27,6:00:00,19.18
Heather Marina,2025-07-27,6:30:00,18.91
Heather Marina,2025-07-27,7:00:00,19.18
Heather Marina,2025-07-27,7:30:00,19.27
Heather Marina,2025-07-27,8:00:00,19.24
Heather Marina,2025-07-27,8:30:00,19.15
Heather Marina,2025-07-27,9:00:00,19.15
Heather Marina,2025-07-27,9:30:00,19.24
Heather Marina,2025-07-27,10:00:00,19.33
Heather Marina,2025-07-27,10:30:00,19.38
Heather Marina,2025-07-27,11:00:00,19.41
Heather Marina,2025-07-27,11:30:00,19.47
Heather Marina,2025-07-27,12:00:00,19.56
Heather Marina,2025-07-27,12:30:00,19.65
Heather Marina,2025-07-27,13:00:00,19.8
Heather Marina,2025-07-27,13:30:00,19.97
Heather Marina,2025-07-27,14:00:00,20.33
Heather Marina,2025-07-27,14:30:00,20.53
Heather Marina,2025-07-27,15:00:00,20.47
Heather Marina,2025-07-27,15:30:00,20.82
Heather Marina,2025-07-27,16:00:00,21
Heather Marina,2025-07-27,16:30:00,20.97
Heather Marina,2025-07-27,17:00:00,21.03
Heather Marina,2025-07-27,17:30:00,21.12
Heather Marina,2025-07-27,18:00:00,21.06
Heather Marina,2025-07-27,18:30:00,20.94
Heather Marina,2025-07-27,19:00:00,20.65
Heather Marina,2025-07-27,19:30:00,20.44
Heather Marina,2025-07-27,20:00:00,20.3
Heather Marina,2025-07-27,20:30:00,20.24
Heather Marina,2025-07-27,21:00:00,20.21
Heather Marina,2025-07-27,21:30:00,20.18
Heather Marina,2025-07-27,22:00:00,20.15
Heather Marina,2025-07-27,22:30:00,20.09
Heather Marina,2025-07-27,23:00:00,20.03
Heather Marina,2025-07-27,23:30:00,20
Heather Marina,2025-07-28,0:00:00,20
Heather Marina,2025-07-28,0:30:00,20.12
Heather Marina,2025-07-28,1:00:00,20.12
Heather Marina,2025-07-28,1:30:00,20.03
Heather Marina,2025-07-28,2:00:00,20
Heather Marina,2025-07-28,2:30:00,19.94
Heather Marina,2025-07-28,3:00:00,19.94
Heather Marina,2025-07-28,3:30:00,19.97
Heather Marina,2025-07-28,4:00:00,19.97
Heather Marina,2025-07-28,4:30:00,19.83
Heather Marina,2025-07-28,5:00:00,19.83
Heather Marina,2025-07-28,5:30:00,19.65
Heather Marina,2025-07-28,6:00:00,19.68
Heather Marina,2025-07-28,6:30:00,19.65
Heather Marina,2025-07-28,7:00:00,19.62
Heather Marina,2025-07-28,7:30:00,19.62
Heather Marina,2025-07-28,8:00:00,19.62
Heather Marina,2025-07-28,8:30:00,19.65
Heather Marina,2025-07-28,9:00:00,19.68
Heather Marina,2025-07-28,9:30:00,19.74
Heather Marina,2025-07-28,10:00:00,19.83
Heather Marina,2025-07-28,10:30:00,19.8
Heather Marina,2025-07-28,11:00:00,19.86
Heather Marina,2025-07-28,11:30:00,19.86
Heather Marina,2025-07-28,12:00:00,19.91
Heather Marina,2025-07-28,12:30:00,20
Heather Marina,2025-07-28,13:00:00,20.15
Heather Marina,2025-07-28,13:30:00,20.41
Heather Marina,2025-07-28,14:00:00,20.74
Heather Marina,2025-07-28,14:30:00,20.91
Heather Marina,2025-07-28,15:00:00,21.44
Heather Marina,2025-07-28,15:30:00,21.9
Heather Marina,2025-07-28,16:00:00,21.61
Heather Marina,2025-07-28,16:30:00,21.44
Heather Marina,2025-07-28,17:00:00,20.74
Heather Marina,2025-07-28,17:30:00,20.76
Heather Marina,2025-07-28,18:00:00,20.74
Heather Marina,2025-07-28,18:30:00,20.85
Heather Marina,2025-07-28,19:00:00,20.85
Heather Marina,2025-07-28,19:30:00,20.85
Heather Marina,2025-07-28,20:00:00,20.76
Heather Marina,2025-07-28,20:30:00,20.74
Heather Marina,2025-07-28,21:00:00,20.71
Heather Marina,2025-07-28,21:30:00,20.71
Heather Marina,2025-07-28,22:00:00,20.68
Heather Marina,2025-07-28,22:30:00,20.68
Heather Marina,2025-07-28,23:00:00,20.62
Heather Marina,2025-07-28,23:30:00,20.53
Heather Marina,2025-07-29,0:00:00,20.56
Heather Marina,2025-07-29,0:30:00,20.59
Heather Marina,2025-07-29,1:00:00,20.59
Heather Marina,2025-07-29,1:30:00,20.59
Heather Marina,2025-07-29,2:00:00,20.59
Heather Marina,2025-07-29,2:30:00,20.59
Heather Marina,2025-07-29,3:00:00,20.38
Heather Marina,2025-07-29,3:30:00,20.09
Heather Marina,2025-07-29,4:00:00,20
Heather Marina,2025-07-29,4:30:00,19.97
Heather Marina,2025-07-29,5:00:00,19.8
Heather Marina,2025-07-29,5:30:00,19.83
Heather Marina,2025-07-29,6:00:00,19.77
Heather Marina,2025-07-29,6:30:00,19.77
Heather Marina,2025-07-29,7:00:00,19.91
Heather Marina,2025-07-29,7:30:00,20.27
Heather Marina,2025-07-29,8:00:00,20.33
Heather Marina,2025-07-29,8:30:00,20.35
Heather Marina,2025-07-29,9:00:00,20.38
Heather Marina,2025-07-29,9:30:00,20.41
Heather Marina,2025-07-29,10:00:00,20.5
Heather Marina,2025-07-29,10:30:00,20.59
Heather Marina,2025-07-29,11:00:00,20.65
Heather Marina,2025-07-29,11:30:00,20.74
Heather Marina,2025-07-29,12:00:00,20.85
Heather Marina,2025-07-29,12:30:00,20.97
Heather Marina,2025-07-29,13:00:00,21.03
Heather Marina,2025-07-29,13:30:00,21.17
Heather Marina,2025-07-29,14:00:00,21.32
Heather Marina,2025-07-29,14:30:00,21.44
Heather Marina,2025-07-29,15:00:00,21.49
Heather Marina,2025-07-29,15:30:00,21.55
Heather Marina,2025-07-29,16:00:00,21.7
Heather Marina,2025-07-29,16:30:00,21.79
Heather Marina,2025-07-29,17:00:00,22.02
Heather Marina,2025-07-29,17:30:00,21.44
Heather Marina,2025-07-29,18:00:00,21.38
Heather Marina,2025-07-29,18:30:00,21.35
Heather Marina,2025-07-29,19:00:00,21.29
Heather Marina,2025-07-29,19:30:00,21.2
Heather Marina,2025-07-29,20:00:00,21.14
Heather Marina,2025-07-29,20:30:00,21.06
Heather Marina,2025-07-29,21:00:00,21.03
Heather Marina,2025-07-29,21:30:00,21.12
Heather Marina,2025-07-29,22:00:00,21.09
Heather Marina,2025-07-29,22:30:00,21.12
Heather Marina,2025-07-29,23:00:00,21.09
Heather Marina,2025-07-29,23:30:00,21.09
Heather Marina,2025-07-30,0:00:00,21.09
Heather Marina,2025-07-30,0:30:00,20.97
Heather Marina,2025-07-30,1:00:00,21.06
Heather Marina,2025-07-30,1:30:00,21.17
Heather Marina,2025-07-30,2:00:00,21.14
Heather Marina,2025-07-30,2:30:00,20.97
Heather Marina,2025-07-30,3:00:00,20.82
Heather Marina,2025-07-30,3:30:00,20.59
Heather Marina,2025-07-30,4:00:00,20.47
Heather Marina,2025-07-30,4:30:00,20.41
Heather Marina,2025-07-30,5:00:00,20.47
Heather Marina,2025-07-30,5:30:00,20.47
Heather Marina,2025-07-30,6:00:00,20.33
Heather Marina,2025-07-30,6:30:00,20.41
Heather Marina,2025-07-30,7:00:00,20.47
Heather Marina,2025-07-30,7:30:00,20.38
Heather Marina,2025-07-30,8:00:00,20.33
Heather Marina,2025-07-30,8:30:00,20.38
Heather Marina,2025-07-30,9:00:00,20.53
Heather Marina,2025-07-30,9:30:00,20.59
Heather Marina,2025-07-30,10:00:00,20.62
Heather Marina,2025-07-30,10:30:00,20.71
Heather Marina,2025-07-30,11:00:00,20.91
Heather Marina,2025-07-30,11:30:00,20.94
Heather Marina,2025-07-30,12:00:00,21
Heather Marina,2025-07-30,12:30:00,21.06
Heather Marina,2025-07-30,13:00:00,21.17
Heather Marina,2025-07-30,13:30:00,21.35
Heather Marina,2025-07-30,14:00:00,21.47
Heather Marina,2025-07-30,14:30:00,21.52
Heather Marina,2025-07-30,15:00:00,21.64
Heather Marina,2025-07-30,15:30:00,21.73
Heather Marina,2025-07-30,16:00:00,21.73
Heather Marina,2025-07-30,16:30:00,21.82
Heather Marina,2025-07-30,17:00:00,21.93
Heather Marina,2025-07-30,17:30:00,22.34
Heather Marina,2025-07-30,18:00:00,21.76
Heather Marina,2025-07-30,18:30:00,21.61
Heather Marina,2025-07-30,19:00:00,21.55
Heather Marina,2025-07-30,19:30:00,21.49
Heather Marina,2025-07-30,20:00:00,21.47
Heather Marina,2025-07-30,20:30:00,21.44
Heather Marina,2025-07-30,21:00:00,21.35
Heather Marina,2025-07-30,21:30:00,21.32
Heather Marina,2025-07-30,22:00:00,21.32
Heather Marina,2025-07-30,22:30:00,21.38
Heather Marina,2025-07-30,23:00:00,21.41
Heather Marina,2025-07-30,23:30:00,21.44
Heather Marina,2025-07-31,0:00:00,21.41
Heather Marina,2025-07-31,0:30:00,21.41
Heather Marina,2025-07-31,1:00:00,21.35
Heather Marina,2025-07-31,1:30:00,21.29
Heather Marina,2025-07-31,2:00:00,21.35
Heather Marina,2025-07-31,2:30:00,21.44
Heather Marina,2025-07-31,3:00:00,21.47
Heather Marina,2025-07-31,3:30:00,21.52
Heather Marina,2025-07-31,4:00:00,21.47
Heather Marina,2025-07-31,4:30:00,21.2
Heather Marina,2025-07-31,5:00:00,21.23
Heather Marina,2025-07-31,5:30:00,21
Heather Marina,2025-07-31,6:00:00,21
Heather Marina,2025-07-31,6:30:00,20.91
Heather Marina,2025-07-31,7:00:00,20.88
Heather Marina,2025-07-31,7:30:00,20.62
Heather Marina,2025-07-31,8:00:00,20.88
Heather Marina,2025-07-31,8:30:00,21
Heather Marina,2025-07-31,9:00:00,21
Heather Marina,2025-07-31,9:30:00,21.06
Heather Marina,2025-07-31,10:00:00,21.12
Heather Marina,2025-07-31,10:30:00,21.23
Heather Marina,2025-07-31,11:00:00,21.26
Heather Marina,2025-07-31,11:30:00,21.55
Heather Marina,2025-07-31,12:00:00,21.41
Heather Marina,2025-07-31,12:30:00,21.61
Heather Marina,2025-07-31,13:00:00,21.64
Heather Marina,2025-07-31,13:30:00,21.7
Heather Marina,2025-07-31,14:00:00,21.96
Heather Marina,2025-07-31,14:30:00,21.99
Heather Marina,2025-07-31,15:00:00,23.1
Heather Marina,2025-07-31,15:30:00,22.11
Heather Marina,2025-07-31,16:00:00,22.14
Heather Marina,2025-07-31,16:30:00,22.08
Heather Marina,2025-07-31,17:00:00,22.05
Heather Marina,2025-07-31,17:30:00,22.14
Heather Marina,2025-07-31,18:00:00,22.05
Heather Marina,2025-07-31,18:30:00,22.05
Heather Marina,2025-07-31,19:00:00,21.96
Heather Marina,2025-07-31,19:30:00,21.93
Heather Marina,2025-07-31,20:00:00,21.79
Heather Marina,2025-07-31,20:30:00,21.67
Heather Marina,2025-07-31,21:00:00,21.64
Heather Marina,2025-07-31,21:30:00,21.64
Heather Marina,2025-07-31,22:00:00,21.58
Heather Marina,2025-07-31,22:30:00,21.52
Heather Marina,2025-07-31,23:00:00,21.55
Heather Marina,2025-07-31,23:30:00,21.52
Heather Marina,2025-08-01,0:00:00,21.52
Heather Marina,2025-08-01,0:30:00,21.58
Heather Marina,2025-08-01,1:00:00,21.58
Heather Marina,2025-08-01,1:30:00,21.61
Heather Marina,2025-08-01,2:00:00,21.61
Heather Marina,2025-08-01,2:30:00,21.52
Heather Marina,2025-08-01,3:00:00,21.58
Heather Marina,2025-08-01,3:30:00,21.47
Heather Marina,2025-08-01,4:00:00,21.61
Heather Marina,2025-08-01,4:30:00,21.64
Heather Marina,2025-08-01,5:00:00,21.76
Heather Marina,2025-08-01,5:30:00,21.84
Heather Marina,2025-08-01,6:00:00,21.61
Heather Marina,2025-08-01,6:30:00,21.52
Heather Marina,2025-08-01,7:00:00,21.29
Heather Marina,2025-08-01,7:30:00,21.2
Heather Marina,2025-08-01,8:00:00,21.2
Heather Marina,2025-08-01,8:30:00,21.2
Heather Marina,2025-08-01,9:00:00,21.32
Heather Marina,2025-08-01,9:30:00,21.38
Heather Marina,2025-08-01,10:00:00,21.49
Heather Marina,2025-08-01,10:30:00,21.64
Heather Marina,2025-08-01,11:00:00,21.61
Heather Marina,2025-08-01,11:30:00,21.76
Heather Marina,2025-08-01,12:00:00,21.87
Heather Marina,2025-08-01,12:30:00,21.79
Heather Marina,2025-08-01,13:00:00,21.84
Heather Marina,2025-08-01,13:30:00,21.9
Heather Marina,2025-08-01,14:00:00,22.22
Heather Marina,2025-08-01,14:30:00,22.25
Heather Marina,2025-08-01,15:00:00,22.34
Heather Marina,2025-08-01,15:30:00,22.46
Heather Marina,2025-08-01,16:00:00,22.51
Heather Marina,2025-08-01,16:30:00,22.54
Heather Marina,2025-08-01,17:00:00,22.75
Heather Marina,2025-08-01,17:30:00,22.69
Heather Marina,2025-08-01,18:00:00,22.72
Heather Marina,2025-08-01,18:30:00,22.78
Heather Marina,2025-08-01,19:00:00,22.66
Heather Marina,2025-08-01,19:30:00,22.51
Heather Marina,2025-08-01,20:00:00,22.49
Heather Marina,2025-08-01,20:30:00,22.4
Heather Marina,2025-08-01,21:00:00,22.22
Heather Marina,2025-08-01,21:30:00,21.87
Heather Marina,2025-08-01,22:00:00,21.84
Heather Marina,2025-08-01,22:30:00,21.93
Heather Marina,2025-08-01,23:00:00,21.93
Heather Marina,2025-08-01,23:30:00,21.9
Heather Marina,2025-08-02,0:00:00,21.87
Heather Marina,2025-08-02,0:30:00,21.96
Heather Marina,2025-08-02,1:00:00,21.93
Heather Marina,2025-08-02,1:30:00,21.79
Heather Marina,2025-08-02,2:00:00,21.9
Heather Marina,2025-08-02,2:30:00,21.84
Heather Marina,2025-08-02,3:00:00,21.84
Heather Marina,2025-08-02,3:30:00,21.73
Heather Marina,2025-08-02,4:00:00,21.7
Heather Marina,2025-08-02,4:30:00,21.73
Heather Marina,2025-08-02,5:00:00,21.82
Heather Marina,2025-08-02,5:30:00,21.87
Heather Marina,2025-08-02,6:00:00,21.96
Heather Marina,2025-08-02,6:30:00,21.93
Heather Marina,2025-08-02,7:00:00,21.96
Heather Marina,2025-08-02,7:30:00,21.73
Heather Marina,2025-08-02,8:00:00,21.55
Heather Marina,2025-08-02,8:30:00,21.67
Heather Marina,2025-08-02,9:00:00,21.67
Heather Marina,2025-08-02,9:30:00,21.76
Heather Marina,2025-08-02,10:00:00,21.84
Heather Marina,2025-08-02,10:30:00,21.96
Heather Marina,2025-08-02,11:00:00,22.05
Heather Marina,2025-08-02,11:30:00,22.08
Heather Marina,2025-08-02,12:00:00,22.11
Heather Marina,2025-08-02,12:30:00,22.17
Heather Marina,2025-08-02,13:00:00,22.17
Heather Marina,2025-08-02,13:30:00,22.19
Heather Marina,2025-08-02,14:00:00,22.66
Heather Marina,2025-08-02,14:30:00,22.43
Heather Marina,2025-08-02,15:00:00,22.43
Heather Marina,2025-08-02,15:30:00,22.51
Heather Marina,2025-08-02,16:00:00,22.72
Heather Marina,2025-08-02,16:30:00,22.66
Heather Marina,2025-08-02,17:00:00,22.72
Heather Marina,2025-08-02,17:30:00,22.75
Heather Marina,2025-08-02,18:00:00,22.69
Heather Marina,2025-08-02,18:30:00,22.57
Heather Marina,2025-08-02,19:00:00,22.57
Heather Marina,2025-08-02,19:30:00,22.46
Heather Marina,2025-08-02,20:00:00,22.34
Heather Marina,2025-08-02,20:30:00,22.22
Heather Marina,2025-08-02,21:00:00,22.19
Heather Marina,2025-08-02,21:30:00,22.17
Heather Marina,2025-08-02,22:00:00,22.11
Heather Marina,2025-08-02,22:30:00,22.11
Heather Marina,2025-08-02,23:00:00,22.08
Heather Marina,2025-08-02,23:30:00,22.02
Heather Marina,2025-08-03,0:00:00,21.99
Heather Marina,2025-08-03,0:30:00,21.99
Heather Marina,2025-08-03,1:00:00,21.93
Heather Marina,2025-08-03,1:30:00,21.9
Heather Marina,2025-08-03,2:00:00,21.87
Heather Marina,2025-08-03,2:30:00,21.87
Heather Marina,2025-08-03,3:00:00,21.87
Heather Marina,2025-08-03,3:30:00,21.84
Heather Marina,2025-08-03,4:00:00,21.82
Heather Marina,2025-08-03,4:30:00,21.79
Heather Marina,2025-08-03,5:00:00,21.73
Heather Marina,2025-08-03,5:30:00,21.67
Heather Marina,2025-08-03,6:00:00,21.61
Heather Marina,2025-08-03,6:30:00,21.55
Heather Marina,2025-08-03,7:00:00,21.49
Heather Marina,2025-08-03,7:30:00,21.35
Heather Marina,2025-08-03,8:00:00,21.32
Heather Marina,2025-08-03,8:30:00,21.14
Heather Marina,2025-08-03,9:00:00,21.09
Heather Marina,2025-08-03,9:30:00,21.09
Heather Marina,2025-08-03,10:00:00,21.14
Heather Marina,2025-08-03,10:30:00,21.2
Heather Marina,2025-08-03,11:00:00,21.26
Heather Marina,2025-08-03,11:30:00,21.35
Heather Marina,2025-08-03,12:00:00,21.35
Heather Marina,2025-08-03,12:30:00,21.32
Heather Marina,2025-08-03,13:00:00,21.32
Heather Marina,2025-08-03,13:30:00,21.35
Heather Marina,2025-08-03,14:00:00,21.41
Heather Marina,2025-08-03,14:30:00,21.52
Heather Marina,2025-08-03,15:00:00,21.64
Heather Marina,2025-08-03,15:30:00,21.58
Heather Marina,2025-08-03,16:00:00,21.7
Heather Marina,2025-08-03,16:30:00,21.7
Heather Marina,2025-08-03,17:00:00,21.7
Heather Marina,2025-08-03,17:30:00,21.76
Heather Marina,2025-08-03,18:00:00,22.05
Heather Marina,2025-08-03,18:30:00,21.99
Heather Marina,2025-08-03,19:00:00,21.87
Heather Marina,2025-08-03,19:30:00,21.82
Heather Marina,2025-08-03,20:00:00,21.67
Heather Marina,2025-08-03,20:30:00,21.58
Heather Marina,2025-08-03,21:00:00,21.52
Heather Marina,2025-08-03,21:30:00,21.49
Heather Marina,2025-08-03,22:00:00,21.47
Heather Marina,2025-08-03,22:30:00,21.44
Heather Marina,2025-08-03,23:00:00,21.41
Heather Marina,2025-08-03,23:30:00,21.35
Heather Marina,2025-08-04,0:00:00,21.29
Heather Marina,2025-08-04,0:30:00,21.29
Heather Marina,2025-08-04,1:00:00,21.26
Heather Marina,2025-08-04,1:30:00,21.23
Heather Marina,2025-08-04,2:00:00,21.23
Heather Marina,2025-08-04,2:30:00,21.26
Heather Marina,2025-08-04,3:00:00,21.2
Heather Marina,2025-08-04,3:30:00,21.14
Heather Marina,2025-08-04,4:00:00,21.14
Heather Marina,2025-08-04,4:30:00,21.12
Heather Marina,2025-08-04,5:00:00,21.09
Heather Marina,2025-08-04,5:30:00,21.06
Heather Marina,2025-08-04,6:00:00,21.06
Heather Marina,2025-08-04,6:30:00,21.03
Heather Marina,2025-08-04,7:00:00,20.97
Heather Marina,2025-08-04,7:30:00,21
Heather Marina,2025-08-04,8:00:00,20.97
Heather Marina,2025-08-04,8:30:00,20.94
Heather Marina,2025-08-04,9:00:00,20.94
Heather Marina,2025-08-04,9:30:00,21
Heather Marina,2025-08-04,10:00:00,20.97
Heather Marina,2025-08-04,10:30:00,21.09
Heather Marina,2025-08-04,11:00:00,21.14
Heather Marina,2025-08-04,11:30:00,21.17
Heather Marina,2025-08-04,12:00:00,21.23
Heather Marina,2025-08-04,12:30:00,21.2
Heather Marina,2025-08-04,13:00:00,21.29
Heather Marina,2025-08-04,13:30:00,21.26
Heather Marina,2025-08-04,14:00:00,21.7
Heather Marina,2025-08-04,14:30:00,21.49
Heather Marina,2025-08-04,15:00:00,21.52
Heather Marina,2025-08-04,15:30:00,21.44
Heather Marina,2025-08-04,16:00:00,21.67
Heather Marina,2025-08-04,16:30:00,21.32
Heather Marina,2025-08-04,17:00:00,21.49
Heather Marina,2025-08-04,17:30:00,21.52
Heather Marina,2025-08-04,18:00:00,21.67
Heather Marina,2025-08-04,18:30:00,21.49
Heather Marina,2025-08-04,19:00:00,21.44
Heather Marina,2025-08-04,19:30:00,21.38
Heather Marina,2025-08-04,20:00:00,21.32
Heather Marina,2025-08-04,20:30:00,21.32
Heather Marina,2025-08-04,21:00:00,21.29
Heather Marina,2025-08-04,21:30:00,21.29
Heather Marina,2025-08-04,22:00:00,21.23
Heather Marina,2025-08-04,22:30:00,21.2
Heather Marina,2025-08-04,23:00:00,21.12
Heather Marina,2025-08-04,23:30:00,21.06
Heather Marina,2025-08-05,0:00:00,20.91
Heather Marina,2025-08-05,0:30:00,20.79
Heather Marina,2025-08-05,1:00:00,20.79
Heather Marina,2025-08-05,1:30:00,20.76
Heather Marina,2025-08-05,2:00:00,20.74
Heather Marina,2025-08-05,2:30:00,20.74
Heather Marina,2025-08-05,3:00:00,20.76
Heather Marina,2025-08-05,3:30:00,20.76
Heather Marina,2025-08-05,4:00:00,20.76
Heather Marina,2025-08-05,4:30:00,20.76
Heather Marina,2025-08-05,5:00:00,20.74
Heather Marina,2025-08-05,5:30:00,20.71
Heather Marina,2025-08-05,6:00:00,20.68
Heather Marina,2025-08-05,6:30:00,20.62
Heather Marina,2025-08-05,7:00:00,20.62
Heather Marina,2025-08-05,7:30:00,20.62
Heather Marina,2025-08-05,8:00:00,20.62
Heather Marina,2025-08-05,8:30:00,20.65
Heather Marina,2025-08-05,9:00:00,20.62
Heather Marina,2025-08-05,9:30:00,20.62
Heather Marina,2025-08-05,10:00:00,20.65
Heather Marina,2025-08-05,10:30:00,20.68
Heather Marina,2025-08-05,11:00:00,20.65
Heather Marina,2025-08-05,11:30:00,20.68
Heather Marina,2025-08-05,12:00:00,20.71
Heather Marina,2025-08-05,12:30:00,20.76
Heather Marina,2025-08-05,13:00:00,20.85
Heather Marina,2025-08-05,13:30:00,20.94
Heather Marina,2025-08-05,14:00:00,20.85
Heather Marina,2025-08-05,14:30:00,20.85
Heather Marina,2025-08-05,15:00:00,20.94
Heather Marina,2025-08-05,15:30:00,20.88
Heather Marina,2025-08-05,16:00:00,20.88
Heather Marina,2025-08-05,16:30:00,20.88
Heather Marina,2025-08-05,17:00:00,20.91
Heather Marina,2025-08-05,17:30:00,20.85
Heather Marina,2025-08-05,18:00:00,20.85
Heather Marina,2025-08-05,18:30:00,20.82
Heather Marina,2025-08-05,19:00:00,20.85
Heather Marina,2025-08-05,19:30:00,20.79
Heather Marina,2025-08-05,20:00:00,20.71
Heather Marina,2025-08-05,20:30:00,20.59
Heather Marina,2025-08-05,21:00:00,20.68
Heather Marina,2025-08-05,21:30:00,20.71
Heather Marina,2025-08-05,22:00:00,20.71
Heather Marina,2025-08-05,22:30:00,20.79
Heather Marina,2025-08-05,23:00:00,20.74
Heather Marina,2025-08-05,23:30:00,20.71
Heather Marina,2025-08-06,0:00:00,20.74
Heather Marina,2025-08-06,0:30:00,20.68
Heather Marina,2025-08-06,1:00:00,20.62
Heather Marina,2025-08-06,1:30:00,20.59
Heather Marina,2025-08-06,2:00:00,20.56
Heather Marina,2025-08-06,2:30:00,20.47
Heather Marina,2025-08-06,3:00:00,20.44
Heather Marina,2025-08-06,3:30:00,20.38
Heather Marina,2025-08-06,4:00:00,20.33
Heather Marina,2025-08-06,4:30:00,20.21
Heather Marina,2025-08-06,5:00:00,20.12
Heather Marina,2025-08-06,5:30:00,20.21
Heather Marina,2025-08-06,6:00:00,20.21
Heather Marina,2025-08-06,6:30:00,20.15
Heather Marina,2025-08-06,7:00:00,20.12
Heather Marina,2025-08-06,7:30:00,20.24
Heather Marina,2025-08-06,8:00:00,20.24
Heather Marina,2025-08-06,8:30:00,20.09
Heather Marina,2025-08-06,9:00:00,20
Heather Marina,2025-08-06,9:30:00,19.77
Heather Marina,2025-08-06,10:00:00,19.71
Heather Marina,2025-08-06,10:30:00,19.8
Heather Marina,2025-08-06,11:00:00,19.86
Heather Marina,2025-08-06,11:30:00,20.15
Heather Marina,2025-08-06,12:00:00,20.12
Heather Marina,2025-08-06,12:30:00,20.3
Heather Marina,2025-08-06,13:00:00,20.3
Heather Marina,2025-08-06,13:30:00,20.38
Heather Marina,2025-08-06,14:00:00,20.35
Heather Marina,2025-08-06,14:30:00,20.33
Heather Marina,2025-08-06,15:00:00,20.47
Heather Marina,2025-08-06,15:30:00,20.27
Heather Marina,2025-08-06,16:00:00,20.59
Heather Marina,2025-08-06,16:30:00,20.38
Heather Marina,2025-08-06,17:00:00,20.35
Heather Marina,2025-08-06,17:30:00,20.41
Heather Marina,2025-08-06,18:00:00,20.65
Heather Marina,2025-08-06,18:30:00,20.27
Heather Marina,2025-08-06,19:00:00,20.33
Heather Marina,2025-08-06,19:30:00,20.38
Heather Marina,2025-08-06,20:00:00,20.35
Heather Marina,2025-08-06,20:30:00,20.35
Heather Marina,2025-08-06,21:00:00,20.3
Heather Marina,2025-08-06,21:30:00,20.3
Heather Marina,2025-08-06,22:00:00,20.27
Heather Marina,2025-08-06,22:30:00,20.21
Heather Marina,2025-08-06,23:00:00,20.21
Heather Marina,2025-08-06,23:30:00,20.09
Heather Marina,2025-08-07,0:00:00,20.06
Heather Marina,2025-08-07,0:30:00,20
Heather Marina,2025-08-07,1:00:00,19.97
Heather Marina,2025-08-07,1:30:00,19.86
Heather Marina,2025-08-07,2:00:00,19.83
Heather Marina,2025-08-07,2:30:00,19.8
Heather Marina,2025-08-07,3:00:00,19.41
Heather Marina,2025-08-07,3:30:00,19.36
Heather Marina,2025-08-07,4:00:00,19.56
Heather Marina,2025-08-07,4:30:00,19.3
Heather Marina,2025-08-07,5:00:00,19.15
Heather Marina,2025-08-07,5:30:00,19.15
Heather Marina,2025-08-07,6:00:00,19.15
Heather Marina,2025-08-07,6:30:00,19.06
Heather Marina,2025-08-07,7:00:00,19.12
Heather Marina,2025-08-07,7:30:00,19.15
Heather Marina,2025-08-07,8:00:00,19.12
Heather Marina,2025-08-07,8:30:00,19.15
Heather Marina,2025-08-07,9:00:00,19.18
Heather Marina,2025-08-07,9:30:00,19.18
Heather Marina,2025-08-07,10:00:00,19.21
Heather Marina,2025-08-07,10:30:00,19.36
Heather Marina,2025-08-07,11:00:00,19.5
Heather Marina,2025-08-07,11:30:00,19.71
Heather Marina,2025-08-07,12:00:00,19.71
Heather Marina,2025-08-07,12:30:00,19.68
Heather Marina,2025-08-07,13:00:00,19.88
Heather Marina,2025-08-07,13:30:00,19.83
Heather Marina,2025-08-07,14:00:00,19.68
Heather Marina,2025-08-07,14:30:00,19.71
Heather Marina,2025-08-07,15:00:00,19.77
Heather Marina,2025-08-07,15:30:00,19.83
Heather Marina,2025-08-07,16:00:00,19.86
Heather Marina,2025-08-07,16:30:00,19.94
Heather Marina,2025-08-07,17:00:00,20.21
Heather Marina,2025-08-07,17:30:00,20.3
Heather Marina,2025-08-07,18:00:00,20.35
Heather Marina,2025-08-07,18:30:00,20.21
Heather Marina,2025-08-07,19:00:00,20.12
Heather Marina,2025-08-07,19:30:00,20.03
Heather Marina,2025-08-07,20:00:00,19.91
Heather Marina,2025-08-07,20:30:00,19.88
Heather Marina,2025-08-07,21:00:00,19.83
Heather Marina,2025-08-07,21:30:00,19.8
Heather Marina,2025-08-07,22:00:00,19.77
Heather Marina,2025-08-07,22:30:00,19.8
Heather Marina,2025-08-07,23:00:00,19.62
Heather Marina,2025-08-07,23:30:00,19.56
Heather Marina,2025-08-08,0:00:00,19.56
Heather Marina,2025-08-08,0:30:00,19.5
Heather Marina,2025-08-08,1:00:00,19.59
Heather Marina,2025-08-08,1:30:00,19.56
Heather Marina,2025-08-08,2:00:00,19.53
Heather Marina,2025-08-08,2:30:00,19.5
Heather Marina,2025-08-08,3:00:00,19.44
Heather Marina,2025-08-08,3:30:00,19.47
Heather Marina,2025-08-08,4:00:00,19.36
Heather Marina,2025-08-08,4:30:00,19.44
Heather Marina,2025-08-08,5:00:00,19.47
Heather Marina,2025-08-08,5:30:00,19.41
Heather Marina,2025-08-08,6:00:00,19.38
Heather Marina,2025-08-08,6:30:00,19.33
Heather Marina,2025-08-08,7:00:00,19.33
Heather Marina,2025-08-08,7:30:00,19.38
Heather Marina,2025-08-08,8:00:00,19.36
Heather Marina,2025-08-08,8:30:00,19.36
Heather Marina,2025-08-08,9:00:00,19.38
Heather Marina,2025-08-08,9:30:00,19.44
Heather Marina,2025-08-08,10:00:00,19.47
Heather Marina,2025-08-08,10:30:00,19.56
Heather Marina,2025-08-08,11:00:00,19.62
Heather Marina,2025-08-08,11:30:00,19.94
Heather Marina,2025-08-08,12:00:00,20
Heather Marina,2025-08-08,12:30:00,20.18
Heather Marina,2025-08-08,13:00:00,20.24
Heather Marina,2025-08-08,13:30:00,20.35
Heather Marina,2025-08-08,14:00:00,20.41
Heather Marina,2025-08-08,14:30:00,20.59
Heather Marina,2025-08-08,15:00:00,20.71
Heather Marina,2025-08-08,15:30:00,20.74
Heather Marina,2025-08-08,16:00:00,20.5
Heather Marina,2025-08-08,16:30:00,20.38
Heather Marina,2025-08-08,17:00:00,20.27
Heather Marina,2025-08-08,17:30:00,20.24
Heather Marina,2025-08-08,18:00:00,20.21
Heather Marina,2025-08-08,18:30:00,20.18
Heather Marina,2025-08-08,19:00:00,20.18
Heather Marina,2025-08-08,19:30:00,20.18
Heather Marina,2025-08-08,20:00:00,20.21
Heather Marina,2025-08-08,20:30:00,20.18
Heather Marina,2025-08-08,21:00:00,20.12
Heather Marina,2025-08-08,21:30:00,20.06
Heather Marina,2025-08-08,22:00:00,20
Heather Marina,2025-08-08,22:30:00,20.06
Heather Marina,2025-08-08,23:00:00,20.06
Heather Marina,2025-08-08,23:30:00,20.06
Heather Marina,2025-08-09,0:00:00,20.09
Heather Marina,2025-08-09,0:30:00,20.06
Heather Marina,2025-08-09,1:00:00,20.03
Heather Marina,2025-08-09,1:30:00,20
Heather Marina,2025-08-09,2:00:00,19.83
Heather Marina,2025-08-09,2:30:00,19.62
Heather Marina,2025-08-09,3:00:00,19.65
Heather Marina,2025-08-09,3:30:00,19.65
Heather Marina,2025-08-09,4:00:00,19.62
Heather Marina,2025-08-09,4:30:00,19.53
Heather Marina,2025-08-09,5:00:00,19.53
Heather Marina,2025-08-09,5:30:00,19.38
Heather Marina,2025-08-09,6:00:00,19.38
Heather Marina,2025-08-09,6:30:00,19.38
Heather Marina,2025-08-09,7:00:00,19.27
Heather Marina,2025-08-09,7:30:00,19.36
Heather Marina,2025-08-09,8:00:00,19.44
Heather Marina,2025-08-09,8:30:00,19.47
Heather Marina,2025-08-09,9:00:00,19.47
Heather Marina,2025-08-09,9:30:00,19.53
Heather Marina,2025-08-09,10:00:00,19.65
Heather Marina,2025-08-09,10:30:00,19.77
Heather Marina,2025-08-09,11:00:00,20
Heather Marina,2025-08-09,11:30:00,20.09
Heather Marina,2025-08-09,12:00:00,20.21
Heather Marina,2025-08-09,12:30:00,20.35
Heather Marina,2025-08-09,13:00:00,20.53
Heather Marina,2025-08-09,13:30:00,20.74
Heather Marina,2025-08-09,14:00:00,20.68
Heather Marina,2025-08-09,14:30:00,20.91
Heather Marina,2025-08-09,15:00:00,21.14
Heather Marina,2025-08-09,15:30:00,21.09
Heather Marina,2025-08-09,16:00:00,21.03
Heather Marina,2025-08-09,16:30:00,21
Heather Marina,2025-08-09,17:00:00,20.91
Heather Marina,2025-08-09,17:30:00,21.09
Heather Marina,2025-08-09,18:00:00,21.14
Heather Marina,2025-08-09,18:30:00,21.06
Heather Marina,2025-08-09,19:00:00,21.06
Heather Marina,2025-08-09,19:30:00,20.97
Heather Marina,2025-08-09,20:00:00,20.88
Heather Marina,2025-08-09,20:30:00,20.82
Heather Marina,2025-08-09,21:00:00,20.76
Heather Marina,2025-08-09,21:30:00,20.74
Heather Marina,2025-08-09,22:00:00,20.76
Heather Marina,2025-08-09,22:30:00,20.76
Heather Marina,2025-08-09,23:00:00,20.74
Heather Marina,2025-08-09,23:30:00,20.68
Heather Marina,2025-08-10,0:00:00,20.65
Heather Marina,2025-08-10,0:30:00,20.65
Heather Marina,2025-08-10,1:00:00,20.62
Heather Marina,2025-08-10,1:30:00,20.62
Heather Marina,2025-08-10,2:00:00,20.59
Heather Marina,2025-08-10,2:30:00,20.56
Heather Marina,2025-08-10,3:00:00,20.56
Heather Marina,2025-08-10,3:30:00,20.5
Heather Marina,2025-08-10,4:00:00,20.5
Heather Marina,2025-08-10,4:30:00,20.15
Heather Marina,2025-08-10,5:00:00,20.06
Heather Marina,2025-08-10,5:30:00,20.03
Heather Marina,2025-08-10,6:00:00,20.03
Heather Marina,2025-08-10,6:30:00,20.09
Heather Marina,2025-08-10,7:00:00,20.18
Heather Marina,2025-08-10,7:30:00,20.27
Heather Marina,2025-08-10,8:00:00,20.27
Heather Marina,2025-08-10,8:30:00,20.27
Heather Marina,2025-08-10,9:00:00,20.27
Heather Marina,2025-08-10,9:30:00,20.33
Heather Marina,2025-08-10,10:00:00,20.47
Heather Marina,2025-08-10,10:30:00,20.56
Heather Marina,2025-08-10,11:00:00,20.74
Heather Marina,2025-08-10,11:30:00,20.88
Heather Marina,2025-08-10,12:00:00,21.06
Heather Marina,2025-08-10,12:30:00,21.41
Heather Marina,2025-08-10,13:00:00,21.52
Heather Marina,2025-08-10,13:30:00,21.73
Heather Marina,2025-08-10,14:00:00,21.79
Heather Marina,2025-08-10,14:30:00,21.84
Heather Marina,2025-08-10,15:00:00,22.17
Heather Marina,2025-08-10,15:30:00,22.43
Heather Marina,2025-08-10,16:00:00,22.49
Heather Marina,2025-08-10,16:30:00,22.34
Heather Marina,2025-08-10,17:00:00,21.7
Heather Marina,2025-08-10,17:30:00,22.37
Heather Marina,2025-08-10,18:00:00,21.93
Heather Marina,2025-08-10,18:30:00,21.58
Heather Marina,2025-08-10,19:00:00,21.76
Heather Marina,2025-08-10,19:30:00,21.99
Heather Marina,2025-08-10,20:00:00,21.93
Heather Marina,2025-08-10,20:30:00,21.82
Heather Marina,2025-08-10,21:00:00,21.61
Heather Marina,2025-08-10,21:30:00,21.7
Heather Marina,2025-08-10,22:00:00,21.64
Heather Marina,2025-08-10,22:30:00,21.55
Heather Marina,2025-08-10,23:00:00,21.52
Heather Marina,2025-08-10,23:30:00,21.52
Heather Marina,2025-08-11,0:00:00,21.52
Heather Marina,2025-08-11,0:30:00,21.52
Heather Marina,2025-08-11,1:00:00,21.47
Heather Marina,2025-08-11,1:30:00,21.44
Heather Marina,2025-08-11,2:00:00,21.41
Heather Marina,2025-08-11,2:30:00,21.38
Heather Marina,2025-08-11,3:00:00,21.44
Heather Marina,2025-08-11,3:30:00,21.41
Heather Marina,2025-08-11,4:00:00,21.12
Heather Marina,2025-08-11,4:30:00,21.17
Heather Marina,2025-08-11,5:00:00,21.14
Heather Marina,2025-08-11,5:30:00,21.14
Heather Marina,2025-08-11,6:00:00,21.12
Heather Marina,2025-08-11,6:30:00,21.09
Heather Marina,2025-08-11,7:00:00,21.12
Heather Marina,2025-08-11,7:30:00,21.12
Heather Marina,2025-08-11,8:00:00,21.12
Heather Marina,2025-08-11,8:30:00,21.12
Heather Marina,2025-08-11,9:00:00,21.12
Heather Marina,2025-08-11,9:30:00,21.17
Heather Marina,2025-08-11,10:00:00,21.2
Heather Marina,2025-08-11,10:30:00,21.2
Heather Marina,2025-08-11,11:00:00,21.26
Heather Marina,2025-08-11,11:30:00,21.32
Heather Marina,2025-08-11,12:00:00,21.52
Heather Marina,2025-08-11,12:30:00,21.58
Heather Marina,2025-08-11,13:00:00,21.82
Heather Marina,2025-08-11,13:30:00,21.93
Heather Marina,2025-08-11,14:00:00,22.08
Heather Marina,2025-08-11,14:30:00,22.28
Heather Marina,2025-08-11,15:00:00,22.46
Heather Marina,2025-08-11,15:30:00,22.72
Heather Marina,2025-08-11,16:00:00,22.83
Heather Marina,2025-08-11,16:30:00,22.69
Heather Marina,2025-08-11,17:00:00,22.22
Heather Marina,2025-08-11,17:30:00,22.17
Heather Marina,2025-08-11,18:00:00,22.14
Heather Marina,2025-08-11,18:30:00,22.72
Heather Marina,2025-08-11,19:00:00,22.69
Heather Marina,2025-08-11,19:30:00,22.4
Heather Marina,2025-08-11,20:00:00,22.19
Heather Marina,2025-08-11,20:30:00,22.11
Heather Marina,2025-08-11,21:00:00,22.05
Heather Marina,2025-08-11,21:30:00,21.99
Heather Marina,2025-08-11,22:00:00,21.93
Heather Marina,2025-08-11,22:30:00,21.84
Heather Marina,2025-08-11,23:00:00,21.82
Heather Marina,2025-08-11,23:30:00,21.82
Heather Marina,2025-08-12,0:00:00,21.76
Heather Marina,2025-08-12,0:30:00,21.76
Heather Marina,2025-08-12,1:00:00,21.73
Heather Marina,2025-08-12,1:30:00,21.73
Heather Marina,2025-08-12,2:00:00,21.79
Heather Marina,2025-08-12,2:30:00,21.64
Heather Marina,2025-08-12,3:00:00,21.64
Heather Marina,2025-08-12,3:30:00,21.61
Heather Marina,2025-08-12,4:00:00,21.67
Heather Marina,2025-08-12,4:30:00,21.82
Heather Marina,2025-08-12,5:00:00,21.73
Heather Marina,2025-08-12,5:30:00,21.64
Heather Marina,2025-08-12,6:00:00,21.61
Heather Marina,2025-08-12,6:30:00,21.61
Heather Marina,2025-08-12,7:00:00,21.61
Heather Marina,2025-08-12,7:30:00,21.58
Heather Marina,2025-08-12,8:00:00,21.58
Heather Marina,2025-08-12,8:30:00,21.58
Heather Marina,2025-08-12,9:00:00,21.55
Heather Marina,2025-08-12,9:30:00,21.58
Heather Marina,2025-08-12,10:00:00,21.64
Heather Marina,2025-08-12,10:30:00,21.7
Heather Marina,2025-08-12,11:00:00,21.82
Heather Marina,2025-08-12,11:30:00,21.99
Heather Marina,2025-08-12,12:00:00,22.14
Heather Marina,2025-08-12,12:30:00,22.28
Heather Marina,2025-08-12,13:00:00,22.37
Heather Marina,2025-08-12,13:30:00,22.54
Heather Marina,2025-08-12,14:00:00,22.66
Heather Marina,2025-08-12,14:30:00,22.72
Heather Marina,2025-08-12,15:00:00,22.95
Heather Marina,2025-08-12,15:30:00,22.95
Heather Marina,2025-08-12,16:00:00,23.1
Heather Marina,2025-08-12,16:30:00,23.24
Heather Marina,2025-08-12,17:00:00,23.33
Heather Marina,2025-08-12,17:30:00,23.3
Heather Marina,2025-08-12,18:00:00,23.12
Heather Marina,2025-08-12,18:30:00,22.95
Heather Marina,2025-08-12,19:00:00,22.86
Heather Marina,2025-08-12,19:30:00,22.72
Heather Marina,2025-08-12,20:00:00,22.69
Heather Marina,2025-08-12,20:30:00,22.66
Heather Marina,2025-08-12,21:00:00,22.6
Heather Marina,2025-08-12,21:30:00,22.57
Heather Marina,2025-08-12,22:00:00,22.49
Heather Marina,2025-08-12,22:30:00,22.37
Heather Marina,2025-08-12,23:00:00,22.28
Heather Marina,2025-08-12,23:30:00,22.25
Heather Marina,2025-08-13,0:00:00,22.22
Heather Marina,2025-08-13,0:30:00,22.17
Heather Marina,2025-08-13,1:00:00,22.11
Heather Marina,2025-08-13,1:30:00,22.05
Heather Marina,2025-08-13,2:00:00,21.99
Heather Marina,2025-08-13,2:30:00,21.99
Heather Marina,2025-08-13,3:00:00,21.96
Heather Marina,2025-08-13,3:30:00,21.93
Heather Marina,2025-08-13,4:00:00,21.93
Heather Marina,2025-08-13,4:30:00,21.79
Heather Marina,2025-08-13,5:00:00,21.82
Heather Marina,2025-08-13,5:30:00,21.79
Heather Marina,2025-08-13,6:00:00,21.73
Heather Marina,2025-08-13,6:30:00,21.67
Heather Marina,2025-08-13,7:00:00,21.67
Heather Marina,2025-08-13,7:30:00,21.64
Heather Marina,2025-08-13,8:00:00,21.64
Heather Marina,2025-08-13,8:30:00,21.64
Heather Marina,2025-08-13,9:00:00,21.67
Heather Marina,2025-08-13,9:30:00,21.7
Heather Marina,2025-08-13,10:00:00,21.76
Heather Marina,2025-08-13,10:30:00,21.79
Heather Marina,2025-08-13,11:00:00,21.84
Heather Marina,2025-08-13,11:30:00,21.96
Heather Marina,2025-08-13,12:00:00,22.05
Heather Marina,2025-08-13,12:30:00,22.31
Heather Marina,2025-08-13,13:00:00,22.34
Heather Marina,2025-08-13,13:30:00,22.6
Heather Marina,2025-08-13,14:00:00,22.6
Heather Marina,2025-08-13,14:30:00,22.49
Heather Marina,2025-08-13,15:00:00,22.46
Heather Marina,2025-08-13,15:30:00,22.37
Heather Marina,2025-08-13,16:00:00,22.6
Heather Marina,2025-08-13,16:30:00,22.8
Heather Marina,2025-08-13,17:00:00,22.78
Heather Marina,2025-08-13,17:30:00,22.8
Heather Marina,2025-08-13,18:00:00,22.66
Heather Marina,2025-08-13,18:30:00,22.57
Heather Marina,2025-08-13,19:00:00,22.51
Heather Marina,2025-08-13,19:30:00,22.37
Heather Marina,2025-08-13,20:00:00,22.28
Heather Marina,2025-08-13,20:30:00,22.17
Heather Marina,2025-08-13,21:00:00,22.05
Heather Marina,2025-08-13,21:30:00,21.96
Heather Marina,2025-08-13,22:00:00,21.93
Heather Marina,2025-08-13,22:30:00,21.87
Heather Marina,2025-08-13,23:00:00,21.79
Heather Marina,2025-08-13,23:30:00,21.73
Heather Marina,2025-08-14,0:00:00,21.64
Heather Marina,2025-08-14,0:30:00,21.52
Heather Marina,2025-08-14,1:00:00,21.47
Heather Marina,2025-08-14,1:30:00,21.41
Heather Marina,2025-08-14,2:00:00,21.35
Heather Marina,2025-08-14,2:30:00,21.32
Heather Marina,2025-08-14,3:00:00,21.26
Heather Marina,2025-08-14,3:30:00,21.2
Heather Marina,2025-08-14,4:00:00,21.29
Heather Marina,2025-08-14,4:30:00,21.14
Heather Marina,2025-08-14,5:00:00,20.82
Heather Marina,2025-08-14,5:30:00,20.68
Heather Marina,2025-08-14,6:00:00,20.59
Heather Marina,2025-08-14,6:30:00,20.62
Heather Marina,2025-08-14,7:00:00,20.35
Heather Marina,2025-08-14,7:30:00,20.41
Heather Marina,2025-08-14,8:00:00,20.38
Heather Marina,2025-08-14,8:30:00,20.24
Heather Marina,2025-08-14,9:00:00,20
Heather Marina,2025-08-14,9:30:00,19.86
Heather Marina,2025-08-14,10:00:00,19.8
Heather Marina,2025-08-14,10:30:00,19.88
Heather Marina,2025-08-14,11:00:00,19.94
Heather Marina,2025-08-14,11:30:00,19.97
Heather Marina,2025-08-14,12:00:00,19.94
Heather Marina,2025-08-14,12:30:00,19.97
Heather Marina,2025-08-14,13:00:00,20.06
Heather Marina,2025-08-14,13:30:00,20.12
Heather Marina,2025-08-14,14:00:00,20.09
Heather Marina,2025-08-14,14:30:00,20.06
Heather Marina,2025-08-14,15:00:00,20.12
Heather Marina,2025-08-14,15:30:00,20
Heather Marina,2025-08-14,16:00:00,19.91
Heather Marina,2025-08-14,16:30:00,19.83
Heather Marina,2025-08-14,17:00:00,19.65
Heather Marina,2025-08-14,17:30:00,19.62
Heather Marina,2025-08-14,18:00:00,19.53
Heather Marina,2025-08-14,18:30:00,19.38
Heather Marina,2025-08-14,19:00:00,19.24
Heather Marina,2025-08-14,19:30:00,19.27
Heather Marina,2025-08-14,20:00:00,19.18
Heather Marina,2025-08-14,20:30:00,19.09
Heather Marina,2025-08-14,21:00:00,19.06
Heather Marina,2025-08-14,21:30:00,18.97
Heather Marina,2025-08-14,22:00:00,19
Heather Marina,2025-08-14,22:30:00,18.97
Heather Marina,2025-08-14,23:00:00,18.94
Heather Marina,2025-08-14,23:30:00,18.88
Heather Marina,2025-08-15,0:00:00,18.82
Heather Marina,2025-08-15,0:30:00,18.82
Heather Marina,2025-08-15,1:00:00,18.82
Heather Marina,2025-08-15,1:30:00,18.82
Heather Marina,2025-08-15,2:00:00,18.88
Heather Marina,2025-08-15,2:30:00,18.79
Heather Marina,2025-08-15,3:00:00,18.76
Heather Marina,2025-08-15,3:30:00,18.79
Heather Marina,2025-08-15,4:00:00,18.76
Heather Marina,2025-08-15,4:30:00,18.74
Heather Marina,2025-08-15,5:00:00,18.68
Heather Marina,2025-08-15,5:30:00,18.74
Heather Marina,2025-08-15,6:00:00,18.71
Heather Marina,2025-08-15,6:30:00,18.38
Heather Marina,2025-08-15,7:00:00,18.08
Heather Marina,2025-08-15,7:30:00,17.93
Heather Marina,2025-08-15,8:00:00,17.96
Heather Marina,2025-08-15,8:30:00,18.2
Heather Marina,2025-08-15,9:00:00,18.17
Heather Marina,2025-08-15,9:30:00,18.05
Heather Marina,2025-08-15,10:00:00,17.79
Heather Marina,2025-08-15,10:30:00,17.67
Heather Marina,2025-08-15,11:00:00,17.73
Heather Marina,2025-08-15,11:30:00,18.05
Heather Marina,2025-08-15,12:00:00,17.73
Heather Marina,2025-08-15,12:30:00,17.61
Heather Marina,2025-08-15,13:00:00,17.46
Heather Marina,2025-08-15,13:30:00,17.37
Heather Marina,2025-08-15,14:00:00,17.31
Heather Marina,2025-08-15,14:30:00,17.4
Heather Marina,2025-08-15,15:00:00,17.34
Heather Marina,2025-08-15,15:30:00,17.34
Heather Marina,2025-08-15,16:00:00,17.37
Heather Marina,2025-08-15,16:30:00,17.37
Heather Marina,2025-08-15,17:00:00,17.31
Heather Marina,2025-08-15,17:30:00,17.28
Heather Marina,2025-08-15,18:00:00,17.28
Heather Marina,2025-08-15,18:30:00,17.25
Heather Marina,2025-08-15,19:00:00,17.25
Heather Marina,2025-08-15,19:30:00,17.25
Heather Marina,2025-08-15,20:00:00,17.25
Heather Marina,2025-08-15,20:30:00,17.25
Heather Marina,2025-08-15,21:00:00,17.28
Heather Marina,2025-08-15,21:30:00,17.31
Heather Marina,2025-08-15,22:00:00,17.31
Heather Marina,2025-08-15,22:30:00,17.37
Heather Marina,2025-08-15,23:00:00,17.37
Heather Marina,2025-08-15,23:30:00,17.46
Heather Marina,2025-08-16,0:00:00,17.43
Heather Marina,2025-08-16,0:30:00,17.46
Heather Marina,2025-08-16,1:00:00,17.37
Heather Marina,2025-08-16,1:30:00,17.4
Heather Marina,2025-08-16,2:00:00,17.4
Heather Marina,2025-08-16,2:30:00,17.43
Heather Marina,2025-08-16,3:00:00,17.49
Heather Marina,2025-08-16,3:30:00,17.46
Heather Marina,2025-08-16,4:00:00,17.4
Heather Marina,2025-08-16,4:30:00,17.46
Heather Marina,2025-08-16,5:00:00,17.43
Heather Marina,2025-08-16,5:30:00,17.43
Heather Marina,2025-08-16,6:00:00,17.49
Heather Marina,2025-08-16,6:30:00,17.49
Heather Marina,2025-08-16,7:00:00,17.46
Heather Marina,2025-08-16,7:30:00,17.4
Heather Marina,2025-08-16,8:00:00,17.37
Heather Marina,2025-08-16,8:30:00,17.25
Heather Marina,2025-08-16,9:00:00,17.34
Heather Marina,2025-08-16,9:30:00,17.34
Heather Marina,2025-08-16,10:00:00,17.31
Heather Marina,2025-08-16,10:30:00,17.4
Heather Marina,2025-08-16,11:00:00,17.34
Heather Marina,2025-08-16,11:30:00,17.37
Heather Marina,2025-08-16,12:00:00,17.37
Heather Marina,2025-08-16,12:30:00,17.52
Heather Marina,2025-08-16,13:00:00,17.73
Heather Marina,2025-08-16,13:30:00,17.84
Heather Marina,2025-08-16,14:00:00,17.96
Heather Marina,2025-08-16,14:30:00,18.05
Heather Marina,2025-08-16,15:00:00,18.23
Heather Marina,2025-08-16,15:30:00,18.26
Heather Marina,2025-08-16,16:00:00,18.35
Heather Marina,2025-08-16,16:30:00,18.41
Heather Marina,2025-08-16,17:00:00,18.53
Heather Marina,2025-08-16,17:30:00,18.59
Heather Marina,2025-08-16,18:00:00,18.56
Heather Marina,2025-08-16,18:30:00,18.5
Heather Marina,2025-08-16,19:00:00,18.47
Heather Marina,2025-08-16,19:30:00,18.5
Heather Marina,2025-08-16,20:00:00,18.41
Heather Marina,2025-08-16,20:30:00,18.41
Heather Marina,2025-08-16,21:00:00,18.41
Heather Marina,2025-08-16,21:30:00,18.26
Heather Marina,2025-08-16,22:00:00,17.99
Heather Marina,2025-08-16,22:30:00,18.2
Heather Marina,2025-08-16,23:00:00,18.29
Heather Marina,2025-08-16,23:30:00,18.29
Heather Marina,2025-08-17,0:00:00,18.29
Heather Marina,2025-08-17,0:30:00,18.26
Heather Marina,2025-08-17,1:00:00,18.2
Heather Marina,2025-08-17,1:30:00,18.14
Heather Marina,2025-08-17,2:00:00,18.17
Heather Marina,2025-08-17,2:30:00,18.17
Heather Marina,2025-08-17,3:00:00,18.17
Heather Marina,2025-08-17,3:30:00,18.14
Heather Marina,2025-08-17,4:00:00,18.08
Heather Marina,2025-08-17,4:30:00,18.08
Heather Marina,2025-08-17,5:00:00,18.05
Heather Marina,2025-08-17,5:30:00,18.02
Heather Marina,2025-08-17,6:00:00,17.99
Heather Marina,2025-08-17,6:30:00,17.84
Heather Marina,2025-08-17,7:00:00,17.82
Heather Marina,2025-08-17,7:30:00,17.87
Heather Marina,2025-08-17,8:00:00,17.79
Heather Marina,2025-08-17,8:30:00,17.82
Heather Marina,2025-08-17,9:00:00,17.82
Heather Marina,2025-08-17,9:30:00,17.82
Heather Marina,2025-08-17,10:00:00,17.87
Heather Marina,2025-08-17,10:30:00,17.93
Heather Marina,2025-08-17,11:00:00,18.02
Heather Marina,2025-08-17,11:30:00,18.14
Heather Marina,2025-08-17,12:00:00,18.14
Heather Marina,2025-08-17,12:30:00,18.17
Heather Marina,2025-08-17,13:00:00,18.29
Heather Marina,2025-08-17,13:30:00,18.44
Heather Marina,2025-08-17,14:00:00,18.47
Heather Marina,2025-08-17,14:30:00,18.56
Heather Marina,2025-08-17,15:00:00,18.62
Heather Marina,2025-08-17,15:30:00,18.56
Heather Marina,2025-08-17,16:00:00,18.62
Heather Marina,2025-08-17,16:30:00,18.62
Heather Marina,2025-08-17,17:00:00,18.62
Heather Marina,2025-08-17,17:30:00,18.62
Heather Marina,2025-08-17,18:00:00,18.65
Heather Marina,2025-08-17,18:30:00,18.65
Heather Marina,2025-08-17,19:00:00,18.56
Heather Marina,2025-08-17,19:30:00,18.53
Heather Marina,2025-08-17,20:00:00,18.44
Heather Marina,2025-08-17,20:30:00,18.76
Heather Marina,2025-08-17,21:00:00,18.85
Heather Marina,2025-08-17,21:30:00,18.94
Heather Marina,2025-08-17,22:00:00,18.97
Heather Marina,2025-08-17,22:30:00,18.94
Heather Marina,2025-08-17,23:00:00,18.94
Heather Marina,2025-08-17,23:30:00,18.94
Heather Marina,2025-08-18,0:00:00,18.94
Heather Marina,2025-08-18,0:30:00,18.94
Heather Marina,2025-08-18,1:00:00,18.91
Heather Marina,2025-08-18,1:30:00,18.88
Heather Marina,2025-08-18,2:00:00,18.82
Heather Marina,2025-08-18,2:30:00,18.82
Heather Marina,2025-08-18,3:00:00,18.76
Heather Marina,2025-08-18,3:30:00,18.82
Heather Marina,2025-08-18,4:00:00,18.82
Heather Marina,2025-08-18,4:30:00,18.82
Heather Marina,2025-08-18,5:00:00,18.76
Heather Marina,2025-08-18,5:30:00,18.71
Heather Marina,2025-08-18,6:00:00,18.76
Heather Marina,2025-08-18,6:30:00,18.79
Heather Marina,2025-08-18,7:00:00,18.71
Heather Marina,2025-08-18,7:30:00,18.68
Heather Marina,2025-08-18,8:00:00,18.71
Heather Marina,2025-08-18,8:30:00,18.74
Heather Marina,2025-08-18,9:00:00,18.59
Heather Marina,2025-08-18,9:30:00,18.68
Heather Marina,2025-08-18,10:00:00,18.59
Heather Marina,2025-08-18,10:30:00,18.71
Heather Marina,2025-08-18,11:00:00,18.74
Heather Marina,2025-08-18,11:30:00,18.82
Heather Marina,2025-08-18,12:00:00,18.88
Heather Marina,2025-08-18,12:30:00,18.91
Heather Marina,2025-08-18,13:00:00,18.94
Heather Marina,2025-08-18,13:30:00,19
Heather Marina,2025-08-18,14:00:00,19.15
Heather Marina,2025-08-18,14:30:00,19.18
Heather Marina,2025-08-18,15:00:00,19.21
Heather Marina,2025-08-18,15:30:00,19.24
Heather Marina,2025-08-18,16:00:00,19.3
Heather Marina,2025-08-18,16:30:00,19.27
Heather Marina,2025-08-18,17:00:00,19.18
Heather Marina,2025-08-18,17:30:00,19.21
Heather Marina,2025-08-18,18:00:00,19.36
Heather Marina,2025-08-18,18:30:00,19.27
Heather Marina,2025-08-18,19:00:00,19.27
Heather Marina,2025-08-18,19:30:00,19.27
Heather Marina,2025-08-18,20:00:00,19.24
Heather Marina,2025-08-18,20:30:00,19.06
Heather Marina,2025-08-18,21:00:00,19.27
Heather Marina,2025-08-18,21:30:00,19.24
Heather Marina,2025-08-18,22:00:00,19.09
Heather Marina,2025-08-18,22:30:00,19.21
Heather Marina,2025-08-18,23:00:00,19.24
Heather Marina,2025-08-18,23:30:00,19.15
Heather Marina,2025-08-19,0:00:00,19.18
Heather Marina,2025-08-19,0:30:00,19.15
Heather Marina,2025-08-19,1:00:00,19.09
Heather Marina,2025-08-19,1:30:00,19.18
Heather Marina,2025-08-19,2:00:00,19.21
Heather Marina,2025-08-19,2:30:00,19.18
Heather Marina,2025-08-19,3:00:00,19.15
Heather Marina,2025-08-19,3:30:00,19.12
Heather Marina,2025-08-19,4:00:00,19.15
Heather Marina,2025-08-19,4:30:00,19.09
Heather Marina,2025-08-19,5:00:00,19.12
Heather Marina,2025-08-19,5:30:00,19.09
Heather Marina,2025-08-19,6:00:00,19.06
Heather Marina,2025-08-19,6:30:00,19.09
Heather Marina,2025-08-19,7:00:00,19.09
Heather Marina,2025-08-19,7:30:00,19.12
Heather Marina,2025-08-19,8:00:00,19.12
Heather Marina,2025-08-19,8:30:00,19.12
Heather Marina,2025-08-19,9:00:00,19.15
Heather Marina,2025-08-19,9:30:00,19.15
Heather Marina,2025-08-19,10:00:00,19.06
Heather Marina,2025-08-19,10:30:00,19.09
Heather Marina,2025-08-19,11:00:00,19.15
Heather Marina,2025-08-19,11:30:00,19.15
Heather Marina,2025-08-19,12:00:00,19.21
Heather Marina,2025-08-19,12:30:00,19.18
Heather Marina,2025-08-19,13:00:00,19.18
Heather Marina,2025-08-19,13:30:00,19.24
Heather Marina,2025-08-19,14:00:00,19.3
Heather Marina,2025-08-19,14:30:00,19.33
Heather Marina,2025-08-19,15:00:00,19.27
Heather Marina,2025-08-19,15:30:00,19.3
Heather Marina,2025-08-19,16:00:00,19.5
Heather Marina,2025-08-19,16:30:00,19.47
Heather Marina,2025-08-19,17:00:00,19.59
Heather Marina,2025-08-19,17:30:00,19.8
Heather Marina,2025-08-19,18:00:00,19.74
Heather Marina,2025-08-19,18:30:00,19.5
Heather Marina,2025-08-19,19:00:00,19.5
Heather Marina,2025-08-19,19:30:00,19.44
Heather Marina,2025-08-19,20:00:00,19.47
Heather Marina,2025-08-19,20:30:00,19.44
Heather Marina,2025-08-19,21:00:00,19.41
Heather Marina,2025-08-19,21:30:00,19.38
Heather Marina,2025-08-19,22:00:00,19.3
Heather Marina,2025-08-19,22:30:00,19.21
Heather Marina,2025-08-19,23:00:00,19.12
Heather Marina,2025-08-19,23:30:00,19
Heather Marina,2025-08-20,0:00:00,18.76
Heather Marina,2025-08-20,0:30:00,18.71
Heather Marina,2025-08-20,1:00:00,18.59
Heather Marina,2025-08-20,1:30:00,18.56
Heather Marina,2025-08-20,2:00:00,18.5
Heather Marina,2025-08-20,2:30:00,18.62
Heather Marina,2025-08-20,3:00:00,18.62
Heather Marina,2025-08-20,3:30:00,18.59
Heather Marina,2025-08-20,4:00:00,18.53
Heather Marina,2025-08-20,4:30:00,18.47
Heather Marina,2025-08-20,5:00:00,18.44
Heather Marina,2025-08-20,5:30:00,18.53
Heather Marina,2025-08-20,6:00:00,18.65
Heather Marina,2025-08-20,6:30:00,18.62
Heather Marina,2025-08-20,7:00:00,18.62
Heather Marina,2025-08-20,7:30:00,18.59
Heather Marina,2025-08-20,8:00:00,18.59
Heather Marina,2025-08-20,8:30:00,18.62
Heather Marina,2025-08-20,9:00:00,18.59
Heather Marina,2025-08-20,9:30:00,18.59
Heather Marina,2025-08-20,10:00:00,18.71
Heather Marina,2025-08-20,10:30:00,18.82
Heather Marina,2025-08-20,11:00:00,18.88
Heather Marina,2025-08-20,11:30:00,19.24
Heather Marina,2025-08-20,12:00:00,19.12
Heather Marina,2025-08-20,12:30:00,19.09
Heather Marina,2025-08-20,13:00:00,19.18
Heather Marina,2025-08-20,13:30:00,19.33
Heather Marina,2025-08-20,14:00:00,19.5
Heather Marina,2025-08-20,14:30:00,19.5
Heather Marina,2025-08-20,15:00:00,19.68
Heather Marina,2025-08-20,15:30:00,19.77
Heather Marina,2025-08-20,16:00:00,19.97
Heather Marina,2025-08-20,16:30:00,19.94
Heather Marina,2025-08-20,17:00:00,19.97
Heather Marina,2025-08-20,17:30:00,19.91
Heather Marina,2025-08-20,18:00:00,20.03
Heather Marina,2025-08-20,18:30:00,19.91
Heather Marina,2025-08-20,19:00:00,19.88
Heather Marina,2025-08-20,19:30:00,19.77
Heather Marina,2025-08-20,20:00:00,19.65
Heather Marina,2025-08-20,20:30:00,19.59
Heather Marina,2025-08-20,21:00:00,19.41
Heather Marina,2025-08-20,21:30:00,19.44
Heather Marina,2025-08-20,22:00:00,19.5
Heather Marina,2025-08-20,22:30:00,19.5
Heather Marina,2025-08-20,23:00:00,19.47
Heather Marina,2025-08-20,23:30:00,19.41
Heather Marina,2025-08-21,0:00:00,19.24
Heather Marina,2025-08-21,0:30:00,19.5
Heather Marina,2025-08-21,1:00:00,19.18
Heather Marina,2025-08-21,1:30:00,18.97
Heather Marina,2025-08-21,2:00:00,19
Heather Marina,2025-08-21,2:30:00,19.03
Heather Marina,2025-08-21,3:00:00,19.03
Heather Marina,2025-08-21,3:30:00,19.03
Heather Marina,2025-08-21,4:00:00,19.09
Heather Marina,2025-08-21,4:30:00,19.06
Heather Marina,2025-08-21,5:00:00,19.03
Heather Marina,2025-08-21,5:30:00,18.82
Heather Marina,2025-08-21,6:00:00,18.11
Heather Marina,2025-08-21,6:30:00,18.29
Heather Marina,2025-08-21,7:00:00,17.82
Heather Marina,2025-08-21,7:30:00,17.99
Heather Marina,2025-08-21,8:00:00,18.56
Heather Marina,2025-08-21,8:30:00,18.65
Heather Marina,2025-08-21,9:00:00,18.68
Heather Marina,2025-08-21,9:30:00,18.71
Heather Marina,2025-08-21,10:00:00,18.68
Heather Marina,2025-08-21,10:30:00,18.76
Heather Marina,2025-08-21,11:00:00,18.85
Heather Marina,2025-08-21,11:30:00,18.97
Heather Marina,2025-08-21,12:00:00,19.15
Heather Marina,2025-08-21,12:30:00,19.33
Heather Marina,2025-08-21,13:00:00,19.44
Heather Marina,2025-08-21,13:30:00,19.59
Heather Marina,2025-08-21,14:00:00,19.56
Heather Marina,2025-08-21,14:30:00,19.71
Heather Marina,2025-08-21,15:00:00,19.74
Heather Marina,2025-08-21,15:30:00,19.83
Heather Marina,2025-08-21,16:00:00,19.65
Heather Marina,2025-08-21,16:30:00,19.74
Heather Marina,2025-08-21,17:00:00,19.62
Heather Marina,2025-08-21,17:30:00,19.59
Heather Marina,2025-08-21,18:00:00,19.65
Heather Marina,2025-08-21,18:30:00,19.65
Heather Marina,2025-08-21,19:00:00,19.59
Heather Marina,2025-08-21,19:30:00,19.53
Heather Marina,2025-08-21,20:00:00,19.53
Heather Marina,2025-08-21,20:30:00,19.47
Heather Marina,2025-08-21,21:00:00,19.47
Heather Marina,2025-08-21,21:30:00,19.44
Heather Marina,2025-08-21,22:00:00,19.36
Heather Marina,2025-08-21,22:30:00,19.36
Heather Marina,2025-08-21,23:00:00,19.36
Heather Marina,2025-08-21,23:30:00,19.38
Heather Marina,2025-08-22,0:00:00,19.36
Heather Marina,2025-08-22,0:30:00,19.27
Heather Marina,2025-08-22,1:00:00,19.18
Heather Marina,2025-08-22,1:30:00,19.27
Heather Marina,2025-08-22,2:00:00,19.36
Heather Marina,2025-08-22,2:30:00,19.3
Heather Marina,2025-08-22,3:00:00,19.3
Heather Marina,2025-08-22,3:30:00,19.3
Heather Marina,2025-08-22,4:00:00,19.3
Heather Marina,2025-08-22,4:30:00,19.3
Heather Marina,2025-08-22,5:00:00,19.27
Heather Marina,2025-08-22,5:30:00,19.24
Heather Marina,2025-08-22,6:00:00,19.18
Heather Marina,2025-08-22,6:30:00,19.21
Heather Marina,2025-08-22,7:00:00,19.24
Heather Marina,2025-08-22,7:30:00,19.21
Heather Marina,2025-08-22,8:00:00,19.27
Heather Marina,2025-08-22,8:30:00,19.24
Heather Marina,2025-08-22,9:00:00,19.24
Heather Marina,2025-08-22,9:30:00,19.3
Heather Marina,2025-08-22,10:00:00,19.38
Heather Marina,2025-08-22,10:30:00,19.5
Heather Marina,2025-08-22,11:00:00,19.62
Heather Marina,2025-08-22,11:30:00,19.74
Heather Marina,2025-08-22,12:00:00,19.88
Heather Marina,2025-08-22,12:30:00,19.91
Heather Marina,2025-08-22,13:00:00,20.09
Heather Marina,2025-08-22,13:30:00,20.24
Heather Marina,2025-08-22,14:00:00,20.24
Heather Marina,2025-08-22,14:30:00,20.35
Heather Marina,2025-08-22,15:00:00,20.47
Heather Marina,2025-08-22,15:30:00,19.88
Heather Marina,2025-08-22,16:00:00,20.18
Heather Marina,2025-08-22,16:30:00,20.15
Heather Marina,2025-08-22,17:00:00,19.8
Heather Marina,2025-08-22,17:30:00,20.03
Heather Marina,2025-08-22,18:00:00,20.03
Heather Marina,2025-08-22,18:30:00,19.97
Heather Marina,2025-08-22,19:00:00,19.88
Heather Marina,2025-08-22,19:30:00,19.8
Heather Marina,2025-08-22,20:00:00,19.74
Heather Marina,2025-08-22,20:30:00,19.68
Heather Marina,2025-08-22,21:00:00,19.94
Heather Marina,2025-08-22,21:30:00,19.91
Heather Marina,2025-08-22,22:00:00,19.86
Heather Marina,2025-08-22,22:30:00,19.83
Heather Marina,2025-08-22,23:00:00,19.8
Heather Marina,2025-08-22,23:30:00,19.8
Heather Marina,2025-08-23,0:00:00,19.71
Heather Marina,2025-08-23,0:30:00,19.77
Heather Marina,2025-08-23,1:00:00,19.74
Heather Marina,2025-08-23,1:30:00,19.62
Heather Marina,2025-08-23,2:00:00,19.62
Heather Marina,2025-08-23,2:30:00,19.56
Heather Marina,2025-08-23,3:00:00,19.53
Heather Marina,2025-08-23,3:30:00,19.56
Heather Marina,2025-08-23,4:00:00,19.47
Heather Marina,2025-08-23,4:30:00,19.53
Heather Marina,2025-08-23,5:00:00,19.5
Heather Marina,2025-08-23,5:30:00,19.44
Heather Marina,2025-08-23,6:00:00,19.27
Heather Marina,2025-08-23,6:30:00,19.15
Heather Marina,2025-08-23,7:00:00,19.09
Heather Marina,2025-08-23,7:30:00,19.09
Heather Marina,2025-08-23,8:00:00,19.24
Heather Marina,2025-08-23,8:30:00,19.33
Heather Marina,2025-08-23,9:00:00,19.3
Heather Marina,2025-08-23,9:30:00,19.41
Heather Marina,2025-08-23,10:00:00,19.44
Heather Marina,2025-08-23,10:30:00,19.74
Heather Marina,2025-08-23,11:00:00,19.8
Heather Marina,2025-08-23,11:30:00,19.83
Heather Marina,2025-08-23,12:00:00,19.91
Heather Marina,2025-08-23,12:30:00,20
Heather Marina,2025-08-23,13:00:00,20.12
Heather Marina,2025-08-23,13:30:00,20.24
Heather Marina,2025-08-23,14:00:00,20.38
Heather Marina,2025-08-23,14:30:00,20.53
Heather Marina,2025-08-23,15:00:00,20.33
Heather Marina,2025-08-23,15:30:00,20.56
Heather Marina,2025-08-23,16:00:00,20.18
Heather Marina,2025-08-23,16:30:00,20.38
Heather Marina,2025-08-23,17:00:00,19.94
Heather Marina,2025-08-23,17:30:00,20.18
Heather Marina,2025-08-23,18:00:00,20.09
Heather Marina,2025-08-23,18:30:00,20.15
Heather Marina,2025-08-23,19:00:00,20.06
Heather Marina,2025-08-23,19:30:00,19.97
Heather Marina,2025-08-23,20:00:00,19.91
Heather Marina,2025-08-23,20:30:00,19.86
Heather Marina,2025-08-23,21:00:00,19.83
Heather Marina,2025-08-23,21:30:00,19.88
Heather Marina,2025-08-23,22:00:00,19.91
Heather Marina,2025-08-23,22:30:00,19.88
Heather Marina,2025-08-23,23:00:00,19.8
Heather Marina,2025-08-23,23:30:00,19.8
Heather Marina,2025-08-24,0:00:00,19.77
Heather Marina,2025-08-24,0:30:00,19.71
Heather Marina,2025-08-24,1:00:00,19.62
Heather Marina,2025-08-24,1:30:00,19.68
Heather Marina,2025-08-24,2:00:00,19.68
Heather Marina,2025-08-24,2:30:00,19.62
Heather Marina,2025-08-24,3:00:00,19.59
Heather Marina,2025-08-24,3:30:00,19.5
Heather Marina,2025-08-24,4:00:00,19.5
Heather Marina,2025-08-24,4:30:00,19.44
Heather Marina,2025-08-24,5:00:00,19.41
Heather Marina,2025-08-24,5:30:00,19.44
Heather Marina,2025-08-24,6:00:00,19.24
Heather Marina,2025-08-24,6:30:00,19.3
Heather Marina,2025-08-24,7:00:00,19.24
Heather Marina,2025-08-24,7:30:00,18.91
Heather Marina,2025-08-24,8:00:00,18.79
Heather Marina,2025-08-24,8:30:00,18.94
Heather Marina,2025-08-24,9:00:00,19.09
Heather Marina,2025-08-24,9:30:00,19.3
Heather Marina,2025-08-24,10:00:00,19.36
Heather Marina,2025-08-24,10:30:00,19.47
Heather Marina,2025-08-24,11:00:00,19.65
Heather Marina,2025-08-24,11:30:00,19.74
Heather Marina,2025-08-24,12:00:00,19.83
Heather Marina,2025-08-24,12:30:00,20
Heather Marina,2025-08-24,13:00:00,20.09
Heather Marina,2025-08-24,13:30:00,20.21
Heather Marina,2025-08-24,14:00:00,20.24
Heather Marina,2025-08-24,14:30:00,20.3
Heather Marina,2025-08-24,15:00:00,20.56
Heather Marina,2025-08-24,15:30:00,20.38
Heather Marina,2025-08-24,16:00:00,19.88
Heather Marina,2025-08-24,16:30:00,19.71
Heather Marina,2025-08-24,17:00:00,19.68
Heather Marina,2025-08-24,17:30:00,19.8
Heather Marina,2025-08-24,18:00:00,19.74
Heather Marina,2025-08-24,18:30:00,19.71
Heather Marina,2025-08-24,19:00:00,19.59
Heather Marina,2025-08-24,19:30:00,19.53
Heather Marina,2025-08-24,20:00:00,19.53
Heather Marina,2025-08-24,20:30:00,19.62
Heather Marina,2025-08-24,21:00:00,19.8
Heather Marina,2025-08-24,21:30:00,19.77
Heather Marina,2025-08-24,22:00:00,19.71
Heather Marina,2025-08-24,22:30:00,19.71
Heather Marina,2025-08-24,23:00:00,19.65
Heather Marina,2025-08-24,23:30:00,19.62
Heather Marina,2025-08-25,0:00:00,19.62
Heather Marina,2025-08-25,0:30:00,19.59
Heather Marina,2025-08-25,1:00:00,19.53
Heather Marina,2025-08-25,1:30:00,19.5
Heather Marina,2025-08-25,2:00:00,19.53
Heather Marina,2025-08-25,2:30:00,19.5
Heather Marina,2025-08-25,3:00:00,19.44
Heather Marina,2025-08-25,3:30:00,19.44
Heather Marina,2025-08-25,4:00:00,19.41
Heather Marina,2025-08-25,4:30:00,19.36
Heather Marina,2025-08-25,5:00:00,19.09
Heather Marina,2025-08-25,5:30:00,19.09
Heather Marina,2025-08-25,6:00:00,19.09
Heather Marina,2025-08-25,6:30:00,19.06
Heather Marina,2025-08-25,7:00:00,19
Heather Marina,2025-08-25,7:30:00,18.97
Heather Marina,2025-08-25,8:00:00,18.79
Heather Marina,2025-08-25,8:30:00,18.88
Heather Marina,2025-08-25,9:00:00,18.94
Heather Marina,2025-08-25,9:30:00,19.09
Heather Marina,2025-08-25,10:00:00,19.15
Heather Marina,2025-08-25,10:30:00,19.3
Heather Marina,2025-08-25,11:00:00,19.3
Heather Marina,2025-08-25,11:30:00,19.44
Heather Marina,2025-08-25,12:00:00,19.59
Heather Marina,2025-08-25,12:30:00,19.65
Heather Marina,2025-08-25,13:00:00,19.71
Heather Marina,2025-08-25,13:30:00,19.8
Heather Marina,2025-08-25,14:00:00,19.97
Heather Marina,2025-08-25,14:30:00,19.91
Heather Marina,2025-08-25,15:00:00,20.03
Heather Marina,2025-08-25,15:30:00,20.06
Heather Marina,2025-08-25,16:00:00,20.27
Heather Marina,2025-08-25,16:30:00,19.97
Heather Marina,2025-08-25,17:00:00,19.56
Heather Marina,2025-08-25,17:30:00,19.77
Heather Marina,2025-08-25,18:00:00,19.88
Heather Marina,2025-08-25,18:30:00,19.74
Heather Marina,2025-08-25,19:00:00,19.06
Heather Marina,2025-08-25,19:30:00,19.15
Heather Marina,2025-08-25,20:00:00,19.21
Heather Marina,2025-08-25,20:30:00,19.18
Heather Marina,2025-08-25,21:00:00,19.15
Heather Marina,2025-08-25,21:30:00,19.59
Heather Marina,2025-08-25,22:00:00,19.53
Heather Marina,2025-08-25,22:30:00,19.59
Heather Marina,2025-08-25,23:00:00,19.56
Heather Marina,2025-08-25,23:30:00,19.47
Heather Marina,2025-08-26,0:00:00,19.47
Heather Marina,2025-08-26,0:30:00,19.47
Heather Marina,2025-08-26,1:00:00,19.38
Heather Marina,2025-08-26,1:30:00,19.36
Heather Marina,2025-08-26,2:00:00,19.24
Heather Marina,2025-08-26,2:30:00,19.27
Heather Marina,2025-08-26,3:00:00,19.27
Heather Marina,2025-08-26,3:30:00,19.18
Heather Marina,2025-08-26,4:00:00,19.09
Heather Marina,2025-08-26,4:30:00,19.15
Heather Marina,2025-08-26,5:00:00,19.15
Heather Marina,2025-08-26,5:30:00,19.15
Heather Marina,2025-08-26,6:00:00,19.12
Heather Marina,2025-08-26,6:30:00,18.85
Heather Marina,2025-08-26,7:00:00,18.91
Heather Marina,2025-08-26,7:30:00,18.35
Heather Marina,2025-08-26,8:00:00,18.14
Heather Marina,2025-08-26,8:30:00,18.41
Heather Marina,2025-08-26,9:00:00,18.79
Heather Marina,2025-08-26,9:30:00,18.68
Heather Marina,2025-08-26,10:00:00,18.62
Heather Marina,2025-08-26,10:30:00,18.35
Heather Marina,2025-08-26,11:00:00,18.62
Heather Marina,2025-08-26,11:30:00,18.94
Heather Marina,2025-08-26,12:00:00,18.97
Heather Marina,2025-08-26,12:30:00,18.97
Heather Marina,2025-08-26,13:00:00,18.94
Heather Marina,2025-08-26,13:30:00,19.06
Heather Marina,2025-08-26,14:00:00,19.15
Heather Marina,2025-08-26,14:30:00,19.3
Heather Marina,2025-08-26,15:00:00,19.41
Heather Marina,2025-08-26,15:30:00,19.5
Heather Marina,2025-08-26,16:00:00,19.62
Heather Marina,2025-08-26,16:30:00,20.09
Heather Marina,2025-08-26,17:00:00,20.15
Heather Marina,2025-08-26,17:30:00,19.77
Heather Marina,2025-08-26,18:00:00,19.27
Heather Marina,2025-08-26,18:30:00,18.97
Heather Marina,2025-08-26,19:00:00,18.97
Heather Marina,2025-08-26,19:30:00,19
Heather Marina,2025-08-26,20:00:00,19.24
Heather Marina,2025-08-26,20:30:00,19.09
Heather Marina,2025-08-26,21:00:00,18.97
Heather Marina,2025-08-26,21:30:00,18.88
Heather Marina,2025-08-26,22:00:00,18.82
Heather Marina,2025-08-26,22:30:00,18.79
Heather Marina,2025-08-26,23:00:00,19.21
Heather Marina,2025-08-26,23:30:00,19.36
Heather Marina,2025-08-27,0:00:00,19.36
Heather Marina,2025-08-27,0:30:00,19.56
Heather Marina,2025-08-27,1:00:00,19.41
Heather Marina,2025-08-27,1:30:00,19.44
Heather Marina,2025-08-27,2:00:00,19.44
Heather Marina,2025-08-27,2:30:00,19.27
Heather Marina,2025-08-27,3:00:00,19.21
Heather Marina,2025-08-27,3:30:00,19.27
Heather Marina,2025-08-27,4:00:00,19.24
Heather Marina,2025-08-27,4:30:00,19.18
Heather Marina,2025-08-27,5:00:00,19.15
Heather Marina,2025-08-27,5:30:00,19.18
Heather Marina,2025-08-27,6:00:00,19.09
Heather Marina,2025-08-27,6:30:00,19.09
Heather Marina,2025-08-27,7:00:00,18.97
Heather Marina,2025-08-27,7:30:00,19.03
Heather Marina,2025-08-27,8:00:00,18.56
Heather Marina,2025-08-27,8:30:00,18.2
Heather Marina,2025-08-27,9:00:00,18.29
Heather Marina,2025-08-27,9:30:00,18.38
Heather Marina,2025-08-27,10:00:00,18.44
Heather Marina,2025-08-27,10:30:00,18.62
Heather Marina,2025-08-27,11:00:00,18.65
Heather Marina,2025-08-27,11:30:00,18.59
Heather Marina,2025-08-27,12:00:00,18.56
Heather Marina,2025-08-27,12:30:00,18.62
Heather Marina,2025-08-27,13:00:00,18.71
Heather Marina,2025-08-27,13:30:00,18.88
Heather Marina,2025-08-27,14:00:00,19.68
Heather Marina,2025-08-27,14:30:00,19.83
Heather Marina,2025-08-27,15:00:00,19.71
Heather Marina,2025-08-27,15:30:00,19.83
Heather Marina,2025-08-27,16:00:00,19.83
Heather Marina,2025-08-27,16:30:00,19.88
Heather Marina,2025-08-27,17:00:00,19.77
Heather Marina,2025-08-27,17:30:00,19.83
Heather Marina,2025-08-27,18:00:00,19.88
Heather Marina,2025-08-27,18:30:00,19.86
Heather Marina,2025-08-27,19:00:00,19.83
Heather Marina,2025-08-27,19:30:00,19.8
Heather Marina,2025-08-27,20:00:00,19.8
Heather Marina,2025-08-27,20:30:00,19.83
Heather Marina,2025-08-27,21:00:00,19.77
Heather Marina,2025-08-27,21:30:00,19.74
Heather Marina,2025-08-27,22:00:00,19.71
Heather Marina,2025-08-27,22:30:00,19.68
Heather Marina,2025-08-27,23:00:00,19.65
Heather Marina,2025-08-27,23:30:00,19.62
Heather Marina,2025-08-28,0:00:00,19.62
Heather Marina,2025-08-28,0:30:00,19.62
Heather Marina,2025-08-28,1:00:00,19.65
Heather Marina,2025-08-28,1:30:00,19.65
Heather Marina,2025-08-28,2:00:00,19.68
Heather Marina,2025-08-28,2:30:00,19.62
Heather Marina,2025-08-28,3:00:00,19.65
Heather Marina,2025-08-28,3:30:00,19.62
Heather Marina,2025-08-28,4:00:00,19.56
Heather Marina,2025-08-28,4:30:00,19.53
Heather Marina,2025-08-28,5:00:00,19.68
Heather Marina,2025-08-28,5:30:00,19.68
Heather Marina,2025-08-28,6:00:00,19.62
Heather Marina,2025-08-28,6:30:00,19.47
Heather Marina,2025-08-28,7:00:00,19.33
Heather Marina,2025-08-28,7:30:00,19.44
Heather Marina,2025-08-28,8:00:00,19.41
Heather Marina,2025-08-28,8:30:00,19.3
Heather Marina,2025-08-28,9:00:00,18.97
Heather Marina,2025-08-28,9:30:00,19.44
Heather Marina,2025-08-28,10:00:00,19.15
Heather Marina,2025-08-28,10:30:00,19.27
Heather Marina,2025-08-28,11:00:00,19.36
Heather Marina,2025-08-28,11:30:00,19.38
Heather Marina,2025-08-28,12:00:00,19.38
Heather Marina,2025-08-28,12:30:00,19.3
Heather Marina,2025-08-28,13:00:00,19.36
Heather Marina,2025-08-28,13:30:00,19.44
Heather Marina,2025-08-28,14:00:00,19.41
Heather Marina,2025-08-28,14:30:00,19.47
Heather Marina,2025-08-28,15:00:00,19.5
Heather Marina,2025-08-28,15:30:00,19.53
Heather Marina,2025-08-28,16:00:00,19.59
Heather Marina,2025-08-28,16:30:00,19.74
Heather Marina,2025-08-28,17:00:00,19.74
Heather Marina,2025-08-28,17:30:00,19.68
Heather Marina,2025-08-28,18:00:00,19.56
Heather Marina,2025-08-28,18:30:00,19.56
Heather Marina,2025-08-28,19:00:00,19.53
Heather Marina,2025-08-28,19:30:00,19.53
Heather Marina,2025-08-28,20:00:00,19.5
Heather Marina,2025-08-28,20:30:00,19.47
Heather Marina,2025-08-28,21:00:00,19.44
Heather Marina,2025-08-28,21:30:00,19.5
Heather Marina,2025-08-28,22:00:00,19.5
Heather Marina,2025-08-28,22:30:00,19.47
Heather Marina,2025-08-28,23:00:00,19.44
Heather Marina,2025-08-28,23:30:00,19.5
Heather Marina,2025-08-29,0:00:00,19.5
Heather Marina,2025-08-29,0:30:00,19.5
Heather Marina,2025-08-29,1:00:00,19.5
Heather Marina,2025-08-29,1:30:00,19.5
Heather Marina,2025-08-29,2:00:00,19.41
Heather Marina,2025-08-29,2:30:00,19.36
Heather Marina,2025-08-29,3:00:00,19.33
Heather Marina,2025-08-29,3:30:00,19.38
Heather Marina,2025-08-29,4:00:00,19.15
Heather Marina,2025-08-29,4:30:00,19.12
Heather Marina,2025-08-29,5:00:00,19.15
Heather Marina,2025-08-29,5:30:00,19.18
Heather Marina,2025-08-29,6:00:00,19.03
Heather Marina,2025-08-29,6:30:00,18.91
Heather Marina,2025-08-29,7:00:00,19.15
Heather Marina,2025-08-29,7:30:00,19.12
Heather Marina,2025-08-29,8:00:00,19.12
Heather Marina,2025-08-29,8:30:00,19.09
Heather Marina,2025-08-29,9:00:00,19.15
Heather Marina,2025-08-29,9:30:00,19.21
Heather Marina,2025-08-29,10:00:00,19.27
Heather Marina,2025-08-29,10:30:00,19.3
Heather Marina,2025-08-29,11:00:00,19.38
Heather Marina,2025-08-29,11:30:00,19.77
Heather Marina,2025-08-29,12:00:00,19.8
Heather Marina,2025-08-29,12:30:00,19.74
Heather Marina,2025-08-29,13:00:00,19.83
Heather Marina,2025-08-29,13:30:00,20.06
Heather Marina,2025-08-29,14:00:00,20.09
Heather Marina,2025-08-29,14:30:00,20.18
Heather Marina,2025-08-29,15:00:00,20.3
Heather Marina,2025-08-29,15:30:00,20.35
Heather Marina,2025-08-29,16:00:00,20.38
Heather Marina,2025-08-29,16:30:00,20.44
Heather Marina,2025-08-29,17:00:00,20.5
Heather Marina,2025-08-29,17:30:00,20.56
Heather Marina,2025-08-29,18:00:00,20.47
Heather Marina,2025-08-29,18:30:00,20.35
Heather Marina,2025-08-29,19:00:00,20.24
Heather Marina,2025-08-29,19:30:00,20.15
Heather Marina,2025-08-29,20:00:00,20.15
Heather Marina,2025-08-29,20:30:00,20.09
Heather Marina,2025-08-29,21:00:00,20.09
Heather Marina,2025-08-29,21:30:00,20.06
Heather Marina,2025-08-29,22:00:00,20.12
Heather Marina,2025-08-29,22:30:00,20.15
Heather Marina,2025-08-29,23:00:00,20.09
Heather Marina,2025-08-29,23:30:00,20.06
Heather Marina,2025-08-30,0:00:00,20.06
Heather Marina,2025-08-30,0:30:00,20.03
Heather Marina,2025-08-30,1:00:00,20
Heather Marina,2025-08-30,1:30:00,19.97
Heather Marina,2025-08-30,2:00:00,19.94
Heather Marina,2025-08-30,2:30:00,20.09
Heather Marina,2025-08-30,3:00:00,20.06
Heather Marina,2025-08-30,3:30:00,20.03
Heather Marina,2025-08-30,4:00:00,20.03
Heather Marina,2025-08-30,4:30:00,20.12
Heather Marina,2025-08-30,5:00:00,20.09
Heather Marina,2025-08-30,5:30:00,19.97
Heather Marina,2025-08-30,6:00:00,19.97
Heather Marina,2025-08-30,6:30:00,19.94
Heather Marina,2025-08-30,7:00:00,19.97
Heather Marina,2025-08-30,7:30:00,19.94
Heather Marina,2025-08-30,8:00:00,19.86
Heather Marina,2025-08-30,8:30:00,19.86
Heather Marina,2025-08-30,9:00:00,19.88
Heather Marina,2025-08-30,9:30:00,19.88
Heather Marina,2025-08-30,10:00:00,19.91
Heather Marina,2025-08-30,10:30:00,19.94
Heather Marina,2025-08-30,11:00:00,19.97
Heather Marina,2025-08-30,11:30:00,19.94
Heather Marina,2025-08-30,12:00:00,20.03
Heather Marina,2025-08-30,12:30:00,20
Heather Marina,2025-08-30,13:00:00,20.06
Heather Marina,2025-08-30,13:30:00,20.71
Heather Marina,2025-08-30,14:00:00,20.65
Heather Marina,2025-08-30,14:30:00,20.71
Heather Marina,2025-08-30,15:00:00,20.79
Heather Marina,2025-08-30,15:30:00,20.82
Heather Marina,2025-08-30,16:00:00,20.91
Heather Marina,2025-08-30,16:30:00,21.03
Heather Marina,2025-08-30,17:00:00,20.88
Heather Marina,2025-08-30,17:30:00,20.82
Heather Marina,2025-08-30,18:00:00,20.79
Heather Marina,2025-08-30,18:30:00,20.56
Heather Marina,2025-08-30,19:00:00,20.47
Heather Marina,2025-08-30,19:30:00,20.27
Heather Marina,2025-08-30,20:00:00,19.86
Heather Marina,2025-08-30,20:30:00,20.18
Heather Marina,2025-08-30,21:00:00,19.88
Heather Marina,2025-08-30,21:30:00,19.74
Heather Marina,2025-08-30,22:00:00,19.62
Heather Marina,2025-08-30,22:30:00,19.59
Heather Marina,2025-08-30,23:00:00,19.65
Heather Marina,2025-08-30,23:30:00,19.53
Heather Marina,2025-08-31,0:00:00,19.5
Heather Marina,2025-08-31,0:30:00,19.62
Heather Marina,2025-08-31,1:00:00,19.62
Heather Marina,2025-08-31,1:30:00,19.62
Heather Marina,2025-08-31,2:00:00,19.59
Heather Marina,2025-08-31,2:30:00,19.56
Heather Marina,2025-08-31,3:00:00,19.53
Heather Marina,2025-08-31,3:30:00,19.5
Heather Marina,2025-08-31,4:00:00,19.5
Heather Marina,2025-08-31,4:30:00,19.47
Heather Marina,2025-08-31,5:00:00,19.47
Heather Marina,2025-08-31,5:30:00,19.47
Heather Marina,2025-08-31,6:00:00,19.44
Heather Marina,2025-08-31,6:30:00,19.38
Heather Marina,2025-08-31,7:00:00,19.33
Heather Marina,2025-08-31,7:30:00,18.94
Heather Marina,2025-08-31,8:00:00,19.18
Heather Marina,2025-08-31,8:30:00,19.33
Heather Marina,2025-08-31,9:00:00,19.38
Heather Marina,2025-08-31,9:30:00,19.41
Heather Marina,2025-08-31,10:00:00,19.5
Heather Marina,2025-08-31,10:30:00,19.62
Heather Marina,2025-08-31,11:00:00,19.68
Heather Marina,2025-08-31,11:30:00,19.65
Heather Marina,2025-08-31,12:00:00,19.68
Heather Marina,2025-08-31,12:30:00,19.83
Heather Marina,2025-08-31,13:00:00,19.77
Heather Marina,2025-08-31,13:30:00,19.77
Heather Marina,2025-08-31,14:00:00,19.77
Heather Marina,2025-08-31,14:30:00,19.83
Heather Marina,2025-08-31,15:00:00,19.91
Heather Marina,2025-08-31,15:30:00,20.06
Heather Marina,2025-08-31,16:00:00,20.09
Heather Marina,2025-08-31,16:30:00,20.18
Heather Marina,2025-08-31,17:00:00,20.3
Heather Marina,2025-08-31,17:30:00,20.24
Heather Marina,2025-08-31,18:00:00,20.18
Heather Marina,2025-08-31,18:30:00,20.09
Heather Marina,2025-08-31,19:00:00,20.21
Heather Marina,2025-08-31,19:30:00,20.15
Heather Marina,2025-08-31,20:00:00,20.12
Heather Marina,2025-08-31,20:30:00,20.09
Heather Marina,2025-08-31,21:00:00,20.09
Heather Marina,2025-08-31,21:30:00,20.06
Heather Marina,2025-08-31,22:00:00,20
Heather Marina,2025-08-31,22:30:00,20
Heather Marina,2025-08-31,23:00:00,19.97
Heather Marina,2025-08-31,23:30:00,19.94
Heather Marina,2025-09-01,0:00:00,19.91
Heather Marina,2025-09-01,0:30:00,19.91
Heather Marina,2025-09-01,1:00:00,19.88
Heather Marina,2025-09-01,1:30:00,19.86
Heather Marina,2025-09-01,2:00:00,19.83
Heather Marina,2025-09-01,2:30:00,19.8
Heather Marina,2025-09-01,3:00:00,19.77
Heather Marina,2025-09-01,3:30:00,19.77
Heather Marina,2025-09-01,4:00:00,19.77
Heather Marina,2025-09-01,4:30:00,19.77
Heather Marina,2025-09-01,5:00:00,19.74
Heather Marina,2025-09-01,5:30:00,19.71
Heather Marina,2025-09-01,6:00:00,19.65
Heather Marina,2025-09-01,6:30:00,19.56
Heather Marina,2025-09-01,7:00:00,19.56
Heather Marina,2025-09-01,7:30:00,19.59
Heather Marina,2025-09-01,8:00:00,19.56
Heather Marina,2025-09-01,8:30:00,19.56
Heather Marina,2025-09-01,9:00:00,19.62
Heather Marina,2025-09-01,9:30:00,19.59
Heather Marina,2025-09-01,10:00:00,19.65
Heather Marina,2025-09-01,10:30:00,19.65
Heather Marina,2025-09-01,11:00:00,19.71
Heather Marina,2025-09-01,11:30:00,19.74
Heather Marina,2025-09-01,12:00:00,19.77
Heather Marina,2025-09-01,12:30:00,19.83
Heather Marina,2025-09-01,13:00:00,19.88
Heather Marina,2025-09-01,13:30:00,19.91
Heather Marina,2025-09-01,14:00:00,19.91
Heather Marina,2025-09-01,14:30:00,20.47
Heather Marina,2025-09-01,15:00:00,20.65
Heather Marina,2025-09-01,15:30:00,20.59
Heather Marina,2025-09-01,16:00:00,20.65
Heather Marina,2025-09-01,16:30:00,20.35
Heather Marina,2025-09-01,17:00:00,20.27
Heather Marina,2025-09-01,17:30:00,20.24
Heather Marina,2025-09-01,18:00:00,20.24
Heather Marina,2025-09-01,18:30:00,20.18
Heather Marina,2025-09-01,19:00:00,20.18
Heather Marina,2025-09-01,19:30:00,20.09
Heather Marina,2025-09-01,20:00:00,20.03
Heather Marina,2025-09-01,20:30:00,19.94
Heather Marina,2025-09-01,21:00:00,19.97
Heather Marina,2025-09-01,21:30:00,19.94
Heather Marina,2025-09-01,22:00:00,19.94
Heather Marina,2025-09-01,22:30:00,19.86
Heather Marina,2025-09-01,23:00:00,19.8
Heather Marina,2025-09-01,23:30:00,19.83
Heather Marina,2025-09-02,0:00:00,19.8
Heather Marina,2025-09-02,0:30:00,19.74
Heather Marina,2025-09-02,1:00:00,19.68
Heather Marina,2025-09-02,1:30:00,19.71
Heather Marina,2025-09-02,2:00:00,19.68
Heather Marina,2025-09-02,2:30:00,19.65
Heather Marina,2025-09-02,3:00:00,19.65
Heather Marina,2025-09-02,3:30:00,19.71
Heather Marina,2025-09-02,4:00:00,19.71
Heather Marina,2025-09-02,4:30:00,19.65
Heather Marina,2025-09-02,5:00:00,19.65
Heather Marina,2025-09-02,5:30:00,19.62
Heather Marina,2025-09-02,6:00:00,19.59
Heather Marina,2025-09-02,6:30:00,19.53
Heather Marina,2025-09-02,7:00:00,19.5
Heather Marina,2025-09-02,7:30:00,19.44
Heather Marina,2025-09-02,8:00:00,19.53
Heather Marina,2025-09-02,8:30:00,19.47
Heather Marina,2025-09-02,9:00:00,19.56
Heather Marina,2025-09-02,9:30:00,19.5
Heather Marina,2025-09-02,10:00:00,19.68
Heather Marina,2025-09-02,10:30:00,19.65
Heather Marina,2025-09-02,11:00:00,19.77
Heather Marina,2025-09-02,11:30:00,19.74
Heather Marina,2025-09-02,12:00:00,19.88
Heather Marina,2025-09-02,12:30:00,19.88
Heather Marina,2025-09-02,13:00:00,19.97
Heather Marina,2025-09-02,13:30:00,20.15
Heather Marina,2025-09-02,14:00:00,20.27
Heather Marina,2025-09-02,14:30:00,20.44
Heather Marina,2025-09-02,15:00:00,20.38
Heather Marina,2025-09-02,15:30:00,20.53
Heather Marina,2025-09-02,16:00:00,20.53
Heather Marina,2025-09-02,16:30:00,20.56
Heather Marina,2025-09-02,17:00:00,20.56
Heather Marina,2025-09-02,17:30:00,20.62
Heather Marina,2025-09-02,18:00:00,20.62
Heather Marina,2025-09-02,18:30:00,20.56
Heather Marina,2025-09-02,19:00:00,20.47
Heather Marina,2025-09-02,19:30:00,20.44
Heather Marina,2025-09-02,20:00:00,20.38
Heather Marina,2025-09-02,20:30:00,20.41
Heather Marina,2025-09-02,21:00:00,20.44
Heather Marina,2025-09-02,21:30:00,20.44
Heather Marina,2025-09-02,22:00:00,20.44
Heather Marina,2025-09-02,22:30:00,20.41
Heather Marina,2025-09-02,23:00:00,20.38
Heather Marina,2025-09-02,23:30:00,20.33
Heather Marina,2025-09-03,0:00:00,20.35
Heather Marina,2025-09-03,0:30:00,20.35
Heather Marina,2025-09-03,1:00:00,20.33
Heather Marina,2025-09-03,1:30:00,20.12
Heather Marina,2025-09-03,2:00:00,20.09
Heather Marina,2025-09-03,2:30:00,20.03
Heather Marina,2025-09-03,3:00:00,20.06
Heather Marina,2025-09-03,3:30:00,20.03
Heather Marina,2025-09-03,4:00:00,19.91
Heather Marina,2025-09-03,4:30:00,19.71
Heather Marina,2025-09-03,5:00:00,20
Heather Marina,2025-09-03,5:30:00,20
Heather Marina,2025-09-03,6:00:00,19.94
Heather Marina,2025-09-03,6:30:00,19.83
Heather Marina,2025-09-03,7:00:00,19.97
Heather Marina,2025-09-03,7:30:00,19.88
Heather Marina,2025-09-03,8:00:00,19.86
Heather Marina,2025-09-03,8:30:00,19.86
Heather Marina,2025-09-03,9:00:00,19.91
Heather Marina,2025-09-03,9:30:00,19.91
Heather Marina,2025-09-03,10:00:00,20.12
Heather Marina,2025-09-03,10:30:00,20.15
Heather Marina,2025-09-03,11:00:00,20.27
Heather Marina,2025-09-03,11:30:00,20.35
Heather Marina,2025-09-03,12:00:00,20.44
Heather Marina,2025-09-03,12:30:00,20.59
Heather Marina,2025-09-03,13:00:00,20.59
Heather Marina,2025-09-03,13:30:00,20.82
Heather Marina,2025-09-03,14:00:00,21.03
Heather Marina,2025-09-03,14:30:00,20.91
Heather Marina,2025-09-03,15:00:00,20.71
Heather Marina,2025-09-03,15:30:00,20.76
Heather Marina,2025-09-03,16:00:00,20.82
Heather Marina,2025-09-03,16:30:00,20.88
Heather Marina,2025-09-03,17:00:00,20.88
Heather Marina,2025-09-03,17:30:00,20.88
Heather Marina,2025-09-03,18:00:00,20.85
Heather Marina,2025-09-03,18:30:00,20.88
Heather Marina,2025-09-03,19:00:00,20.85
Heather Marina,2025-09-03,19:30:00,20.82
Heather Marina,2025-09-03,20:00:00,20.79
Heather Marina,2025-09-03,20:30:00,20.79
Heather Marina,2025-09-03,21:00:00,20.76
Heather Marina,2025-09-03,21:30:00,20.74
Heather Marina,2025-09-03,22:00:00,20.71
Heather Marina,2025-09-03,22:30:00,20.71
Heather Marina,2025-09-03,23:00:00,20.68
Heather Marina,2025-09-03,23:30:00,20.68
Heather Marina,2025-09-04,0:00:00,20.68
Heather Marina,2025-09-04,0:30:00,20.65
Heather Marina,2025-09-04,1:00:00,20.59
Heather Marina,2025-09-04,1:30:00,20.5
Heather Marina,2025-09-04,2:00:00,20.5
Heather Marina,2025-09-04,2:30:00,20.59
Heather Marina,2025-09-04,3:00:00,20.62
Heather Marina,2025-09-04,3:30:00,20.62
Heather Marina,2025-09-04,4:00:00,20.59
Heather Marina,2025-09-04,4:30:00,20.56
Heather Marina,2025-09-04,5:00:00,20.62
Heather Marina,2025-09-04,5:30:00,20.62
Heather Marina,2025-09-04,6:00:00,20.62
Heather Marina,2025-09-04,6:30:00,20.53
Heather Marina,2025-09-04,7:00:00,20.62
Heather Marina,2025-09-04,7:30:00,20.65
Heather Marina,2025-09-04,8:00:00,20.41
Heather Marina,2025-09-04,8:30:00,20.18
Heather Marina,2025-09-04,9:00:00,20.12
Heather Marina,2025-09-04,9:30:00,20.38
Heather Marina,2025-09-04,10:00:00,20.53
Heather Marina,2025-09-04,10:30:00,20.56
Heather Marina,2025-09-04,11:00:00,20.62
Heather Marina,2025-09-04,11:30:00,20.71
Heather Marina,2025-09-04,12:00:00,20.79
Heather Marina,2025-09-04,12:30:00,20.88
Heather Marina,2025-09-04,13:00:00,20.91
Heather Marina,2025-09-04,13:30:00,21
Heather Marina,2025-09-04,14:00:00,21.06
Heather Marina,2025-09-04,14:30:00,21.09
Heather Marina,2025-09-04,15:00:00,21.17
Heather Marina,2025-09-04,15:30:00,21.17
Heather Marina,2025-09-04,16:00:00,21.12
Heather Marina,2025-09-04,16:30:00,21.03
Heather Marina,2025-09-04,17:00:00,21.06
Heather Marina,2025-09-04,17:30:00,21.03
Heather Marina,2025-09-04,18:00:00,20.97
Heather Marina,2025-09-04,18:30:00,20.88
Heather Marina,2025-09-04,19:00:00,20.88
Heather Marina,2025-09-04,19:30:00,20.94
Heather Marina,2025-09-04,20:00:00,20.94
Heather Marina,2025-09-04,20:30:00,20.88
Heather Marina,2025-09-04,21:00:00,20.88
Heather Marina,2025-09-04,21:30:00,20.85
Heather Marina,2025-09-04,22:00:00,20.82
Heather Marina,2025-09-04,22:30:00,20.71
Heather Marina,2025-09-04,23:00:00,20.74
Heather Marina,2025-09-04,23:30:00,20.68
Heather Marina,2025-09-05,0:00:00,20.44
Heather Marina,2025-09-05,0:30:00,20.38
Heather Marina,2025-09-05,1:00:00,20.3
Heather Marina,2025-09-05,1:30:00,20.21
Heather Marina,2025-09-05,2:00:00,20.27
Heather Marina,2025-09-05,2:30:00,20.24
Heather Marina,2025-09-05,3:00:00,20.33
Heather Marina,2025-09-05,3:30:00,20.41
Heather Marina,2025-09-05,4:00:00,20.35
Heather Marina,2025-09-05,4:30:00,20.33
Heather Marina,2025-09-05,5:00:00,20.5
Heather Marina,2025-09-05,5:30:00,20.53
Heather Marina,2025-09-05,6:00:00,20.56
Heather Marina,2025-09-05,6:30:00,20.21
Heather Marina,2025-09-05,7:00:00,20.15
Heather Marina,2025-09-05,7:30:00,20.38
Heather Marina,2025-09-05,8:00:00,20.53
Heather Marina,2025-09-05,8:30:00,20.47
Heather Marina,2025-09-05,9:00:00,20.38
Heather Marina,2025-09-05,9:30:00,20.35
Heather Marina,2025-09-05,10:00:00,20.41
Heather Marina,2025-09-05,10:30:00,20.47
Heather Marina,2025-09-05,11:00:00,20.62
Heather Marina,2025-09-05,11:30:00,20.74
Heather Marina,2025-09-05,12:00:00,20.79
Heather Marina,2025-09-05,12:30:00,20.94
Heather Marina,2025-09-05,13:00:00,21.06
Heather Marina,2025-09-05,13:30:00,21.12
Heather Marina,2025-09-05,14:00:00,21.2
Heather Marina,2025-09-05,14:30:00,21.35
Heather Marina,2025-09-05,15:00:00,21.23
Heather Marina,2025-09-05,15:30:00,21.29
Heather Marina,2025-09-05,16:00:00,20.68
Heather Marina,2025-09-05,16:30:00,21.06
Heather Marina,2025-09-05,17:00:00,20.91
Heather Marina,2025-09-05,17:30:00,21.2
Heather Marina,2025-09-05,18:00:00,20.68
Heather Marina,2025-09-05,18:30:00,20.59
Heather Marina,2025-09-05,19:00:00,20.59
Heather Marina,2025-09-05,19:30:00,20.56
Heather Marina,2025-09-05,20:00:00,20.62
Heather Marina,2025-09-05,20:30:00,20.71
Heather Marina,2025-09-05,21:00:00,20.71
Heather Marina,2025-09-05,21:30:00,20.62
Heather Marina,2025-09-05,22:00:00,20.62
Heather Marina,2025-09-05,22:30:00,20.62
Heather Marina,2025-09-05,23:00:00,20.59
Heather Marina,2025-09-05,23:30:00,20.59
Heather Marina,2025-09-06,0:00:00,20.59
Heather Marina,2025-09-06,0:30:00,20.59
Heather Marina,2025-09-06,1:00:00,20.59
Heather Marina,2025-09-06,1:30:00,20.47
Heather Marina,2025-09-06,2:00:00,20.44
Heather Marina,2025-09-06,2:30:00,20.38
Heather Marina,2025-09-06,3:00:00,20.41
Heather Marina,2025-09-06,3:30:00,20.38
Heather Marina,2025-09-06,4:00:00,20.41
Heather Marina,2025-09-06,4:30:00,20.41
Heather Marina,2025-09-06,5:00:00,20.44
Heather Marina,2025-09-06,5:30:00,20.5
Heather Marina,2025-09-06,6:00:00,20.47
Heather Marina,2025-09-06,6:30:00,20.5
Heather Marina,2025-09-06,7:00:00,20.59
Heather Marina,2025-09-06,7:30:00,20.76
Heather Marina,2025-09-06,8:00:00,20.97
Heather Marina,2025-09-06,8:30:00,20.85
Heather Marina,2025-09-06,9:00:00,20.79
Heather Marina,2025-09-06,9:30:00,20.71
Heather Marina,2025-09-06,10:00:00,20.71
Heather Marina,2025-09-06,10:30:00,20.74
Heather Marina,2025-09-06,11:00:00,20.76
Heather Marina,2025-09-06,11:30:00,20.82
Heather Marina,2025-09-06,12:00:00,20.91
Heather Marina,2025-09-06,12:30:00,20.94
Heather Marina,2025-09-06,13:00:00,21.03
Heather Marina,2025-09-06,13:30:00,21.14
Heather Marina,2025-09-06,14:00:00,21.2
Heather Marina,2025-09-06,14:30:00,21.14
Heather Marina,2025-09-06,15:00:00,21.23
Heather Marina,2025-09-06,15:30:00,21.2
Heather Marina,2025-09-06,16:00:00,21.2
Heather Marina,2025-09-06,16:30:00,21.14
Heather Marina,2025-09-06,17:00:00,21.14
Heather Marina,2025-09-06,17:30:00,21.12
Heather Marina,2025-09-06,18:00:00,21.09
Heather Marina,2025-09-06,18:30:00,21.09
Heather Marina,2025-09-06,19:00:00,21.06
Heather Marina,2025-09-06,19:30:00,21.06
Heather Marina,2025-09-06,20:00:00,21.09
Heather Marina,2025-09-06,20:30:00,21.14
Heather Marina,2025-09-06,21:00:00,21.06
Heather Marina,2025-09-06,21:30:00,21.03
Heather Marina,2025-09-06,22:00:00,20.97
Heather Marina,2025-09-06,22:30:00,20.94
Heather Marina,2025-09-06,23:00:00,21
Heather Marina,2025-09-06,23:30:00,21
Heather Marina,2025-09-07,0:00:00,20.88
Heather Marina,2025-09-07,0:30:00,20.74
Heather Marina,2025-09-07,1:00:00,20.74
Heather Marina,2025-09-07,1:30:00,20.12
Heather Marina,2025-09-07,2:00:00,20.12
Heather Marina,2025-09-07,2:30:00,20.03
Heather Marina,2025-09-07,3:00:00,20.3
Heather Marina,2025-09-07,3:30:00,19.97
Heather Marina,2025-09-07,4:00:00,20.27
Heather Marina,2025-09-07,4:30:00,20.38
Heather Marina,2025-09-07,5:00:00,20
Heather Marina,2025-09-07,5:30:00,19.86
Heather Marina,2025-09-07,6:00:00,19.83
Heather Marina,2025-09-07,6:30:00,19.97
Heather Marina,2025-09-07,7:00:00,20.12
Heather Marina,2025-09-07,7:30:00,20.24
Heather Marina,2025-09-07,8:00:00,20.21
Heather Marina,2025-09-07,8:30:00,20.12
Heather Marina,2025-09-07,9:00:00,20.15
Heather Marina,2025-09-07,9:30:00,20.12
Heather Marina,2025-09-07,10:00:00,20.27
Heather Marina,2025-09-07,10:30:00,20.21
Heather Marina,2025-09-07,11:00:00,20.18
Heather Marina,2025-09-07,11:30:00,20.24
Heather Marina,2025-09-07,12:00:00,20.27
Heather Marina,2025-09-07,12:30:00,20.18
Heather Marina,2025-09-07,13:00:00,20.21
Heather Marina,2025-09-07,13:30:00,20.21
Heather Marina,2025-09-07,14:00:00,20.18
Heather Marina,2025-09-07,14:30:00,20.15
Heather Marina,2025-09-07,15:00:00,20.12
Heather Marina,2025-09-07,15:30:00,20.12
Heather Marina,2025-09-07,16:00:00,20.06
Heather Marina,2025-09-07,16:30:00,20.09
Heather Marina,2025-09-07,17:00:00,20
Heather Marina,2025-09-07,17:30:00,19.94
Heather Marina,2025-09-07,18:00:00,19.97
Heather Marina,2025-09-07,18:30:00,19.97
Heather Marina,2025-09-07,19:00:00,19.88
Heather Marina,2025-09-07,19:30:00,19.86
Heather Marina,2025-09-07,20:00:00,19.86
Heather Marina,2025-09-07,20:30:00,19.83
Heather Marina,2025-09-07,21:00:00,19.68
Heather Marina,2025-09-07,21:30:00,19.59
Heather Marina,2025-09-07,22:00:00,19.56
Heather Marina,2025-09-07,22:30:00,19.59
Heather Marina,2025-09-07,23:00:00,19.56
Heather Marina,2025-09-07,23:30:00,19.47
Heather Marina,2025-09-08,0:00:00,19.47
Heather Marina,2025-09-08,0:30:00,19.47
Heather Marina,2025-09-08,1:00:00,19.41
Heather Marina,2025-09-08,1:30:00,19.36
Heather Marina,2025-09-08,2:00:00,19.21
Heather Marina,2025-09-08,2:30:00,19.15
Heather Marina,2025-09-08,3:00:00,19.12
Heather Marina,2025-09-08,3:30:00,18.94
Heather Marina,2025-09-08,4:00:00,18.76
Heather Marina,2025-09-08,4:30:00,18.91
Heather Marina,2025-09-08,5:00:00,18.76
Heather Marina,2025-09-08,5:30:00,18.71
Heather Marina,2025-09-08,6:00:00,18.71
Heather Marina,2025-09-08,6:30:00,18.5
Heather Marina,2025-09-08,7:00:00,18.44
Heather Marina,2025-09-08,7:30:00,18.41
Heather Marina,2025-09-08,8:00:00,18.35
Heather Marina,2025-09-08,8:30:00,18.32
Heather Marina,2025-09-08,9:00:00,18.26
Heather Marina,2025-09-08,9:30:00,18.29
Heather Marina,2025-09-08,10:00:00,18.29
Heather Marina,2025-09-08,10:30:00,18.32
Heather Marina,2025-09-08,11:00:00,18.41
Heather Marina,2025-09-08,11:30:00,18.56
Heather Marina,2025-09-08,12:00:00,18.94
Heather Marina,2025-09-08,12:30:00,18.82
Heather Marina,2025-09-08,13:00:00,18.91
Heather Marina,2025-09-08,13:30:00,19.21
Heather Marina,2025-09-08,14:00:00,19.3
Heather Marina,2025-09-08,14:30:00,19.27
Heather Marina,2025-09-08,15:00:00,19.3
Heather Marina,2025-09-08,15:30:00,19.33
Heather Marina,2025-09-08,16:00:00,19.36
Heather Marina,2025-09-08,16:30:00,19.18
Heather Marina,2025-09-08,17:00:00,19.27
Heather Marina,2025-09-08,17:30:00,19.15
Heather Marina,2025-09-08,18:00:00,19.12
Heather Marina,2025-09-08,18:30:00,19.06
Heather Marina,2025-09-08,19:00:00,19.03
Heather Marina,2025-09-08,19:30:00,18.97
Heather Marina,2025-09-08,20:00:00,18.94
Heather Marina,2025-09-08,20:30:00,18.88
Heather Marina,2025-09-08,21:00:00,18.85
Heather Marina,2025-09-08,21:30:00,18.94
Heather Marina,2025-09-08,22:00:00,19.06
Heather Marina,2025-09-08,22:30:00,19.06
Heather Marina,2025-09-08,23:00:00,19.09
Heather Marina,2025-09-08,23:30:00,19.09
Heather Marina,2025-09-09,0:00:00,19.06
Heather Marina,2025-09-09,0:30:00,19
Heather Marina,2025-09-09,1:00:00,18.97
Heather Marina,2025-09-09,1:30:00,18.91
Heather Marina,2025-09-09,2:00:00,18.88
Heather Marina,2025-09-09,2:30:00,18.85
Heather Marina,2025-09-09,3:00:00,18.74
Heather Marina,2025-09-09,3:30:00,18.71
Heather Marina,2025-09-09,4:00:00,18.71
Heather Marina,2025-09-09,4:30:00,18.71
Heather Marina,2025-09-09,5:00:00,18.59
Heather Marina,2025-09-09,5:30:00,18.62
Heather Marina,2025-09-09,6:00:00,18.62
Heather Marina,2025-09-09,6:30:00,18.62
Heather Marina,2025-09-09,7:00:00,18.56
Heather Marina,2025-09-09,7:30:00,18.62
Heather Marina,2025-09-09,8:00:00,18.62
Heather Marina,2025-09-09,8:30:00,18.59
Heather Marina,2025-09-09,9:00:00,18.59
Heather Marina,2025-09-09,9:30:00,18.59
Heather Marina,2025-09-09,10:00:00,18.62
Heather Marina,2025-09-09,10:30:00,18.65
Heather Marina,2025-09-09,11:00:00,18.79
Heather Marina,2025-09-09,11:30:00,18.94
Heather Marina,2025-09-09,12:00:00,18.94
Heather Marina,2025-09-09,12:30:00,19
Heather Marina,2025-09-09,13:00:00,19.12
Heather Marina,2025-09-09,13:30:00,19.21
Heather Marina,2025-09-09,14:00:00,19.36
Heather Marina,2025-09-09,14:30:00,19.36
Heather Marina,2025-09-09,15:00:00,19.47
Heather Marina,2025-09-09,15:30:00,19.5
Heather Marina,2025-09-09,16:00:00,19.5
Heather Marina,2025-09-09,16:30:00,19.47
Heather Marina,2025-09-09,17:00:00,19.47
Heather Marina,2025-09-09,17:30:00,19.27
Heather Marina,2025-09-09,18:00:00,19.41
Heather Marina,2025-09-09,18:30:00,19.38
Heather Marina,2025-09-09,19:00:00,19.36
Heather Marina,2025-09-09,19:30:00,19.3
Heather Marina,2025-09-09,20:00:00,19.24
Heather Marina,2025-09-09,20:30:00,19.18
Heather Marina,2025-09-09,21:00:00,19.15
Heather Marina,2025-09-09,21:30:00,19.15
Heather Marina,2025-09-09,22:00:00,19.15
Heather Marina,2025-09-09,22:30:00,19.12
Heather Marina,2025-09-09,23:00:00,19.09
Heather Marina,2025-09-09,23:30:00,19.09
Heather Marina,2025-09-10,0:00:00,19.12
Heather Marina,2025-09-10,0:30:00,19.09
Heather Marina,2025-09-10,1:00:00,19.09
Heather Marina,2025-09-10,1:30:00,19
Heather Marina,2025-09-10,2:00:00,18.94
Heather Marina,2025-09-10,2:30:00,19.12
Heather Marina,2025-09-10,3:00:00,19.12
Heather Marina,2025-09-10,3:30:00,19.09
Heather Marina,2025-09-10,4:00:00,18.97
Heather Marina,2025-09-10,4:30:00,18.97
Heather Marina,2025-09-10,5:00:00,18.94
Heather Marina,2025-09-10,5:30:00,18.88
Heather Marina,2025-09-10,6:00:00,18.76
Heather Marina,2025-09-10,6:30:00,18.88
Heather Marina,2025-09-10,7:00:00,18.85
Heather Marina,2025-09-10,7:30:00,18.82
Heather Marina,2025-09-10,8:00:00,18.79
Heather Marina,2025-09-10,8:30:00,18.76
Heather Marina,2025-09-10,9:00:00,18.68
Heather Marina,2025-09-10,9:30:00,18.62
Heather Marina,2025-09-10,10:00:00,18.68
Heather Marina,2025-09-10,10:30:00,18.71
Heather Marina,2025-09-10,11:00:00,18.79
Heather Marina,2025-09-10,11:30:00,18.82
Heather Marina,2025-09-10,12:00:00,19.06
Heather Marina,2025-09-10,12:30:00,19.18
Heather Marina,2025-09-10,13:00:00,19.27
Heather Marina,2025-09-10,13:30:00,19.38
Heather Marina,2025-09-10,14:00:00,19.44
Heather Marina,2025-09-10,14:30:00,19.5
Heather Marina,2025-09-10,15:00:00,19.65
Heather Marina,2025-09-10,15:30:00,19.65
Heather Marina,2025-09-10,16:00:00,19.77
Heather Marina,2025-09-10,16:30:00,19.86
Heather Marina,2025-09-10,17:00:00,19.88
Heather Marina,2025-09-10,17:30:00,19.88
Heather Marina,2025-09-10,18:00:00,19.62
Heather Marina,2025-09-10,18:30:00,19.47
Heather Marina,2025-09-10,19:00:00,19.47
Heather Marina,2025-09-10,19:30:00,19.41
Heather Marina,2025-09-10,20:00:00,19.21
Heather Marina,2025-09-10,20:30:00,19.12
Heather Marina,2025-09-10,21:00:00,19.09
Heather Marina,2025-09-10,21:30:00,19.09
Heather Marina,2025-09-10,22:00:00,19.36
Heather Marina,2025-09-10,22:30:00,19.33
Heather Marina,2025-09-10,23:00:00,19.44
Heather Marina,2025-09-10,23:30:00,19.33
Heather Marina,2025-09-11,0:00:00,19.36
Heather Marina,2025-09-11,0:30:00,19.33
Heather Marina,2025-09-11,1:00:00,19.27
Heather Marina,2025-09-11,1:30:00,19.27
Heather Marina,2025-09-11,2:00:00,19.24
Heather Marina,2025-09-11,2:30:00,19.24
Heather Marina,2025-09-11,3:00:00,19.21
Heather Marina,2025-09-11,3:30:00,19.18
Heather Marina,2025-09-11,4:00:00,19.12
Heather Marina,2025-09-11,4:30:00,19.09
Heather Marina,2025-09-11,5:00:00,19.06
Heather Marina,2025-09-11,5:30:00,19
Heather Marina,2025-09-11,6:00:00,18.91
Heather Marina,2025-09-11,6:30:00,18.85
Heather Marina,2025-09-11,7:00:00,18.88
Heather Marina,2025-09-11,7:30:00,18.82
Heather Marina,2025-09-11,8:00:00,18.71
Heather Marina,2025-09-11,8:30:00,18.65
Heather Marina,2025-09-11,9:00:00,18.68
Heather Marina,2025-09-11,9:30:00,18.53
Heather Marina,2025-09-11,10:00:00,18.44
Heather Marina,2025-09-11,10:30:00,18.38
Heather Marina,2025-09-11,11:00:00,18.5
Heather Marina,2025-09-11,11:30:00,18.76
Heather Marina,2025-09-11,12:00:00,18.85
Heather Marina,2025-09-11,12:30:00,18.94
Heather Marina,2025-09-11,13:00:00,18.91
Heather Marina,2025-09-11,13:30:00,19.3
Heather Marina,2025-09-11,14:00:00,19.47
Heather Marina,2025-09-11,14:30:00,19.5
Heather Marina,2025-09-11,15:00:00,19.59
Heather Marina,2025-09-11,15:30:00,19.62
Heather Marina,2025-09-11,16:00:00,19.71
Heather Marina,2025-09-11,16:30:00,19.53
Heather Marina,2025-09-11,17:00:00,19.03
Heather Marina,2025-09-11,17:30:00,18.79
Heather Marina,2025-09-11,18:00:00,18.53
Heather Marina,2025-09-11,18:30:00,18.44
Heather Marina,2025-09-11,19:00:00,18.32
Heather Marina,2025-09-11,19:30:00,18.68
Heather Marina,2025-09-11,20:00:00,18.35
Heather Marina,2025-09-11,20:30:00,18.53
Heather Marina,2025-09-11,21:00:00,18.62
Heather Marina,2025-09-11,21:30:00,18.53
Heather Marina,2025-09-11,22:00:00,18.26
Heather Marina,2025-09-11,22:30:00,18.23
Heather Marina,2025-09-11,23:00:00,18.23
Heather Marina,2025-09-11,23:30:00,18.23
Heather Marina,2025-09-12,0:00:00,18.23
Heather Marina,2025-09-12,0:30:00,18.23
Heather Marina,2025-09-12,1:00:00,18.26
Heather Marina,2025-09-12,1:30:00,18.26
Heather Marina,2025-09-12,2:00:00,18.23
Heather Marina,2025-09-12,2:30:00,18.2
Heather Marina,2025-09-12,3:00:00,18.11
Heather Marina,2025-09-12,3:30:00,18.29
Heather Marina,2025-09-12,4:00:00,18.26
Heather Marina,2025-09-12,4:30:00,18.17
Heather Marina,2025-09-12,5:00:00,18.14
Heather Marina,2025-09-12,5:30:00,18.17
Heather Marina,2025-09-12,6:00:00,18.17
Heather Marina,2025-09-12,6:30:00,18.11
Heather Marina,2025-09-12,7:00:00,18.02
Heather Marina,2025-09-12,7:30:00,17.99
Heather Marina,2025-09-12,8:00:00,18.05
Heather Marina,2025-09-12,8:30:00,17.99
Heather Marina,2025-09-12,9:00:00,17.79
Heather Marina,2025-09-12,9:30:00,17.73
Heather Marina,2025-09-12,10:00:00,17.82
Heather Marina,2025-09-12,10:30:00,17.67
Heather Marina,2025-09-12,11:00:00,17.64
Heather Marina,2025-09-12,11:30:00,17.67
Heather Marina,2025-09-12,12:00:00,17.73
Heather Marina,2025-09-12,12:30:00,17.84
Heather Marina,2025-09-12,13:00:00,18.02
Heather Marina,2025-09-12,13:30:00,18.14
Heather Marina,2025-09-12,14:00:00,18.11
Heather Marina,2025-09-12,14:30:00,18.44
Heather Marina,2025-09-12,15:00:00,18.62
Heather Marina,2025-09-12,15:30:00,18.85
Heather Marina,2025-09-12,16:00:00,18.88
Heather Marina,2025-09-12,16:30:00,18.85
Heather Marina,2025-09-12,17:00:00,18.71
Heather Marina,2025-09-12,17:30:00,18.71
Heather Marina,2025-09-12,18:00:00,18.14
Heather Marina,2025-09-12,18:30:00,18.05
Heather Marina,2025-09-12,19:00:00,18.02
Heather Marina,2025-09-12,19:30:00,18.02
Heather Marina,2025-09-12,20:00:00,18.02
Heather Marina,2025-09-12,20:30:00,17.99
Heather Marina,2025-09-12,21:00:00,17.93
Heather Marina,2025-09-12,21:30:00,17.96
Heather Marina,2025-09-12,22:00:00,17.93
Heather Marina,2025-09-12,22:30:00,17.93
Heather Marina,2025-09-12,23:00:00,17.96
Heather Marina,2025-09-12,23:30:00,17.96
Heather Marina,2025-09-13,0:00:00,17.99
Heather Marina,2025-09-13,0:30:00,17.9
Heather Marina,2025-09-13,1:00:00,17.93
Heather Marina,2025-09-13,1:30:00,17.9
Heather Marina,2025-09-13,2:00:00,17.9
Heather Marina,2025-09-13,2:30:00,17.87
Heather Marina,2025-09-13,3:00:00,17.84
Heather Marina,2025-09-13,3:30:00,17.79
Heather Marina,2025-09-13,4:00:00,17.87
Heather Marina,2025-09-13,4:30:00,17.84
Heather Marina,2025-09-13,5:00:00,17.84
Heather Marina,2025-09-13,5:30:00,17.7
Heather Marina,2025-09-13,6:00:00,17.67
Heather Marina,2025-09-13,6:30:00,17.67
Heather Marina,2025-09-13,7:00:00,17.64
Heather Marina,2025-09-13,7:30:00,17.67
Heather Marina,2025-09-13,8:00:00,17.73
Heather Marina,2025-09-13,8:30:00,17.67
Heather Marina,2025-09-13,9:00:00,17.76
Heather Marina,2025-09-13,9:30:00,17.79
Heather Marina,2025-09-13,10:00:00,17.79
Heather Marina,2025-09-13,10:30:00,17.82
Heather Marina,2025-09-13,11:00:00,17.79
Heather Marina,2025-09-13,11:30:00,17.76
Heather Marina,2025-09-13,12:00:00,17.76
Heather Marina,2025-09-13,12:30:00,17.73
Heather Marina,2025-09-13,13:00:00,17.73
Heather Marina,2025-09-13,13:30:00,17.82
Heather Marina,2025-09-13,14:00:00,17.82
Heather Marina,2025-09-13,14:30:00,17.96
Heather Marina,2025-09-13,15:00:00,18.02
Heather Marina,2025-09-13,15:30:00,17.99
Heather Marina,2025-09-13,16:00:00,18.02
Heather Marina,2025-09-13,16:30:00,18.11
Heather Marina,2025-09-13,17:00:00,18.29
Heather Marina,2025-09-13,17:30:00,18.41
Heather Marina,2025-09-13,18:00:00,18.44
Heather Marina,2025-09-13,18:30:00,18.35
Heather Marina,2025-09-13,19:00:00,18.29
Heather Marina,2025-09-13,19:30:00,18.2
Heather Marina,2025-09-13,20:00:00,18.17
Heather Marina,2025-09-13,20:30:00,18.2
Heather Marina,2025-09-13,21:00:00,18.26
Heather Marina,2025-09-13,21:30:00,18.26
Heather Marina,2025-09-13,22:00:00,18.2
Heather Marina,2025-09-13,22:30:00,18.14
Heather Marina,2025-09-13,23:00:00,18.11
Heather Marina,2025-09-13,23:30:00,18.08
Heather Marina,2025-09-14,0:00:00,18.02
Heather Marina,2025-09-14,0:30:00,17.99
Heather Marina,2025-09-14,1:00:00,17.99
Heather Marina,2025-09-14,1:30:00,17.99
Heather Marina,2025-09-14,2:00:00,17.99
Heather Marina,2025-09-14,2:30:00,17.99
Heather Marina,2025-09-14,3:00:00,17.96
Heather Marina,2025-09-14,3:30:00,17.87
Heather Marina,2025-09-14,4:00:00,17.79
Heather Marina,2025-09-14,4:30:00,17.82
Heather Marina,2025-09-14,5:00:00,17.82
Heather Marina,2025-09-14,5:30:00,17.84
Heather Marina,2025-09-14,6:00:00,17.84
Heather Marina,2025-09-14,6:30:00,17.76
Heather Marina,2025-09-14,7:00:00,17.87
Heather Marina,2025-09-14,7:30:00,17.87
Heather Marina,2025-09-14,8:00:00,17.82
Heather Marina,2025-09-14,8:30:00,17.7
Heather Marina,2025-09-14,9:00:00,17.7
Heather Marina,2025-09-14,9:30:00,17.67
Heather Marina,2025-09-14,10:00:00,17.67
Heather Marina,2025-09-14,10:30:00,17.67
Heather Marina,2025-09-14,11:00:00,17.7
Heather Marina,2025-09-14,11:30:00,17.7
Heather Marina,2025-09-14,12:00:00,17.7
Heather Marina,2025-09-14,12:30:00,17.67
Heather Marina,2025-09-14,13:00:00,17.67
Heather Marina,2025-09-14,13:30:00,17.7
Heather Marina,2025-09-14,14:00:00,17.73
Heather Marina,2025-09-14,14:30:00,17.73
Heather Marina,2025-09-14,15:00:00,17.76
Heather Marina,2025-09-14,15:30:00,17.73
Heather Marina,2025-09-14,16:00:00,17.79
Heather Marina,2025-09-14,16:30:00,17.82
Heather Marina,2025-09-14,17:00:00,17.9
Heather Marina,2025-09-14,17:30:00,17.9
Heather Marina,2025-09-14,18:00:00,17.9
Heather Marina,2025-09-14,18:30:00,17.9
Heather Marina,2025-09-14,19:00:00,17.87
Heather Marina,2025-09-14,19:30:00,17.82
Heather Marina,2025-09-14,20:00:00,17.79
Heather Marina,2025-09-14,20:30:00,17.79
Heather Marina,2025-09-14,21:00:00,17.76
Heather Marina,2025-09-14,21:30:00,17.49
Heather Marina,2025-09-14,22:00:00,17.49
Heather Marina,2025-09-14,22:30:00,17.52
Heather Marina,2025-09-14,23:00:00,17.52
Heather Marina,2025-09-14,23:30:00,17.46
Heather Marina,2025-09-15,0:00:00,17.46
Heather Marina,2025-09-15,0:30:00,17.43
Heather Marina,2025-09-15,1:00:00,17.4
Heather Marina,2025-09-15,1:30:00,17.49
Heather Marina,2025-09-15,2:00:00,17.46
Heather Marina,2025-09-15,2:30:00,17.46
Heather Marina,2025-09-15,3:00:00,17.46
Heather Marina,2025-09-15,3:30:00,17.46
Heather Marina,2025-09-15,4:00:00,17.43
Heather Marina,2025-09-15,4:30:00,17.34
Heather Marina,2025-09-15,5:00:00,17.4
Heather Marina,2025-09-15,5:30:00,17.43
Heather Marina,2025-09-15,6:00:00,17.43
Heather Marina,2025-09-15,6:30:00,17.46
Heather Marina,2025-09-15,7:00:00,17.4
Heather Marina,2025-09-15,7:30:00,17.34
Heather Marina,2025-09-15,8:00:00,17.28
Heather Marina,2025-09-15,8:30:00,17.22
Heather Marina,2025-09-15,9:00:00,17.25
Heather Marina,2025-09-15,9:30:00,17.28
Heather Marina,2025-09-15,10:00:00,17.28
Heather Marina,2025-09-15,10:30:00,17.31
Heather Marina,2025-09-15,11:00:00,17.4
Heather Marina,2025-09-15,11:30:00,17.4
Heather Marina,2025-09-15,12:00:00,17.46
Heather Marina,2025-09-15,12:30:00,17.43
Heather Marina,2025-09-15,13:00:00,17.43
Heather Marina,2025-09-15,13:30:00,17.49
Heather Marina,2025-09-15,14:00:00,17.61
Heather Marina,2025-09-15,14:30:00,17.76
Heather Marina,2025-09-15,15:00:00,17.73
Heather Marina,2025-09-15,15:30:00,17.82
Heather Marina,2025-09-15,16:00:00,17.9
Heather Marina,2025-09-15,16:30:00,17.96
Heather Marina,2025-09-15,17:00:00,18.02
Heather Marina,2025-09-15,17:30:00,18.02
Heather Marina,2025-09-15,18:00:00,17.99
Heather Marina,2025-09-15,18:30:00,17.99
Heather Marina,2025-09-15,19:00:00,17.96
Heather Marina,2025-09-15,19:30:00,17.9
Heather Marina,2025-09-15,20:00:00,17.9
Heather Marina,2025-09-15,20:30:00,17.84
Heather Marina,2025-09-15,21:00:00,17.82
Heather Marina,2025-09-15,21:30:00,17.87
Heather Marina,2025-09-15,22:00:00,17.82
Heather Marina,2025-09-15,22:30:00,17.76
Heather Marina,2025-09-15,23:00:00,17.76
Heather Marina,2025-09-15,23:30:00,17.61
Heather Marina,2025-09-16,0:00:00,17.61
Heather Marina,2025-09-16,0:30:00,17.58
Heather Marina,2025-09-16,1:00:00,17.58
Heather Marina,2025-09-16,1:30:00,17.55
Heather Marina,2025-09-16,2:00:00,17.49
Heather Marina,2025-09-16,2:30:00,17.58
Heather Marina,2025-09-16,3:00:00,17.64
Heather Marina,2025-09-16,3:30:00,17.64
Heather Marina,2025-09-16,4:00:00,17.61
Heather Marina,2025-09-16,4:30:00,17.58
Heather Marina,2025-09-16,5:00:00,17.55
Heather Marina,2025-09-16,5:30:00,17.58
Heather Marina,2025-09-16,6:00:00,17.4
Heather Marina,2025-09-16,6:30:00,17.37
Heather Marina,2025-09-16,7:00:00,17.28
Heather Marina,2025-09-16,7:30:00,17.28
Heather Marina,2025-09-16,8:00:00,17.13
Heather Marina,2025-09-16,8:30:00,17.22
Heather Marina,2025-09-16,9:00:00,16.98
Heather Marina,2025-09-16,9:30:00,16.92
Heather Marina,2025-09-16,10:00:00,17.28
Heather Marina,2025-09-16,10:30:00,17.52
Heather Marina,2025-09-16,11:00:00,17.64
Heather Marina,2025-09-16,11:30:00,17.73
Heather Marina,2025-09-16,12:00:00,17.76
Heather Marina,2025-09-16,12:30:00,17.84
Heather Marina,2025-09-16,13:00:00,17.9
Heather Marina,2025-09-16,13:30:00,17.99
Heather Marina,2025-09-16,14:00:00,18.08
Heather Marina,2025-09-16,14:30:00,18.23
Heather Marina,2025-09-16,15:00:00,18.29
Heather Marina,2025-09-16,15:30:00,18.41
Heather Marina,2025-09-16,16:00:00,18.5
Heather Marina,2025-09-16,16:30:00,18.32
Heather Marina,2025-09-16,17:00:00,18.44
Heather Marina,2025-09-16,17:30:00,18.47
Heather Marina,2025-09-16,18:00:00,18.44
Heather Marina,2025-09-16,18:30:00,18.44
Heather Marina,2025-09-16,19:00:00,18.38
Heather Marina,2025-09-16,19:30:00,18.35
Heather Marina,2025-09-16,20:00:00,18.32
Heather Marina,2025-09-16,20:30:00,18.32
Heather Marina,2025-09-16,21:00:00,18.26
Heather Marina,2025-09-16,21:30:00,18.26
Heather Marina,2025-09-16,22:00:00,18.23
Heather Marina,2025-09-16,22:30:00,18.23
Heather Marina,2025-09-16,23:00:00,18.2
Heather Marina,2025-09-16,23:30:00,18.26
Heather Marina,2025-09-17,0:00:00,18.23
Heather Marina,2025-09-17,0:30:00,18.2
Heather Marina,2025-09-17,1:00:00,18.26
Heather Marina,2025-09-17,1:30:00,18.08
Heather Marina,2025-09-17,2:00:00,18.08
Heather Marina,2025-09-17,2:30:00,18.02
Heather Marina,2025-09-17,3:00:00,18.11
Heather Marina,2025-09-17,3:30:00,18.11
Heather Marina,2025-09-17,4:00:00,18.11
Heather Marina,2025-09-17,4:30:00,18.08
Heather Marina,2025-09-17,5:00:00,18.08
Heather Marina,2025-09-17,5:30:00,18.05
Heather Marina,2025-09-17,6:00:00,18.02
Heather Marina,2025-09-17,6:30:00,17.96
Heather Marina,2025-09-17,7:00:00,17.93
Heather Marina,2025-09-17,7:30:00,17.9
Heather Marina,2025-09-17,8:00:00,17.87
Heather Marina,2025-09-17,8:30:00,17.82
Heather Marina,2025-09-17,9:00:00,17.79
Heather Marina,2025-09-17,9:30:00,17.87
Heather Marina,2025-09-17,10:00:00,17.93
Heather Marina,2025-09-17,10:30:00,18.02
Heather Marina,2025-09-17,11:00:00,18.08
Heather Marina,2025-09-17,11:30:00,17.99
Heather Marina,2025-09-17,12:00:00,18.38
Heather Marina,2025-09-17,12:30:00,18.2
Heather Marina,2025-09-17,13:00:00,18.35
Heather Marina,2025-09-17,13:30:00,18.14
Heather Marina,2025-09-17,14:00:00,18.32
Heather Marina,2025-09-17,14:30:00,18.29
Heather Marina,2025-09-17,15:00:00,18.26
Heather Marina,2025-09-17,15:30:00,18.32
Heather Marina,2025-09-17,16:00:00,18.35
Heather Marina,2025-09-17,16:30:00,18.26
Heather Marina,2025-09-17,17:00:00,18.29
Heather Marina,2025-09-17,17:30:00,18.26
Heather Marina,2025-09-17,18:00:00,18.23
Heather Marina,2025-09-17,18:30:00,18.23
Heather Marina,2025-09-17,19:00:00,18.2
Heather Marina,2025-09-17,19:30:00,18.2
Heather Marina,2025-09-17,20:00:00,18.2
Heather Marina,2025-09-17,20:30:00,18.14
Heather Marina,2025-09-17,21:00:00,18.14
Heather Marina,2025-09-17,21:30:00,18.11
Heather Marina,2025-09-17,22:00:00,18.08
Heather Marina,2025-09-17,22:30:00,18.02
Heather Marina,2025-09-17,23:00:00,17.99
Heather Marina,2025-09-17,23:30:00,17.96
Heather Marina,2025-09-18,0:00:00,17.93
Heather Marina,2025-09-18,0:30:00,17.93
Heather Marina,2025-09-18,1:00:00,17.61
Heather Marina,2025-09-18,1:30:00,17.49
Heather Marina,2025-09-18,2:00:00,17.43
Heather Marina,2025-09-18,2:30:00,17.4
Heather Marina,2025-09-18,3:00:00,17.37
Heather Marina,2025-09-18,3:30:00,17.37
Heather Marina,2025-09-18,4:00:00,17.31
Heather Marina,2025-09-18,4:30:00,17.31
Heather Marina,2025-09-18,5:00:00,17.22
Heather Marina,2025-09-18,5:30:00,17.22
Heather Marina,2025-09-18,6:00:00,17.16
Heather Marina,2025-09-18,6:30:00,17.22
Heather Marina,2025-09-18,7:00:00,17.25
Heather Marina,2025-09-18,7:30:00,17.28
Heather Marina,2025-09-18,8:00:00,17.25
Heather Marina,2025-09-18,8:30:00,17.28
Heather Marina,2025-09-18,9:00:00,17.34
Heather Marina,2025-09-18,9:30:00,17.37
Heather Marina,2025-09-18,10:00:00,17.16
Heather Marina,2025-09-18,10:30:00,17.25
Heather Marina,2025-09-18,11:00:00,17.25
Heather Marina,2025-09-18,11:30:00,17.31
Heather Marina,2025-09-18,12:00:00,17.4
Heather Marina,2025-09-18,12:30:00,17.43
Heather Marina,2025-09-18,13:00:00,17.4
Heather Marina,2025-09-18,13:30:00,17.4
Heather Marina,2025-09-18,14:00:00,17.43
Heather Marina,2025-09-18,14:30:00,17.46
Heather Marina,2025-09-18,15:00:00,17.52
Heather Marina,2025-09-18,15:30:00,17.58
Heather Marina,2025-09-18,16:00:00,17.58
Heather Marina,2025-09-18,16:30:00,17.58
Heather Marina,2025-09-18,17:00:00,17.61
Heather Marina,2025-09-18,17:30:00,17.61
Heather Marina,2025-09-18,18:00:00,17.61
Heather Marina,2025-09-18,18:30:00,17.61
Heather Marina,2025-09-18,19:00:00,17.64
Heather Marina,2025-09-18,19:30:00,17.61
Heather Marina,2025-09-18,20:00:00,17.61
Heather Marina,2025-09-18,20:30:00,17.58
Heather Marina,2025-09-18,21:00:00,17.55
Heather Marina,2025-09-18,21:30:00,17.58
Heather Marina,2025-09-18,22:00:00,17.58
Heather Marina,2025-09-18,22:30:00,17.55
Heather Marina,2025-09-18,23:00:00,17.58
Heather Marina,2025-09-18,23:30:00,17.61
Heather Marina,2025-09-19,0:00:00,17.49
Heather Marina,2025-09-19,0:30:00,17.37
Heather Marina,2025-09-19,1:00:00,17.37
Heather Marina,2025-09-19,1:30:00,17.37
Heather Marina,2025-09-19,2:00:00,17.4
Heather Marina,2025-09-19,2:30:00,17.43
Heather Marina,2025-09-19,3:00:00,17.46
Heather Marina,2025-09-19,3:30:00,17.46
Heather Marina,2025-09-19,4:00:00,17.52
Heather Marina,2025-09-19,4:30:00,17.46
Heather Marina,2025-09-19,5:00:00,17.43
Heather Marina,2025-09-19,5:30:00,17.34
Heather Marina,2025-09-19,6:00:00,17.34
Heather Marina,2025-09-19,6:30:00,17.34
Heather Marina,2025-09-19,7:00:00,17.28
Heather Marina,2025-09-19,7:30:00,17.25
Heather Marina,2025-09-19,8:00:00,17.25
Heather Marina,2025-09-19,8:30:00,17.28
Heather Marina,2025-09-19,9:00:00,17.22
Heather Marina,2025-09-19,9:30:00,17.19
Heather Marina,2025-09-19,10:00:00,17.31
Heather Marina,2025-09-19,10:30:00,17.43
Heather Marina,2025-09-19,11:00:00,17.52
Heather Marina,2025-09-19,11:30:00,17.76
Heather Marina,2025-09-19,12:00:00,17.82
Heather Marina,2025-09-19,12:30:00,17.84
Heather Marina,2025-09-19,13:00:00,17.46
Heather Marina,2025-09-19,13:30:00,17.87
Heather Marina,2025-09-19,14:00:00,17.4
Heather Marina,2025-09-19,14:30:00,17.16
Heather Marina,2025-09-19,15:00:00,17.76
Heather Marina,2025-09-19,15:30:00,17.22
Heather Marina,2025-09-19,16:00:00,17.4
Heather Marina,2025-09-19,16:30:00,17.4
Heather Marina,2025-09-19,17:00:00,17.73
Heather Marina,2025-09-19,17:30:00,17.73
Heather Marina,2025-09-19,18:00:00,17.61
Heather Marina,2025-09-19,18:30:00,17.37
Heather Marina,2025-09-19,19:00:00,17.28
Heather Marina,2025-09-19,19:30:00,17.31
Heather Marina,2025-09-19,20:00:00,17.28
Heather Marina,2025-09-19,20:30:00,17.25
Heather Marina,2025-09-19,21:00:00,17.25
Heather Marina,2025-09-19,21:30:00,17.19
Heather Marina,2025-09-19,22:00:00,17.19
Heather Marina,2025-09-19,22:30:00,17.19
Heather Marina,2025-09-19,23:00:00,17.19
Heather Marina,2025-09-19,23:30:00,17.19
Heather Marina,2025-09-20,0:00:00,17.19
Heather Marina,2025-09-20,0:30:00,17.1
Heather Marina,2025-09-20,1:00:00,17.01
Heather Marina,2025-09-20,1:30:00,16.98
Heather Marina,2025-09-20,2:00:00,17.01
Heather Marina,2025-09-20,2:30:00,17.04
Heather Marina,2025-09-20,3:00:00,17.07
Heather Marina,2025-09-20,3:30:00,17.04
Heather Marina,2025-09-20,4:00:00,17.04
Heather Marina,2025-09-20,4:30:00,16.98
Heather Marina,2025-09-20,5:00:00,16.95
Heather Marina,2025-09-20,5:30:00,16.92
Heather Marina,2025-09-20,6:00:00,16.86
Heather Marina,2025-09-20,6:30:00,16.8
Heather Marina,2025-09-20,7:00:00,16.74
Heather Marina,2025-09-20,7:30:00,16.68
Heather Marina,2025-09-20,8:00:00,16.71
Heather Marina,2025-09-20,8:30:00,16.65
Heather Marina,2025-09-20,9:00:00,16.62
Heather Marina,2025-09-20,9:30:00,16.59
Heather Marina,2025-09-20,10:00:00,16.62
Heather Marina,2025-09-20,10:30:00,16.65
Heather Marina,2025-09-20,11:00:00,16.68
Heather Marina,2025-09-20,11:30:00,16.68
Heather Marina,2025-09-20,12:00:00,16.65
Heather Marina,2025-09-20,12:30:00,16.74
Heather Marina,2025-09-20,13:00:00,16.71
Heather Marina,2025-09-20,13:30:00,16.92
Heather Marina,2025-09-20,14:00:00,16.8
Heather Marina,2025-09-20,14:30:00,16.77
Heather Marina,2025-09-20,15:00:00,16.62
Heather Marina,2025-09-20,15:30:00,16.5
Heather Marina,2025-09-20,16:00:00,16.47
Heather Marina,2025-09-20,16:30:00,16.35
Heather Marina,2025-09-20,17:00:00,16.23
Heather Marina,2025-09-20,17:30:00,16.14
Heather Marina,2025-09-20,18:00:00,15.99
Heather Marina,2025-09-20,18:30:00,15.92
Heather Marina,2025-09-20,19:00:00,16.08
Heather Marina,2025-09-20,19:30:00,16.05
Heather Marina,2025-09-20,20:00:00,16.05
Heather Marina,2025-09-20,20:30:00,16.02
Heather Marina,2025-09-20,21:00:00,15.92
Heather Marina,2025-09-20,21:30:00,15.89
Heather Marina,2025-09-20,22:00:00,15.89
Heather Marina,2025-09-20,22:30:00,15.89
Heather Marina,2025-09-20,23:00:00,15.8
Heather Marina,2025-09-20,23:30:00,15.92
Heather Marina,2025-09-21,0:00:00,15.96
Heather Marina,2025-09-21,0:30:00,15.83
Heather Marina,2025-09-21,1:00:00,15.77
Heather Marina,2025-09-21,1:30:00,15.68
Heather Marina,2025-09-21,2:00:00,15.65
Heather Marina,2025-09-21,2:30:00,15.68
Heather Marina,2025-09-21,3:00:00,15.44
Heather Marina,2025-09-21,3:30:00,15.35
Heather Marina,2025-09-21,4:00:00,15.32
Heather Marina,2025-09-21,4:30:00,15.2
Heather Marina,2025-09-21,5:00:00,15.04
Heather Marina,2025-09-21,5:30:00,15.04
Heather Marina,2025-09-21,6:00:00,15.07
Heather Marina,2025-09-21,6:30:00,15.07
Heather Marina,2025-09-21,7:00:00,15.1
Heather Marina,2025-09-21,7:30:00,15.1
Heather Marina,2025-09-21,8:00:00,15.1
Heather Marina,2025-09-21,8:30:00,15.1
Heather Marina,2025-09-21,9:00:00,15.14
Heather Marina,2025-09-21,9:30:00,15.1
Heather Marina,2025-09-21,10:00:00,15.14
Heather Marina,2025-09-21,10:30:00,15.29
Heather Marina,2025-09-21,11:00:00,15.53
Heather Marina,2025-09-21,11:30:00,15.5
Heather Marina,2025-09-21,12:00:00,15.5
Heather Marina,2025-09-21,12:30:00,15.59
Heather Marina,2025-09-21,13:00:00,15.62
Heather Marina,2025-09-21,13:30:00,15.68
Heather Marina,2025-09-21,14:00:00,15.8
Heather Marina,2025-09-21,14:30:00,15.92
Heather Marina,2025-09-21,15:00:00,15.74
Heather Marina,2025-09-21,15:30:00,15.8
Heather Marina,2025-09-21,16:00:00,15.86
Heather Marina,2025-09-21,16:30:00,15.96
Heather Marina,2025-09-21,17:00:00,15.99
Heather Marina,2025-09-21,17:30:00,15.92
Heather Marina,2025-09-21,18:00:00,15.92
Heather Marina,2025-09-21,18:30:00,15.92
Heather Marina,2025-09-21,19:00:00,15.92
Heather Marina,2025-09-21,19:30:00,15.92
Heather Marina,2025-09-21,20:00:00,15.92
Heather Marina,2025-09-21,20:30:00,15.92
Heather Marina,2025-09-21,21:00:00,15.89
Heather Marina,2025-09-21,21:30:00,15.86
Heather Marina,2025-09-21,22:00:00,15.83
Heather Marina,2025-09-21,22:30:00,15.8
Heather Marina,2025-09-21,23:00:00,15.77
Heather Marina,2025-09-21,23:30:00,15.77
Heather Marina,2025-09-22,0:00:00,15.74
Heather Marina,2025-09-22,0:30:00,15.71
Heather Marina,2025-09-22,1:00:00,15.71
Heather Marina,2025-09-22,1:30:00,15.68
Heather Marina,2025-09-22,2:00:00,15.65
Heather Marina,2025-09-22,2:30:00,15.65
Heather Marina,2025-09-22,3:00:00,15.62
Heather Marina,2025-09-22,3:30:00,15.53
Heather Marina,2025-09-22,4:00:00,15.5
Heather Marina,2025-09-22,4:30:00,15.59
Heather Marina,2025-09-22,5:00:00,15.59
Heather Marina,2025-09-22,5:30:00,15.62
Heather Marina,2025-09-22,6:00:00,15.59
Heather Marina,2025-09-22,6:30:00,15.59
Heather Marina,2025-09-22,7:00:00,15.59
Heather Marina,2025-09-22,7:30:00,15.62
Heather Marina,2025-09-22,8:00:00,15.62
Heather Marina,2025-09-22,8:30:00,15.62
Heather Marina,2025-09-22,9:00:00,15.65
Heather Marina,2025-09-22,9:30:00,15.65
Heather Marina,2025-09-22,10:00:00,15.65
Heather Marina,2025-09-22,10:30:00,15.62
Heather Marina,2025-09-22,11:00:00,15.65
Heather Marina,2025-09-22,11:30:00,15.68
Heather Marina,2025-09-22,12:00:00,15.77
Heather Marina,2025-09-22,12:30:00,15.83
Heather Marina,2025-09-22,13:00:00,15.86
Heather Marina,2025-09-22,13:30:00,15.89
Heather Marina,2025-09-22,14:00:00,15.99
Heather Marina,2025-09-22,14:30:00,16.26
Heather Marina,2025-09-22,15:00:00,16.44
Heather Marina,2025-09-22,15:30:00,16.53
Heather Marina,2025-09-22,16:00:00,16.83
Heather Marina,2025-09-22,16:30:00,17.1
Heather Marina,2025-09-22,17:00:00,17.16
Heather Marina,2025-09-22,17:30:00,17.01
Heather Marina,2025-09-22,18:00:00,16.89
Heather Marina,2025-09-22,18:30:00,16.83
Heather Marina,2025-09-22,19:00:00,16.65
Heather Marina,2025-09-22,19:30:00,16.47
Heather Marina,2025-09-22,20:00:00,16.53
Heather Marina,2025-09-22,20:30:00,16.5
Heather Marina,2025-09-22,21:00:00,16.41
Heather Marina,2025-09-22,21:30:00,16.35
Heather Marina,2025-09-22,22:00:00,16.32
Heather Marina,2025-09-22,22:30:00,16.35
Heather Marina,2025-09-22,23:00:00,16.35
Heather Marina,2025-09-22,23:30:00,16.26
Heather Marina,2025-09-23,0:00:00,16.23
Heather Marina,2025-09-23,0:30:00,16.23
Heather Marina,2025-09-23,1:00:00,16.29
Heather Marina,2025-09-23,1:30:00,16.17
Heather Marina,2025-09-23,2:00:00,15.99
Heather Marina,2025-09-23,2:30:00,16.02
Heather Marina,2025-09-23,3:00:00,16.02
Heather Marina,2025-09-23,3:30:00,15.89
Heather Marina,2025-09-23,4:00:00,15.86
Heather Marina,2025-09-23,4:30:00,15.83
Heather Marina,2025-09-23,5:00:00,15.89
Heather Marina,2025-09-23,5:30:00,15.89
Heather Marina,2025-09-23,6:00:00,15.86
Heather Marina,2025-09-23,6:30:00,15.83
Heather Marina,2025-09-23,7:00:00,15.83
Heather Marina,2025-09-23,7:30:00,15.8
Heather Marina,2025-09-23,8:00:00,15.8
Heather Marina,2025-09-23,8:30:00,15.8
Heather Marina,2025-09-23,9:00:00,15.8
Heather Marina,2025-09-23,9:30:00,15.83
Heather Marina,2025-09-23,10:00:00,15.86
Heather Marina,2025-09-23,10:30:00,15.86
Heather Marina,2025-09-23,11:00:00,16.23
Heather Marina,2025-09-23,11:30:00,16.41
Heather Marina,2025-09-23,12:00:00,16.35
Heather Marina,2025-09-23,12:30:00,16.5
Heather Marina,2025-09-23,13:00:00,16.65
Heather Marina,2025-09-23,13:30:00,16.71
Heather Marina,2025-09-23,14:00:00,16.77
Heather Marina,2025-09-23,14:30:00,17.19
Heather Marina,2025-09-23,15:00:00,17.28
Heather Marina,2025-09-23,15:30:00,17.31
Heather Marina,2025-09-23,16:00:00,17.16
Heather Marina,2025-09-23,16:30:00,17.19
Heather Marina,2025-09-23,17:00:00,17.19
Heather Marina,2025-09-23,17:30:00,17.16
Heather Marina,2025-09-23,18:00:00,17.25
Heather Marina,2025-09-23,18:30:00,16.8
Heather Marina,2025-09-23,19:00:00,16.71
Heather Marina,2025-09-23,19:30:00,16.77
Heather Marina,2025-09-23,20:00:00,16.77
Heather Marina,2025-09-23,20:30:00,16.74
Heather Marina,2025-09-23,21:00:00,16.62
Heather Marina,2025-09-23,21:30:00,16.56
Heather Marina,2025-09-23,22:00:00,16.56
Heather Marina,2025-09-23,22:30:00,16.56
Heather Marina,2025-09-23,23:00:00,16.53
Heather Marina,2025-09-23,23:30:00,16.47
Heather Marina,2025-09-24,0:00:00,16.41
Heather Marina,2025-09-24,0:30:00,16.41
Heather Marina,2025-09-24,1:00:00,16.38
Heather Marina,2025-09-24,1:30:00,16.41
Heather Marina,2025-09-24,2:00:00,16.38
Heather Marina,2025-09-24,2:30:00,16.38
Heather Marina,2025-09-24,3:00:00,16.35
Heather Marina,2025-09-24,3:30:00,16.29
Heather Marina,2025-09-24,4:00:00,16.29
Heather Marina,2025-09-24,4:30:00,16.29
Heather Marina,2025-09-24,5:00:00,16.26
Heather Marina,2025-09-24,5:30:00,16.26
Heather Marina,2025-09-24,6:00:00,16.2
Heather Marina,2025-09-24,6:30:00,16.2
Heather Marina,2025-09-24,7:00:00,16.17
Heather Marina,2025-09-24,7:30:00,16.26
Heather Marina,2025-09-24,8:00:00,16.2
Heather Marina,2025-09-24,8:30:00,16.2
Heather Marina,2025-09-24,9:00:00,16.2
Heather Marina,2025-09-24,9:30:00,16.2
Heather Marina,2025-09-24,10:00:00,16.23
Heather Marina,2025-09-24,10:30:00,16.29
Heather Marina,2025-09-24,11:00:00,16.35
Heather Marina,2025-09-24,11:30:00,16.41
Heather Marina,2025-09-24,12:00:00,16.53
Heather Marina,2025-09-24,12:30:00,16.68
Heather Marina,2025-09-24,13:00:00,16.89
Heather Marina,2025-09-24,13:30:00,16.89
Heather Marina,2025-09-24,14:00:00,16.95
Heather Marina,2025-09-24,14:30:00,17.04
Heather Marina,2025-09-24,15:00:00,17.16
Heather Marina,2025-09-24,15:30:00,17.19
Heather Marina,2025-09-24,16:00:00,17.25
Heather Marina,2025-09-24,16:30:00,17.28
Heather Marina,2025-09-24,17:00:00,17.28
Heather Marina,2025-09-24,17:30:00,17.28
Heather Marina,2025-09-24,18:00:00,17.37
Heather Marina,2025-09-24,18:30:00,17.37
Heather Marina,2025-09-24,19:00:00,17.31
Heather Marina,2025-09-24,19:30:00,17.22
Heather Marina,2025-09-24,20:00:00,17.16
Heather Marina,2025-09-24,20:30:00,17.1
Heather Marina,2025-09-24,21:00:00,17.07
Heather Marina,2025-09-24,21:30:00,17.04
Heather Marina,2025-09-24,22:00:00,17.01
Heather Marina,2025-09-24,22:30:00,16.95
Heather Marina,2025-09-24,23:00:00,16.89
Heather Marina,2025-09-24,23:30:00,16.83
Heather Marina,2025-09-25,0:00:00,16.77
Heather Marina,2025-09-25,0:30:00,16.71
Heather Marina,2025-09-25,1:00:00,16.71
Heather Marina,2025-09-25,1:30:00,16.68
Heather Marina,2025-09-25,2:00:00,16.68
Heather Marina,2025-09-25,2:30:00,16.62
Heather Marina,2025-09-25,3:00:00,16.56
Heather Marina,2025-09-25,3:30:00,16.56
Heather Marina,2025-09-25,4:00:00,16.53
Heather Marina,2025-09-25,4:30:00,16.5
Heather Marina,2025-09-25,5:00:00,16.47
Heather Marina,2025-09-25,5:30:00,16.41
Heather Marina,2025-09-25,6:00:00,16.38
Heather Marina,2025-09-25,6:30:00,16.38
Heather Marina,2025-09-25,7:00:00,16.38
Heather Marina,2025-09-25,7:30:00,16.38
Heather Marina,2025-09-25,8:00:00,16.38
Heather Marina,2025-09-25,8:30:00,16.35
Heather Marina,2025-09-25,9:00:00,16.32
Heather Marina,2025-09-25,9:30:00,16.35
Heather Marina,2025-09-25,10:00:00,16.38
Heather Marina,2025-09-25,10:30:00,16.35
Heather Marina,2025-09-25,11:00:00,16.44
Heather Marina,2025-09-25,11:30:00,16.47
Heather Marina,2025-09-25,12:00:00,16.5
Heather Marina,2025-09-25,12:30:00,16.5
Heather Marina,2025-09-25,13:00:00,16.62
Heather Marina,2025-09-25,13:30:00,16.62
Heather Marina,2025-09-25,14:00:00,16.65
Heather Marina,2025-09-25,14:30:00,16.71
Heather Marina,2025-09-25,15:00:00,16.68
Heather Marina,2025-09-25,15:30:00,16.74
Heather Marina,2025-09-25,16:00:00,16.77
Heather Marina,2025-09-25,16:30:00,16.77
Heather Marina,2025-09-25,17:00:00,16.8
Heather Marina,2025-09-25,17:30:00,16.8
Heather Marina,2025-09-25,18:00:00,16.77
Heather Marina,2025-09-25,18:30:00,16.68
Heather Marina,2025-09-25,19:00:00,16.62
Heather Marina,2025-09-25,19:30:00,16.56
Heather Marina,2025-09-25,20:00:00,16.56
Heather Marina,2025-09-25,20:30:00,16.56
Heather Marina,2025-09-25,21:00:00,16.47
Heather Marina,2025-09-25,21:30:00,16.41
Heather Marina,2025-09-25,22:00:00,16.38
Heather Marina,2025-09-25,22:30:00,16.32
Heather Marina,2025-09-25,23:00:00,16.32
Heather Marina,2025-09-25,23:30:00,16.29
Heather Marina,2025-09-26,0:00:00,16.2
Heather Marina,2025-09-26,0:30:00,16.14
Heather Marina,2025-09-26,1:00:00,16.05
Heather Marina,2025-09-26,1:30:00,16.02
Heather Marina,2025-09-26,2:00:00,15.99
Heather Marina,2025-09-26,2:30:00,15.96
Heather Marina,2025-09-26,3:00:00,15.89
Heather Marina,2025-09-26,3:30:00,15.92
Heather Marina,2025-09-26,4:00:00,15.89
Heather Marina,2025-09-26,4:30:00,15.89
Heather Marina,2025-09-26,5:00:00,15.86
Heather Marina,2025-09-26,5:30:00,15.83
Heather Marina,2025-09-26,6:00:00,15.83
Heather Marina,2025-09-26,6:30:00,15.77
Heather Marina,2025-09-26,7:00:00,15.74
Heather Marina,2025-09-26,7:30:00,15.74
Heather Marina,2025-09-26,8:00:00,15.74
Heather Marina,2025-09-26,8:30:00,15.68
Heather Marina,2025-09-26,9:00:00,15.68
Heather Marina,2025-09-26,9:30:00,15.59
Heather Marina,2025-09-26,10:00:00,15.56
Heather Marina,2025-09-26,10:30:00,15.59
Heather Marina,2025-09-26,11:00:00,15.56
Heather Marina,2025-09-26,11:30:00,15.56
Heather Marina,2025-09-26,12:00:00,15.59
Heather Marina,2025-09-26,12:30:00,15.62
Heather Marina,2025-09-26,13:00:00,15.65
Heather Marina,2025-09-26,13:30:00,15.62
Heather Marina,2025-09-26,14:00:00,15.59
Heather Marina,2025-09-26,14:30:00,15.62
Heather Marina,2025-09-26,15:00:00,15.62
Heather Marina,2025-09-26,15:30:00,15.62
Heather Marina,2025-09-26,16:00:00,15.62
Heather Marina,2025-09-26,16:30:00,15.62
Heather Marina,2025-09-26,17:00:00,15.59
Heather Marina,2025-09-26,17:30:00,15.56
Heather Marina,2025-09-26,18:00:00,15.53
Heather Marina,2025-09-26,18:30:00,15.53
Heather Marina,2025-09-26,19:00:00,15.53
Heather Marina,2025-09-26,19:30:00,15.5
Heather Marina,2025-09-26,20:00:00,15.47
Heather Marina,2025-09-26,20:30:00,15.44
Heather Marina,2025-09-26,21:00:00,15.44
Heather Marina,2025-09-26,21:30:00,15.41
Heather Marina,2025-09-26,22:00:00,15.41
Heather Marina,2025-09-26,22:30:00,15.38
Heather Marina,2025-09-26,23:00:00,15.38
Heather Marina,2025-09-26,23:30:00,15.35
Heather Marina,2025-09-27,0:00:00,15.35
Heather Marina,2025-09-27,0:30:00,15.35
Heather Marina,2025-09-27,1:00:00,15.35
Heather Marina,2025-09-27,1:30:00,15.35
Heather Marina,2025-09-27,2:00:00,15.32
Heather Marina,2025-09-27,2:30:00,15.32
Heather Marina,2025-09-27,3:00:00,15.32
Heather Marina,2025-09-27,3:30:00,15.32
Heather Marina,2025-09-27,4:00:00,15.26
Heather Marina,2025-09-27,4:30:00,15.23
Heather Marina,2025-09-27,5:00:00,15.2
Heather Marina,2025-09-27,5:30:00,15.17
Heather Marina,2025-09-27,6:00:00,15.14
Heather Marina,2025-09-27,6:30:00,15.14
Heather Marina,2025-09-27,7:00:00,15.07
Heather Marina,2025-09-27,7:30:00,15.01
Heather Marina,2025-09-27,8:00:00,14.98
Heather Marina,2025-09-27,8:30:00,15.1
Heather Marina,2025-09-27,9:00:00,15.1
Heather Marina,2025-09-27,9:30:00,14.86
Heather Marina,2025-09-27,10:00:00,14.86
Heather Marina,2025-09-27,10:30:00,14.95
Heather Marina,2025-09-27,11:00:00,14.95
Heather Marina,2025-09-27,11:30:00,14.95
Heather Marina,2025-09-27,12:00:00,15.04
Heather Marina,2025-09-27,12:30:00,15.01
Heather Marina,2025-09-27,13:00:00,14.95
Heather Marina,2025-09-27,13:30:00,14.98
Heather Marina,2025-09-27,14:00:00,15.01
Heather Marina,2025-09-27,14:30:00,15.01
Heather Marina,2025-09-27,15:00:00,15.04
Heather Marina,2025-09-27,15:30:00,15.1
Heather Marina,2025-09-27,16:00:00,15.1
Heather Marina,2025-09-27,16:30:00,15.07
Heather Marina,2025-09-27,17:00:00,15.07
Heather Marina,2025-09-27,17:30:00,15.07
Heather Marina,2025-09-27,18:00:00,15.07
Heather Marina,2025-09-27,18:30:00,15.07
Heather Marina,2025-09-27,19:00:00,15.07
Heather Marina,2025-09-27,19:30:00,15.07
Heather Marina,2025-09-27,20:00:00,15.04
Heather Marina,2025-09-27,20:30:00,15.04
Heather Marina,2025-09-27,21:00:00,15.04
Heather Marina,2025-09-27,21:30:00,15.01
Heather Marina,2025-09-27,22:00:00,14.98
Heather Marina,2025-09-27,22:30:00,14.98
Heather Marina,2025-09-27,23:00:00,14.98
Heather Marina,2025-09-27,23:30:00,14.95
Heather Marina,2025-09-28,0:00:00,14.92
Heather Marina,2025-09-28,0:30:00,14.92
Heather Marina,2025-09-28,1:00:00,14.92
Heather Marina,2025-09-28,1:30:00,14.92
Heather Marina,2025-09-28,2:00:00,14.92
Heather Marina,2025-09-28,2:30:00,14.89
Heather Marina,2025-09-28,3:00:00,14.83
Heather Marina,2025-09-28,3:30:00,14.83
Heather Marina,2025-09-28,4:00:00,14.83
Heather Marina,2025-09-28,4:30:00,14.8
Heather Marina,2025-09-28,5:00:00,14.83
Heather Marina,2025-09-28,5:30:00,14.86
Heather Marina,2025-09-28,6:00:00,14.83
Heather Marina,2025-09-28,6:30:00,14.8
Heather Marina,2025-09-28,7:00:00,14.83
Heather Marina,2025-09-28,7:30:00,14.8
Heather Marina,2025-09-28,8:00:00,14.83
Heather Marina,2025-09-28,8:30:00,14.86
Heather Marina,2025-09-28,9:00:00,14.86
Heather Marina,2025-09-28,9:30:00,14.83
Heather Marina,2025-09-28,10:00:00,14.83
Heather Marina,2025-09-28,10:30:00,14.8
Heather Marina,2025-09-28,11:00:00,14.8
Heather Marina,2025-09-28,11:30:00,14.8
Heather Marina,2025-09-28,12:00:00,14.83
Heather Marina,2025-09-28,12:30:00,14.86
Heather Marina,2025-09-28,13:00:00,14.83
Heather Marina,2025-09-28,13:30:00,14.89
Heather Marina,2025-09-28,14:00:00,14.89
Heather Marina,2025-09-28,14:30:00,15.07
Heather Marina,2025-09-28,15:00:00,15.04
Heather Marina,2025-09-28,15:30:00,15.1
Heather Marina,2025-09-28,16:00:00,15.1
Heather Marina,2025-09-28,16:30:00,15.1
Heather Marina,2025-09-28,17:00:00,15.04
Heather Marina,2025-09-28,17:30:00,15.04
Heather Marina,2025-09-28,18:00:00,15.07
Heather Marina,2025-09-28,18:30:00,15.04
Heather Marina,2025-09-28,19:00:00,14.98
Heather Marina,2025-09-28,19:30:00,14.98
Heather Marina,2025-09-28,20:00:00,14.98
Heather Marina,2025-09-28,20:30:00,14.98
Heather Marina,2025-09-28,21:00:00,14.95
Heather Marina,2025-09-28,21:30:00,14.95
Heather Marina,2025-09-28,22:00:00,14.95
Heather Marina,2025-09-28,22:30:00,14.98
Heather Marina,2025-09-28,23:00:00,14.98
Heather Marina,2025-09-28,23:30:00,14.98
Heather Marina,2025-09-29,0:00:00,14.98
Heather Marina,2025-09-29,0:30:00,14.98
Heather Marina,2025-09-29,1:00:00,14.98
Heather Marina,2025-09-29,1:30:00,14.95
Heather Marina,2025-09-29,2:00:00,14.95
Heather Marina,2025-09-29,2:30:00,14.95
Heather Marina,2025-09-29,3:00:00,14.95
Heather Marina,2025-09-29,3:30:00,14.92
Heather Marina,2025-09-29,4:00:00,14.92
Heather Marina,2025-09-29,4:30:00,14.92
Heather Marina,2025-09-29,5:00:00,14.92
Heather Marina,2025-09-29,5:30:00,14.92
Heather Marina,2025-09-29,6:00:00,14.92
Heather Marina,2025-09-29,6:30:00,14.92
Heather Marina,2025-09-29,7:00:00,14.92
Heather Marina,2025-09-29,7:30:00,14.89
Heather Marina,2025-09-29,8:00:00,14.92
Heather Marina,2025-09-29,8:30:00,14.92
Heather Marina,2025-09-29,9:00:00,14.95
Heather Marina,2025-09-29,9:30:00,14.95
Heather Marina,2025-09-29,10:00:00,14.95
Heather Marina,2025-09-29,10:30:00,14.95
Heather Marina,2025-09-29,11:00:00,14.95
Heather Marina,2025-09-29,11:30:00,14.98
Heather Marina,2025-09-29,12:00:00,14.95
Heather Marina,2025-09-29,12:30:00,14.92
Heather Marina,2025-09-29,13:00:00,14.89
Heather Marina,2025-09-29,13:30:00,14.86
Heather Marina,2025-09-29,14:00:00,14.89
Heather Marina,2025-09-29,14:30:00,14.86
Heather Marina,2025-09-29,15:00:00,14.89
Heather Marina,2025-09-29,15:30:00,14.89
Heather Marina,2025-09-29,16:00:00,14.89
Heather Marina,2025-09-29,16:30:00,14.83
Heather Marina,2025-09-29,17:00:00,14.86
Heather Marina,2025-09-29,17:30:00,14.77
Heather Marina,2025-09-29,18:00:00,14.86
Heather Marina,2025-09-29,18:30:00,14.89
Heather Marina,2025-09-29,19:00:00,14.77
Heather Marina,2025-09-29,19:30:00,14.77
Heather Marina,2025-09-29,20:00:00,14.74
Heather Marina,2025-09-29,20:30:00,14.71
Heather Marina,2025-09-29,21:00:00,14.68
Heather Marina,2025-09-29,21:30:00,14.68
Heather Marina,2025-09-29,22:00:00,14.68
Heather Marina,2025-09-29,22:30:00,14.68
Heather Marina,2025-09-29,23:00:00,14.68
Heather Marina,2025-09-29,23:30:00,14.68
Heather Marina,2025-09-30,0:00:00,14.8
Heather Marina,2025-09-30,0:30:00,14.83
Heather Marina,2025-09-30,1:00:00,14.86
Heather Marina,2025-09-30,1:30:00,14.83
Heather Marina,2025-09-30,2:00:00,14.83
Heather Marina,2025-09-30,2:30:00,14.8
Heather Marina,2025-09-30,3:00:00,14.77
Heather Marina,2025-09-30,3:30:00,14.83
Heather Marina,2025-09-30,4:00:00,14.8
Heather Marina,2025-09-30,4:30:00,14.77
Heather Marina,2025-09-30,5:00:00,14.8
Heather Marina,2025-09-30,5:30:00,14.77
Heather Marina,2025-09-30,6:00:00,14.8
Heather Marina,2025-09-30,6:30:00,14.8
Heather Marina,2025-09-30,7:00:00,14.65
Heather Marina,2025-09-30,7:30:00,14.58
Heather Marina,2025-09-30,8:00:00,14.58
Heather Marina,2025-09-30,8:30:00,14.58
Heather Marina,2025-09-30,9:00:00,14.68
Heather Marina,2025-09-30,9:30:00,14.65
Heather Marina,2025-09-30,10:00:00,14.71
Heather Marina,2025-09-30,10:30:00,14.71
Heather Marina,2025-09-30,11:00:00,14.74
Heather Marina,2025-09-30,11:30:00,14.77
Heather Marina,2025-09-30,12:00:00,14.77
Heather Marina,2025-09-30,12:30:00,14.8
Heather Marina,2025-09-30,13:00:00,14.8
Heather Marina,2025-09-30,13:30:00,14.83
Heather Marina,2025-09-30,14:00:00,14.8
Heather Marina,2025-09-30,14:30:00,14.86
Heather Marina,2025-09-30,15:00:00,14.86
Heather Marina,2025-09-30,15:30:00,14.89
Heather Marina,2025-09-30,16:00:00,14.92
Heather Marina,2025-09-30,16:30:00,14.92
Heather Marina,2025-09-30,17:00:00,14.92
Heather Marina,2025-09-30,17:30:00,14.92
Heather Marina,2025-09-30,18:00:00,14.89
Heather Marina,2025-09-30,18:30:00,14.86
Heather Marina,2025-09-30,19:00:00,14.86
Heather Marina,2025-09-30,19:30:00,14.86
Heather Marina,2025-09-30,20:00:00,14.83
Heather Marina,2025-09-30,20:30:00,14.8
Heather Marina,2025-09-30,21:00:00,14.8
Heather Marina,2025-09-30,21:30:00,14.77
Heather Marina,2025-09-30,22:00:00,14.74
Heather Marina,2025-09-30,22:30:00,14.74
Heather Marina,2025-09-30,23:00:00,14.74
Heather Marina,2025-09-30,23:30:00,14.74
Heather Marina,2025-10-01,0:00:00,14.74
Heather Marina,2025-10-01,0:30:00,14.71
Heather Marina,2025-10-01,1:00:00,14.77
Heather Marina,2025-10-01,1:30:00,14.71
Heather Marina,2025-10-01,2:00:00,14.71
Heather Marina,2025-10-01,2:30:00,14.68
Heather Marina,2025-10-01,3:00:00,14.62
Heather Marina,2025-10-01,3:30:00,14.65
Heather Marina,2025-10-01,4:00:00,14.65
Heather Marina,2025-10-01,4:30:00,14.65
Heather Marina,2025-10-01,5:00:00,14.55
Heather Marina,2025-10-01,5:30:00,14.52
Heather Marina,2025-10-01,6:00:00,14.52
Heather Marina,2025-10-01,6:30:00,14.52
Heather Marina,2025-10-01,7:00:00,14.49
Heather Marina,2025-10-01,7:30:00,14.46
Heather Marina,2025-10-01,8:00:00,14.49
Heather Marina,2025-10-01,8:30:00,14.46
Heather Marina,2025-10-01,9:00:00,14.4
Heather Marina,2025-10-01,9:30:00,14.37
Heather Marina,2025-10-01,10:00:00,14.37
Heather Marina,2025-10-01,10:30:00,14.4
Heather Marina,2025-10-01,11:00:00,15.92
Heather Marina,2025-10-01,11:30:00,15.1
Heather Marina,2025-10-01,12:00:00,15.62
Heather Marina,2025-10-01,12:30:00,16.14
Heather Marina,2025-10-01,13:00:00,17.87